ISO-10303-21;
HEADER;
FILE_DESCRIPTION(('Open CASCADE Model'),'2;1');
FILE_NAME('Open CASCADE Shape Model','2026-04-18T19:36:08',('Author'),(
    'Open CASCADE'),'Open CASCADE STEP processor 7.9','Open CASCADE 7.9'
  ,'Unknown');
FILE_SCHEMA(('AUTOMOTIVE_DESIGN { 1 0 10303 214 1 1 1 1 }'));
ENDSEC;
DATA;
#1 = APPLICATION_PROTOCOL_DEFINITION('international standard',
  'automotive_design',2000,#2);
#2 = APPLICATION_CONTEXT(
  'core data for automotive mechanical design processes');
#3 = SHAPE_DEFINITION_REPRESENTATION(#4,#10);
#4 = PRODUCT_DEFINITION_SHAPE('','',#5);
#5 = PRODUCT_DEFINITION('design','',#6,#9);
#6 = PRODUCT_DEFINITION_FORMATION('','',#7);
#7 = PRODUCT('SOLID','SOLID','',(#8));
#8 = PRODUCT_CONTEXT('',#2,'mechanical');
#9 = PRODUCT_DEFINITION_CONTEXT('part definition',#2,'design');
#10 = ADVANCED_BREP_SHAPE_REPRESENTATION('',(#11,#15),#10453);
#11 = AXIS2_PLACEMENT_3D('',#12,#13,#14);
#12 = CARTESIAN_POINT('',(0.,0.,0.));
#13 = DIRECTION('',(0.,0.,1.));
#14 = DIRECTION('',(1.,0.,-0.));
#15 = MANIFOLD_SOLID_BREP('',#16);
#16 = CLOSED_SHELL('',(#17,#72,#120,#168,#216,#264,#312,#360,#408,#456,
    #493,#1890,#2386,#2411,#2436,#2457,#2482,#2492,#2517,#2527,#2552,
    #2562,#2587,#2608,#2633,#2654,#2682,#2704,#2726,#2748,#2770,#2792,
    #2814,#2830,#2900,#2928,#2950,#2987,#3009,#3046,#3062,#3090,#3112,
    #3134,#3207,#3274,#3358,#3386,#3459,#3532,#3554,#3570,#3598,#3620,
    #3642,#3664,#3686,#3708,#3730,#3752,#3774,#3796,#3818,#3834,#3854,
    #3882,#3931,#4004,#4077,#4126,#4148,#4197,#4270,#4343,#4386,#4404,
    #4432,#4454,#4476,#4498,#4520,#4536,#4550,#4564,#4577,#4602,#4612,
    #4637,#4647,#4670,#4698,#4720,#4742,#4764,#4786,#4802,#4816,#4850,
    #4872,#4900,#4928,#4956,#4984,#5012,#5040,#5062,#5090,#5118,#5146,
    #5174,#5196,#5218,#5246,#5268,#5290,#5312,#5334,#5356,#5378,#5400,
    #5422,#5444,#5466,#5482,#5502,#5626,#5646,#5666,#5686,#5706,#5726,
    #5742,#5754,#5782,#5804,#5826,#5854,#5882,#5910,#5932,#5947,#6059,
    #6079,#6095,#6111,#6127,#6143,#6159,#6175,#6187,#6215,#6237,#6265,
    #6287,#6315,#6331,#6345,#6373,#6395,#6417,#6439,#6461,#6483,#6505,
    #6527,#6549,#6571,#6593,#6609,#6629,#6821,#6845,#6861,#6881,#6901,
    #6917,#6937,#6957,#6977,#6997,#7013,#7029,#7045,#7061,#7077,#7111,
    #7139,#7167,#7195,#7223,#7251,#7273,#7289,#7305,#7339,#7361,#7389,
    #7417,#7445,#7473,#7501,#7529,#7557,#7585,#7613,#7641,#7663,#7691,
    #7719,#7747,#7775,#7803,#7831,#7859,#7881,#7910,#7938,#7960,#7988,
    #8010,#8032,#8054,#8076,#8098,#8120,#8148,#8176,#8198,#8226,#8254,
    #8270,#8293,#8321,#8343,#8365,#8387,#8409,#8431,#8453,#8475,#8497,
    #8519,#8541,#8557,#8577,#8701,#8721,#8741,#8761,#8781,#8801,#8817,
    #8829,#8857,#8879,#8901,#8929,#8957,#8985,#9007,#9022,#9134,#9154,
    #9170,#9186,#9202,#9218,#9234,#9250,#9262,#9290,#9312,#9340,#9362,
    #9390,#9406,#9420,#9740,#9764,#9784,#9804,#9824,#9844,#9864,#9884,
    #9904,#9924,#9944,#9964,#9984,#10000,#10016,#10032,#10048,#10068,
    #10088,#10108,#10128,#10148,#10168,#10188,#10204,#10224,#10244,
    #10260,#10280,#10300,#10320,#10336,#10356,#10372,#10415,#10443));
#17 = ADVANCED_FACE('',(#18),#56,.T.);
#18 = FACE_BOUND('',#19,.T.);
#19 = EDGE_LOOP('',(#20,#32,#40,#50));
#20 = ORIENTED_EDGE('',*,*,#21,.F.);
#21 = EDGE_CURVE('',#22,#24,#26,.T.);
#22 = VERTEX_POINT('',#23);
#23 = CARTESIAN_POINT('',(-5.771340010745,0.,9.234144117192));
#24 = VERTEX_POINT('',#25);
#25 = CARTESIAN_POINT('',(5.771340010745,7.06785307095E-16,
    9.234144117192));
#26 = ( BOUNDED_CURVE() B_SPLINE_CURVE(2,(#27,#28,#29,#30,#31),
.UNSPECIFIED.,.F.,.F.) B_SPLINE_CURVE_WITH_KNOTS((3,2,3),(3.14159265359,
4.712388980385,6.28318530718),.PIECEWISE_BEZIER_KNOTS.) CURVE() 
GEOMETRIC_REPRESENTATION_ITEM() RATIONAL_B_SPLINE_CURVE((1.,
0.707106781187,1.,0.707106781187,1.)) REPRESENTATION_ITEM('') );
#27 = CARTESIAN_POINT('',(-5.771340010745,-7.06785307095E-16,
    9.234144117192));
#28 = CARTESIAN_POINT('',(-5.771340010745,5.771340010745,9.234144117192)
  );
#29 = CARTESIAN_POINT('',(-1.060177960642E-15,5.771340010745,
    9.234144117192));
#30 = CARTESIAN_POINT('',(5.771340010745,5.771340010745,9.234144117192)
  );
#31 = CARTESIAN_POINT('',(5.771340010745,1.41357061419E-15,
    9.234144117192));
#32 = ORIENTED_EDGE('',*,*,#33,.T.);
#33 = EDGE_CURVE('',#22,#34,#36,.T.);
#34 = VERTEX_POINT('',#35);
#35 = CARTESIAN_POINT('',(-5.309632809885,6.785138948112E-16,
    9.695851318051));
#36 = ( BOUNDED_CURVE() B_SPLINE_CURVE(2,(#37,#38,#39),.UNSPECIFIED.,.F.
,.F.) B_SPLINE_CURVE_WITH_KNOTS((3,3),(0.,1.570796326795),
.PIECEWISE_BEZIER_KNOTS.) CURVE() GEOMETRIC_REPRESENTATION_ITEM() 
RATIONAL_B_SPLINE_CURVE((1.,0.707106781187,1.)) REPRESENTATION_ITEM('') 
  );
#37 = CARTESIAN_POINT('',(-5.771340010745,7.06785307095E-16,
    9.234144117192));
#38 = CARTESIAN_POINT('',(-5.771340010745,7.06785307095E-16,
    9.695851318051));
#39 = CARTESIAN_POINT('',(-5.309632809885,6.502424825274E-16,
    9.695851318051));
#40 = ORIENTED_EDGE('',*,*,#41,.F.);
#41 = EDGE_CURVE('',#42,#34,#44,.T.);
#42 = VERTEX_POINT('',#43);
#43 = CARTESIAN_POINT('',(5.309632809885,0.,9.695851318051));
#44 = ( BOUNDED_CURVE() B_SPLINE_CURVE(2,(#45,#46,#47,#48,#49),
.UNSPECIFIED.,.F.,.F.) B_SPLINE_CURVE_WITH_KNOTS((3,2,3),(0.,
1.570796326795,3.14159265359),.PIECEWISE_BEZIER_KNOTS.) CURVE() 
GEOMETRIC_REPRESENTATION_ITEM() RATIONAL_B_SPLINE_CURVE((1.,
0.707106781187,1.,0.707106781187,1.)) REPRESENTATION_ITEM('') );
#45 = CARTESIAN_POINT('',(5.309632809885,0.,9.695851318051));
#46 = CARTESIAN_POINT('',(5.309632809885,5.309632809885,9.695851318051)
  );
#47 = CARTESIAN_POINT('',(3.251212412637E-16,5.309632809885,
    9.695851318051));
#48 = CARTESIAN_POINT('',(-5.309632809885,5.309632809885,9.695851318051)
  );
#49 = CARTESIAN_POINT('',(-5.309632809885,6.502424825274E-16,
    9.695851318051));
#50 = ORIENTED_EDGE('',*,*,#51,.F.);
#51 = EDGE_CURVE('',#24,#42,#52,.T.);
#52 = ( BOUNDED_CURVE() B_SPLINE_CURVE(2,(#53,#54,#55),.UNSPECIFIED.,.F.
,.F.) B_SPLINE_CURVE_WITH_KNOTS((3,3),(1.570796326795,3.14159265359),
.PIECEWISE_BEZIER_KNOTS.) CURVE() GEOMETRIC_REPRESENTATION_ITEM() 
RATIONAL_B_SPLINE_CURVE((1.,0.707106781187,1.)) REPRESENTATION_ITEM('') 
  );
#53 = CARTESIAN_POINT('',(5.771340010745,0.,9.234144117192));
#54 = CARTESIAN_POINT('',(5.771340010745,0.,9.695851318051));
#55 = CARTESIAN_POINT('',(5.309632809885,0.,9.695851318051));
#56 = ( BOUNDED_SURFACE() B_SPLINE_SURFACE(2,2,(
    (#57,#58,#59)
    ,(#60,#61,#62)
    ,(#63,#64,#65)
    ,(#66,#67,#68)
    ,(#69,#70,#71
)),.UNSPECIFIED.,.F.,.F.,.F.) B_SPLINE_SURFACE_WITH_KNOTS((3,2,3),(3,3),
  (0.,1.570796326795,3.14159265359),(0.,1.570796326795),
.PIECEWISE_BEZIER_KNOTS.) GEOMETRIC_REPRESENTATION_ITEM() 
RATIONAL_B_SPLINE_SURFACE((
    (1.,0.707106781187,1.)
    ,(0.707106781187,0.5,0.707106781187)
    ,(1.,0.707106781187,1.)
    ,(0.707106781187,0.5,0.707106781187)
,(1.,0.707106781187,1.))) REPRESENTATION_ITEM('') SURFACE() );
#57 = CARTESIAN_POINT('',(5.771340010745,0.,9.234144117192));
#58 = CARTESIAN_POINT('',(5.771340010745,0.,9.695851318051));
#59 = CARTESIAN_POINT('',(5.309632809885,0.,9.695851318051));
#60 = CARTESIAN_POINT('',(5.771340010745,5.771340010745,9.234144117192)
  );
#61 = CARTESIAN_POINT('',(5.771340010745,5.771340010745,9.695851318051)
  );
#62 = CARTESIAN_POINT('',(5.309632809885,5.309632809885,9.695851318051)
  );
#63 = CARTESIAN_POINT('',(3.533926535475E-16,5.771340010745,
    9.234144117192));
#64 = CARTESIAN_POINT('',(3.533926535475E-16,5.771340010745,
    9.695851318051));
#65 = CARTESIAN_POINT('',(3.251212412637E-16,5.309632809885,
    9.695851318051));
#66 = CARTESIAN_POINT('',(-5.771340010745,5.771340010745,9.234144117192)
  );
#67 = CARTESIAN_POINT('',(-5.771340010745,5.771340010745,9.695851318051)
  );
#68 = CARTESIAN_POINT('',(-5.309632809885,5.309632809885,9.695851318051)
  );
#69 = CARTESIAN_POINT('',(-5.771340010745,7.06785307095E-16,
    9.234144117192));
#70 = CARTESIAN_POINT('',(-5.771340010745,7.06785307095E-16,
    9.695851318051));
#71 = CARTESIAN_POINT('',(-5.309632809885,6.502424825274E-16,
    9.695851318051));
#72 = ADVANCED_FACE('',(#73),#109,.T.);
#73 = FACE_BOUND('',#74,.T.);
#74 = EDGE_LOOP('',(#75,#87,#94,#104));
#75 = ORIENTED_EDGE('',*,*,#76,.F.);
#76 = EDGE_CURVE('',#77,#79,#81,.T.);
#77 = VERTEX_POINT('',#78);
#78 = CARTESIAN_POINT('',(-3.370462566275,1.147819338722E-15,
    9.999999983634E-08));
#79 = VERTEX_POINT('',#80);
#80 = CARTESIAN_POINT('',(-2.6317310449,1.102585079068E-15,
    9.999999983634E-08));
#81 = ( BOUNDED_CURVE() B_SPLINE_CURVE(2,(#82,#83,#84,#85,#86),
.UNSPECIFIED.,.F.,.F.) B_SPLINE_CURVE_WITH_KNOTS((3,2,3),(0.,
1.570796326795,3.14159265359),.PIECEWISE_BEZIER_KNOTS.) CURVE() 
GEOMETRIC_REPRESENTATION_ITEM() RATIONAL_B_SPLINE_CURVE((1.,
0.707106781187,1.,0.707106781187,1.)) REPRESENTATION_ITEM('') );
#82 = CARTESIAN_POINT('',(-3.370462566275,1.102585079068E-15,
    9.999999983634E-08));
#83 = CARTESIAN_POINT('',(-3.370462566275,0.369365760688,
    9.999999983634E-08));
#84 = CARTESIAN_POINT('',(-3.001096805587,0.369365760688,
    9.999999983634E-08));
#85 = CARTESIAN_POINT('',(-2.6317310449,0.369365760688,
    9.999999983634E-08));
#86 = CARTESIAN_POINT('',(-2.6317310449,1.147819338722E-15,
    9.999999983634E-08));
#87 = ORIENTED_EDGE('',*,*,#88,.T.);
#88 = EDGE_CURVE('',#77,#89,#91,.T.);
#89 = VERTEX_POINT('',#90);
#90 = CARTESIAN_POINT('',(-3.370462566275,1.147819338722E-15,
    3.231950506017));
#91 = B_SPLINE_CURVE_WITH_KNOTS('',1,(#92,#93),.UNSPECIFIED.,.F.,.F.,(2,
    2),(0.,3.231950406017),.PIECEWISE_BEZIER_KNOTS.);
#92 = CARTESIAN_POINT('',(-3.370462566275,1.147819338722E-15,
    9.999999983634E-08));
#93 = CARTESIAN_POINT('',(-3.370462566275,1.147819338722E-15,
    3.231950506017));
#94 = ORIENTED_EDGE('',*,*,#95,.T.);
#95 = EDGE_CURVE('',#89,#96,#98,.T.);
#96 = VERTEX_POINT('',#97);
#97 = CARTESIAN_POINT('',(-2.6317310449,1.102585079068E-15,
    3.231950506017));
#98 = ( BOUNDED_CURVE() B_SPLINE_CURVE(2,(#99,#100,#101,#102,#103),
.UNSPECIFIED.,.F.,.F.) B_SPLINE_CURVE_WITH_KNOTS((3,2,3),(0.,
1.570796326795,3.14159265359),.PIECEWISE_BEZIER_KNOTS.) CURVE() 
GEOMETRIC_REPRESENTATION_ITEM() RATIONAL_B_SPLINE_CURVE((1.,
0.707106781187,1.,0.707106781187,1.)) REPRESENTATION_ITEM('') );
#99 = CARTESIAN_POINT('',(-3.370462566275,1.102585079068E-15,
    3.231950506017));
#100 = CARTESIAN_POINT('',(-3.370462566275,0.369365760688,3.231950506017
    ));
#101 = CARTESIAN_POINT('',(-3.001096805587,0.369365760688,3.231950506017
    ));
#102 = CARTESIAN_POINT('',(-2.6317310449,0.369365760688,3.231950506017)
  );
#103 = CARTESIAN_POINT('',(-2.6317310449,1.147819338722E-15,
    3.231950506017));
#104 = ORIENTED_EDGE('',*,*,#105,.F.);
#105 = EDGE_CURVE('',#79,#96,#106,.T.);
#106 = B_SPLINE_CURVE_WITH_KNOTS('',1,(#107,#108),.UNSPECIFIED.,.F.,.F.,
  (2,2),(0.,3.231950406017),.PIECEWISE_BEZIER_KNOTS.);
#107 = CARTESIAN_POINT('',(-2.6317310449,1.102585079068E-15,
    9.999999983634E-08));
#108 = CARTESIAN_POINT('',(-2.6317310449,1.102585079068E-15,
    3.231950506017));
#109 = ( BOUNDED_SURFACE() B_SPLINE_SURFACE(2,1,(
    (#110,#111)
    ,(#112,#113)
    ,(#114,#115)
    ,(#116,#117)
,(#118,#119
    )),.UNSPECIFIED.,.F.,.F.,.F.) B_SPLINE_SURFACE_WITH_KNOTS((3,2,3),(2
    ,2),(0.,1.570796326795,3.14159265359),(0.,3.231950406017),
.PIECEWISE_BEZIER_KNOTS.) GEOMETRIC_REPRESENTATION_ITEM() 
RATIONAL_B_SPLINE_SURFACE((
    (1.,1.)
    ,(0.707106781187,0.707106781187)
    ,(1.,1.)
    ,(0.707106781187,0.707106781187)
,(1.,1.))) REPRESENTATION_ITEM('') SURFACE() );
#110 = CARTESIAN_POINT('',(-2.6317310449,1.102585079068E-15,
    9.999999983634E-08));
#111 = CARTESIAN_POINT('',(-2.6317310449,1.102585079068E-15,
    3.231950506017));
#112 = CARTESIAN_POINT('',(-2.6317310449,0.369365760688,
    9.999999983634E-08));
#113 = CARTESIAN_POINT('',(-2.6317310449,0.369365760688,3.231950506017)
  );
#114 = CARTESIAN_POINT('',(-3.001096805587,0.369365760688,
    9.999999983634E-08));
#115 = CARTESIAN_POINT('',(-3.001096805587,0.369365760688,3.231950506017
    ));
#116 = CARTESIAN_POINT('',(-3.370462566275,0.369365760688,
    9.999999983634E-08));
#117 = CARTESIAN_POINT('',(-3.370462566275,0.369365760688,3.231950506017
    ));
#118 = CARTESIAN_POINT('',(-3.370462566275,1.147819338722E-15,
    9.999999983634E-08));
#119 = CARTESIAN_POINT('',(-3.370462566275,1.147819338722E-15,
    3.231950506017));
#120 = ADVANCED_FACE('',(#121),#157,.T.);
#121 = FACE_BOUND('',#122,.T.);
#122 = EDGE_LOOP('',(#123,#135,#142,#152));
#123 = ORIENTED_EDGE('',*,*,#124,.F.);
#124 = EDGE_CURVE('',#125,#127,#129,.T.);
#125 = VERTEX_POINT('',#126);
#126 = CARTESIAN_POINT('',(2.6317310449,4.523425965408E-17,
    9.999999983634E-08));
#127 = VERTEX_POINT('',#128);
#128 = CARTESIAN_POINT('',(3.370462566275,0.,9.999999983634E-08));
#129 = ( BOUNDED_CURVE() B_SPLINE_CURVE(2,(#130,#131,#132,#133,#134),
.UNSPECIFIED.,.F.,.F.) B_SPLINE_CURVE_WITH_KNOTS((3,2,3),(0.,
1.570796326795,3.14159265359),.PIECEWISE_BEZIER_KNOTS.) CURVE() 
GEOMETRIC_REPRESENTATION_ITEM() RATIONAL_B_SPLINE_CURVE((1.,
0.707106781187,1.,0.707106781187,1.)) REPRESENTATION_ITEM('') );
#130 = CARTESIAN_POINT('',(2.6317310449,0.,9.999999983634E-08));
#131 = CARTESIAN_POINT('',(2.6317310449,0.369365760688,
    9.999999983634E-08));
#132 = CARTESIAN_POINT('',(3.001096805587,0.369365760688,
    9.999999983634E-08));
#133 = CARTESIAN_POINT('',(3.370462566275,0.369365760688,
    9.999999983634E-08));
#134 = CARTESIAN_POINT('',(3.370462566275,4.523425965408E-17,
    9.999999983634E-08));
#135 = ORIENTED_EDGE('',*,*,#136,.T.);
#136 = EDGE_CURVE('',#125,#137,#139,.T.);
#137 = VERTEX_POINT('',#138);
#138 = CARTESIAN_POINT('',(2.6317310449,4.523425965408E-17,
    3.231950506017));
#139 = B_SPLINE_CURVE_WITH_KNOTS('',1,(#140,#141),.UNSPECIFIED.,.F.,.F.,
  (2,2),(0.,3.231950406017),.PIECEWISE_BEZIER_KNOTS.);
#140 = CARTESIAN_POINT('',(2.6317310449,4.523425965408E-17,
    9.999999983634E-08));
#141 = CARTESIAN_POINT('',(2.6317310449,4.523425965408E-17,
    3.231950506017));
#142 = ORIENTED_EDGE('',*,*,#143,.T.);
#143 = EDGE_CURVE('',#137,#144,#146,.T.);
#144 = VERTEX_POINT('',#145);
#145 = CARTESIAN_POINT('',(3.370462566275,0.,3.231950506017));
#146 = ( BOUNDED_CURVE() B_SPLINE_CURVE(2,(#147,#148,#149,#150,#151),
.UNSPECIFIED.,.F.,.F.) B_SPLINE_CURVE_WITH_KNOTS((3,2,3),(0.,
1.570796326795,3.14159265359),.PIECEWISE_BEZIER_KNOTS.) CURVE() 
GEOMETRIC_REPRESENTATION_ITEM() RATIONAL_B_SPLINE_CURVE((1.,
0.707106781187,1.,0.707106781187,1.)) REPRESENTATION_ITEM('') );
#147 = CARTESIAN_POINT('',(2.6317310449,0.,3.231950506017));
#148 = CARTESIAN_POINT('',(2.6317310449,0.369365760688,3.231950506017));
#149 = CARTESIAN_POINT('',(3.001096805587,0.369365760688,3.231950506017)
  );
#150 = CARTESIAN_POINT('',(3.370462566275,0.369365760688,3.231950506017)
  );
#151 = CARTESIAN_POINT('',(3.370462566275,4.523425965408E-17,
    3.231950506017));
#152 = ORIENTED_EDGE('',*,*,#153,.F.);
#153 = EDGE_CURVE('',#127,#144,#154,.T.);
#154 = B_SPLINE_CURVE_WITH_KNOTS('',1,(#155,#156),.UNSPECIFIED.,.F.,.F.,
  (2,2),(0.,3.231950406017),.PIECEWISE_BEZIER_KNOTS.);
#155 = CARTESIAN_POINT('',(3.370462566275,0.,9.999999983634E-08));
#156 = CARTESIAN_POINT('',(3.370462566275,0.,3.231950506017));
#157 = ( BOUNDED_SURFACE() B_SPLINE_SURFACE(2,1,(
    (#158,#159)
    ,(#160,#161)
    ,(#162,#163)
    ,(#164,#165)
,(#166,#167
    )),.UNSPECIFIED.,.F.,.F.,.F.) B_SPLINE_SURFACE_WITH_KNOTS((3,2,3),(2
    ,2),(0.,1.570796326795,3.14159265359),(0.,3.231950406017),
.PIECEWISE_BEZIER_KNOTS.) GEOMETRIC_REPRESENTATION_ITEM() 
RATIONAL_B_SPLINE_SURFACE((
    (1.,1.)
    ,(0.707106781187,0.707106781187)
    ,(1.,1.)
    ,(0.707106781187,0.707106781187)
,(1.,1.))) REPRESENTATION_ITEM('') SURFACE() );
#158 = CARTESIAN_POINT('',(3.370462566275,0.,9.999999983634E-08));
#159 = CARTESIAN_POINT('',(3.370462566275,0.,3.231950506017));
#160 = CARTESIAN_POINT('',(3.370462566275,0.369365760688,
    9.999999983634E-08));
#161 = CARTESIAN_POINT('',(3.370462566275,0.369365760688,3.231950506017)
  );
#162 = CARTESIAN_POINT('',(3.001096805587,0.369365760688,
    9.999999983634E-08));
#163 = CARTESIAN_POINT('',(3.001096805587,0.369365760688,3.231950506017)
  );
#164 = CARTESIAN_POINT('',(2.6317310449,0.369365760688,
    9.999999983634E-08));
#165 = CARTESIAN_POINT('',(2.6317310449,0.369365760688,3.231950506017));
#166 = CARTESIAN_POINT('',(2.6317310449,4.523425965408E-17,
    9.999999983634E-08));
#167 = CARTESIAN_POINT('',(2.6317310449,4.523425965408E-17,
    3.231950506017));
#168 = ADVANCED_FACE('',(#169),#205,.T.);
#169 = FACE_BOUND('',#170,.T.);
#170 = EDGE_LOOP('',(#171,#183,#190,#200));
#171 = ORIENTED_EDGE('',*,*,#172,.F.);
#172 = EDGE_CURVE('',#173,#175,#177,.T.);
#173 = VERTEX_POINT('',#174);
#174 = CARTESIAN_POINT('',(-1.154268002149,1.328756377339E-15,
    3.693657706877));
#175 = VERTEX_POINT('',#176);
#176 = CARTESIAN_POINT('',(-4.847925609026,1.102585079068E-15,
    3.693657706877));
#177 = ( BOUNDED_CURVE() B_SPLINE_CURVE(2,(#178,#179,#180,#181,#182),
.UNSPECIFIED.,.F.,.F.) B_SPLINE_CURVE_WITH_KNOTS((3,2,3),(0.,
1.570796326795,3.14159265359),.PIECEWISE_BEZIER_KNOTS.) CURVE() 
GEOMETRIC_REPRESENTATION_ITEM() RATIONAL_B_SPLINE_CURVE((1.,
0.707106781187,1.,0.707106781187,1.)) REPRESENTATION_ITEM('') );
#178 = CARTESIAN_POINT('',(-1.154268002149,1.102585079068E-15,
    3.693657706877));
#179 = CARTESIAN_POINT('',(-1.154268002149,1.846828803438,3.693657706877
    ));
#180 = CARTESIAN_POINT('',(-3.001096805587,1.846828803438,3.693657706877
    ));
#181 = CARTESIAN_POINT('',(-4.847925609026,1.846828803438,3.693657706877
    ));
#182 = CARTESIAN_POINT('',(-4.847925609026,1.328756377339E-15,
    3.693657706877));
#183 = ORIENTED_EDGE('',*,*,#184,.T.);
#184 = EDGE_CURVE('',#173,#185,#187,.T.);
#185 = VERTEX_POINT('',#186);
#186 = CARTESIAN_POINT('',(-1.154268002149,1.328756377339E-15,
    3.231950506017));
#187 = B_SPLINE_CURVE_WITH_KNOTS('',1,(#188,#189),.UNSPECIFIED.,.F.,.F.,
  (2,2),(0.46170720086,0.923414401719),.PIECEWISE_BEZIER_KNOTS.);
#188 = CARTESIAN_POINT('',(-1.154268002149,1.328756377339E-15,
    3.693657706877));
#189 = CARTESIAN_POINT('',(-1.154268002149,1.328756377339E-15,
    3.231950506017));
#190 = ORIENTED_EDGE('',*,*,#191,.F.);
#191 = EDGE_CURVE('',#192,#185,#194,.T.);
#192 = VERTEX_POINT('',#193);
#193 = CARTESIAN_POINT('',(-4.847925609026,1.102585079068E-15,
    3.231950506017));
#194 = ( BOUNDED_CURVE() B_SPLINE_CURVE(2,(#195,#196,#197,#198,#199),
.UNSPECIFIED.,.F.,.F.) B_SPLINE_CURVE_WITH_KNOTS((3,2,3),(0.,
1.570796326795,3.14159265359),.PIECEWISE_BEZIER_KNOTS.) CURVE() 
GEOMETRIC_REPRESENTATION_ITEM() RATIONAL_B_SPLINE_CURVE((1.,
0.707106781187,1.,0.707106781187,1.)) REPRESENTATION_ITEM('') );
#195 = CARTESIAN_POINT('',(-4.847925609026,1.102585079068E-15,
    3.231950506017));
#196 = CARTESIAN_POINT('',(-4.847925609026,1.846828803438,3.231950506017
    ));
#197 = CARTESIAN_POINT('',(-3.001096805587,1.846828803438,3.231950506017
    ));
#198 = CARTESIAN_POINT('',(-1.154268002149,1.846828803438,3.231950506017
    ));
#199 = CARTESIAN_POINT('',(-1.154268002149,1.328756377339E-15,
    3.231950506017));
#200 = ORIENTED_EDGE('',*,*,#201,.F.);
#201 = EDGE_CURVE('',#175,#192,#202,.T.);
#202 = B_SPLINE_CURVE_WITH_KNOTS('',1,(#203,#204),.UNSPECIFIED.,.F.,.F.,
  (2,2),(0.46170720086,0.923414401719),.PIECEWISE_BEZIER_KNOTS.);
#203 = CARTESIAN_POINT('',(-4.847925609026,1.102585079068E-15,
    3.693657706877));
#204 = CARTESIAN_POINT('',(-4.847925609026,1.102585079068E-15,
    3.231950506017));
#205 = ( BOUNDED_SURFACE() B_SPLINE_SURFACE(2,1,(
    (#206,#207)
    ,(#208,#209)
    ,(#210,#211)
    ,(#212,#213)
,(#214,#215
    )),.UNSPECIFIED.,.F.,.F.,.F.) B_SPLINE_SURFACE_WITH_KNOTS((3,2,3),(2
    ,2),(0.,1.570796326795,3.14159265359),(0.46170720086,0.923414401719)
,.PIECEWISE_BEZIER_KNOTS.) GEOMETRIC_REPRESENTATION_ITEM() 
RATIONAL_B_SPLINE_SURFACE((
    (1.,1.)
    ,(0.707106781187,0.707106781187)
    ,(1.,1.)
    ,(0.707106781187,0.707106781187)
,(1.,1.))) REPRESENTATION_ITEM('') SURFACE() );
#206 = CARTESIAN_POINT('',(-4.847925609026,1.102585079068E-15,
    3.693657706877));
#207 = CARTESIAN_POINT('',(-4.847925609026,1.102585079068E-15,
    3.231950506017));
#208 = CARTESIAN_POINT('',(-4.847925609026,1.846828803438,3.693657706877
    ));
#209 = CARTESIAN_POINT('',(-4.847925609026,1.846828803438,3.231950506017
    ));
#210 = CARTESIAN_POINT('',(-3.001096805587,1.846828803438,3.693657706877
    ));
#211 = CARTESIAN_POINT('',(-3.001096805587,1.846828803438,3.231950506017
    ));
#212 = CARTESIAN_POINT('',(-1.154268002149,1.846828803438,3.693657706877
    ));
#213 = CARTESIAN_POINT('',(-1.154268002149,1.846828803438,3.231950506017
    ));
#214 = CARTESIAN_POINT('',(-1.154268002149,1.328756377339E-15,
    3.693657706877));
#215 = CARTESIAN_POINT('',(-1.154268002149,1.328756377339E-15,
    3.231950506017));
#216 = ADVANCED_FACE('',(#217),#253,.T.);
#217 = FACE_BOUND('',#218,.T.);
#218 = EDGE_LOOP('',(#219,#231,#238,#248));
#219 = ORIENTED_EDGE('',*,*,#220,.F.);
#220 = EDGE_CURVE('',#221,#223,#225,.T.);
#221 = VERTEX_POINT('',#222);
#222 = CARTESIAN_POINT('',(4.847925609026,2.261712982704E-16,
    3.693657706877));
#223 = VERTEX_POINT('',#224);
#224 = CARTESIAN_POINT('',(1.154268002149,0.,3.693657706877));
#225 = ( BOUNDED_CURVE() B_SPLINE_CURVE(2,(#226,#227,#228,#229,#230),
.UNSPECIFIED.,.F.,.F.) B_SPLINE_CURVE_WITH_KNOTS((3,2,3),(0.,
1.570796326795,3.14159265359),.PIECEWISE_BEZIER_KNOTS.) CURVE() 
GEOMETRIC_REPRESENTATION_ITEM() RATIONAL_B_SPLINE_CURVE((1.,
0.707106781187,1.,0.707106781187,1.)) REPRESENTATION_ITEM('') );
#226 = CARTESIAN_POINT('',(4.847925609026,0.,3.693657706877));
#227 = CARTESIAN_POINT('',(4.847925609026,1.846828803438,3.693657706877)
  );
#228 = CARTESIAN_POINT('',(3.001096805587,1.846828803438,3.693657706877)
  );
#229 = CARTESIAN_POINT('',(1.154268002149,1.846828803438,3.693657706877)
  );
#230 = CARTESIAN_POINT('',(1.154268002149,2.261712982704E-16,
    3.693657706877));
#231 = ORIENTED_EDGE('',*,*,#232,.T.);
#232 = EDGE_CURVE('',#221,#233,#235,.T.);
#233 = VERTEX_POINT('',#234);
#234 = CARTESIAN_POINT('',(4.847925609026,2.261712982704E-16,
    3.231950506017));
#235 = B_SPLINE_CURVE_WITH_KNOTS('',1,(#236,#237),.UNSPECIFIED.,.F.,.F.,
  (2,2),(0.46170720086,0.923414401719),.PIECEWISE_BEZIER_KNOTS.);
#236 = CARTESIAN_POINT('',(4.847925609026,2.261712982704E-16,
    3.693657706877));
#237 = CARTESIAN_POINT('',(4.847925609026,2.261712982704E-16,
    3.231950506017));
#238 = ORIENTED_EDGE('',*,*,#239,.F.);
#239 = EDGE_CURVE('',#240,#233,#242,.T.);
#240 = VERTEX_POINT('',#241);
#241 = CARTESIAN_POINT('',(1.154268002149,0.,3.231950506017));
#242 = ( BOUNDED_CURVE() B_SPLINE_CURVE(2,(#243,#244,#245,#246,#247),
.UNSPECIFIED.,.F.,.F.) B_SPLINE_CURVE_WITH_KNOTS((3,2,3),(0.,
1.570796326795,3.14159265359),.PIECEWISE_BEZIER_KNOTS.) CURVE() 
GEOMETRIC_REPRESENTATION_ITEM() RATIONAL_B_SPLINE_CURVE((1.,
0.707106781187,1.,0.707106781187,1.)) REPRESENTATION_ITEM('') );
#243 = CARTESIAN_POINT('',(1.154268002149,0.,3.231950506017));
#244 = CARTESIAN_POINT('',(1.154268002149,1.846828803438,3.231950506017)
  );
#245 = CARTESIAN_POINT('',(3.001096805587,1.846828803438,3.231950506017)
  );
#246 = CARTESIAN_POINT('',(4.847925609026,1.846828803438,3.231950506017)
  );
#247 = CARTESIAN_POINT('',(4.847925609026,2.261712982704E-16,
    3.231950506017));
#248 = ORIENTED_EDGE('',*,*,#249,.F.);
#249 = EDGE_CURVE('',#223,#240,#250,.T.);
#250 = B_SPLINE_CURVE_WITH_KNOTS('',1,(#251,#252),.UNSPECIFIED.,.F.,.F.,
  (2,2),(0.46170720086,0.923414401719),.PIECEWISE_BEZIER_KNOTS.);
#251 = CARTESIAN_POINT('',(1.154268002149,0.,3.693657706877));
#252 = CARTESIAN_POINT('',(1.154268002149,0.,3.231950506017));
#253 = ( BOUNDED_SURFACE() B_SPLINE_SURFACE(2,1,(
    (#254,#255)
    ,(#256,#257)
    ,(#258,#259)
    ,(#260,#261)
,(#262,#263
    )),.UNSPECIFIED.,.F.,.F.,.F.) B_SPLINE_SURFACE_WITH_KNOTS((3,2,3),(2
    ,2),(0.,1.570796326795,3.14159265359),(0.46170720086,0.923414401719)
,.PIECEWISE_BEZIER_KNOTS.) GEOMETRIC_REPRESENTATION_ITEM() 
RATIONAL_B_SPLINE_SURFACE((
    (1.,1.)
    ,(0.707106781187,0.707106781187)
    ,(1.,1.)
    ,(0.707106781187,0.707106781187)
,(1.,1.))) REPRESENTATION_ITEM('') SURFACE() );
#254 = CARTESIAN_POINT('',(1.154268002149,0.,3.693657706877));
#255 = CARTESIAN_POINT('',(1.154268002149,0.,3.231950506017));
#256 = CARTESIAN_POINT('',(1.154268002149,1.846828803438,3.693657706877)
  );
#257 = CARTESIAN_POINT('',(1.154268002149,1.846828803438,3.231950506017)
  );
#258 = CARTESIAN_POINT('',(3.001096805587,1.846828803438,3.693657706877)
  );
#259 = CARTESIAN_POINT('',(3.001096805587,1.846828803438,3.231950506017)
  );
#260 = CARTESIAN_POINT('',(4.847925609026,1.846828803438,3.693657706877)
  );
#261 = CARTESIAN_POINT('',(4.847925609026,1.846828803438,3.231950506017)
  );
#262 = CARTESIAN_POINT('',(4.847925609026,2.261712982704E-16,
    3.693657706877));
#263 = CARTESIAN_POINT('',(4.847925609026,2.261712982704E-16,
    3.231950506017));
#264 = ADVANCED_FACE('',(#265),#301,.T.);
#265 = FACE_BOUND('',#266,.T.);
#266 = EDGE_LOOP('',(#267,#279,#286,#296));
#267 = ORIENTED_EDGE('',*,*,#268,.F.);
#268 = EDGE_CURVE('',#269,#271,#273,.T.);
#269 = VERTEX_POINT('',#270);
#270 = CARTESIAN_POINT('',(0.554048641031,-3.001096805587,3.693657706877
    ));
#271 = VERTEX_POINT('',#272);
#272 = CARTESIAN_POINT('',(-0.554048641031,-3.001096805587,
    3.693657706877));
#273 = ( BOUNDED_CURVE() B_SPLINE_CURVE(2,(#274,#275,#276,#277,#278),
.UNSPECIFIED.,.F.,.F.) B_SPLINE_CURVE_WITH_KNOTS((3,2,3),(0.,
1.570796326795,3.14159265359),.PIECEWISE_BEZIER_KNOTS.) CURVE() 
GEOMETRIC_REPRESENTATION_ITEM() RATIONAL_B_SPLINE_CURVE((1.,
0.707106781187,1.,0.707106781187,1.)) REPRESENTATION_ITEM('') );
#274 = CARTESIAN_POINT('',(0.554048641031,-3.001096805587,3.693657706877
    ));
#275 = CARTESIAN_POINT('',(0.554048641031,-2.447048164556,3.693657706877
    ));
#276 = CARTESIAN_POINT('',(-8.990309106248E-16,-2.447048164556,
    3.693657706877));
#277 = CARTESIAN_POINT('',(-0.554048641031,-2.447048164556,
    3.693657706877));
#278 = CARTESIAN_POINT('',(-0.554048641031,-3.001096805587,
    3.693657706877));
#279 = ORIENTED_EDGE('',*,*,#280,.T.);
#280 = EDGE_CURVE('',#269,#281,#283,.T.);
#281 = VERTEX_POINT('',#282);
#282 = CARTESIAN_POINT('',(0.554048641031,-3.001096805587,3.231950506017
    ));
#283 = B_SPLINE_CURVE_WITH_KNOTS('',1,(#284,#285),.UNSPECIFIED.,.F.,.F.,
  (2,2),(0.46170720086,0.923414401719),.PIECEWISE_BEZIER_KNOTS.);
#284 = CARTESIAN_POINT('',(0.554048641031,-3.001096805587,3.693657706877
    ));
#285 = CARTESIAN_POINT('',(0.554048641031,-3.001096805587,3.231950506017
    ));
#286 = ORIENTED_EDGE('',*,*,#287,.F.);
#287 = EDGE_CURVE('',#288,#281,#290,.T.);
#288 = VERTEX_POINT('',#289);
#289 = CARTESIAN_POINT('',(-0.554048641031,-3.001096805587,
    3.231950506017));
#290 = ( BOUNDED_CURVE() B_SPLINE_CURVE(2,(#291,#292,#293,#294,#295),
.UNSPECIFIED.,.F.,.F.) B_SPLINE_CURVE_WITH_KNOTS((3,2,3),(0.,
1.570796326795,3.14159265359),.PIECEWISE_BEZIER_KNOTS.) CURVE() 
GEOMETRIC_REPRESENTATION_ITEM() RATIONAL_B_SPLINE_CURVE((1.,
0.707106781187,1.,0.707106781187,1.)) REPRESENTATION_ITEM('') );
#291 = CARTESIAN_POINT('',(-0.554048641031,-3.001096805587,
    3.231950506017));
#292 = CARTESIAN_POINT('',(-0.554048641031,-2.447048164556,
    3.231950506017));
#293 = CARTESIAN_POINT('',(-9.668823001059E-16,-2.447048164556,
    3.231950506017));
#294 = CARTESIAN_POINT('',(0.554048641031,-2.447048164556,3.231950506017
    ));
#295 = CARTESIAN_POINT('',(0.554048641031,-3.001096805587,3.231950506017
    ));
#296 = ORIENTED_EDGE('',*,*,#297,.F.);
#297 = EDGE_CURVE('',#271,#288,#298,.T.);
#298 = B_SPLINE_CURVE_WITH_KNOTS('',1,(#299,#300),.UNSPECIFIED.,.F.,.F.,
  (2,2),(0.46170720086,0.923414401719),.PIECEWISE_BEZIER_KNOTS.);
#299 = CARTESIAN_POINT('',(-0.554048641031,-3.001096805587,
    3.693657706877));
#300 = CARTESIAN_POINT('',(-0.554048641031,-3.001096805587,
    3.231950506017));
#301 = ( BOUNDED_SURFACE() B_SPLINE_SURFACE(2,1,(
    (#302,#303)
    ,(#304,#305)
    ,(#306,#307)
    ,(#308,#309)
,(#310,#311
    )),.UNSPECIFIED.,.F.,.F.,.F.) B_SPLINE_SURFACE_WITH_KNOTS((3,2,3),(2
    ,2),(0.,1.570796326795,3.14159265359),(0.46170720086,0.923414401719)
,.PIECEWISE_BEZIER_KNOTS.) GEOMETRIC_REPRESENTATION_ITEM() 
RATIONAL_B_SPLINE_SURFACE((
    (1.,1.)
    ,(0.707106781187,0.707106781187)
    ,(1.,1.)
    ,(0.707106781187,0.707106781187)
,(1.,1.))) REPRESENTATION_ITEM('') SURFACE() );
#302 = CARTESIAN_POINT('',(-0.554048641031,-3.001096805587,
    3.693657706877));
#303 = CARTESIAN_POINT('',(-0.554048641031,-3.001096805587,
    3.231950506017));
#304 = CARTESIAN_POINT('',(-0.554048641031,-2.447048164556,
    3.693657706877));
#305 = CARTESIAN_POINT('',(-0.554048641031,-2.447048164556,
    3.231950506017));
#306 = CARTESIAN_POINT('',(-9.668823001059E-16,-2.447048164556,
    3.693657706877));
#307 = CARTESIAN_POINT('',(-9.668823001059E-16,-2.447048164556,
    3.231950506017));
#308 = CARTESIAN_POINT('',(0.554048641031,-2.447048164556,3.693657706877
    ));
#309 = CARTESIAN_POINT('',(0.554048641031,-2.447048164556,3.231950506017
    ));
#310 = CARTESIAN_POINT('',(0.554048641031,-3.001096805587,3.693657706877
    ));
#311 = CARTESIAN_POINT('',(0.554048641031,-3.001096805587,3.231950506017
    ));
#312 = ADVANCED_FACE('',(#313),#349,.T.);
#313 = FACE_BOUND('',#314,.T.);
#314 = EDGE_LOOP('',(#315,#327,#334,#344));
#315 = ORIENTED_EDGE('',*,*,#316,.F.);
#316 = EDGE_CURVE('',#317,#319,#321,.T.);
#317 = VERTEX_POINT('',#318);
#318 = CARTESIAN_POINT('',(0.554048641031,3.001096805587,3.693657706877)
  );
#319 = VERTEX_POINT('',#320);
#320 = CARTESIAN_POINT('',(-0.554048641031,3.001096805587,3.693657706877
    ));
#321 = ( BOUNDED_CURVE() B_SPLINE_CURVE(2,(#322,#323,#324,#325,#326),
.UNSPECIFIED.,.F.,.F.) B_SPLINE_CURVE_WITH_KNOTS((3,2,3),(0.,
1.570796326795,3.14159265359),.PIECEWISE_BEZIER_KNOTS.) CURVE() 
GEOMETRIC_REPRESENTATION_ITEM() RATIONAL_B_SPLINE_CURVE((1.,
0.707106781187,1.,0.707106781187,1.)) REPRESENTATION_ITEM('') );
#322 = CARTESIAN_POINT('',(0.554048641031,3.001096805587,3.693657706877)
  );
#323 = CARTESIAN_POINT('',(0.554048641031,3.555145446619,3.693657706877)
  );
#324 = CARTESIAN_POINT('',(9.386108878221E-16,3.555145446619,
    3.693657706877));
#325 = CARTESIAN_POINT('',(-0.554048641031,3.555145446619,3.693657706877
    ));
#326 = CARTESIAN_POINT('',(-0.554048641031,3.001096805587,3.693657706877
    ));
#327 = ORIENTED_EDGE('',*,*,#328,.T.);
#328 = EDGE_CURVE('',#317,#329,#331,.T.);
#329 = VERTEX_POINT('',#330);
#330 = CARTESIAN_POINT('',(0.554048641031,3.001096805587,3.231950506017)
  );
#331 = B_SPLINE_CURVE_WITH_KNOTS('',1,(#332,#333),.UNSPECIFIED.,.F.,.F.,
  (2,2),(0.46170720086,0.923414401719),.PIECEWISE_BEZIER_KNOTS.);
#332 = CARTESIAN_POINT('',(0.554048641031,3.001096805587,3.693657706877)
  );
#333 = CARTESIAN_POINT('',(0.554048641031,3.001096805587,3.231950506017)
  );
#334 = ORIENTED_EDGE('',*,*,#335,.F.);
#335 = EDGE_CURVE('',#336,#329,#338,.T.);
#336 = VERTEX_POINT('',#337);
#337 = CARTESIAN_POINT('',(-0.554048641031,3.001096805587,3.231950506017
    ));
#338 = ( BOUNDED_CURVE() B_SPLINE_CURVE(2,(#339,#340,#341,#342,#343),
.UNSPECIFIED.,.F.,.F.) B_SPLINE_CURVE_WITH_KNOTS((3,2,3),(0.,
1.570796326795,3.14159265359),.PIECEWISE_BEZIER_KNOTS.) CURVE() 
GEOMETRIC_REPRESENTATION_ITEM() RATIONAL_B_SPLINE_CURVE((1.,
0.707106781187,1.,0.707106781187,1.)) REPRESENTATION_ITEM('') );
#339 = CARTESIAN_POINT('',(-0.554048641031,3.001096805587,3.231950506017
    ));
#340 = CARTESIAN_POINT('',(-0.554048641031,3.555145446619,3.231950506017
    ));
#341 = CARTESIAN_POINT('',(8.70759498341E-16,3.555145446619,
    3.231950506017));
#342 = CARTESIAN_POINT('',(0.554048641031,3.555145446619,3.231950506017)
  );
#343 = CARTESIAN_POINT('',(0.554048641031,3.001096805587,3.231950506017)
  );
#344 = ORIENTED_EDGE('',*,*,#345,.F.);
#345 = EDGE_CURVE('',#319,#336,#346,.T.);
#346 = B_SPLINE_CURVE_WITH_KNOTS('',1,(#347,#348),.UNSPECIFIED.,.F.,.F.,
  (2,2),(0.46170720086,0.923414401719),.PIECEWISE_BEZIER_KNOTS.);
#347 = CARTESIAN_POINT('',(-0.554048641031,3.001096805587,3.693657706877
    ));
#348 = CARTESIAN_POINT('',(-0.554048641031,3.001096805587,3.231950506017
    ));
#349 = ( BOUNDED_SURFACE() B_SPLINE_SURFACE(2,1,(
    (#350,#351)
    ,(#352,#353)
    ,(#354,#355)
    ,(#356,#357)
,(#358,#359
    )),.UNSPECIFIED.,.F.,.F.,.F.) B_SPLINE_SURFACE_WITH_KNOTS((3,2,3),(2
    ,2),(0.,1.570796326795,3.14159265359),(0.46170720086,0.923414401719)
,.PIECEWISE_BEZIER_KNOTS.) GEOMETRIC_REPRESENTATION_ITEM() 
RATIONAL_B_SPLINE_SURFACE((
    (1.,1.)
    ,(0.707106781187,0.707106781187)
    ,(1.,1.)
    ,(0.707106781187,0.707106781187)
,(1.,1.))) REPRESENTATION_ITEM('') SURFACE() );
#350 = CARTESIAN_POINT('',(-0.554048641031,3.001096805587,3.693657706877
    ));
#351 = CARTESIAN_POINT('',(-0.554048641031,3.001096805587,3.231950506017
    ));
#352 = CARTESIAN_POINT('',(-0.554048641031,3.555145446619,3.693657706877
    ));
#353 = CARTESIAN_POINT('',(-0.554048641031,3.555145446619,3.231950506017
    ));
#354 = CARTESIAN_POINT('',(8.70759498341E-16,3.555145446619,
    3.693657706877));
#355 = CARTESIAN_POINT('',(8.70759498341E-16,3.555145446619,
    3.231950506017));
#356 = CARTESIAN_POINT('',(0.554048641031,3.555145446619,3.693657706877)
  );
#357 = CARTESIAN_POINT('',(0.554048641031,3.555145446619,3.231950506017)
  );
#358 = CARTESIAN_POINT('',(0.554048641031,3.001096805587,3.693657706877)
  );
#359 = CARTESIAN_POINT('',(0.554048641031,3.001096805587,3.231950506017)
  );
#360 = ADVANCED_FACE('',(#361),#397,.F.);
#361 = FACE_BOUND('',#362,.F.);
#362 = EDGE_LOOP('',(#363,#372,#382,#389));
#363 = ORIENTED_EDGE('',*,*,#364,.T.);
#364 = EDGE_CURVE('',#365,#367,#369,.T.);
#365 = VERTEX_POINT('',#366);
#366 = CARTESIAN_POINT('',(-4.847925609026,0.,7.849022514613));
#367 = VERTEX_POINT('',#368);
#368 = CARTESIAN_POINT('',(-4.847925609026,0.,6.925608112894));
#369 = B_SPLINE_CURVE_WITH_KNOTS('',1,(#370,#371),.UNSPECIFIED.,.F.,.F.,
  (2,2),(0.,0.923414401719),.PIECEWISE_BEZIER_KNOTS.);
#370 = CARTESIAN_POINT('',(-4.847925609026,0.,7.849022514613));
#371 = CARTESIAN_POINT('',(-4.847925609026,0.,6.925608112894));
#372 = ORIENTED_EDGE('',*,*,#373,.T.);
#373 = EDGE_CURVE('',#367,#374,#376,.T.);
#374 = VERTEX_POINT('',#375);
#375 = CARTESIAN_POINT('',(4.847925609026,5.936996579598E-16,
    6.925608112894));
#376 = ( BOUNDED_CURVE() B_SPLINE_CURVE(2,(#377,#378,#379,#380,#381),
.UNSPECIFIED.,.F.,.F.) B_SPLINE_CURVE_WITH_KNOTS((3,2,3),(3.14159265359,
4.712388980385,6.28318530718),.PIECEWISE_BEZIER_KNOTS.) CURVE() 
GEOMETRIC_REPRESENTATION_ITEM() RATIONAL_B_SPLINE_CURVE((1.,
0.707106781187,1.,0.707106781187,1.)) REPRESENTATION_ITEM('') );
#377 = CARTESIAN_POINT('',(-4.847925609026,5.936996579598E-16,
    6.925608112894));
#378 = CARTESIAN_POINT('',(-4.847925609026,-4.847925609026,
    6.925608112894));
#379 = CARTESIAN_POINT('',(-8.905494869397E-16,-4.847925609026,
    6.925608112894));
#380 = CARTESIAN_POINT('',(4.847925609026,-4.847925609026,6.925608112894
    ));
#381 = CARTESIAN_POINT('',(4.847925609026,-1.18739931592E-15,
    6.925608112894));
#382 = ORIENTED_EDGE('',*,*,#383,.F.);
#383 = EDGE_CURVE('',#384,#374,#386,.T.);
#384 = VERTEX_POINT('',#385);
#385 = CARTESIAN_POINT('',(4.847925609026,5.936996579598E-16,
    7.849022514613));
#386 = B_SPLINE_CURVE_WITH_KNOTS('',1,(#387,#388),.UNSPECIFIED.,.F.,.F.,
  (2,2),(0.,0.923414401719),.PIECEWISE_BEZIER_KNOTS.);
#387 = CARTESIAN_POINT('',(4.847925609026,5.936996579598E-16,
    7.849022514613));
#388 = CARTESIAN_POINT('',(4.847925609026,5.936996579598E-16,
    6.925608112894));
#389 = ORIENTED_EDGE('',*,*,#390,.F.);
#390 = EDGE_CURVE('',#365,#384,#391,.T.);
#391 = ( BOUNDED_CURVE() B_SPLINE_CURVE(2,(#392,#393,#394,#395,#396),
.UNSPECIFIED.,.F.,.F.) B_SPLINE_CURVE_WITH_KNOTS((3,2,3),(3.14159265359,
4.712388980385,6.28318530718),.PIECEWISE_BEZIER_KNOTS.) CURVE() 
GEOMETRIC_REPRESENTATION_ITEM() RATIONAL_B_SPLINE_CURVE((1.,
0.707106781187,1.,0.707106781187,1.)) REPRESENTATION_ITEM('') );
#392 = CARTESIAN_POINT('',(-4.847925609026,5.936996579598E-16,
    7.849022514613));
#393 = CARTESIAN_POINT('',(-4.847925609026,-4.847925609026,
    7.849022514613));
#394 = CARTESIAN_POINT('',(-8.905494869397E-16,-4.847925609026,
    7.849022514613));
#395 = CARTESIAN_POINT('',(4.847925609026,-4.847925609026,7.849022514613
    ));
#396 = CARTESIAN_POINT('',(4.847925609026,-1.18739931592E-15,
    7.849022514613));
#397 = ( BOUNDED_SURFACE() B_SPLINE_SURFACE(2,1,(
    (#398,#399)
    ,(#400,#401)
    ,(#402,#403)
    ,(#404,#405)
,(#406,#407
    )),.UNSPECIFIED.,.F.,.F.,.F.) B_SPLINE_SURFACE_WITH_KNOTS((3,2,3),(2
    ,2),(3.14159265359,4.712388980385,6.28318530718),(0.,0.923414401719)
,.PIECEWISE_BEZIER_KNOTS.) GEOMETRIC_REPRESENTATION_ITEM() 
RATIONAL_B_SPLINE_SURFACE((
    (1.,1.)
    ,(0.707106781187,0.707106781187)
    ,(1.,1.)
    ,(0.707106781187,0.707106781187)
,(1.,1.))) REPRESENTATION_ITEM('') SURFACE() );
#398 = CARTESIAN_POINT('',(4.847925609026,5.936996579598E-16,
    7.849022514613));
#399 = CARTESIAN_POINT('',(4.847925609026,5.936996579598E-16,
    6.925608112894));
#400 = CARTESIAN_POINT('',(4.847925609026,-4.847925609026,7.849022514613
    ));
#401 = CARTESIAN_POINT('',(4.847925609026,-4.847925609026,6.925608112894
    ));
#402 = CARTESIAN_POINT('',(8.905494869397E-16,-4.847925609026,
    7.849022514613));
#403 = CARTESIAN_POINT('',(8.905494869397E-16,-4.847925609026,
    6.925608112894));
#404 = CARTESIAN_POINT('',(-4.847925609026,-4.847925609026,
    7.849022514613));
#405 = CARTESIAN_POINT('',(-4.847925609026,-4.847925609026,
    6.925608112894));
#406 = CARTESIAN_POINT('',(-4.847925609026,-1.18739931592E-15,
    7.849022514613));
#407 = CARTESIAN_POINT('',(-4.847925609026,-1.18739931592E-15,
    6.925608112894));
#408 = ADVANCED_FACE('',(#409),#445,.F.);
#409 = FACE_BOUND('',#410,.F.);
#410 = EDGE_LOOP('',(#411,#420,#430,#437));
#411 = ORIENTED_EDGE('',*,*,#412,.T.);
#412 = EDGE_CURVE('',#413,#415,#417,.T.);
#413 = VERTEX_POINT('',#414);
#414 = CARTESIAN_POINT('',(1.015755841891,0.,7.849022514613));
#415 = VERTEX_POINT('',#416);
#416 = CARTESIAN_POINT('',(1.015755841891,0.,9.695851318051));
#417 = B_SPLINE_CURVE_WITH_KNOTS('',1,(#418,#419),.UNSPECIFIED.,.F.,.F.,
  (2,2),(0.923414401719,2.770243205157),.PIECEWISE_BEZIER_KNOTS.);
#418 = CARTESIAN_POINT('',(1.015755841891,0.,7.849022514613));
#419 = CARTESIAN_POINT('',(1.015755841891,0.,9.695851318051));
#420 = ORIENTED_EDGE('',*,*,#421,.F.);
#421 = EDGE_CURVE('',#422,#415,#424,.T.);
#422 = VERTEX_POINT('',#423);
#423 = CARTESIAN_POINT('',(-1.015755841891,1.243942140487E-16,
    9.695851318051));
#424 = ( BOUNDED_CURVE() B_SPLINE_CURVE(2,(#425,#426,#427,#428,#429),
.UNSPECIFIED.,.F.,.F.) B_SPLINE_CURVE_WITH_KNOTS((3,2,3),(3.14159265359,
4.712388980385,6.28318530718),.PIECEWISE_BEZIER_KNOTS.) CURVE() 
GEOMETRIC_REPRESENTATION_ITEM() RATIONAL_B_SPLINE_CURVE((1.,
0.707106781187,1.,0.707106781187,1.)) REPRESENTATION_ITEM('') );
#425 = CARTESIAN_POINT('',(-1.015755841891,1.243942140487E-16,
    9.695851318051));
#426 = CARTESIAN_POINT('',(-1.015755841891,-1.015755841891,
    9.695851318051));
#427 = CARTESIAN_POINT('',(-1.865913210731E-16,-1.015755841891,
    9.695851318051));
#428 = CARTESIAN_POINT('',(1.015755841891,-1.015755841891,9.695851318051
    ));
#429 = CARTESIAN_POINT('',(1.015755841891,-2.487884280974E-16,
    9.695851318051));
#430 = ORIENTED_EDGE('',*,*,#431,.F.);
#431 = EDGE_CURVE('',#432,#422,#434,.T.);
#432 = VERTEX_POINT('',#433);
#433 = CARTESIAN_POINT('',(-1.015755841891,1.243942140487E-16,
    7.849022514613));
#434 = B_SPLINE_CURVE_WITH_KNOTS('',1,(#435,#436),.UNSPECIFIED.,.F.,.F.,
  (2,2),(0.923414401719,2.770243205157),.PIECEWISE_BEZIER_KNOTS.);
#435 = CARTESIAN_POINT('',(-1.015755841891,1.243942140487E-16,
    7.849022514613));
#436 = CARTESIAN_POINT('',(-1.015755841891,1.243942140487E-16,
    9.695851318051));
#437 = ORIENTED_EDGE('',*,*,#438,.F.);
#438 = EDGE_CURVE('',#413,#432,#439,.T.);
#439 = ( BOUNDED_CURVE() B_SPLINE_CURVE(2,(#440,#441,#442,#443,#444),
.UNSPECIFIED.,.F.,.F.) B_SPLINE_CURVE_WITH_KNOTS((3,2,3),(0.,
1.570796326795,3.14159265359),.PIECEWISE_BEZIER_KNOTS.) CURVE() 
GEOMETRIC_REPRESENTATION_ITEM() RATIONAL_B_SPLINE_CURVE((1.,
0.707106781187,1.,0.707106781187,1.)) REPRESENTATION_ITEM('') );
#440 = CARTESIAN_POINT('',(1.015755841891,0.,7.849022514613));
#441 = CARTESIAN_POINT('',(1.015755841891,-1.015755841891,7.849022514613
    ));
#442 = CARTESIAN_POINT('',(6.219710702436E-17,-1.015755841891,
    7.849022514613));
#443 = CARTESIAN_POINT('',(-1.015755841891,-1.015755841891,
    7.849022514613));
#444 = CARTESIAN_POINT('',(-1.015755841891,-1.243942140487E-16,
    7.849022514613));
#445 = ( BOUNDED_SURFACE() B_SPLINE_SURFACE(2,1,(
    (#446,#447)
    ,(#448,#449)
    ,(#450,#451)
    ,(#452,#453)
,(#454,#455
    )),.UNSPECIFIED.,.F.,.F.,.F.) B_SPLINE_SURFACE_WITH_KNOTS((3,2,3),(2
    ,2),(3.14159265359,4.712388980385,6.28318530718),(0.923414401719,
    2.770243205157),.PIECEWISE_BEZIER_KNOTS.) 
GEOMETRIC_REPRESENTATION_ITEM() RATIONAL_B_SPLINE_SURFACE((
    (1.,1.)
    ,(0.707106781187,0.707106781187)
    ,(1.,1.)
    ,(0.707106781187,0.707106781187)
,(1.,1.))) REPRESENTATION_ITEM('') SURFACE() );
#446 = CARTESIAN_POINT('',(-1.015755841891,1.243942140487E-16,
    7.849022514613));
#447 = CARTESIAN_POINT('',(-1.015755841891,1.243942140487E-16,
    9.695851318051));
#448 = CARTESIAN_POINT('',(-1.015755841891,-1.015755841891,
    7.849022514613));
#449 = CARTESIAN_POINT('',(-1.015755841891,-1.015755841891,
    9.695851318051));
#450 = CARTESIAN_POINT('',(-1.865913210731E-16,-1.015755841891,
    7.849022514613));
#451 = CARTESIAN_POINT('',(-1.865913210731E-16,-1.015755841891,
    9.695851318051));
#452 = CARTESIAN_POINT('',(1.015755841891,-1.015755841891,7.849022514613
    ));
#453 = CARTESIAN_POINT('',(1.015755841891,-1.015755841891,9.695851318051
    ));
#454 = CARTESIAN_POINT('',(1.015755841891,-2.487884280974E-16,
    7.849022514613));
#455 = CARTESIAN_POINT('',(1.015755841891,-2.487884280974E-16,
    9.695851318051));
#456 = ADVANCED_FACE('',(#457),#482,.T.);
#457 = FACE_BOUND('',#458,.T.);
#458 = EDGE_LOOP('',(#459,#460,#467,#477));
#459 = ORIENTED_EDGE('',*,*,#21,.T.);
#460 = ORIENTED_EDGE('',*,*,#461,.T.);
#461 = EDGE_CURVE('',#24,#462,#464,.T.);
#462 = VERTEX_POINT('',#463);
#463 = CARTESIAN_POINT('',(5.771340010745,7.06785307095E-16,
    3.693657706877));
#464 = B_SPLINE_CURVE_WITH_KNOTS('',1,(#465,#466),.UNSPECIFIED.,.F.,.F.,
  (2,2),(0.46170720086,6.002193611175),.PIECEWISE_BEZIER_KNOTS.);
#465 = CARTESIAN_POINT('',(5.771340010745,7.06785307095E-16,
    9.234144117192));
#466 = CARTESIAN_POINT('',(5.771340010745,7.06785307095E-16,
    3.693657706877));
#467 = ORIENTED_EDGE('',*,*,#468,.T.);
#468 = EDGE_CURVE('',#462,#469,#471,.T.);
#469 = VERTEX_POINT('',#470);
#470 = CARTESIAN_POINT('',(-5.771340010745,0.,3.693657706877));
#471 = ( BOUNDED_CURVE() B_SPLINE_CURVE(2,(#472,#473,#474,#475,#476),
.UNSPECIFIED.,.F.,.F.) B_SPLINE_CURVE_WITH_KNOTS((3,2,3),(0.,
1.570796326795,3.14159265359),.PIECEWISE_BEZIER_KNOTS.) CURVE() 
GEOMETRIC_REPRESENTATION_ITEM() RATIONAL_B_SPLINE_CURVE((1.,
0.707106781187,1.,0.707106781187,1.)) REPRESENTATION_ITEM('') );
#472 = CARTESIAN_POINT('',(5.771340010745,0.,3.693657706877));
#473 = CARTESIAN_POINT('',(5.771340010745,5.771340010745,3.693657706877)
  );
#474 = CARTESIAN_POINT('',(3.533926535475E-16,5.771340010745,
    3.693657706877));
#475 = CARTESIAN_POINT('',(-5.771340010745,5.771340010745,3.693657706877
    ));
#476 = CARTESIAN_POINT('',(-5.771340010745,7.06785307095E-16,
    3.693657706877));
#477 = ORIENTED_EDGE('',*,*,#478,.F.);
#478 = EDGE_CURVE('',#22,#469,#479,.T.);
#479 = B_SPLINE_CURVE_WITH_KNOTS('',1,(#480,#481),.UNSPECIFIED.,.F.,.F.,
  (2,2),(0.46170720086,6.002193611175),.PIECEWISE_BEZIER_KNOTS.);
#480 = CARTESIAN_POINT('',(-5.771340010745,0.,9.234144117192));
#481 = CARTESIAN_POINT('',(-5.771340010745,0.,3.693657706877));
#482 = ( BOUNDED_SURFACE() B_SPLINE_SURFACE(2,1,(
    (#483,#484)
    ,(#485,#486)
    ,(#487,#488)
    ,(#489,#490)
,(#491,#492
    )),.UNSPECIFIED.,.F.,.F.,.F.) B_SPLINE_SURFACE_WITH_KNOTS((3,2,3),(2
    ,2),(0.,1.570796326795,3.14159265359),(0.46170720086,6.002193611175)
,.PIECEWISE_BEZIER_KNOTS.) GEOMETRIC_REPRESENTATION_ITEM() 
RATIONAL_B_SPLINE_SURFACE((
    (1.,1.)
    ,(0.707106781187,0.707106781187)
    ,(1.,1.)
    ,(0.707106781187,0.707106781187)
,(1.,1.))) REPRESENTATION_ITEM('') SURFACE() );
#483 = CARTESIAN_POINT('',(-5.771340010745,0.,9.234144117192));
#484 = CARTESIAN_POINT('',(-5.771340010745,0.,3.693657706877));
#485 = CARTESIAN_POINT('',(-5.771340010745,5.771340010745,9.234144117192
    ));
#486 = CARTESIAN_POINT('',(-5.771340010745,5.771340010745,3.693657706877
    ));
#487 = CARTESIAN_POINT('',(-3.533926535475E-16,5.771340010745,
    9.234144117192));
#488 = CARTESIAN_POINT('',(-3.533926535475E-16,5.771340010745,
    3.693657706877));
#489 = CARTESIAN_POINT('',(5.771340010745,5.771340010745,9.234144117192)
  );
#490 = CARTESIAN_POINT('',(5.771340010745,5.771340010745,3.693657706877)
  );
#491 = CARTESIAN_POINT('',(5.771340010745,7.06785307095E-16,
    9.234144117192));
#492 = CARTESIAN_POINT('',(5.771340010745,7.06785307095E-16,
    3.693657706877));
#493 = ADVANCED_FACE('',(#494,#552,#638,#755,#942,#1058,#1117,#1128,
    #1139,#1183,#1307,#1393,#1451,#1537,#1596),#1885,.T.);
#494 = FACE_BOUND('',#495,.T.);
#495 = EDGE_LOOP('',(#496,#505,#512,#519,#526,#533,#540,#547));
#496 = ORIENTED_EDGE('',*,*,#497,.F.);
#497 = EDGE_CURVE('',#498,#500,#502,.T.);
#498 = VERTEX_POINT('',#499);
#499 = CARTESIAN_POINT('',(1.68818703378,4.149653776391,9.695851318051)
  );
#500 = VERTEX_POINT('',#501);
#501 = CARTESIAN_POINT('',(1.654486560837,4.149653776391,9.695851318051)
  );
#502 = B_SPLINE_CURVE_WITH_KNOTS('',1,(#503,#504),.UNSPECIFIED.,.F.,.F.,
  (2,2),(-3.370047294296E-02,-0.),.PIECEWISE_BEZIER_KNOTS.);
#503 = CARTESIAN_POINT('',(1.68818703378,4.149653776391,9.695851318051)
  );
#504 = CARTESIAN_POINT('',(1.654486560837,4.149653776391,9.695851318051)
  );
#505 = ORIENTED_EDGE('',*,*,#506,.F.);
#506 = EDGE_CURVE('',#507,#498,#509,.T.);
#507 = VERTEX_POINT('',#508);
#508 = CARTESIAN_POINT('',(1.781175375784,3.905512572415,9.695851318051)
  );
#509 = B_SPLINE_CURVE_WITH_KNOTS('',1,(#510,#511),.UNSPECIFIED.,.F.,.F.,
  (2,2),(-0.261250376511,0.),.PIECEWISE_BEZIER_KNOTS.);
#510 = CARTESIAN_POINT('',(1.781175375784,3.905512572415,9.695851318051)
  );
#511 = CARTESIAN_POINT('',(1.68818703378,4.149653776391,9.695851318051)
  );
#512 = ORIENTED_EDGE('',*,*,#513,.F.);
#513 = EDGE_CURVE('',#514,#507,#516,.T.);
#514 = VERTEX_POINT('',#515);
#515 = CARTESIAN_POINT('',(1.746351553746,3.905512572415,9.695851318051)
  );
#516 = B_SPLINE_CURVE_WITH_KNOTS('',1,(#517,#518),.UNSPECIFIED.,.F.,.F.,
  (2,2),(-3.482382203806E-02,0.),.PIECEWISE_BEZIER_KNOTS.);
#517 = CARTESIAN_POINT('',(1.746351553746,3.905512572415,9.695851318051)
  );
#518 = CARTESIAN_POINT('',(1.781175375784,3.905512572415,9.695851318051)
  );
#519 = ORIENTED_EDGE('',*,*,#520,.F.);
#520 = EDGE_CURVE('',#521,#514,#523,.T.);
#521 = VERTEX_POINT('',#522);
#522 = CARTESIAN_POINT('',(1.721450648738,3.972289435465,9.695851318051)
  );
#523 = B_SPLINE_CURVE_WITH_KNOTS('',1,(#524,#525),.UNSPECIFIED.,.F.,.F.,
  (2,2),(-7.126853800204E-02,0.),.PIECEWISE_BEZIER_KNOTS.);
#524 = CARTESIAN_POINT('',(1.721450648738,3.972289435465,9.695851318051)
  );
#525 = CARTESIAN_POINT('',(1.746351553746,3.905512572415,9.695851318051)
  );
#526 = ORIENTED_EDGE('',*,*,#527,.F.);
#527 = EDGE_CURVE('',#528,#521,#530,.T.);
#528 = VERTEX_POINT('',#529);
#529 = CARTESIAN_POINT('',(1.619787555364,3.972289435465,9.695851318051)
  );
#530 = B_SPLINE_CURVE_WITH_KNOTS('',1,(#531,#532),.UNSPECIFIED.,.F.,.F.,
  (2,2),(-0.101663093374,0.),.PIECEWISE_BEZIER_KNOTS.);
#531 = CARTESIAN_POINT('',(1.619787555364,3.972289435465,9.695851318051)
  );
#532 = CARTESIAN_POINT('',(1.721450648738,3.972289435465,9.695851318051)
  );
#533 = ORIENTED_EDGE('',*,*,#534,.F.);
#534 = EDGE_CURVE('',#535,#528,#537,.T.);
#535 = VERTEX_POINT('',#536);
#536 = CARTESIAN_POINT('',(1.596322040872,3.905512572415,9.695851318051)
  );
#537 = B_SPLINE_CURVE_WITH_KNOTS('',1,(#538,#539),.UNSPECIFIED.,.F.,.F.,
  (2,2),(-7.077979802959E-02,0.),.PIECEWISE_BEZIER_KNOTS.);
#538 = CARTESIAN_POINT('',(1.596322040872,3.905512572415,9.695851318051)
  );
#539 = CARTESIAN_POINT('',(1.619787555364,3.972289435465,9.695851318051)
  );
#540 = ORIENTED_EDGE('',*,*,#541,.F.);
#541 = EDGE_CURVE('',#542,#535,#544,.T.);
#542 = VERTEX_POINT('',#543);
#543 = CARTESIAN_POINT('',(1.561498218832,3.905512572415,9.695851318051)
  );
#544 = B_SPLINE_CURVE_WITH_KNOTS('',1,(#545,#546),.UNSPECIFIED.,.F.,.F.,
  (2,2),(-3.482382203972E-02,0.),.PIECEWISE_BEZIER_KNOTS.);
#545 = CARTESIAN_POINT('',(1.561498218832,3.905512572415,9.695851318051)
  );
#546 = CARTESIAN_POINT('',(1.596322040872,3.905512572415,9.695851318051)
  );
#547 = ORIENTED_EDGE('',*,*,#548,.F.);
#548 = EDGE_CURVE('',#500,#542,#549,.T.);
#549 = B_SPLINE_CURVE_WITH_KNOTS('',1,(#550,#551),.UNSPECIFIED.,.F.,.F.,
  (2,2),(-0.261250376512,-0.),.PIECEWISE_BEZIER_KNOTS.);
#550 = CARTESIAN_POINT('',(1.654486560837,4.149653776391,9.695851318051)
  );
#551 = CARTESIAN_POINT('',(1.561498218832,3.905512572415,9.695851318051)
  );
#552 = FACE_BOUND('',#553,.T.);
#553 = EDGE_LOOP('',(#554,#563,#570,#577,#584,#591,#598,#605,#612,#619,
    #626,#633));
#554 = ORIENTED_EDGE('',*,*,#555,.F.);
#555 = EDGE_CURVE('',#556,#558,#560,.T.);
#556 = VERTEX_POINT('',#557);
#557 = CARTESIAN_POINT('',(1.303065517999,3.933346666734,9.695851318051)
  );
#558 = VERTEX_POINT('',#559);
#559 = CARTESIAN_POINT('',(1.203274673123,3.933346666734,9.695851318051)
  );
#560 = B_SPLINE_CURVE_WITH_KNOTS('',1,(#561,#562),.UNSPECIFIED.,.F.,.F.,
  (2,2),(-9.979084487599E-02,-0.),.PIECEWISE_BEZIER_KNOTS.);
#561 = CARTESIAN_POINT('',(1.303065517999,3.933346666734,9.695851318051)
  );
#562 = CARTESIAN_POINT('',(1.203274673123,3.933346666734,9.695851318051)
  );
#563 = ORIENTED_EDGE('',*,*,#564,.F.);
#564 = EDGE_CURVE('',#565,#556,#567,.T.);
#565 = VERTEX_POINT('',#566);
#566 = CARTESIAN_POINT('',(1.303065517999,3.905512572415,9.695851318051)
  );
#567 = B_SPLINE_CURVE_WITH_KNOTS('',1,(#568,#569),.UNSPECIFIED.,.F.,.F.,
  (2,2),(-2.783409431819E-02,0.),.PIECEWISE_BEZIER_KNOTS.);
#568 = CARTESIAN_POINT('',(1.303065517999,3.905512572415,9.695851318051)
  );
#569 = CARTESIAN_POINT('',(1.303065517999,3.933346666734,9.695851318051)
  );
#570 = ORIENTED_EDGE('',*,*,#571,.F.);
#571 = EDGE_CURVE('',#572,#565,#574,.T.);
#572 = VERTEX_POINT('',#573);
#573 = CARTESIAN_POINT('',(1.171758490094,3.905512572415,9.695851318051)
  );
#574 = B_SPLINE_CURVE_WITH_KNOTS('',1,(#575,#576),.UNSPECIFIED.,.F.,.F.,
  (2,2),(-0.131307027905,0.),.PIECEWISE_BEZIER_KNOTS.);
#575 = CARTESIAN_POINT('',(1.171758490094,3.905512572415,9.695851318051)
  );
#576 = CARTESIAN_POINT('',(1.303065517999,3.905512572415,9.695851318051)
  );
#577 = ORIENTED_EDGE('',*,*,#578,.F.);
#578 = EDGE_CURVE('',#579,#572,#581,.T.);
#579 = VERTEX_POINT('',#580);
#580 = CARTESIAN_POINT('',(1.171758490094,4.149653776391,9.695851318051)
  );
#581 = B_SPLINE_CURVE_WITH_KNOTS('',1,(#582,#583),.UNSPECIFIED.,.F.,.F.,
  (2,2),(-0.244141203975,-0.),.PIECEWISE_BEZIER_KNOTS.);
#582 = CARTESIAN_POINT('',(1.171758490094,4.149653776391,9.695851318051)
  );
#583 = CARTESIAN_POINT('',(1.171758490094,3.905512572415,9.695851318051)
  );
#584 = ORIENTED_EDGE('',*,*,#585,.F.);
#585 = EDGE_CURVE('',#586,#579,#588,.T.);
#586 = VERTEX_POINT('',#587);
#587 = CARTESIAN_POINT('',(1.297511180792,4.149653776391,9.695851318051)
  );
#588 = B_SPLINE_CURVE_WITH_KNOTS('',1,(#589,#590),.UNSPECIFIED.,.F.,.F.,
  (2,2),(-0.125752690698,-0.),.PIECEWISE_BEZIER_KNOTS.);
#589 = CARTESIAN_POINT('',(1.297511180792,4.149653776391,9.695851318051)
  );
#590 = CARTESIAN_POINT('',(1.171758490094,4.149653776391,9.695851318051)
  );
#591 = ORIENTED_EDGE('',*,*,#592,.F.);
#592 = EDGE_CURVE('',#593,#586,#595,.T.);
#593 = VERTEX_POINT('',#594);
#594 = CARTESIAN_POINT('',(1.297511180792,4.12157004894,9.695851318051)
  );
#595 = B_SPLINE_CURVE_WITH_KNOTS('',1,(#596,#597),.UNSPECIFIED.,.F.,.F.,
  (2,2),(-2.80837274508E-02,0.),.PIECEWISE_BEZIER_KNOTS.);
#596 = CARTESIAN_POINT('',(1.297511180792,4.12157004894,9.695851318051)
  );
#597 = CARTESIAN_POINT('',(1.297511180792,4.149653776391,9.695851318051)
  );
#598 = ORIENTED_EDGE('',*,*,#599,.F.);
#599 = EDGE_CURVE('',#600,#593,#602,.T.);
#600 = VERTEX_POINT('',#601);
#601 = CARTESIAN_POINT('',(1.203274673123,4.12157004894,9.695851318051)
  );
#602 = B_SPLINE_CURVE_WITH_KNOTS('',1,(#603,#604),.UNSPECIFIED.,.F.,.F.,
  (2,2),(-9.423650766865E-02,0.),.PIECEWISE_BEZIER_KNOTS.);
#603 = CARTESIAN_POINT('',(1.203274673123,4.12157004894,9.695851318051)
  );
#604 = CARTESIAN_POINT('',(1.297511180792,4.12157004894,9.695851318051)
  );
#605 = ORIENTED_EDGE('',*,*,#606,.F.);
#606 = EDGE_CURVE('',#607,#600,#609,.T.);
#607 = VERTEX_POINT('',#608);
#608 = CARTESIAN_POINT('',(1.203274673123,4.043434878342,9.695851318051)
  );
#609 = B_SPLINE_CURVE_WITH_KNOTS('',1,(#610,#611),.UNSPECIFIED.,.F.,.F.,
  (2,2),(-7.813517059835E-02,0.),.PIECEWISE_BEZIER_KNOTS.);
#610 = CARTESIAN_POINT('',(1.203274673123,4.043434878342,9.695851318051)
  );
#611 = CARTESIAN_POINT('',(1.203274673123,4.12157004894,9.695851318051)
  );
#612 = ORIENTED_EDGE('',*,*,#613,.F.);
#613 = EDGE_CURVE('',#614,#607,#616,.T.);
#614 = VERTEX_POINT('',#615);
#615 = CARTESIAN_POINT('',(1.290583861354,4.043434878342,9.695851318051)
  );
#616 = B_SPLINE_CURVE_WITH_KNOTS('',1,(#617,#618),.UNSPECIFIED.,.F.,.F.,
  (2,2),(-8.730918823026E-02,-0.),.PIECEWISE_BEZIER_KNOTS.);
#617 = CARTESIAN_POINT('',(1.290583861354,4.043434878342,9.695851318051)
  );
#618 = CARTESIAN_POINT('',(1.203274673123,4.043434878342,9.695851318051)
  );
#619 = ORIENTED_EDGE('',*,*,#620,.F.);
#620 = EDGE_CURVE('',#621,#614,#623,.T.);
#621 = VERTEX_POINT('',#622);
#622 = CARTESIAN_POINT('',(1.290583861354,4.015475967457,9.695851318051)
  );
#623 = B_SPLINE_CURVE_WITH_KNOTS('',1,(#624,#625),.UNSPECIFIED.,.F.,.F.,
  (2,2),(-2.795891088449E-02,0.),.PIECEWISE_BEZIER_KNOTS.);
#624 = CARTESIAN_POINT('',(1.290583861354,4.015475967457,9.695851318051)
  );
#625 = CARTESIAN_POINT('',(1.290583861354,4.043434878342,9.695851318051)
  );
#626 = ORIENTED_EDGE('',*,*,#627,.F.);
#627 = EDGE_CURVE('',#628,#621,#630,.T.);
#628 = VERTEX_POINT('',#629);
#629 = CARTESIAN_POINT('',(1.203274673123,4.015475967457,9.695851318051)
  );
#630 = B_SPLINE_CURVE_WITH_KNOTS('',1,(#631,#632),.UNSPECIFIED.,.F.,.F.,
  (2,2),(-8.730918823026E-02,0.),.PIECEWISE_BEZIER_KNOTS.);
#631 = CARTESIAN_POINT('',(1.203274673123,4.015475967457,9.695851318051)
  );
#632 = CARTESIAN_POINT('',(1.290583861354,4.015475967457,9.695851318051)
  );
#633 = ORIENTED_EDGE('',*,*,#634,.F.);
#634 = EDGE_CURVE('',#558,#628,#635,.T.);
#635 = B_SPLINE_CURVE_WITH_KNOTS('',1,(#636,#637),.UNSPECIFIED.,.F.,.F.,
  (2,2),(-8.21293007235E-02,0.),.PIECEWISE_BEZIER_KNOTS.);
#636 = CARTESIAN_POINT('',(1.203274673123,3.933346666734,9.695851318051)
  );
#637 = CARTESIAN_POINT('',(1.203274673123,4.015475967457,9.695851318051)
  );
#638 = FACE_BOUND('',#639,.T.);
#639 = EDGE_LOOP('',(#640,#649,#656,#663,#672,#681,#688,#697,#706,#713,
    #720,#727,#734,#741,#748));
#640 = ORIENTED_EDGE('',*,*,#641,.F.);
#641 = EDGE_CURVE('',#642,#644,#646,.T.);
#642 = VERTEX_POINT('',#643);
#643 = CARTESIAN_POINT('',(1.107103508674,4.079881315745,9.695851318051)
  );
#644 = VERTEX_POINT('',#645);
#645 = CARTESIAN_POINT('',(1.059485988572,3.94857428784,9.695851318051)
  );
#646 = B_SPLINE_CURVE_WITH_KNOTS('',1,(#647,#648),.UNSPECIFIED.,.F.,.F.,
  (2,2),(-0.139674492295,-7.011221970932E-16),.PIECEWISE_BEZIER_KNOTS.);
#647 = CARTESIAN_POINT('',(1.107103508674,4.079881315745,9.695851318051)
  );
#648 = CARTESIAN_POINT('',(1.059485988572,3.94857428784,9.695851318051)
  );
#649 = ORIENTED_EDGE('',*,*,#650,.F.);
#650 = EDGE_CURVE('',#651,#642,#653,.T.);
#651 = VERTEX_POINT('',#652);
#652 = CARTESIAN_POINT('',(1.138806916551,4.079881315745,9.695851318051)
  );
#653 = B_SPLINE_CURVE_WITH_KNOTS('',1,(#654,#655),.UNSPECIFIED.,.F.,.F.,
  (2,2),(-3.170340787705E-02,-0.),.PIECEWISE_BEZIER_KNOTS.);
#654 = CARTESIAN_POINT('',(1.138806916551,4.079881315745,9.695851318051)
  );
#655 = CARTESIAN_POINT('',(1.107103508674,4.079881315745,9.695851318051)
  );
#656 = ORIENTED_EDGE('',*,*,#657,.F.);
#657 = EDGE_CURVE('',#658,#651,#660,.T.);
#658 = VERTEX_POINT('',#659);
#659 = CARTESIAN_POINT('',(1.059673213422,3.879176276895,9.695851318051)
  );
#660 = B_SPLINE_CURVE_WITH_KNOTS('',1,(#661,#662),.UNSPECIFIED.,.F.,.F.,
  (2,2),(-0.215742104353,0.),.PIECEWISE_BEZIER_KNOTS.);
#661 = CARTESIAN_POINT('',(1.059673213422,3.879176276895,9.695851318051)
  );
#662 = CARTESIAN_POINT('',(1.138806916551,4.079881315745,9.695851318051)
  );
#663 = ORIENTED_EDGE('',*,*,#664,.F.);
#664 = EDGE_CURVE('',#665,#658,#667,.T.);
#665 = VERTEX_POINT('',#666);
#666 = CARTESIAN_POINT('',(0.997452155047,3.82338327169,9.695851318051)
  );
#667 = B_SPLINE_CURVE_WITH_KNOTS('',3,(#668,#669,#670,#671),
  .UNSPECIFIED.,.F.,.F.,(4,4),(1.,2.),.PIECEWISE_BEZIER_KNOTS.);
#668 = CARTESIAN_POINT('',(0.997452155047,3.82338327169,9.695851318051)
  );
#669 = CARTESIAN_POINT('',(1.02422530855,3.82338327169,9.695851318051));
#670 = CARTESIAN_POINT('',(1.044944858581,3.841980940092,9.695851318051)
  );
#671 = CARTESIAN_POINT('',(1.059673213422,3.879176276895,9.695851318051)
  );
#672 = ORIENTED_EDGE('',*,*,#673,.F.);
#673 = EDGE_CURVE('',#674,#665,#676,.T.);
#674 = VERTEX_POINT('',#675);
#675 = CARTESIAN_POINT('',(0.977731137548,3.82587960302,9.695851318051)
  );
#676 = B_SPLINE_CURVE_WITH_KNOTS('',3,(#677,#678,#679,#680),
  .UNSPECIFIED.,.F.,.F.,(4,4),(2.,3.),.PIECEWISE_BEZIER_KNOTS.);
#677 = CARTESIAN_POINT('',(0.977731137548,3.82587960302,9.695851318051)
  );
#678 = CARTESIAN_POINT('',(0.983160658188,3.824256987656,9.695851318051)
  );
#679 = CARTESIAN_POINT('',(0.98977593621,3.82338327169,9.695851318051));
#680 = CARTESIAN_POINT('',(0.997452155047,3.82338327169,9.695851318051)
  );
#681 = ORIENTED_EDGE('',*,*,#682,.F.);
#682 = EDGE_CURVE('',#683,#674,#685,.T.);
#683 = VERTEX_POINT('',#684);
#684 = CARTESIAN_POINT('',(0.977731137548,3.853089614506,9.695851318051)
  );
#685 = B_SPLINE_CURVE_WITH_KNOTS('',1,(#686,#687),.UNSPECIFIED.,.F.,.F.,
  (2,2),(-2.721001148665E-02,0.),.PIECEWISE_BEZIER_KNOTS.);
#686 = CARTESIAN_POINT('',(0.977731137548,3.853089614506,9.695851318051)
  );
#687 = CARTESIAN_POINT('',(0.977731137548,3.82587960302,9.695851318051)
  );
#688 = ORIENTED_EDGE('',*,*,#689,.F.);
#689 = EDGE_CURVE('',#690,#683,#692,.T.);
#690 = VERTEX_POINT('',#691);
#691 = CARTESIAN_POINT('',(0.995080640284,3.849594750645,9.695851318051)
  );
#692 = B_SPLINE_CURVE_WITH_KNOTS('',3,(#693,#694,#695,#696),
  .UNSPECIFIED.,.F.,.F.,(4,4),(4.,5.),.PIECEWISE_BEZIER_KNOTS.);
#693 = CARTESIAN_POINT('',(0.995080640284,3.849594750645,9.695851318051)
  );
#694 = CARTESIAN_POINT('',(0.989463894794,3.849594750645,9.695851318051)
  );
#695 = CARTESIAN_POINT('',(0.983722332737,3.850718099743,9.695851318051)
  );
#696 = CARTESIAN_POINT('',(0.977731137548,3.853089614506,9.695851318051)
  );
#697 = ORIENTED_EDGE('',*,*,#698,.F.);
#698 = EDGE_CURVE('',#699,#690,#701,.T.);
#699 = VERTEX_POINT('',#700);
#700 = CARTESIAN_POINT('',(1.026409598463,3.874183614236,9.695851318051)
  );
#701 = B_SPLINE_CURVE_WITH_KNOTS('',3,(#702,#703,#704,#705),
  .UNSPECIFIED.,.F.,.F.,(4,4),(5.,6.),.PIECEWISE_BEZIER_KNOTS.);
#702 = CARTESIAN_POINT('',(1.026409598463,3.874183614236,9.695851318051)
  );
#703 = CARTESIAN_POINT('',(1.019482279025,3.857707827465,9.695851318051)
  );
#704 = CARTESIAN_POINT('',(1.009060095727,3.849594750645,9.695851318051)
  );
#705 = CARTESIAN_POINT('',(0.995080640284,3.849594750645,9.695851318051)
  );
#706 = ORIENTED_EDGE('',*,*,#707,.F.);
#707 = EDGE_CURVE('',#708,#699,#710,.T.);
#708 = VERTEX_POINT('',#709);
#709 = CARTESIAN_POINT('',(1.039827379356,3.905887022114,9.695851318051)
  );
#710 = B_SPLINE_CURVE_WITH_KNOTS('',1,(#711,#712),.UNSPECIFIED.,.F.,.F.,
  (2,2),(-3.4425904712E-02,-0.),.PIECEWISE_BEZIER_KNOTS.);
#711 = CARTESIAN_POINT('',(1.039827379356,3.905887022114,9.695851318051)
  );
#712 = CARTESIAN_POINT('',(1.026409598463,3.874183614236,9.695851318051)
  );
#713 = ORIENTED_EDGE('',*,*,#714,.F.);
#714 = EDGE_CURVE('',#715,#708,#717,.T.);
#715 = VERTEX_POINT('',#716);
#716 = CARTESIAN_POINT('',(0.971427900942,4.079881315745,9.695851318051)
  );
#717 = B_SPLINE_CURVE_WITH_KNOTS('',1,(#718,#719),.UNSPECIFIED.,.F.,.F.,
  (2,2),(-0.186955884806,0.),.PIECEWISE_BEZIER_KNOTS.);
#718 = CARTESIAN_POINT('',(0.971427900942,4.079881315745,9.695851318051)
  );
#719 = CARTESIAN_POINT('',(1.039827379356,3.905887022114,9.695851318051)
  );
#720 = ORIENTED_EDGE('',*,*,#721,.F.);
#721 = EDGE_CURVE('',#722,#715,#724,.T.);
#722 = VERTEX_POINT('',#723);
#723 = CARTESIAN_POINT('',(1.005627640149,4.079881315745,9.695851318051)
  );
#724 = B_SPLINE_CURVE_WITH_KNOTS('',1,(#725,#726),.UNSPECIFIED.,.F.,.F.,
  (2,2),(-3.419973920736E-02,-0.),.PIECEWISE_BEZIER_KNOTS.);
#725 = CARTESIAN_POINT('',(1.005627640149,4.079881315745,9.695851318051)
  );
#726 = CARTESIAN_POINT('',(0.971427900942,4.079881315745,9.695851318051)
  );
#727 = ORIENTED_EDGE('',*,*,#728,.F.);
#728 = EDGE_CURVE('',#729,#722,#731,.T.);
#729 = VERTEX_POINT('',#730);
#730 = CARTESIAN_POINT('',(1.051185686903,3.948823920972,9.695851318051)
  );
#731 = B_SPLINE_CURVE_WITH_KNOTS('',1,(#732,#733),.UNSPECIFIED.,.F.,.F.,
  (2,2),(-0.138750049905,0.),.PIECEWISE_BEZIER_KNOTS.);
#732 = CARTESIAN_POINT('',(1.051185686903,3.948823920972,9.695851318051)
  );
#733 = CARTESIAN_POINT('',(1.005627640149,4.079881315745,9.695851318051)
  );
#734 = ORIENTED_EDGE('',*,*,#735,.F.);
#735 = EDGE_CURVE('',#736,#729,#738,.T.);
#736 = VERTEX_POINT('',#737);
#737 = CARTESIAN_POINT('',(1.054930183897,3.93447001583,9.695851318051)
  );
#738 = B_SPLINE_CURVE_WITH_KNOTS('',1,(#739,#740),.UNSPECIFIED.,.F.,.F.,
  (2,2),(-1.483427957689E-02,0.),.PIECEWISE_BEZIER_KNOTS.);
#739 = CARTESIAN_POINT('',(1.054930183897,3.93447001583,9.695851318051)
  );
#740 = CARTESIAN_POINT('',(1.051185686903,3.948823920972,9.695851318051)
  );
#741 = ORIENTED_EDGE('',*,*,#742,.F.);
#742 = EDGE_CURVE('',#743,#736,#745,.T.);
#743 = VERTEX_POINT('',#744);
#744 = CARTESIAN_POINT('',(1.055741491578,3.93447001583,9.695851318051)
  );
#745 = B_SPLINE_CURVE_WITH_KNOTS('',1,(#746,#747),.UNSPECIFIED.,.F.,.F.,
  (2,2),(-8.113076809968E-04,-0.),.PIECEWISE_BEZIER_KNOTS.);
#746 = CARTESIAN_POINT('',(1.055741491578,3.93447001583,9.695851318051)
  );
#747 = CARTESIAN_POINT('',(1.054930183897,3.93447001583,9.695851318051)
  );
#748 = ORIENTED_EDGE('',*,*,#749,.F.);
#749 = EDGE_CURVE('',#644,#743,#750,.T.);
#750 = B_SPLINE_CURVE_WITH_KNOTS('',3,(#751,#752,#753,#754),
  .UNSPECIFIED.,.F.,.F.,(4,4),(12.,13.),.PIECEWISE_BEZIER_KNOTS.);
#751 = CARTESIAN_POINT('',(1.059485988572,3.94857428784,9.695851318051)
  );
#752 = CARTESIAN_POINT('',(1.057613740076,3.942458276084,9.695851318051)
  );
#753 = CARTESIAN_POINT('',(1.05636557441,3.937715246559,9.695851318051)
  );
#754 = CARTESIAN_POINT('',(1.055741491578,3.93447001583,9.695851318051)
  );
#755 = FACE_BOUND('',#756,.T.);
#756 = EDGE_LOOP('',(#757,#766,#775,#784,#793,#802,#811,#820,#829,#838,
    #847,#854,#863,#872,#881,#890,#899,#908,#917,#926,#935));
#757 = ORIENTED_EDGE('',*,*,#758,.F.);
#758 = EDGE_CURVE('',#759,#761,#763,.T.);
#759 = VERTEX_POINT('',#760);
#760 = CARTESIAN_POINT('',(0.837749358274,3.943207175482,9.695851318051)
  );
#761 = VERTEX_POINT('',#762);
#762 = CARTESIAN_POINT('',(0.837749358274,3.911628584171,9.695851318051)
  );
#763 = B_SPLINE_CURVE_WITH_KNOTS('',1,(#764,#765),.UNSPECIFIED.,.F.,.F.,
  (2,2),(-3.157859131073E-02,-0.),.PIECEWISE_BEZIER_KNOTS.);
#764 = CARTESIAN_POINT('',(0.837749358274,3.943207175482,9.695851318051)
  );
#765 = CARTESIAN_POINT('',(0.837749358274,3.911628584171,9.695851318051)
  );
#766 = ORIENTED_EDGE('',*,*,#767,.F.);
#767 = EDGE_CURVE('',#768,#759,#770,.T.);
#768 = VERTEX_POINT('',#769);
#769 = CARTESIAN_POINT('',(0.888050434553,3.926356939012,9.695851318051)
  );
#770 = B_SPLINE_CURVE_WITH_KNOTS('',3,(#771,#772,#773,#774),
  .UNSPECIFIED.,.F.,.F.,(4,4),(0.,1.),.PIECEWISE_BEZIER_KNOTS.);
#771 = CARTESIAN_POINT('',(0.888050434553,3.926356939012,9.695851318051)
  );
#772 = CARTESIAN_POINT('',(0.870076848984,3.926356939012,9.695851318051)
  );
#773 = CARTESIAN_POINT('',(0.85335142908,3.931973684503,9.695851318051)
  );
#774 = CARTESIAN_POINT('',(0.837749358274,3.943207175482,9.695851318051)
  );
#775 = ORIENTED_EDGE('',*,*,#776,.F.);
#776 = EDGE_CURVE('',#777,#768,#779,.T.);
#777 = VERTEX_POINT('',#778);
#778 = CARTESIAN_POINT('',(0.924122422257,3.949947270071,9.695851318051)
  );
#779 = B_SPLINE_CURVE_WITH_KNOTS('',3,(#780,#781,#782,#783),
  .UNSPECIFIED.,.F.,.F.,(4,4),(1.,2.),.PIECEWISE_BEZIER_KNOTS.);
#780 = CARTESIAN_POINT('',(0.924122422257,3.949947270071,9.695851318051)
  );
#781 = CARTESIAN_POINT('',(0.924122422257,3.934220382698,9.695851318051)
  );
#782 = CARTESIAN_POINT('',(0.912077623595,3.926356939012,9.695851318051)
  );
#783 = CARTESIAN_POINT('',(0.888050434553,3.926356939012,9.695851318051)
  );
#784 = ORIENTED_EDGE('',*,*,#785,.F.);
#785 = EDGE_CURVE('',#786,#777,#788,.T.);
#786 = VERTEX_POINT('',#787);
#787 = CARTESIAN_POINT('',(0.916258978571,3.966547873408,9.695851318051)
  );
#788 = B_SPLINE_CURVE_WITH_KNOTS('',3,(#789,#790,#791,#792),
  .UNSPECIFIED.,.F.,.F.,(4,4),(2.,3.),.PIECEWISE_BEZIER_KNOTS.);
#789 = CARTESIAN_POINT('',(0.916258978571,3.966547873408,9.695851318051)
  );
#790 = CARTESIAN_POINT('',(0.921501274362,3.962179293582,9.695851318051)
  );
#791 = CARTESIAN_POINT('',(0.924122422257,3.95668736466,9.695851318051)
  );
#792 = CARTESIAN_POINT('',(0.924122422257,3.949947270071,9.695851318051)
  );
#793 = ORIENTED_EDGE('',*,*,#794,.F.);
#794 = EDGE_CURVE('',#795,#786,#797,.T.);
#795 = VERTEX_POINT('',#796);
#796 = CARTESIAN_POINT('',(0.884243529277,3.982149944215,9.695851318051)
  );
#797 = B_SPLINE_CURVE_WITH_KNOTS('',3,(#798,#799,#800,#801),
  .UNSPECIFIED.,.F.,.F.,(4,4),(3.,4.),.PIECEWISE_BEZIER_KNOTS.);
#798 = CARTESIAN_POINT('',(0.884243529277,3.982149944215,9.695851318051)
  );
#799 = CARTESIAN_POINT('',(0.900344866349,3.976158749025,9.695851318051)
  );
#800 = CARTESIAN_POINT('',(0.91101668278,3.970916453234,9.695851318051)
  );
#801 = CARTESIAN_POINT('',(0.916258978571,3.966547873408,9.695851318051)
  );
#802 = ORIENTED_EDGE('',*,*,#803,.F.);
#803 = EDGE_CURVE('',#804,#795,#806,.T.);
#804 = VERTEX_POINT('',#805);
#805 = CARTESIAN_POINT('',(0.846611334492,4.005241009008,9.695851318051)
  );
#806 = B_SPLINE_CURVE_WITH_KNOTS('',3,(#807,#808,#809,#810),
  .UNSPECIFIED.,.F.,.F.,(4,4),(4.,5.),.PIECEWISE_BEZIER_KNOTS.);
#807 = CARTESIAN_POINT('',(0.846611334492,4.005241009008,9.695851318051)
  );
#808 = CARTESIAN_POINT('',(0.852352896549,3.997627198455,9.695851318051)
  );
#809 = CARTESIAN_POINT('',(0.86495936976,3.989888571334,9.695851318051)
  );
#810 = CARTESIAN_POINT('',(0.884243529277,3.982149944215,9.695851318051)
  );
#811 = ORIENTED_EDGE('',*,*,#812,.F.);
#812 = EDGE_CURVE('',#813,#804,#815,.T.);
#813 = VERTEX_POINT('',#814);
#814 = CARTESIAN_POINT('',(0.837936583124,4.032825470194,9.695851318051)
  );
#815 = B_SPLINE_CURVE_WITH_KNOTS('',3,(#816,#817,#818,#819),
  .UNSPECIFIED.,.F.,.F.,(4,4),(5.,6.),.PIECEWISE_BEZIER_KNOTS.);
#816 = CARTESIAN_POINT('',(0.837936583124,4.032825470194,9.695851318051)
  );
#817 = CARTESIAN_POINT('',(0.837936583124,4.022091245478,9.695851318051)
  );
#818 = CARTESIAN_POINT('',(0.840807364152,4.012854819561,9.695851318051)
  );
#819 = CARTESIAN_POINT('',(0.846611334492,4.005241009008,9.695851318051)
  );
#820 = ORIENTED_EDGE('',*,*,#821,.F.);
#821 = EDGE_CURVE('',#822,#813,#824,.T.);
#822 = VERTEX_POINT('',#823);
#823 = CARTESIAN_POINT('',(0.857532784056,4.070020806995,9.695851318051)
  );
#824 = B_SPLINE_CURVE_WITH_KNOTS('',3,(#825,#826,#827,#828),
  .UNSPECIFIED.,.F.,.F.,(4,4),(6.,7.),.PIECEWISE_BEZIER_KNOTS.);
#825 = CARTESIAN_POINT('',(0.857532784056,4.070020806995,9.695851318051)
  );
#826 = CARTESIAN_POINT('',(0.844489452862,4.060659564512,9.695851318051)
  );
#827 = CARTESIAN_POINT('',(0.837936583124,4.048302724433,9.695851318051)
  );
#828 = CARTESIAN_POINT('',(0.837936583124,4.032825470194,9.695851318051)
  );
#829 = ORIENTED_EDGE('',*,*,#830,.F.);
#830 = EDGE_CURVE('',#831,#822,#833,.T.);
#831 = VERTEX_POINT('',#832);
#832 = CARTESIAN_POINT('',(0.905836795272,4.083875445872,9.695851318051)
  );
#833 = B_SPLINE_CURVE_WITH_KNOTS('',3,(#834,#835,#836,#837),
  .UNSPECIFIED.,.F.,.F.,(4,4),(7.,8.),.PIECEWISE_BEZIER_KNOTS.);
#834 = CARTESIAN_POINT('',(0.905836795272,4.083875445872,9.695851318051)
  );
#835 = CARTESIAN_POINT('',(0.886739860606,4.083875445872,9.695851318051)
  );
#836 = CARTESIAN_POINT('',(0.870638523534,4.079257232913,9.695851318051)
  );
#837 = CARTESIAN_POINT('',(0.857532784056,4.070020806995,9.695851318051)
  );
#838 = ORIENTED_EDGE('',*,*,#839,.F.);
#839 = EDGE_CURVE('',#840,#831,#842,.T.);
#840 = VERTEX_POINT('',#841);
#841 = CARTESIAN_POINT('',(0.947151078767,4.076136818751,9.695851318051)
  );
#842 = B_SPLINE_CURVE_WITH_KNOTS('',3,(#843,#844,#845,#846),
  .UNSPECIFIED.,.F.,.F.,(4,4),(8.,9.),.PIECEWISE_BEZIER_KNOTS.);
#843 = CARTESIAN_POINT('',(0.947151078767,4.076136818751,9.695851318051)
  );
#844 = CARTESIAN_POINT('',(0.934419788989,4.081379114542,9.695851318051)
  );
#845 = CARTESIAN_POINT('',(0.92068996668,4.083875445872,9.695851318051)
  );
#846 = CARTESIAN_POINT('',(0.905836795272,4.083875445872,9.695851318051)
  );
#847 = ORIENTED_EDGE('',*,*,#848,.F.);
#848 = EDGE_CURVE('',#849,#840,#851,.T.);
#849 = VERTEX_POINT('',#850);
#850 = CARTESIAN_POINT('',(0.947151078767,4.046430475936,9.695851318051)
  );
#851 = B_SPLINE_CURVE_WITH_KNOTS('',1,(#852,#853),.UNSPECIFIED.,.F.,.F.,
  (2,2),(-2.970634281445E-02,0.),.PIECEWISE_BEZIER_KNOTS.);
#852 = CARTESIAN_POINT('',(0.947151078767,4.046430475936,9.695851318051)
  );
#853 = CARTESIAN_POINT('',(0.947151078767,4.076136818751,9.695851318051)
  );
#854 = ORIENTED_EDGE('',*,*,#855,.F.);
#855 = EDGE_CURVE('',#856,#849,#858,.T.);
#856 = VERTEX_POINT('',#857);
#857 = CARTESIAN_POINT('',(0.902841197678,4.059036949148,9.695851318051)
  );
#858 = B_SPLINE_CURVE_WITH_KNOTS('',3,(#859,#860,#861,#862),
  .UNSPECIFIED.,.F.,.F.,(4,4),(10.,11.),.PIECEWISE_BEZIER_KNOTS.);
#859 = CARTESIAN_POINT('',(0.902841197678,4.059036949148,9.695851318051)
  );
#860 = CARTESIAN_POINT('',(0.919379392732,4.059036949148,9.695851318051)
  );
#861 = CARTESIAN_POINT('',(0.934107747573,4.054793185889,9.695851318051)
  );
#862 = CARTESIAN_POINT('',(0.947151078767,4.046430475936,9.695851318051)
  );
#863 = ORIENTED_EDGE('',*,*,#864,.F.);
#864 = EDGE_CURVE('',#865,#856,#867,.T.);
#865 = VERTEX_POINT('',#866);
#866 = CARTESIAN_POINT('',(0.878751600353,4.052546487692,9.695851318051)
  );
#867 = B_SPLINE_CURVE_WITH_KNOTS('',3,(#868,#869,#870,#871),
  .UNSPECIFIED.,.F.,.F.,(4,4),(11.,12.),.PIECEWISE_BEZIER_KNOTS.);
#868 = CARTESIAN_POINT('',(0.878751600353,4.052546487692,9.695851318051)
  );
#869 = CARTESIAN_POINT('',(0.884930020392,4.056915067518,9.695851318051)
  );
#870 = CARTESIAN_POINT('',(0.892980688928,4.059036949148,9.695851318051)
  );
#871 = CARTESIAN_POINT('',(0.902841197678,4.059036949148,9.695851318051)
  );
#872 = ORIENTED_EDGE('',*,*,#873,.F.);
#873 = EDGE_CURVE('',#874,#865,#876,.T.);
#874 = VERTEX_POINT('',#875);
#875 = CARTESIAN_POINT('',(0.869452766152,4.035571434656,9.695851318051)
  );
#876 = B_SPLINE_CURVE_WITH_KNOTS('',3,(#877,#878,#879,#880),
  .UNSPECIFIED.,.F.,.F.,(4,4),(12.,13.),.PIECEWISE_BEZIER_KNOTS.);
#877 = CARTESIAN_POINT('',(0.869452766152,4.035571434656,9.695851318051)
  );
#878 = CARTESIAN_POINT('',(0.869452766152,4.042561162376,9.695851318051)
  );
#879 = CARTESIAN_POINT('',(0.872573180314,4.048302724433,9.695851318051)
  );
#880 = CARTESIAN_POINT('',(0.878751600353,4.052546487692,9.695851318051)
  );
#881 = ORIENTED_EDGE('',*,*,#882,.F.);
#882 = EDGE_CURVE('',#883,#874,#885,.T.);
#883 = VERTEX_POINT('',#884);
#884 = CARTESIAN_POINT('',(0.876130452457,4.019345281018,9.695851318051)
  );
#885 = B_SPLINE_CURVE_WITH_KNOTS('',3,(#886,#887,#888,#889),
  .UNSPECIFIED.,.F.,.F.,(4,4),(13.,14.),.PIECEWISE_BEZIER_KNOTS.);
#886 = CARTESIAN_POINT('',(0.876130452457,4.019345281018,9.695851318051)
  );
#887 = CARTESIAN_POINT('',(0.871699464348,4.023214594576,9.695851318051)
  );
#888 = CARTESIAN_POINT('',(0.869452766152,4.028581706934,9.695851318051)
  );
#889 = CARTESIAN_POINT('',(0.869452766152,4.035571434656,9.695851318051)
  );
#890 = ORIENTED_EDGE('',*,*,#891,.F.);
#891 = EDGE_CURVE('',#892,#883,#894,.T.);
#892 = VERTEX_POINT('',#893);
#893 = CARTESIAN_POINT('',(0.905836795272,4.004367293042,9.695851318051)
  );
#894 = B_SPLINE_CURVE_WITH_KNOTS('',3,(#895,#896,#897,#898),
  .UNSPECIFIED.,.F.,.F.,(4,4),(14.,15.),.PIECEWISE_BEZIER_KNOTS.);
#895 = CARTESIAN_POINT('',(0.905836795272,4.004367293042,9.695851318051)
  );
#896 = CARTESIAN_POINT('',(0.890484357599,4.010358488232,9.695851318051)
  );
#897 = CARTESIAN_POINT('',(0.88062384885,4.015351150891,9.695851318051)
  );
#898 = CARTESIAN_POINT('',(0.876130452457,4.019345281018,9.695851318051)
  );
#899 = ORIENTED_EDGE('',*,*,#900,.F.);
#900 = EDGE_CURVE('',#901,#892,#903,.T.);
#901 = VERTEX_POINT('',#902);
#902 = CARTESIAN_POINT('',(0.94527883027,3.981775494516,9.695851318051)
  );
#903 = B_SPLINE_CURVE_WITH_KNOTS('',3,(#904,#905,#906,#907),
  .UNSPECIFIED.,.F.,.F.,(4,4),(15.,16.),.PIECEWISE_BEZIER_KNOTS.);
#904 = CARTESIAN_POINT('',(0.94527883027,3.981775494516,9.695851318051)
  );
#905 = CARTESIAN_POINT('',(0.938413919116,3.989514121635,9.695851318051)
  );
#906 = CARTESIAN_POINT('',(0.925308179639,3.997127932188,9.695851318051)
  );
#907 = CARTESIAN_POINT('',(0.905836795272,4.004367293042,9.695851318051)
  );
#908 = ORIENTED_EDGE('',*,*,#909,.F.);
#909 = EDGE_CURVE('',#910,#901,#912,.T.);
#910 = VERTEX_POINT('',#911);
#911 = CARTESIAN_POINT('',(0.955513788719,3.952942867665,9.695851318051)
  );
#912 = B_SPLINE_CURVE_WITH_KNOTS('',3,(#913,#914,#915,#916),
  .UNSPECIFIED.,.F.,.F.,(4,4),(16.,17.),.PIECEWISE_BEZIER_KNOTS.);
#913 = CARTESIAN_POINT('',(0.955513788719,3.952942867665,9.695851318051)
  );
#914 = CARTESIAN_POINT('',(0.955513788719,3.964425991779,9.695851318051)
  );
#915 = CARTESIAN_POINT('',(0.952081333142,3.974036867396,9.695851318051)
  );
#916 = CARTESIAN_POINT('',(0.94527883027,3.981775494516,9.695851318051)
  );
#917 = ORIENTED_EDGE('',*,*,#918,.F.);
#918 = EDGE_CURVE('',#919,#910,#921,.T.);
#919 = VERTEX_POINT('',#920);
#920 = CARTESIAN_POINT('',(0.935855179503,3.915248264597,9.695851318051)
  );
#921 = B_SPLINE_CURVE_WITH_KNOTS('',3,(#922,#923,#924,#925),
  .UNSPECIFIED.,.F.,.F.,(4,4),(17.,18.),.PIECEWISE_BEZIER_KNOTS.);
#922 = CARTESIAN_POINT('',(0.935855179503,3.915248264597,9.695851318051)
  );
#923 = CARTESIAN_POINT('',(0.948960918981,3.924359873949,9.695851318051)
  );
#924 = CARTESIAN_POINT('',(0.955513788719,3.93696634716,9.695851318051)
  );
#925 = CARTESIAN_POINT('',(0.955513788719,3.952942867665,9.695851318051)
  );
#926 = ORIENTED_EDGE('',*,*,#927,.F.);
#927 = EDGE_CURVE('',#928,#919,#930,.T.);
#928 = VERTEX_POINT('',#929);
#929 = CARTESIAN_POINT('',(0.885054836959,3.901393625722,9.695851318051)
  );
#930 = B_SPLINE_CURVE_WITH_KNOTS('',3,(#931,#932,#933,#934),
  .UNSPECIFIED.,.F.,.F.,(4,4),(18.,19.),.PIECEWISE_BEZIER_KNOTS.);
#931 = CARTESIAN_POINT('',(0.885054836959,3.901393625722,9.695851318051)
  );
#932 = CARTESIAN_POINT('',(0.905836795272,3.901393625722,9.695851318051)
  );
#933 = CARTESIAN_POINT('',(0.922811848309,3.906011838681,9.695851318051)
  );
#934 = CARTESIAN_POINT('',(0.935855179503,3.915248264597,9.695851318051)
  );
#935 = ORIENTED_EDGE('',*,*,#936,.F.);
#936 = EDGE_CURVE('',#761,#928,#937,.T.);
#937 = B_SPLINE_CURVE_WITH_KNOTS('',3,(#938,#939,#940,#941),
  .UNSPECIFIED.,.F.,.F.,(4,4),(19.,20.),.PIECEWISE_BEZIER_KNOTS.);
#938 = CARTESIAN_POINT('',(0.837749358274,3.911628584171,9.695851318051)
  );
#939 = CARTESIAN_POINT('',(0.85122954745,3.904888489582,9.695851318051)
  );
#940 = CARTESIAN_POINT('',(0.866956434823,3.901393625722,9.695851318051)
  );
#941 = CARTESIAN_POINT('',(0.885054836959,3.901393625722,9.695851318051)
  );
#942 = FACE_BOUND('',#943,.T.);
#943 = EDGE_LOOP('',(#944,#953,#962,#971,#978,#985,#992,#999,#1008,#1017
    ,#1026,#1035,#1042,#1051));
#944 = ORIENTED_EDGE('',*,*,#945,.F.);
#945 = EDGE_CURVE('',#946,#948,#950,.T.);
#946 = VERTEX_POINT('',#947);
#947 = CARTESIAN_POINT('',(0.673241123693,4.067649292234,9.695851318051)
  );
#948 = VERTEX_POINT('',#949);
#949 = CARTESIAN_POINT('',(0.673241123693,4.037942949417,9.695851318051)
  );
#950 = B_SPLINE_CURVE_WITH_KNOTS('',1,(#951,#952),.UNSPECIFIED.,.F.,.F.,
  (2,2),(-2.970634281613E-02,-0.),.PIECEWISE_BEZIER_KNOTS.);
#951 = CARTESIAN_POINT('',(0.673241123693,4.067649292234,9.695851318051)
  );
#952 = CARTESIAN_POINT('',(0.673241123693,4.037942949417,9.695851318051)
  );
#953 = ORIENTED_EDGE('',*,*,#954,.F.);
#954 = EDGE_CURVE('',#955,#946,#957,.T.);
#955 = VERTEX_POINT('',#956);
#956 = CARTESIAN_POINT('',(0.733277892156,4.083875445872,9.695851318051)
  );
#957 = B_SPLINE_CURVE_WITH_KNOTS('',3,(#958,#959,#960,#961),
  .UNSPECIFIED.,.F.,.F.,(4,4),(0.,1.),.PIECEWISE_BEZIER_KNOTS.);
#958 = CARTESIAN_POINT('',(0.733277892156,4.083875445872,9.695851318051)
  );
#959 = CARTESIAN_POINT('',(0.710561277062,4.083875445872,9.695851318051)
  );
#960 = CARTESIAN_POINT('',(0.690528218146,4.078508333514,9.695851318051)
  );
#961 = CARTESIAN_POINT('',(0.673241123693,4.067649292234,9.695851318051)
  );
#962 = ORIENTED_EDGE('',*,*,#963,.F.);
#963 = EDGE_CURVE('',#964,#955,#966,.T.);
#964 = VERTEX_POINT('',#965);
#965 = CARTESIAN_POINT('',(0.796310258213,4.017722665652,9.695851318051)
  );
#966 = B_SPLINE_CURVE_WITH_KNOTS('',3,(#967,#968,#969,#970),
  .UNSPECIFIED.,.F.,.F.,(4,4),(1.,2.),.PIECEWISE_BEZIER_KNOTS.);
#967 = CARTESIAN_POINT('',(0.796310258213,4.017722665652,9.695851318051)
  );
#968 = CARTESIAN_POINT('',(0.796310258213,4.061907730177,9.695851318051)
  );
#969 = CARTESIAN_POINT('',(0.775278666766,4.083875445872,9.695851318051)
  );
#970 = CARTESIAN_POINT('',(0.733277892156,4.083875445872,9.695851318051)
  );
#971 = ORIENTED_EDGE('',*,*,#972,.F.);
#972 = EDGE_CURVE('',#973,#964,#975,.T.);
#973 = VERTEX_POINT('',#974);
#974 = CARTESIAN_POINT('',(0.796310258213,3.905512572415,9.695851318051)
  );
#975 = B_SPLINE_CURVE_WITH_KNOTS('',1,(#976,#977),.UNSPECIFIED.,.F.,.F.,
  (2,2),(-0.112210093237,0.),.PIECEWISE_BEZIER_KNOTS.);
#976 = CARTESIAN_POINT('',(0.796310258213,3.905512572415,9.695851318051)
  );
#977 = CARTESIAN_POINT('',(0.796310258213,4.017722665652,9.695851318051)
  );
#978 = ORIENTED_EDGE('',*,*,#979,.F.);
#979 = EDGE_CURVE('',#980,#973,#982,.T.);
#980 = VERTEX_POINT('',#981);
#981 = CARTESIAN_POINT('',(0.765730199432,3.905512572415,9.695851318051)
  );
#982 = B_SPLINE_CURVE_WITH_KNOTS('',1,(#983,#984),.UNSPECIFIED.,.F.,.F.,
  (2,2),(-3.058005878028E-02,0.),.PIECEWISE_BEZIER_KNOTS.);
#983 = CARTESIAN_POINT('',(0.765730199432,3.905512572415,9.695851318051)
  );
#984 = CARTESIAN_POINT('',(0.796310258213,3.905512572415,9.695851318051)
  );
#985 = ORIENTED_EDGE('',*,*,#986,.F.);
#986 = EDGE_CURVE('',#987,#980,#989,.T.);
#987 = VERTEX_POINT('',#988);
#988 = CARTESIAN_POINT('',(0.765730199432,3.932472950768,9.695851318051)
  );
#989 = B_SPLINE_CURVE_WITH_KNOTS('',1,(#990,#991),.UNSPECIFIED.,.F.,.F.,
  (2,2),(-2.696037835237E-02,-0.),.PIECEWISE_BEZIER_KNOTS.);
#990 = CARTESIAN_POINT('',(0.765730199432,3.932472950768,9.695851318051)
  );
#991 = CARTESIAN_POINT('',(0.765730199432,3.905512572415,9.695851318051)
  );
#992 = ORIENTED_EDGE('',*,*,#993,.F.);
#993 = EDGE_CURVE('',#994,#987,#996,.T.);
#994 = VERTEX_POINT('',#995);
#995 = CARTESIAN_POINT('',(0.764918891751,3.932472950768,9.695851318051)
  );
#996 = B_SPLINE_CURVE_WITH_KNOTS('',1,(#997,#998),.UNSPECIFIED.,.F.,.F.,
  (2,2),(-8.11307681829E-04,0.),.PIECEWISE_BEZIER_KNOTS.);
#997 = CARTESIAN_POINT('',(0.764918891751,3.932472950768,9.695851318051)
  );
#998 = CARTESIAN_POINT('',(0.765730199432,3.932472950768,9.695851318051)
  );
#999 = ORIENTED_EDGE('',*,*,#1000,.F.);
#1000 = EDGE_CURVE('',#1001,#994,#1003,.T.);
#1001 = VERTEX_POINT('',#1002);
#1002 = CARTESIAN_POINT('',(0.71149740131,3.901393625722,9.695851318051)
  );
#1003 = B_SPLINE_CURVE_WITH_KNOTS('',3,(#1004,#1005,#1006,#1007),
  .UNSPECIFIED.,.F.,.F.,(4,4),(6.,7.),.PIECEWISE_BEZIER_KNOTS.);
#1004 = CARTESIAN_POINT('',(0.71149740131,3.901393625722,9.695851318051)
  );
#1005 = CARTESIAN_POINT('',(0.735025324086,3.901393625722,9.695851318051
    ));
#1006 = CARTESIAN_POINT('',(0.752874093089,3.911753400737,9.695851318051
    ));
#1007 = CARTESIAN_POINT('',(0.764918891751,3.932472950768,9.695851318051
    ));
#1008 = ORIENTED_EDGE('',*,*,#1009,.F.);
#1009 = EDGE_CURVE('',#1010,#1001,#1012,.T.);
#1010 = VERTEX_POINT('',#1011);
#1011 = CARTESIAN_POINT('',(0.671181650347,3.915123448031,9.695851318051
    ));
#1012 = B_SPLINE_CURVE_WITH_KNOTS('',3,(#1013,#1014,#1015,#1016),
  .UNSPECIFIED.,.F.,.F.,(4,4),(7.,8.),.PIECEWISE_BEZIER_KNOTS.);
#1013 = CARTESIAN_POINT('',(0.671181650347,3.915123448031,9.695851318051
    ));
#1014 = CARTESIAN_POINT('',(0.681166975663,3.906011838681,9.695851318051
    ));
#1015 = CARTESIAN_POINT('',(0.694584756556,3.901393625722,9.695851318051
    ));
#1016 = CARTESIAN_POINT('',(0.71149740131,3.901393625722,9.695851318051)
  );
#1017 = ORIENTED_EDGE('',*,*,#1018,.F.);
#1018 = EDGE_CURVE('',#1019,#1010,#1021,.T.);
#1019 = VERTEX_POINT('',#1020);
#1020 = CARTESIAN_POINT('',(0.656203662373,3.952193968268,9.695851318051
    ));
#1021 = B_SPLINE_CURVE_WITH_KNOTS('',3,(#1022,#1023,#1024,#1025),
  .UNSPECIFIED.,.F.,.F.,(4,4),(8.,9.),.PIECEWISE_BEZIER_KNOTS.);
#1022 = CARTESIAN_POINT('',(0.656203662373,3.952193968268,9.695851318051
    ));
#1023 = CARTESIAN_POINT('',(0.656203662373,3.936591897461,9.695851318051
    ));
#1024 = CARTESIAN_POINT('',(0.661196325031,3.924235057381,9.695851318051
    ));
#1025 = CARTESIAN_POINT('',(0.671181650347,3.915123448031,9.695851318051
    ));
#1026 = ORIENTED_EDGE('',*,*,#1027,.F.);
#1027 = EDGE_CURVE('',#1028,#1019,#1030,.T.);
#1028 = VERTEX_POINT('',#1029);
#1029 = CARTESIAN_POINT('',(0.714056140922,4.009110322569,9.695851318051
    ));
#1030 = B_SPLINE_CURVE_WITH_KNOTS('',3,(#1031,#1032,#1033,#1034),
  .UNSPECIFIED.,.F.,.F.,(4,4),(9.,10.),.PIECEWISE_BEZIER_KNOTS.);
#1031 = CARTESIAN_POINT('',(0.714056140922,4.009110322569,9.695851318051
    ));
#1032 = CARTESIAN_POINT('',(0.67548782189,4.003743210211,9.695851318051)
  );
#1033 = CARTESIAN_POINT('',(0.656203662373,3.98477109211,9.695851318051)
  );
#1034 = CARTESIAN_POINT('',(0.656203662373,3.952193968268,9.695851318051
    ));
#1035 = ORIENTED_EDGE('',*,*,#1036,.F.);
#1036 = EDGE_CURVE('',#1037,#1028,#1039,.T.);
#1037 = VERTEX_POINT('',#1038);
#1038 = CARTESIAN_POINT('',(0.765730199432,4.016349683423,9.695851318051
    ));
#1039 = B_SPLINE_CURVE_WITH_KNOTS('',1,(#1040,#1041),.UNSPECIFIED.,.F.,
  .F.,(2,2),(-5.217869937542E-02,-0.),.PIECEWISE_BEZIER_KNOTS.);
#1040 = CARTESIAN_POINT('',(0.765730199432,4.016349683423,9.695851318051
    ));
#1041 = CARTESIAN_POINT('',(0.714056140922,4.009110322569,9.695851318051
    ));
#1042 = ORIENTED_EDGE('',*,*,#1043,.F.);
#1043 = EDGE_CURVE('',#1044,#1037,#1046,.T.);
#1044 = VERTEX_POINT('',#1045);
#1045 = CARTESIAN_POINT('',(0.730407111127,4.059036949148,9.695851318051
    ));
#1046 = B_SPLINE_CURVE_WITH_KNOTS('',3,(#1047,#1048,#1049,#1050),
  .UNSPECIFIED.,.F.,.F.,(4,4),(11.,12.),.PIECEWISE_BEZIER_KNOTS.);
#1047 = CARTESIAN_POINT('',(0.730407111127,4.059036949148,9.695851318051
    ));
#1048 = CARTESIAN_POINT('',(0.753935033903,4.059036949148,9.695851318051
    ));
#1049 = CARTESIAN_POINT('',(0.765730199432,4.044807860573,9.695851318051
    ));
#1050 = CARTESIAN_POINT('',(0.765730199432,4.016349683423,9.695851318051
    ));
#1051 = ORIENTED_EDGE('',*,*,#1052,.F.);
#1052 = EDGE_CURVE('',#948,#1044,#1053,.T.);
#1053 = B_SPLINE_CURVE_WITH_KNOTS('',3,(#1054,#1055,#1056,#1057),
  .UNSPECIFIED.,.F.,.F.,(4,4),(12.,13.),.PIECEWISE_BEZIER_KNOTS.);
#1054 = CARTESIAN_POINT('',(0.673241123693,4.037942949417,9.695851318051
    ));
#1055 = CARTESIAN_POINT('',(0.690465809863,4.05192240486,9.695851318051)
  );
#1056 = CARTESIAN_POINT('',(0.709500336247,4.059036949148,9.695851318051
    ));
#1057 = CARTESIAN_POINT('',(0.730407111127,4.059036949148,9.695851318051
    ));
#1058 = FACE_BOUND('',#1059,.T.);
#1059 = EDGE_LOOP('',(#1060,#1071,#1078,#1085,#1092,#1101,#1110));
#1060 = ORIENTED_EDGE('',*,*,#1061,.F.);
#1061 = EDGE_CURVE('',#1062,#1064,#1066,.T.);
#1062 = VERTEX_POINT('',#1063);
#1063 = CARTESIAN_POINT('',(1.110598372533,4.292818378108,9.695851318051
    ));
#1064 = VERTEX_POINT('',#1065);
#1065 = CARTESIAN_POINT('',(1.205396554752,4.327018117315,9.695851318051
    ));
#1066 = B_SPLINE_CURVE_WITH_KNOTS('',3,(#1067,#1068,#1069,#1070),
  .UNSPECIFIED.,.F.,.F.,(4,4),(5.,6.),.PIECEWISE_BEZIER_KNOTS.);
#1067 = CARTESIAN_POINT('',(1.110598372533,4.292818378108,9.695851318051
    ));
#1068 = CARTESIAN_POINT('',(1.149229099849,4.292818378108,9.695851318051
    ));
#1069 = CARTESIAN_POINT('',(1.180870099444,4.304176685656,9.695851318051
    ));
#1070 = CARTESIAN_POINT('',(1.205396554752,4.327018117315,9.695851318051
    ));
#1071 = ORIENTED_EDGE('',*,*,#1072,.F.);
#1072 = EDGE_CURVE('',#1073,#1062,#1075,.T.);
#1073 = VERTEX_POINT('',#1074);
#1074 = CARTESIAN_POINT('',(1.043447059784,4.292818378108,9.695851318051
    ));
#1075 = B_SPLINE_CURVE_WITH_KNOTS('',1,(#1076,#1077),.UNSPECIFIED.,.F.,
  .F.,(2,2),(-6.715131274997E-02,0.),.PIECEWISE_BEZIER_KNOTS.);
#1076 = CARTESIAN_POINT('',(1.043447059784,4.292818378108,9.695851318051
    ));
#1077 = CARTESIAN_POINT('',(1.110598372533,4.292818378108,9.695851318051
    ));
#1078 = ORIENTED_EDGE('',*,*,#1079,.F.);
#1079 = EDGE_CURVE('',#1080,#1073,#1082,.T.);
#1080 = VERTEX_POINT('',#1081);
#1081 = CARTESIAN_POINT('',(1.043447059784,4.536959582084,9.695851318051
    ));
#1082 = B_SPLINE_CURVE_WITH_KNOTS('',1,(#1083,#1084),.UNSPECIFIED.,.F.,
  .F.,(2,2),(-0.244141203975,-0.),.PIECEWISE_BEZIER_KNOTS.);
#1083 = CARTESIAN_POINT('',(1.043447059784,4.536959582084,9.695851318051
    ));
#1084 = CARTESIAN_POINT('',(1.043447059784,4.292818378108,9.695851318051
    ));
#1085 = ORIENTED_EDGE('',*,*,#1086,.F.);
#1086 = EDGE_CURVE('',#1087,#1080,#1089,.T.);
#1087 = VERTEX_POINT('',#1088);
#1088 = CARTESIAN_POINT('',(1.113094703863,4.536959582084,9.695851318051
    ));
#1089 = B_SPLINE_CURVE_WITH_KNOTS('',1,(#1090,#1091),.UNSPECIFIED.,.F.,
  .F.,(2,2),(-6.964764407945E-02,-0.),.PIECEWISE_BEZIER_KNOTS.);
#1090 = CARTESIAN_POINT('',(1.113094703863,4.536959582084,9.695851318051
    ));
#1091 = CARTESIAN_POINT('',(1.043447059784,4.536959582084,9.695851318051
    ));
#1092 = ORIENTED_EDGE('',*,*,#1093,.F.);
#1093 = EDGE_CURVE('',#1094,#1087,#1096,.T.);
#1094 = VERTEX_POINT('',#1095);
#1095 = CARTESIAN_POINT('',(1.205396554752,4.504632091374,9.695851318051
    ));
#1096 = B_SPLINE_CURVE_WITH_KNOTS('',3,(#1097,#1098,#1099,#1100),
  .UNSPECIFIED.,.F.,.F.,(4,4),(2.,3.),.PIECEWISE_BEZIER_KNOTS.);
#1097 = CARTESIAN_POINT('',(1.205396554752,4.504632091374,9.695851318051
    ));
#1098 = CARTESIAN_POINT('',(1.180870099444,4.52622535737,9.695851318051)
  );
#1099 = CARTESIAN_POINT('',(1.150102815815,4.536959582084,9.695851318051
    ));
#1100 = CARTESIAN_POINT('',(1.113094703863,4.536959582084,9.695851318051
    ));
#1101 = ORIENTED_EDGE('',*,*,#1102,.F.);
#1102 = EDGE_CURVE('',#1103,#1094,#1105,.T.);
#1103 = VERTEX_POINT('',#1104);
#1104 = CARTESIAN_POINT('',(1.242217441855,4.418009394258,9.695851318051
    ));
#1105 = B_SPLINE_CURVE_WITH_KNOTS('',3,(#1106,#1107,#1108,#1109),
  .UNSPECIFIED.,.F.,.F.,(4,4),(3.,4.),.PIECEWISE_BEZIER_KNOTS.);
#1106 = CARTESIAN_POINT('',(1.242217441855,4.418009394258,9.695851318051
    ));
#1107 = CARTESIAN_POINT('',(1.242217441855,4.454206198527,9.695851318051
    ));
#1108 = CARTESIAN_POINT('',(1.22992301006,4.483038825377,9.695851318051)
  );
#1109 = CARTESIAN_POINT('',(1.205396554752,4.504632091374,9.695851318051
    ));
#1110 = ORIENTED_EDGE('',*,*,#1111,.F.);
#1111 = EDGE_CURVE('',#1064,#1103,#1112,.T.);
#1112 = B_SPLINE_CURVE_WITH_KNOTS('',3,(#1113,#1114,#1115,#1116),
  .UNSPECIFIED.,.F.,.F.,(4,4),(4.,5.),.PIECEWISE_BEZIER_KNOTS.);
#1113 = CARTESIAN_POINT('',(1.205396554752,4.327018117315,9.695851318051
    ));
#1114 = CARTESIAN_POINT('',(1.22992301006,4.349859548976,9.695851318051)
  );
#1115 = CARTESIAN_POINT('',(1.242217441855,4.380189974624,9.695851318051
    ));
#1116 = CARTESIAN_POINT('',(1.242217441855,4.418009394258,9.695851318051
    ));
#1117 = FACE_BOUND('',#1118,.T.);
#1118 = EDGE_LOOP('',(#1119,#1120));
#1119 = ORIENTED_EDGE('',*,*,#41,.T.);
#1120 = ORIENTED_EDGE('',*,*,#1121,.T.);
#1121 = EDGE_CURVE('',#34,#42,#1122,.T.);
#1122 = ( BOUNDED_CURVE() B_SPLINE_CURVE(2,(#1123,#1124,#1125,#1126,
#1127),.UNSPECIFIED.,.F.,.F.) B_SPLINE_CURVE_WITH_KNOTS((3,2,3),(
    3.14159265359,4.712388980385,6.28318530718),
.PIECEWISE_BEZIER_KNOTS.) CURVE() GEOMETRIC_REPRESENTATION_ITEM() 
RATIONAL_B_SPLINE_CURVE((1.,0.707106781187,1.,0.707106781187,1.)) 
REPRESENTATION_ITEM('') );
#1123 = CARTESIAN_POINT('',(-5.309632809885,6.502424825274E-16,
    9.695851318051));
#1124 = CARTESIAN_POINT('',(-5.309632809885,-5.309632809885,
    9.695851318051));
#1125 = CARTESIAN_POINT('',(-9.753637237911E-16,-5.309632809885,
    9.695851318051));
#1126 = CARTESIAN_POINT('',(5.309632809885,-5.309632809885,
    9.695851318051));
#1127 = CARTESIAN_POINT('',(5.309632809885,-1.300484965055E-15,
    9.695851318051));
#1128 = FACE_BOUND('',#1129,.T.);
#1129 = EDGE_LOOP('',(#1130,#1138));
#1130 = ORIENTED_EDGE('',*,*,#1131,.F.);
#1131 = EDGE_CURVE('',#415,#422,#1132,.T.);
#1132 = ( BOUNDED_CURVE() B_SPLINE_CURVE(2,(#1133,#1134,#1135,#1136,
#1137),.UNSPECIFIED.,.F.,.F.) B_SPLINE_CURVE_WITH_KNOTS((3,2,3),(0.,
1.570796326795,3.14159265359),.PIECEWISE_BEZIER_KNOTS.) CURVE() 
GEOMETRIC_REPRESENTATION_ITEM() RATIONAL_B_SPLINE_CURVE((1.,
0.707106781187,1.,0.707106781187,1.)) REPRESENTATION_ITEM('') );
#1133 = CARTESIAN_POINT('',(1.015755841891,0.,9.695851318051));
#1134 = CARTESIAN_POINT('',(1.015755841891,1.015755841891,9.695851318051
    ));
#1135 = CARTESIAN_POINT('',(6.219710702436E-17,1.015755841891,
    9.695851318051));
#1136 = CARTESIAN_POINT('',(-1.015755841891,1.015755841891,
    9.695851318051));
#1137 = CARTESIAN_POINT('',(-1.015755841891,1.243942140487E-16,
    9.695851318051));
#1138 = ORIENTED_EDGE('',*,*,#421,.F.);
#1139 = FACE_BOUND('',#1140,.T.);
#1140 = EDGE_LOOP('',(#1141,#1150,#1157,#1164,#1171,#1178));
#1141 = ORIENTED_EDGE('',*,*,#1142,.F.);
#1142 = EDGE_CURVE('',#1143,#1145,#1147,.T.);
#1143 = VERTEX_POINT('',#1144);
#1144 = CARTESIAN_POINT('',(0.624375437929,4.320652472427,9.695851318051
    ));
#1145 = VERTEX_POINT('',#1146);
#1146 = CARTESIAN_POINT('',(0.527143332664,4.320652472427,9.695851318051
    ));
#1147 = B_SPLINE_CURVE_WITH_KNOTS('',1,(#1148,#1149),.UNSPECIFIED.,.F.,
  .F.,(2,2),(-9.723210526501E-02,-0.),.PIECEWISE_BEZIER_KNOTS.);
#1148 = CARTESIAN_POINT('',(0.624375437929,4.320652472427,9.695851318051
    ));
#1149 = CARTESIAN_POINT('',(0.527143332664,4.320652472427,9.695851318051
    ));
#1150 = ORIENTED_EDGE('',*,*,#1151,.F.);
#1151 = EDGE_CURVE('',#1152,#1143,#1154,.T.);
#1152 = VERTEX_POINT('',#1153);
#1153 = CARTESIAN_POINT('',(0.624375437929,4.292818378108,9.695851318051
    ));
#1154 = B_SPLINE_CURVE_WITH_KNOTS('',1,(#1155,#1156),.UNSPECIFIED.,.F.,
  .F.,(2,2),(-2.783409431819E-02,0.),.PIECEWISE_BEZIER_KNOTS.);
#1155 = CARTESIAN_POINT('',(0.624375437929,4.292818378108,9.695851318051
    ));
#1156 = CARTESIAN_POINT('',(0.624375437929,4.320652472427,9.695851318051
    ));
#1157 = ORIENTED_EDGE('',*,*,#1158,.F.);
#1158 = EDGE_CURVE('',#1159,#1152,#1161,.T.);
#1159 = VERTEX_POINT('',#1160);
#1160 = CARTESIAN_POINT('',(0.495627149635,4.292818378108,9.695851318051
    ));
#1161 = B_SPLINE_CURVE_WITH_KNOTS('',1,(#1162,#1163),.UNSPECIFIED.,.F.,
  .F.,(2,2),(-0.128748288293,0.),.PIECEWISE_BEZIER_KNOTS.);
#1162 = CARTESIAN_POINT('',(0.495627149635,4.292818378108,9.695851318051
    ));
#1163 = CARTESIAN_POINT('',(0.624375437929,4.292818378108,9.695851318051
    ));
#1164 = ORIENTED_EDGE('',*,*,#1165,.F.);
#1165 = EDGE_CURVE('',#1166,#1159,#1168,.T.);
#1166 = VERTEX_POINT('',#1167);
#1167 = CARTESIAN_POINT('',(0.495627149635,4.536959582084,9.695851318051
    ));
#1168 = B_SPLINE_CURVE_WITH_KNOTS('',1,(#1169,#1170),.UNSPECIFIED.,.F.,
  .F.,(2,2),(-0.244141203975,-0.),.PIECEWISE_BEZIER_KNOTS.);
#1169 = CARTESIAN_POINT('',(0.495627149635,4.536959582084,9.695851318051
    ));
#1170 = CARTESIAN_POINT('',(0.495627149635,4.292818378108,9.695851318051
    ));
#1171 = ORIENTED_EDGE('',*,*,#1172,.F.);
#1172 = EDGE_CURVE('',#1173,#1166,#1175,.T.);
#1173 = VERTEX_POINT('',#1174);
#1174 = CARTESIAN_POINT('',(0.527143332664,4.536959582084,9.695851318051
    ));
#1175 = B_SPLINE_CURVE_WITH_KNOTS('',1,(#1176,#1177),.UNSPECIFIED.,.F.,
  .F.,(2,2),(-3.151618302842E-02,-0.),.PIECEWISE_BEZIER_KNOTS.);
#1176 = CARTESIAN_POINT('',(0.527143332664,4.536959582084,9.695851318051
    ));
#1177 = CARTESIAN_POINT('',(0.495627149635,4.536959582084,9.695851318051
    ));
#1178 = ORIENTED_EDGE('',*,*,#1179,.F.);
#1179 = EDGE_CURVE('',#1145,#1173,#1180,.T.);
#1180 = B_SPLINE_CURVE_WITH_KNOTS('',1,(#1181,#1182),.UNSPECIFIED.,.F.,
  .F.,(2,2),(-0.216307109657,0.),.PIECEWISE_BEZIER_KNOTS.);
#1181 = CARTESIAN_POINT('',(0.527143332664,4.320652472427,9.695851318051
    ));
#1182 = CARTESIAN_POINT('',(0.527143332664,4.536959582084,9.695851318051
    ));
#1183 = FACE_BOUND('',#1184,.T.);
#1184 = EDGE_LOOP('',(#1185,#1194,#1203,#1212,#1221,#1230,#1239,#1248,
    #1255,#1264,#1273,#1282,#1291,#1300));
#1185 = ORIENTED_EDGE('',*,*,#1186,.F.);
#1186 = EDGE_CURVE('',#1187,#1189,#1191,.T.);
#1187 = VERTEX_POINT('',#1188);
#1188 = CARTESIAN_POINT('',(0.81715462481,4.302928519991,9.695851318051)
  );
#1189 = VERTEX_POINT('',#1190);
#1190 = CARTESIAN_POINT('',(0.81715462481,4.333134129072,9.695851318051)
  );
#1191 = B_SPLINE_CURVE_WITH_KNOTS('',1,(#1192,#1193),.UNSPECIFIED.,.F.,
  .F.,(2,2),(-3.020560908136E-02,0.),.PIECEWISE_BEZIER_KNOTS.);
#1192 = CARTESIAN_POINT('',(0.81715462481,4.302928519991,9.695851318051)
  );
#1193 = CARTESIAN_POINT('',(0.81715462481,4.333134129072,9.695851318051)
  );
#1194 = ORIENTED_EDGE('',*,*,#1195,.F.);
#1195 = EDGE_CURVE('',#1196,#1187,#1198,.T.);
#1196 = VERTEX_POINT('',#1197);
#1197 = CARTESIAN_POINT('',(0.749566454077,4.288699431415,9.695851318051
    ));
#1198 = B_SPLINE_CURVE_WITH_KNOTS('',3,(#1199,#1200,#1201,#1202),
  .UNSPECIFIED.,.F.,.F.,(4,4),(0.,1.),.PIECEWISE_BEZIER_KNOTS.);
#1199 = CARTESIAN_POINT('',(0.749566454077,4.288699431415,9.695851318051
    ));
#1200 = CARTESIAN_POINT('',(0.776651648997,4.288699431415,9.695851318051
    ));
#1201 = CARTESIAN_POINT('',(0.799181039241,4.29344246094,9.695851318051)
  );
#1202 = CARTESIAN_POINT('',(0.81715462481,4.302928519991,9.695851318051)
  );
#1203 = ORIENTED_EDGE('',*,*,#1204,.F.);
#1204 = EDGE_CURVE('',#1205,#1196,#1207,.T.);
#1205 = VERTEX_POINT('',#1206);
#1206 = CARTESIAN_POINT('',(0.665689721423,4.322025454658,9.695851318051
    ));
#1207 = B_SPLINE_CURVE_WITH_KNOTS('',3,(#1208,#1209,#1210,#1211),
  .UNSPECIFIED.,.F.,.F.,(4,4),(1.,2.),.PIECEWISE_BEZIER_KNOTS.);
#1208 = CARTESIAN_POINT('',(0.665689721423,4.322025454658,9.695851318051
    ));
#1209 = CARTESIAN_POINT('',(0.686596496304,4.29980810583,9.695851318051)
  );
#1210 = CARTESIAN_POINT('',(0.714555407188,4.288699431415,9.695851318051
    ));
#1211 = CARTESIAN_POINT('',(0.749566454077,4.288699431415,9.695851318051
    ));
#1212 = ORIENTED_EDGE('',*,*,#1213,.F.);
#1213 = EDGE_CURVE('',#1214,#1205,#1216,.T.);
#1214 = VERTEX_POINT('',#1215);
#1215 = CARTESIAN_POINT('',(0.634360763244,4.410270767137,9.695851318051
    ));
#1216 = B_SPLINE_CURVE_WITH_KNOTS('',3,(#1217,#1218,#1219,#1220),
  .UNSPECIFIED.,.F.,.F.,(4,4),(2.,3.),.PIECEWISE_BEZIER_KNOTS.);
#1217 = CARTESIAN_POINT('',(0.634360763244,4.410270767137,9.695851318051
    ));
#1218 = CARTESIAN_POINT('',(0.634360763244,4.373699513167,9.695851318051
    ));
#1219 = CARTESIAN_POINT('',(0.644782946542,4.344242803485,9.695851318051
    ));
#1220 = CARTESIAN_POINT('',(0.665689721423,4.322025454658,9.695851318051
    ));
#1221 = ORIENTED_EDGE('',*,*,#1222,.F.);
#1222 = EDGE_CURVE('',#1223,#1214,#1225,.T.);
#1223 = VERTEX_POINT('',#1224);
#1224 = CARTESIAN_POINT('',(0.669621443266,4.505131357639,9.695851318051
    ));
#1225 = B_SPLINE_CURVE_WITH_KNOTS('',3,(#1226,#1227,#1228,#1229),
  .UNSPECIFIED.,.F.,.F.,(4,4),(3.,4.),.PIECEWISE_BEZIER_KNOTS.);
#1226 = CARTESIAN_POINT('',(0.669621443266,4.505131357639,9.695851318051
    ));
#1227 = CARTESIAN_POINT('',(0.64609352049,4.481166576881,9.695851318051)
  );
#1228 = CARTESIAN_POINT('',(0.634360763244,4.449587985569,9.695851318051
    ));
#1229 = CARTESIAN_POINT('',(0.634360763244,4.410270767137,9.695851318051
    ));
#1230 = ORIENTED_EDGE('',*,*,#1231,.F.);
#1231 = EDGE_CURVE('',#1232,#1223,#1234,.T.);
#1232 = VERTEX_POINT('',#1233);
#1233 = CARTESIAN_POINT('',(0.75930214626,4.541078528777,9.695851318051)
  );
#1234 = B_SPLINE_CURVE_WITH_KNOTS('',3,(#1235,#1236,#1237,#1238),
  .UNSPECIFIED.,.F.,.F.,(4,4),(4.,5.),.PIECEWISE_BEZIER_KNOTS.);
#1235 = CARTESIAN_POINT('',(0.75930214626,4.541078528777,9.695851318051)
  );
#1236 = CARTESIAN_POINT('',(0.723042933707,4.541078528777,9.695851318051
    ));
#1237 = CARTESIAN_POINT('',(0.693149366042,4.529096138398,9.695851318051
    ));
#1238 = CARTESIAN_POINT('',(0.669621443266,4.505131357639,9.695851318051
    ));
#1239 = ORIENTED_EDGE('',*,*,#1240,.F.);
#1240 = EDGE_CURVE('',#1241,#1232,#1243,.T.);
#1241 = VERTEX_POINT('',#1242);
#1242 = CARTESIAN_POINT('',(0.81715462481,4.531093203461,9.695851318051)
  );
#1243 = B_SPLINE_CURVE_WITH_KNOTS('',3,(#1244,#1245,#1246,#1247),
  .UNSPECIFIED.,.F.,.F.,(4,4),(5.,6.),.PIECEWISE_BEZIER_KNOTS.);
#1244 = CARTESIAN_POINT('',(0.81715462481,4.531093203461,9.695851318051)
  );
#1245 = CARTESIAN_POINT('',(0.801927003703,4.537708481483,9.695851318051
    ));
#1246 = CARTESIAN_POINT('',(0.782642844186,4.541078528777,9.695851318051
    ));
#1247 = CARTESIAN_POINT('',(0.75930214626,4.541078528777,9.695851318051)
  );
#1248 = ORIENTED_EDGE('',*,*,#1249,.F.);
#1249 = EDGE_CURVE('',#1250,#1241,#1252,.T.);
#1250 = VERTEX_POINT('',#1251);
#1251 = CARTESIAN_POINT('',(0.81715462481,4.498141629919,9.695851318051)
  );
#1252 = B_SPLINE_CURVE_WITH_KNOTS('',1,(#1253,#1254),.UNSPECIFIED.,.F.,
  .F.,(2,2),(-3.295157354178E-02,0.),.PIECEWISE_BEZIER_KNOTS.);
#1253 = CARTESIAN_POINT('',(0.81715462481,4.498141629919,9.695851318051)
  );
#1254 = CARTESIAN_POINT('',(0.81715462481,4.531093203461,9.695851318051)
  );
#1255 = ORIENTED_EDGE('',*,*,#1256,.F.);
#1256 = EDGE_CURVE('',#1257,#1250,#1259,.T.);
#1257 = VERTEX_POINT('',#1258);
#1258 = CARTESIAN_POINT('',(0.759614187677,4.512620351626,9.695851318051
    ));
#1259 = B_SPLINE_CURVE_WITH_KNOTS('',3,(#1260,#1261,#1262,#1263),
  .UNSPECIFIED.,.F.,.F.,(4,4),(7.,8.),.PIECEWISE_BEZIER_KNOTS.);
#1260 = CARTESIAN_POINT('',(0.759614187677,4.512620351626,9.695851318051
    ));
#1261 = CARTESIAN_POINT('',(0.780520962556,4.512620351626,9.695851318051
    ));
#1262 = CARTESIAN_POINT('',(0.799680305507,4.507877322101,9.695851318051
    ));
#1263 = CARTESIAN_POINT('',(0.81715462481,4.498141629919,9.695851318051)
  );
#1264 = ORIENTED_EDGE('',*,*,#1265,.F.);
#1265 = EDGE_CURVE('',#1266,#1257,#1268,.T.);
#1266 = VERTEX_POINT('',#1267);
#1267 = CARTESIAN_POINT('',(0.693086957759,4.485535156707,9.695851318051
    ));
#1268 = B_SPLINE_CURVE_WITH_KNOTS('',3,(#1269,#1270,#1271,#1272),
  .UNSPECIFIED.,.F.,.F.,(4,4),(8.,9.),.PIECEWISE_BEZIER_KNOTS.);
#1269 = CARTESIAN_POINT('',(0.693086957759,4.485535156707,9.695851318051
    ));
#1270 = CARTESIAN_POINT('',(0.710249235645,4.503633558841,9.695851318051
    ));
#1271 = CARTESIAN_POINT('',(0.732404176191,4.512620351626,9.695851318051
    ));
#1272 = CARTESIAN_POINT('',(0.759614187677,4.512620351626,9.695851318051
    ));
#1273 = ORIENTED_EDGE('',*,*,#1274,.F.);
#1274 = EDGE_CURVE('',#1275,#1266,#1277,.T.);
#1275 = VERTEX_POINT('',#1276);
#1276 = CARTESIAN_POINT('',(0.667437153354,4.412143015635,9.695851318051
    ));
#1277 = B_SPLINE_CURVE_WITH_KNOTS('',3,(#1278,#1279,#1280,#1281),
  .UNSPECIFIED.,.F.,.F.,(4,4),(9.,10.),.PIECEWISE_BEZIER_KNOTS.);
#1278 = CARTESIAN_POINT('',(0.667437153354,4.412143015635,9.695851318051
    ));
#1279 = CARTESIAN_POINT('',(0.667437153354,4.442847890981,9.695851318051
    ));
#1280 = CARTESIAN_POINT('',(0.675987088155,4.467311938004,9.695851318051
    ));
#1281 = CARTESIAN_POINT('',(0.693086957759,4.485535156707,9.695851318051
    ));
#1282 = ORIENTED_EDGE('',*,*,#1283,.F.);
#1283 = EDGE_CURVE('',#1284,#1275,#1286,.T.);
#1284 = VERTEX_POINT('',#1285);
#1285 = CARTESIAN_POINT('',(0.691401934111,4.342495371555,9.695851318051
    ));
#1286 = B_SPLINE_CURVE_WITH_KNOTS('',3,(#1287,#1288,#1289,#1290),
  .UNSPECIFIED.,.F.,.F.,(4,4),(10.,11.),.PIECEWISE_BEZIER_KNOTS.);
#1287 = CARTESIAN_POINT('',(0.691401934111,4.342495371555,9.695851318051
    ));
#1288 = CARTESIAN_POINT('',(0.675425413606,4.359720057726,9.695851318051
    ));
#1289 = CARTESIAN_POINT('',(0.667437153354,4.382935939086,9.695851318051
    ));
#1290 = CARTESIAN_POINT('',(0.667437153354,4.412143015635,9.695851318051
    ));
#1291 = ORIENTED_EDGE('',*,*,#1292,.F.);
#1292 = EDGE_CURVE('',#1293,#1284,#1295,.T.);
#1293 = VERTEX_POINT('',#1294);
#1294 = CARTESIAN_POINT('',(0.754122258752,4.316783158866,9.695851318051
    ));
#1295 = B_SPLINE_CURVE_WITH_KNOTS('',3,(#1296,#1297,#1298,#1299),
  .UNSPECIFIED.,.F.,.F.,(4,4),(11.,12.),.PIECEWISE_BEZIER_KNOTS.);
#1296 = CARTESIAN_POINT('',(0.754122258752,4.316783158866,9.695851318051
    ));
#1297 = CARTESIAN_POINT('',(0.728285229498,4.316783158866,9.695851318051
    ));
#1298 = CARTESIAN_POINT('',(0.707378454617,4.325395501951,9.695851318051
    ));
#1299 = CARTESIAN_POINT('',(0.691401934111,4.342495371555,9.695851318051
    ));
#1300 = ORIENTED_EDGE('',*,*,#1301,.F.);
#1301 = EDGE_CURVE('',#1189,#1293,#1302,.T.);
#1302 = B_SPLINE_CURVE_WITH_KNOTS('',3,(#1303,#1304,#1305,#1306),
  .UNSPECIFIED.,.F.,.F.,(4,4),(12.,13.),.PIECEWISE_BEZIER_KNOTS.);
#1303 = CARTESIAN_POINT('',(0.81715462481,4.333134129072,9.695851318051)
  );
#1304 = CARTESIAN_POINT('',(0.799305855807,4.32227508779,9.695851318051)
  );
#1305 = CARTESIAN_POINT('',(0.77827426436,4.316783158866,9.695851318051)
  );
#1306 = CARTESIAN_POINT('',(0.754122258752,4.316783158866,9.695851318051
    ));
#1307 = FACE_BOUND('',#1308,.T.);
#1308 = EDGE_LOOP('',(#1309,#1318,#1325,#1332,#1339,#1346,#1353,#1360,
    #1367,#1374,#1381,#1388));
#1309 = ORIENTED_EDGE('',*,*,#1310,.F.);
#1310 = EDGE_CURVE('',#1311,#1313,#1315,.T.);
#1311 = VERTEX_POINT('',#1312);
#1312 = CARTESIAN_POINT('',(0.99732733848,4.320652472427,9.695851318051)
  );
#1313 = VERTEX_POINT('',#1314);
#1314 = CARTESIAN_POINT('',(0.897536493604,4.320652472427,9.695851318051
    ));
#1315 = B_SPLINE_CURVE_WITH_KNOTS('',1,(#1316,#1317),.UNSPECIFIED.,.F.,
  .F.,(2,2),(-9.979084487599E-02,-0.),.PIECEWISE_BEZIER_KNOTS.);
#1316 = CARTESIAN_POINT('',(0.99732733848,4.320652472427,9.695851318051)
  );
#1317 = CARTESIAN_POINT('',(0.897536493604,4.320652472427,9.695851318051
    ));
#1318 = ORIENTED_EDGE('',*,*,#1319,.F.);
#1319 = EDGE_CURVE('',#1320,#1311,#1322,.T.);
#1320 = VERTEX_POINT('',#1321);
#1321 = CARTESIAN_POINT('',(0.99732733848,4.292818378108,9.695851318051)
  );
#1322 = B_SPLINE_CURVE_WITH_KNOTS('',1,(#1323,#1324),.UNSPECIFIED.,.F.,
  .F.,(2,2),(-2.783409431819E-02,0.),.PIECEWISE_BEZIER_KNOTS.);
#1323 = CARTESIAN_POINT('',(0.99732733848,4.292818378108,9.695851318051)
  );
#1324 = CARTESIAN_POINT('',(0.99732733848,4.320652472427,9.695851318051)
  );
#1325 = ORIENTED_EDGE('',*,*,#1326,.F.);
#1326 = EDGE_CURVE('',#1327,#1320,#1329,.T.);
#1327 = VERTEX_POINT('',#1328);
#1328 = CARTESIAN_POINT('',(0.866020310575,4.292818378108,9.695851318051
    ));
#1329 = B_SPLINE_CURVE_WITH_KNOTS('',1,(#1330,#1331),.UNSPECIFIED.,.F.,
  .F.,(2,2),(-0.131307027904,0.),.PIECEWISE_BEZIER_KNOTS.);
#1330 = CARTESIAN_POINT('',(0.866020310575,4.292818378108,9.695851318051
    ));
#1331 = CARTESIAN_POINT('',(0.99732733848,4.292818378108,9.695851318051)
  );
#1332 = ORIENTED_EDGE('',*,*,#1333,.F.);
#1333 = EDGE_CURVE('',#1334,#1327,#1336,.T.);
#1334 = VERTEX_POINT('',#1335);
#1335 = CARTESIAN_POINT('',(0.866020310575,4.536959582084,9.695851318051
    ));
#1336 = B_SPLINE_CURVE_WITH_KNOTS('',1,(#1337,#1338),.UNSPECIFIED.,.F.,
  .F.,(2,2),(-0.244141203975,-0.),.PIECEWISE_BEZIER_KNOTS.);
#1337 = CARTESIAN_POINT('',(0.866020310575,4.536959582084,9.695851318051
    ));
#1338 = CARTESIAN_POINT('',(0.866020310575,4.292818378108,9.695851318051
    ));
#1339 = ORIENTED_EDGE('',*,*,#1340,.F.);
#1340 = EDGE_CURVE('',#1341,#1334,#1343,.T.);
#1341 = VERTEX_POINT('',#1342);
#1342 = CARTESIAN_POINT('',(0.991773001273,4.536959582084,9.695851318051
    ));
#1343 = B_SPLINE_CURVE_WITH_KNOTS('',1,(#1344,#1345),.UNSPECIFIED.,.F.,
  .F.,(2,2),(-0.125752690698,-0.),.PIECEWISE_BEZIER_KNOTS.);
#1344 = CARTESIAN_POINT('',(0.991773001273,4.536959582084,9.695851318051
    ));
#1345 = CARTESIAN_POINT('',(0.866020310575,4.536959582084,9.695851318051
    ));
#1346 = ORIENTED_EDGE('',*,*,#1347,.F.);
#1347 = EDGE_CURVE('',#1348,#1341,#1350,.T.);
#1348 = VERTEX_POINT('',#1349);
#1349 = CARTESIAN_POINT('',(0.991773001273,4.508875854633,9.695851318051
    ));
#1350 = B_SPLINE_CURVE_WITH_KNOTS('',1,(#1351,#1352),.UNSPECIFIED.,.F.,
  .F.,(2,2),(-2.80837274508E-02,0.),.PIECEWISE_BEZIER_KNOTS.);
#1351 = CARTESIAN_POINT('',(0.991773001273,4.508875854633,9.695851318051
    ));
#1352 = CARTESIAN_POINT('',(0.991773001273,4.536959582084,9.695851318051
    ));
#1353 = ORIENTED_EDGE('',*,*,#1354,.F.);
#1354 = EDGE_CURVE('',#1355,#1348,#1357,.T.);
#1355 = VERTEX_POINT('',#1356);
#1356 = CARTESIAN_POINT('',(0.897536493604,4.508875854633,9.695851318051
    ));
#1357 = B_SPLINE_CURVE_WITH_KNOTS('',1,(#1358,#1359),.UNSPECIFIED.,.F.,
  .F.,(2,2),(-9.423650766949E-02,0.),.PIECEWISE_BEZIER_KNOTS.);
#1358 = CARTESIAN_POINT('',(0.897536493604,4.508875854633,9.695851318051
    ));
#1359 = CARTESIAN_POINT('',(0.991773001273,4.508875854633,9.695851318051
    ));
#1360 = ORIENTED_EDGE('',*,*,#1361,.F.);
#1361 = EDGE_CURVE('',#1362,#1355,#1364,.T.);
#1362 = VERTEX_POINT('',#1363);
#1363 = CARTESIAN_POINT('',(0.897536493604,4.430740684035,9.695851318051
    ));
#1364 = B_SPLINE_CURVE_WITH_KNOTS('',1,(#1365,#1366),.UNSPECIFIED.,.F.,
  .F.,(2,2),(-7.813517059834E-02,0.),.PIECEWISE_BEZIER_KNOTS.);
#1365 = CARTESIAN_POINT('',(0.897536493604,4.430740684035,9.695851318051
    ));
#1366 = CARTESIAN_POINT('',(0.897536493604,4.508875854633,9.695851318051
    ));
#1367 = ORIENTED_EDGE('',*,*,#1368,.F.);
#1368 = EDGE_CURVE('',#1369,#1362,#1371,.T.);
#1369 = VERTEX_POINT('',#1370);
#1370 = CARTESIAN_POINT('',(0.984845681835,4.430740684035,9.695851318051
    ));
#1371 = B_SPLINE_CURVE_WITH_KNOTS('',1,(#1372,#1373),.UNSPECIFIED.,.F.,
  .F.,(2,2),(-8.73091882311E-02,-0.),.PIECEWISE_BEZIER_KNOTS.);
#1372 = CARTESIAN_POINT('',(0.984845681835,4.430740684035,9.695851318051
    ));
#1373 = CARTESIAN_POINT('',(0.897536493604,4.430740684035,9.695851318051
    ));
#1374 = ORIENTED_EDGE('',*,*,#1375,.F.);
#1375 = EDGE_CURVE('',#1376,#1369,#1378,.T.);
#1376 = VERTEX_POINT('',#1377);
#1377 = CARTESIAN_POINT('',(0.984845681835,4.40278177315,9.695851318051)
  );
#1378 = B_SPLINE_CURVE_WITH_KNOTS('',1,(#1379,#1380),.UNSPECIFIED.,.F.,
  .F.,(2,2),(-2.795891088449E-02,0.),.PIECEWISE_BEZIER_KNOTS.);
#1379 = CARTESIAN_POINT('',(0.984845681835,4.40278177315,9.695851318051)
  );
#1380 = CARTESIAN_POINT('',(0.984845681835,4.430740684035,9.695851318051
    ));
#1381 = ORIENTED_EDGE('',*,*,#1382,.F.);
#1382 = EDGE_CURVE('',#1383,#1376,#1385,.T.);
#1383 = VERTEX_POINT('',#1384);
#1384 = CARTESIAN_POINT('',(0.897536493604,4.40278177315,9.695851318051)
  );
#1385 = B_SPLINE_CURVE_WITH_KNOTS('',1,(#1386,#1387),.UNSPECIFIED.,.F.,
  .F.,(2,2),(-8.73091882311E-02,0.),.PIECEWISE_BEZIER_KNOTS.);
#1386 = CARTESIAN_POINT('',(0.897536493604,4.40278177315,9.695851318051)
  );
#1387 = CARTESIAN_POINT('',(0.984845681835,4.40278177315,9.695851318051)
  );
#1388 = ORIENTED_EDGE('',*,*,#1389,.F.);
#1389 = EDGE_CURVE('',#1313,#1383,#1390,.T.);
#1390 = B_SPLINE_CURVE_WITH_KNOTS('',1,(#1391,#1392),.UNSPECIFIED.,.F.,
  .F.,(2,2),(-8.212930072351E-02,0.),.PIECEWISE_BEZIER_KNOTS.);
#1391 = CARTESIAN_POINT('',(0.897536493604,4.320652472427,9.695851318051
    ));
#1392 = CARTESIAN_POINT('',(0.897536493604,4.40278177315,9.695851318051)
  );
#1393 = FACE_BOUND('',#1394,.T.);
#1394 = EDGE_LOOP('',(#1395,#1404,#1411,#1418,#1425,#1432,#1439,#1446));
#1395 = ORIENTED_EDGE('',*,*,#1396,.F.);
#1396 = EDGE_CURVE('',#1397,#1399,#1401,.T.);
#1397 = VERTEX_POINT('',#1398);
#1398 = CARTESIAN_POINT('',(1.382448854261,4.536959582084,9.695851318051
    ));
#1399 = VERTEX_POINT('',#1400);
#1400 = CARTESIAN_POINT('',(1.348748381319,4.536959582084,9.695851318051
    ));
#1401 = B_SPLINE_CURVE_WITH_KNOTS('',1,(#1402,#1403),.UNSPECIFIED.,.F.,
  .F.,(2,2),(-3.370047294129E-02,-0.),.PIECEWISE_BEZIER_KNOTS.);
#1402 = CARTESIAN_POINT('',(1.382448854261,4.536959582084,9.695851318051
    ));
#1403 = CARTESIAN_POINT('',(1.348748381319,4.536959582084,9.695851318051
    ));
#1404 = ORIENTED_EDGE('',*,*,#1405,.F.);
#1405 = EDGE_CURVE('',#1406,#1397,#1408,.T.);
#1406 = VERTEX_POINT('',#1407);
#1407 = CARTESIAN_POINT('',(1.475437196266,4.292818378108,9.695851318051
    ));
#1408 = B_SPLINE_CURVE_WITH_KNOTS('',1,(#1409,#1410),.UNSPECIFIED.,.F.,
  .F.,(2,2),(-0.261250376512,0.),.PIECEWISE_BEZIER_KNOTS.);
#1409 = CARTESIAN_POINT('',(1.475437196266,4.292818378108,9.695851318051
    ));
#1410 = CARTESIAN_POINT('',(1.382448854261,4.536959582084,9.695851318051
    ));
#1411 = ORIENTED_EDGE('',*,*,#1412,.F.);
#1412 = EDGE_CURVE('',#1413,#1406,#1415,.T.);
#1413 = VERTEX_POINT('',#1414);
#1414 = CARTESIAN_POINT('',(1.440613374227,4.292818378108,9.695851318051
    ));
#1415 = B_SPLINE_CURVE_WITH_KNOTS('',1,(#1416,#1417),.UNSPECIFIED.,.F.,
  .F.,(2,2),(-3.482382203972E-02,0.),.PIECEWISE_BEZIER_KNOTS.);
#1416 = CARTESIAN_POINT('',(1.440613374227,4.292818378108,9.695851318051
    ));
#1417 = CARTESIAN_POINT('',(1.475437196266,4.292818378108,9.695851318051
    ));
#1418 = ORIENTED_EDGE('',*,*,#1419,.F.);
#1419 = EDGE_CURVE('',#1420,#1413,#1422,.T.);
#1420 = VERTEX_POINT('',#1421);
#1421 = CARTESIAN_POINT('',(1.41571246922,4.35959524116,9.695851318051)
  );
#1422 = B_SPLINE_CURVE_WITH_KNOTS('',1,(#1423,#1424),.UNSPECIFIED.,.F.,
  .F.,(2,2),(-7.126853800302E-02,0.),.PIECEWISE_BEZIER_KNOTS.);
#1423 = CARTESIAN_POINT('',(1.41571246922,4.35959524116,9.695851318051)
  );
#1424 = CARTESIAN_POINT('',(1.440613374227,4.292818378108,9.695851318051
    ));
#1425 = ORIENTED_EDGE('',*,*,#1426,.F.);
#1426 = EDGE_CURVE('',#1427,#1420,#1429,.T.);
#1427 = VERTEX_POINT('',#1428);
#1428 = CARTESIAN_POINT('',(1.314049375846,4.35959524116,9.695851318051)
  );
#1429 = B_SPLINE_CURVE_WITH_KNOTS('',1,(#1430,#1431),.UNSPECIFIED.,.F.,
  .F.,(2,2),(-0.101663093374,0.),.PIECEWISE_BEZIER_KNOTS.);
#1430 = CARTESIAN_POINT('',(1.314049375846,4.35959524116,9.695851318051)
  );
#1431 = CARTESIAN_POINT('',(1.41571246922,4.35959524116,9.695851318051)
  );
#1432 = ORIENTED_EDGE('',*,*,#1433,.F.);
#1433 = EDGE_CURVE('',#1434,#1427,#1436,.T.);
#1434 = VERTEX_POINT('',#1435);
#1435 = CARTESIAN_POINT('',(1.290583861354,4.292818378108,9.695851318051
    ));
#1436 = B_SPLINE_CURVE_WITH_KNOTS('',1,(#1437,#1438),.UNSPECIFIED.,.F.,
  .F.,(2,2),(-7.077979803117E-02,0.),.PIECEWISE_BEZIER_KNOTS.);
#1437 = CARTESIAN_POINT('',(1.290583861354,4.292818378108,9.695851318051
    ));
#1438 = CARTESIAN_POINT('',(1.314049375846,4.35959524116,9.695851318051)
  );
#1439 = ORIENTED_EDGE('',*,*,#1440,.F.);
#1440 = EDGE_CURVE('',#1441,#1434,#1443,.T.);
#1441 = VERTEX_POINT('',#1442);
#1442 = CARTESIAN_POINT('',(1.255760039316,4.292818378108,9.695851318051
    ));
#1443 = B_SPLINE_CURVE_WITH_KNOTS('',1,(#1444,#1445),.UNSPECIFIED.,.F.,
  .F.,(2,2),(-3.482382203806E-02,0.),.PIECEWISE_BEZIER_KNOTS.);
#1444 = CARTESIAN_POINT('',(1.255760039316,4.292818378108,9.695851318051
    ));
#1445 = CARTESIAN_POINT('',(1.290583861354,4.292818378108,9.695851318051
    ));
#1446 = ORIENTED_EDGE('',*,*,#1447,.F.);
#1447 = EDGE_CURVE('',#1399,#1441,#1448,.T.);
#1448 = B_SPLINE_CURVE_WITH_KNOTS('',1,(#1449,#1450),.UNSPECIFIED.,.F.,
  .F.,(2,2),(-0.261250376511,-0.),.PIECEWISE_BEZIER_KNOTS.);
#1449 = CARTESIAN_POINT('',(1.348748381319,4.536959582084,9.695851318051
    ));
#1450 = CARTESIAN_POINT('',(1.255760039316,4.292818378108,9.695851318051
    ));
#1451 = FACE_BOUND('',#1452,.T.);
#1452 = EDGE_LOOP('',(#1453,#1462,#1469,#1476,#1483,#1490,#1497,#1504,
    #1511,#1518,#1525,#1532));
#1453 = ORIENTED_EDGE('',*,*,#1454,.F.);
#1454 = EDGE_CURVE('',#1455,#1457,#1459,.T.);
#1455 = VERTEX_POINT('',#1456);
#1456 = CARTESIAN_POINT('',(0.62693417754,3.933346666734,9.695851318051)
  );
#1457 = VERTEX_POINT('',#1458);
#1458 = CARTESIAN_POINT('',(0.527143332664,3.933346666734,9.695851318051
    ));
#1459 = B_SPLINE_CURVE_WITH_KNOTS('',1,(#1460,#1461),.UNSPECIFIED.,.F.,
  .F.,(2,2),(-9.979084487682E-02,-0.),.PIECEWISE_BEZIER_KNOTS.);
#1460 = CARTESIAN_POINT('',(0.62693417754,3.933346666734,9.695851318051)
  );
#1461 = CARTESIAN_POINT('',(0.527143332664,3.933346666734,9.695851318051
    ));
#1462 = ORIENTED_EDGE('',*,*,#1463,.F.);
#1463 = EDGE_CURVE('',#1464,#1455,#1466,.T.);
#1464 = VERTEX_POINT('',#1465);
#1465 = CARTESIAN_POINT('',(0.62693417754,3.905512572415,9.695851318051)
  );
#1466 = B_SPLINE_CURVE_WITH_KNOTS('',1,(#1467,#1468),.UNSPECIFIED.,.F.,
  .F.,(2,2),(-2.783409431819E-02,0.),.PIECEWISE_BEZIER_KNOTS.);
#1467 = CARTESIAN_POINT('',(0.62693417754,3.905512572415,9.695851318051)
  );
#1468 = CARTESIAN_POINT('',(0.62693417754,3.933346666734,9.695851318051)
  );
#1469 = ORIENTED_EDGE('',*,*,#1470,.F.);
#1470 = EDGE_CURVE('',#1471,#1464,#1473,.T.);
#1471 = VERTEX_POINT('',#1472);
#1472 = CARTESIAN_POINT('',(0.495627149635,3.905512572415,9.695851318051
    ));
#1473 = B_SPLINE_CURVE_WITH_KNOTS('',1,(#1474,#1475),.UNSPECIFIED.,.F.,
  .F.,(2,2),(-0.131307027905,0.),.PIECEWISE_BEZIER_KNOTS.);
#1474 = CARTESIAN_POINT('',(0.495627149635,3.905512572415,9.695851318051
    ));
#1475 = CARTESIAN_POINT('',(0.62693417754,3.905512572415,9.695851318051)
  );
#1476 = ORIENTED_EDGE('',*,*,#1477,.F.);
#1477 = EDGE_CURVE('',#1478,#1471,#1480,.T.);
#1478 = VERTEX_POINT('',#1479);
#1479 = CARTESIAN_POINT('',(0.495627149635,4.149653776391,9.695851318051
    ));
#1480 = B_SPLINE_CURVE_WITH_KNOTS('',1,(#1481,#1482),.UNSPECIFIED.,.F.,
  .F.,(2,2),(-0.244141203975,-0.),.PIECEWISE_BEZIER_KNOTS.);
#1481 = CARTESIAN_POINT('',(0.495627149635,4.149653776391,9.695851318051
    ));
#1482 = CARTESIAN_POINT('',(0.495627149635,3.905512572415,9.695851318051
    ));
#1483 = ORIENTED_EDGE('',*,*,#1484,.F.);
#1484 = EDGE_CURVE('',#1485,#1478,#1487,.T.);
#1485 = VERTEX_POINT('',#1486);
#1486 = CARTESIAN_POINT('',(0.621379840333,4.149653776391,9.695851318051
    ));
#1487 = B_SPLINE_CURVE_WITH_KNOTS('',1,(#1488,#1489),.UNSPECIFIED.,.F.,
  .F.,(2,2),(-0.125752690698,-0.),.PIECEWISE_BEZIER_KNOTS.);
#1488 = CARTESIAN_POINT('',(0.621379840333,4.149653776391,9.695851318051
    ));
#1489 = CARTESIAN_POINT('',(0.495627149635,4.149653776391,9.695851318051
    ));
#1490 = ORIENTED_EDGE('',*,*,#1491,.F.);
#1491 = EDGE_CURVE('',#1492,#1485,#1494,.T.);
#1492 = VERTEX_POINT('',#1493);
#1493 = CARTESIAN_POINT('',(0.621379840333,4.12157004894,9.695851318051)
  );
#1494 = B_SPLINE_CURVE_WITH_KNOTS('',1,(#1495,#1496),.UNSPECIFIED.,.F.,
  .F.,(2,2),(-2.80837274508E-02,0.),.PIECEWISE_BEZIER_KNOTS.);
#1495 = CARTESIAN_POINT('',(0.621379840333,4.12157004894,9.695851318051)
  );
#1496 = CARTESIAN_POINT('',(0.621379840333,4.149653776391,9.695851318051
    ));
#1497 = ORIENTED_EDGE('',*,*,#1498,.F.);
#1498 = EDGE_CURVE('',#1499,#1492,#1501,.T.);
#1499 = VERTEX_POINT('',#1500);
#1500 = CARTESIAN_POINT('',(0.527143332664,4.12157004894,9.695851318051)
  );
#1501 = B_SPLINE_CURVE_WITH_KNOTS('',1,(#1502,#1503),.UNSPECIFIED.,.F.,
  .F.,(2,2),(-9.423650766948E-02,0.),.PIECEWISE_BEZIER_KNOTS.);
#1502 = CARTESIAN_POINT('',(0.527143332664,4.12157004894,9.695851318051)
  );
#1503 = CARTESIAN_POINT('',(0.621379840333,4.12157004894,9.695851318051)
  );
#1504 = ORIENTED_EDGE('',*,*,#1505,.F.);
#1505 = EDGE_CURVE('',#1506,#1499,#1508,.T.);
#1506 = VERTEX_POINT('',#1507);
#1507 = CARTESIAN_POINT('',(0.527143332664,4.043434878342,9.695851318051
    ));
#1508 = B_SPLINE_CURVE_WITH_KNOTS('',1,(#1509,#1510),.UNSPECIFIED.,.F.,
  .F.,(2,2),(-7.813517059835E-02,0.),.PIECEWISE_BEZIER_KNOTS.);
#1509 = CARTESIAN_POINT('',(0.527143332664,4.043434878342,9.695851318051
    ));
#1510 = CARTESIAN_POINT('',(0.527143332664,4.12157004894,9.695851318051)
  );
#1511 = ORIENTED_EDGE('',*,*,#1512,.F.);
#1512 = EDGE_CURVE('',#1513,#1506,#1515,.T.);
#1513 = VERTEX_POINT('',#1514);
#1514 = CARTESIAN_POINT('',(0.614452520895,4.043434878342,9.695851318051
    ));
#1515 = B_SPLINE_CURVE_WITH_KNOTS('',1,(#1516,#1517),.UNSPECIFIED.,.F.,
  .F.,(2,2),(-8.730918823192E-02,-0.),.PIECEWISE_BEZIER_KNOTS.);
#1516 = CARTESIAN_POINT('',(0.614452520895,4.043434878342,9.695851318051
    ));
#1517 = CARTESIAN_POINT('',(0.527143332664,4.043434878342,9.695851318051
    ));
#1518 = ORIENTED_EDGE('',*,*,#1519,.F.);
#1519 = EDGE_CURVE('',#1520,#1513,#1522,.T.);
#1520 = VERTEX_POINT('',#1521);
#1521 = CARTESIAN_POINT('',(0.614452520895,4.015475967457,9.695851318051
    ));
#1522 = B_SPLINE_CURVE_WITH_KNOTS('',1,(#1523,#1524),.UNSPECIFIED.,.F.,
  .F.,(2,2),(-2.795891088449E-02,0.),.PIECEWISE_BEZIER_KNOTS.);
#1523 = CARTESIAN_POINT('',(0.614452520895,4.015475967457,9.695851318051
    ));
#1524 = CARTESIAN_POINT('',(0.614452520895,4.043434878342,9.695851318051
    ));
#1525 = ORIENTED_EDGE('',*,*,#1526,.F.);
#1526 = EDGE_CURVE('',#1527,#1520,#1529,.T.);
#1527 = VERTEX_POINT('',#1528);
#1528 = CARTESIAN_POINT('',(0.527143332664,4.015475967457,9.695851318051
    ));
#1529 = B_SPLINE_CURVE_WITH_KNOTS('',1,(#1530,#1531),.UNSPECIFIED.,.F.,
  .F.,(2,2),(-8.730918823192E-02,0.),.PIECEWISE_BEZIER_KNOTS.);
#1530 = CARTESIAN_POINT('',(0.527143332664,4.015475967457,9.695851318051
    ));
#1531 = CARTESIAN_POINT('',(0.614452520895,4.015475967457,9.695851318051
    ));
#1532 = ORIENTED_EDGE('',*,*,#1533,.F.);
#1533 = EDGE_CURVE('',#1457,#1527,#1534,.T.);
#1534 = B_SPLINE_CURVE_WITH_KNOTS('',1,(#1535,#1536),.UNSPECIFIED.,.F.,
  .F.,(2,2),(-8.21293007235E-02,0.),.PIECEWISE_BEZIER_KNOTS.);
#1535 = CARTESIAN_POINT('',(0.527143332664,3.933346666734,9.695851318051
    ));
#1536 = CARTESIAN_POINT('',(0.527143332664,4.015475967457,9.695851318051
    ));
#1537 = FACE_BOUND('',#1538,.T.);
#1538 = EDGE_LOOP('',(#1539,#1550,#1557,#1564,#1571,#1580,#1589));
#1539 = ORIENTED_EDGE('',*,*,#1540,.F.);
#1540 = EDGE_CURVE('',#1541,#1543,#1545,.T.);
#1541 = VERTEX_POINT('',#1542);
#1542 = CARTESIAN_POINT('',(1.416336552053,3.905512572415,9.695851318051
    ));
#1543 = VERTEX_POINT('',#1544);
#1544 = CARTESIAN_POINT('',(1.51113473427,3.939712311622,9.695851318051)
  );
#1545 = B_SPLINE_CURVE_WITH_KNOTS('',3,(#1546,#1547,#1548,#1549),
  .UNSPECIFIED.,.F.,.F.,(4,4),(5.,6.),.PIECEWISE_BEZIER_KNOTS.);
#1546 = CARTESIAN_POINT('',(1.416336552053,3.905512572415,9.695851318051
    ));
#1547 = CARTESIAN_POINT('',(1.454967279369,3.905512572415,9.695851318051
    ));
#1548 = CARTESIAN_POINT('',(1.486608278964,3.916870879961,9.695851318051
    ));
#1549 = CARTESIAN_POINT('',(1.51113473427,3.939712311622,9.695851318051)
  );
#1550 = ORIENTED_EDGE('',*,*,#1551,.F.);
#1551 = EDGE_CURVE('',#1552,#1541,#1554,.T.);
#1552 = VERTEX_POINT('',#1553);
#1553 = CARTESIAN_POINT('',(1.349185239303,3.905512572415,9.695851318051
    ));
#1554 = B_SPLINE_CURVE_WITH_KNOTS('',1,(#1555,#1556),.UNSPECIFIED.,.F.,
  .F.,(2,2),(-6.715131274997E-02,0.),.PIECEWISE_BEZIER_KNOTS.);
#1555 = CARTESIAN_POINT('',(1.349185239303,3.905512572415,9.695851318051
    ));
#1556 = CARTESIAN_POINT('',(1.416336552053,3.905512572415,9.695851318051
    ));
#1557 = ORIENTED_EDGE('',*,*,#1558,.F.);
#1558 = EDGE_CURVE('',#1559,#1552,#1561,.T.);
#1559 = VERTEX_POINT('',#1560);
#1560 = CARTESIAN_POINT('',(1.349185239303,4.149653776391,9.695851318051
    ));
#1561 = B_SPLINE_CURVE_WITH_KNOTS('',1,(#1562,#1563),.UNSPECIFIED.,.F.,
  .F.,(2,2),(-0.244141203975,-0.),.PIECEWISE_BEZIER_KNOTS.);
#1562 = CARTESIAN_POINT('',(1.349185239303,4.149653776391,9.695851318051
    ));
#1563 = CARTESIAN_POINT('',(1.349185239303,3.905512572415,9.695851318051
    ));
#1564 = ORIENTED_EDGE('',*,*,#1565,.F.);
#1565 = EDGE_CURVE('',#1566,#1559,#1568,.T.);
#1566 = VERTEX_POINT('',#1567);
#1567 = CARTESIAN_POINT('',(1.418832883381,4.149653776391,9.695851318051
    ));
#1568 = B_SPLINE_CURVE_WITH_KNOTS('',1,(#1569,#1570),.UNSPECIFIED.,.F.,
  .F.,(2,2),(-6.964764407778E-02,-0.),.PIECEWISE_BEZIER_KNOTS.);
#1569 = CARTESIAN_POINT('',(1.418832883381,4.149653776391,9.695851318051
    ));
#1570 = CARTESIAN_POINT('',(1.349185239303,4.149653776391,9.695851318051
    ));
#1571 = ORIENTED_EDGE('',*,*,#1572,.F.);
#1572 = EDGE_CURVE('',#1573,#1566,#1575,.T.);
#1573 = VERTEX_POINT('',#1574);
#1574 = CARTESIAN_POINT('',(1.51113473427,4.11732628568,9.695851318051)
  );
#1575 = B_SPLINE_CURVE_WITH_KNOTS('',3,(#1576,#1577,#1578,#1579),
  .UNSPECIFIED.,.F.,.F.,(4,4),(2.,3.),.PIECEWISE_BEZIER_KNOTS.);
#1576 = CARTESIAN_POINT('',(1.51113473427,4.11732628568,9.695851318051)
  );
#1577 = CARTESIAN_POINT('',(1.486608278964,4.138919551675,9.695851318051
    ));
#1578 = CARTESIAN_POINT('',(1.455840995333,4.149653776391,9.695851318051
    ));
#1579 = CARTESIAN_POINT('',(1.418832883381,4.149653776391,9.695851318051
    ));
#1580 = ORIENTED_EDGE('',*,*,#1581,.F.);
#1581 = EDGE_CURVE('',#1582,#1573,#1584,.T.);
#1582 = VERTEX_POINT('',#1583);
#1583 = CARTESIAN_POINT('',(1.547955621374,4.030703588563,9.695851318051
    ));
#1584 = B_SPLINE_CURVE_WITH_KNOTS('',3,(#1585,#1586,#1587,#1588),
  .UNSPECIFIED.,.F.,.F.,(4,4),(3.,4.),.PIECEWISE_BEZIER_KNOTS.);
#1585 = CARTESIAN_POINT('',(1.547955621374,4.030703588563,9.695851318051
    ));
#1586 = CARTESIAN_POINT('',(1.547955621374,4.066900392834,9.695851318051
    ));
#1587 = CARTESIAN_POINT('',(1.535661189578,4.095733019684,9.695851318051
    ));
#1588 = CARTESIAN_POINT('',(1.51113473427,4.11732628568,9.695851318051)
  );
#1589 = ORIENTED_EDGE('',*,*,#1590,.F.);
#1590 = EDGE_CURVE('',#1543,#1582,#1591,.T.);
#1591 = B_SPLINE_CURVE_WITH_KNOTS('',3,(#1592,#1593,#1594,#1595),
  .UNSPECIFIED.,.F.,.F.,(4,4),(4.,5.),.PIECEWISE_BEZIER_KNOTS.);
#1592 = CARTESIAN_POINT('',(1.51113473427,3.939712311622,9.695851318051)
  );
#1593 = CARTESIAN_POINT('',(1.535661189578,3.962553743283,9.695851318051
    ));
#1594 = CARTESIAN_POINT('',(1.547955621374,3.992884168929,9.695851318051
    ));
#1595 = CARTESIAN_POINT('',(1.547955621374,4.030703588563,9.695851318051
    ));
#1596 = FACE_BOUND('',#1597,.T.);
#1597 = EDGE_LOOP('',(#1598,#1609,#1618,#1627,#1636,#1643,#1652,#1661,
    #1670,#1677,#1686,#1695,#1704,#1713,#1722,#1731,#1740,#1749,#1758,
    #1767,#1774,#1781,#1788,#1797,#1806,#1815,#1824,#1833,#1842,#1851,
    #1860,#1869,#1878));
#1598 = ORIENTED_EDGE('',*,*,#1599,.F.);
#1599 = EDGE_CURVE('',#1600,#1602,#1604,.T.);
#1600 = VERTEX_POINT('',#1601);
#1601 = CARTESIAN_POINT('',(0.123834198615,4.375072737914,9.695851318051
    ));
#1602 = VERTEX_POINT('',#1603);
#1603 = CARTESIAN_POINT('',(3.009994659202E-02,4.512202439889,
    9.695851318051));
#1604 = B_SPLINE_CURVE_WITH_KNOTS('',3,(#1605,#1606,#1607,#1608),
  .UNSPECIFIED.,.F.,.F.,(4,4),(0.,1.),.PIECEWISE_BEZIER_KNOTS.);
#1605 = CARTESIAN_POINT('',(0.123834198615,4.375072737914,9.695851318051
    ));
#1606 = CARTESIAN_POINT('',(0.104740216196,4.427147307655,9.695851318051
    ));
#1607 = CARTESIAN_POINT('',(7.175962887224E-02,4.474014417113,
    9.695851318051));
#1608 = CARTESIAN_POINT('',(3.009994659202E-02,4.512202439889,
    9.695851318051));
#1609 = ORIENTED_EDGE('',*,*,#1610,.F.);
#1610 = EDGE_CURVE('',#1611,#1600,#1613,.T.);
#1611 = VERTEX_POINT('',#1612);
#1612 = CARTESIAN_POINT('',(0.295680239034,4.147680509633,9.695851318051
    ));
#1613 = B_SPLINE_CURVE_WITH_KNOTS('',3,(#1614,#1615,#1616,#1617),
  .UNSPECIFIED.,.F.,.F.,(4,4),(35.,36.),.PIECEWISE_BEZIER_KNOTS.);
#1614 = CARTESIAN_POINT('',(0.295680239034,4.147680509633,9.695851318051
    ));
#1615 = CARTESIAN_POINT('',(0.293944446529,4.251829582901,9.695851318051
    ));
#1616 = CARTESIAN_POINT('',(0.222775828152,4.34382800931,9.695851318051)
  );
#1617 = CARTESIAN_POINT('',(0.123834198615,4.375072737914,9.695851318051
    ));
#1618 = ORIENTED_EDGE('',*,*,#1619,.F.);
#1619 = EDGE_CURVE('',#1620,#1611,#1622,.T.);
#1620 = VERTEX_POINT('',#1621);
#1621 = CARTESIAN_POINT('',(0.231454923108,3.982777705449,9.695851318051
    ));
#1622 = B_SPLINE_CURVE_WITH_KNOTS('',3,(#1623,#1624,#1625,#1626),
  .UNSPECIFIED.,.F.,.F.,(4,4),(34.,35.),.PIECEWISE_BEZIER_KNOTS.);
#1623 = CARTESIAN_POINT('',(0.231454923108,3.982777705449,9.695851318051
    ));
#1624 = CARTESIAN_POINT('',(0.273114605389,4.027908972739,9.695851318051
    ));
#1625 = CARTESIAN_POINT('',(0.295680239034,4.086926844934,9.695851318051
    ));
#1626 = CARTESIAN_POINT('',(0.295680239034,4.147680509633,9.695851318051
    ));
#1627 = ORIENTED_EDGE('',*,*,#1628,.F.);
#1628 = EDGE_CURVE('',#1629,#1620,#1631,.T.);
#1629 = VERTEX_POINT('',#1630);
#1630 = CARTESIAN_POINT('',(7.34954213776E-02,3.904665850835,
    9.695851318051));
#1631 = B_SPLINE_CURVE_WITH_KNOTS('',3,(#1632,#1633,#1634,#1635),
  .UNSPECIFIED.,.F.,.F.,(4,4),(33.,34.),.PIECEWISE_BEZIER_KNOTS.);
#1632 = CARTESIAN_POINT('',(7.34954213776E-02,3.904665850835,
    9.695851318051));
#1633 = CARTESIAN_POINT('',(0.134249086076,3.909873294566,9.695851318051
    ));
#1634 = CARTESIAN_POINT('',(0.189795307045,3.937646438159,9.695851318051
    ));
#1635 = CARTESIAN_POINT('',(0.231454923108,3.982777705449,9.695851318051
    ));
#1636 = ORIENTED_EDGE('',*,*,#1637,.F.);
#1637 = EDGE_CURVE('',#1638,#1629,#1640,.T.);
#1638 = VERTEX_POINT('',#1639);
#1639 = CARTESIAN_POINT('',(-2.891785938636E-02,3.904665850835,
    9.695851318051));
#1640 = B_SPLINE_CURVE_WITH_KNOTS('',1,(#1641,#1642),.UNSPECIFIED.,.F.,
  .F.,(2,2),(-9.720583703247E-02,5.207443731485E-03),
  .PIECEWISE_BEZIER_KNOTS.);
#1641 = CARTESIAN_POINT('',(-2.891785938636E-02,3.904665850835,
    9.695851318051));
#1642 = CARTESIAN_POINT('',(7.34954213776E-02,3.904665850835,
    9.695851318051));
#1643 = ORIENTED_EDGE('',*,*,#1644,.F.);
#1644 = EDGE_CURVE('',#1645,#1638,#1647,.T.);
#1645 = VERTEX_POINT('',#1646);
#1646 = CARTESIAN_POINT('',(-7.925663662336E-02,3.958476213083,
    9.695851318051));
#1647 = B_SPLINE_CURVE_WITH_KNOTS('',3,(#1648,#1649,#1650,#1651),
  .UNSPECIFIED.,.F.,.F.,(4,4),(28.,29.),.PIECEWISE_BEZIER_KNOTS.);
#1648 = CARTESIAN_POINT('',(-7.925663662336E-02,3.958476213083,
    9.695851318051));
#1649 = CARTESIAN_POINT('',(-7.925663662336E-02,3.930703135707,
    9.695851318051));
#1650 = CARTESIAN_POINT('',(-5.669100297914E-02,3.906401643339,
    9.695851318051));
#1651 = CARTESIAN_POINT('',(-2.891785938636E-02,3.904665850835,
    9.695851318051));
#1652 = ORIENTED_EDGE('',*,*,#1653,.F.);
#1653 = EDGE_CURVE('',#1654,#1645,#1656,.T.);
#1654 = VERTEX_POINT('',#1655);
#1655 = CARTESIAN_POINT('',(-2.544627437648E-02,4.01228657533,
    9.695851318051));
#1656 = B_SPLINE_CURVE_WITH_KNOTS('',3,(#1657,#1658,#1659,#1660),
  .UNSPECIFIED.,.F.,.F.,(4,4),(27.,28.),.PIECEWISE_BEZIER_KNOTS.);
#1657 = CARTESIAN_POINT('',(-2.544627437648E-02,4.01228657533,
    9.695851318051));
#1658 = CARTESIAN_POINT('',(-5.495521047379E-02,4.01228657533,
    9.695851318051));
#1659 = CARTESIAN_POINT('',(-7.925663662336E-02,3.987985082964,
    9.695851318051));
#1660 = CARTESIAN_POINT('',(-7.925663662336E-02,3.958476213083,
    9.695851318051));
#1661 = ORIENTED_EDGE('',*,*,#1662,.F.);
#1662 = EDGE_CURVE('',#1663,#1654,#1665,.T.);
#1663 = VERTEX_POINT('',#1664);
#1664 = CARTESIAN_POINT('',(-1.503138691434E-02,4.010550782825,
    9.695851318051));
#1665 = B_SPLINE_CURVE_WITH_KNOTS('',3,(#1666,#1667,#1668,#1669),
  .UNSPECIFIED.,.F.,.F.,(4,4),(26.,27.),.PIECEWISE_BEZIER_KNOTS.);
#1666 = CARTESIAN_POINT('',(-1.503138691434E-02,4.010550782825,
    9.695851318051));
#1667 = CARTESIAN_POINT('',(-1.850303814046E-02,4.010550782825,
    9.695851318051));
#1668 = CARTESIAN_POINT('',(-2.197468936659E-02,4.01228657533,
    9.695851318051));
#1669 = CARTESIAN_POINT('',(-2.544627437648E-02,4.01228657533,
    9.695851318051));
#1670 = ORIENTED_EDGE('',*,*,#1671,.F.);
#1671 = EDGE_CURVE('',#1672,#1663,#1674,.T.);
#1672 = VERTEX_POINT('',#1673);
#1673 = CARTESIAN_POINT('',(6.308046769921E-02,4.010550782825,
    9.695851318051));
#1674 = B_SPLINE_CURVE_WITH_KNOTS('',1,(#1675,#1676),.UNSPECIFIED.,.F.,
  .F.,(2,2),(1.025195930059E-16,7.811185461355E-02),
  .PIECEWISE_BEZIER_KNOTS.);
#1675 = CARTESIAN_POINT('',(6.308046769921E-02,4.010550782825,
    9.695851318051));
#1676 = CARTESIAN_POINT('',(-1.503138691434E-02,4.010550782825,
    9.695851318051));
#1677 = ORIENTED_EDGE('',*,*,#1678,.F.);
#1678 = EDGE_CURVE('',#1679,#1672,#1681,.T.);
#1679 = VERTEX_POINT('',#1680);
#1680 = CARTESIAN_POINT('',(0.188059448324,4.145944650912,9.695851318051
    ));
#1681 = B_SPLINE_CURVE_WITH_KNOTS('',3,(#1682,#1683,#1684,#1685),
  .UNSPECIFIED.,.F.,.F.,(4,4),(24.,25.),.PIECEWISE_BEZIER_KNOTS.);
#1682 = CARTESIAN_POINT('',(0.188059448324,4.145944650912,9.695851318051
    ));
#1683 = CARTESIAN_POINT('',(0.188059448324,4.074776065642,9.695851318051
    ));
#1684 = CARTESIAN_POINT('',(0.134249086076,4.015758226557,9.695851318051
    ));
#1685 = CARTESIAN_POINT('',(6.308046769921E-02,4.010550782825,
    9.695851318051));
#1686 = ORIENTED_EDGE('',*,*,#1687,.F.);
#1687 = EDGE_CURVE('',#1688,#1679,#1690,.T.);
#1688 = VERTEX_POINT('',#1689);
#1689 = CARTESIAN_POINT('',(5.266558023707E-02,4.281338518999,
    9.695851318051));
#1690 = B_SPLINE_CURVE_WITH_KNOTS('',3,(#1691,#1692,#1693,#1694),
  .UNSPECIFIED.,.F.,.F.,(4,4),(23.,24.),.PIECEWISE_BEZIER_KNOTS.);
#1691 = CARTESIAN_POINT('',(5.266558023707E-02,4.281338518999,
    9.695851318051));
#1692 = CARTESIAN_POINT('',(0.127305783624,4.281338518999,9.695851318051
    ));
#1693 = CARTESIAN_POINT('',(0.188059448324,4.220584854299,9.695851318051
    ));
#1694 = CARTESIAN_POINT('',(0.188059448324,4.145944650912,9.695851318051
    ));
#1695 = ORIENTED_EDGE('',*,*,#1696,.F.);
#1696 = EDGE_CURVE('',#1697,#1688,#1699,.T.);
#1697 = VERTEX_POINT('',#1698);
#1698 = CARTESIAN_POINT('',(3.87790415488E-02,4.281338518999,
    9.695851318051));
#1699 = B_SPLINE_CURVE_WITH_KNOTS('',3,(#1700,#1701,#1702,#1703),
  .UNSPECIFIED.,.F.,.F.,(4,4),(22.,23.),.PIECEWISE_BEZIER_KNOTS.);
#1700 = CARTESIAN_POINT('',(3.87790415488E-02,4.281338518999,
    9.695851318051));
#1701 = CARTESIAN_POINT('',(4.398648527945E-02,4.281338518999,
    9.695851318051));
#1702 = CARTESIAN_POINT('',(4.745813650558E-02,4.281338518999,
    9.695851318051));
#1703 = CARTESIAN_POINT('',(5.266558023707E-02,4.281338518999,
    9.695851318051));
#1704 = ORIENTED_EDGE('',*,*,#1705,.F.);
#1705 = EDGE_CURVE('',#1706,#1697,#1708,.T.);
#1706 = VERTEX_POINT('',#1707);
#1707 = CARTESIAN_POINT('',(-0.204235617249,4.498315892925,
    9.695851318051));
#1708 = B_SPLINE_CURVE_WITH_KNOTS('',3,(#1709,#1710,#1711,#1712),
  .UNSPECIFIED.,.F.,.F.,(4,4),(21.,22.),.PIECEWISE_BEZIER_KNOTS.);
#1709 = CARTESIAN_POINT('',(-0.204235617249,4.498315892925,
    9.695851318051));
#1710 = CARTESIAN_POINT('',(-7.925663662336E-02,4.498315892925,
    9.695851318051));
#1711 = CARTESIAN_POINT('',(2.489250286053E-02,4.402845848397,
    9.695851318051));
#1712 = CARTESIAN_POINT('',(3.87790415488E-02,4.281338518999,
    9.695851318051));
#1713 = ORIENTED_EDGE('',*,*,#1714,.F.);
#1714 = EDGE_CURVE('',#1715,#1706,#1717,.T.);
#1715 = VERTEX_POINT('',#1716);
#1716 = CARTESIAN_POINT('',(-0.436835322368,4.331677362451,
    9.695851318051));
#1717 = B_SPLINE_CURVE_WITH_KNOTS('',3,(#1718,#1719,#1720,#1721),
  .UNSPECIFIED.,.F.,.F.,(4,4),(20.,21.),.PIECEWISE_BEZIER_KNOTS.);
#1718 = CARTESIAN_POINT('',(-0.436835322368,4.331677362451,
    9.695851318051));
#1719 = CARTESIAN_POINT('',(-0.403854801261,4.428883133269,
    9.695851318051));
#1720 = CARTESIAN_POINT('',(-0.313592200465,4.498315892925,
    9.695851318051));
#1721 = CARTESIAN_POINT('',(-0.204235617249,4.498315892925,
    9.695851318051));
#1722 = ORIENTED_EDGE('',*,*,#1723,.F.);
#1723 = EDGE_CURVE('',#1724,#1715,#1726,.T.);
#1724 = VERTEX_POINT('',#1725);
#1725 = CARTESIAN_POINT('',(-0.52883371567,4.357714647323,9.695851318051
    ));
#1726 = B_SPLINE_CURVE_WITH_KNOTS('',3,(#1727,#1728,#1729,#1730),
  .UNSPECIFIED.,.F.,.F.,(4,4),(19.,20.),.PIECEWISE_BEZIER_KNOTS.);
#1727 = CARTESIAN_POINT('',(-0.52883371567,4.357714647323,9.695851318051
    ));
#1728 = CARTESIAN_POINT('',(-0.495853161454,4.357714647323,
    9.695851318051));
#1729 = CARTESIAN_POINT('',(-0.462872607239,4.347299726754,
    9.695851318051));
#1730 = CARTESIAN_POINT('',(-0.436835322368,4.331677362451,
    9.695851318051));
#1731 = ORIENTED_EDGE('',*,*,#1732,.F.);
#1732 = EDGE_CURVE('',#1733,#1724,#1735,.T.);
#1733 = VERTEX_POINT('',#1734);
#1734 = CARTESIAN_POINT('',(-0.702415614811,4.184132748182,
    9.695851318051));
#1735 = B_SPLINE_CURVE_WITH_KNOTS('',3,(#1736,#1737,#1738,#1739),
  .UNSPECIFIED.,.F.,.F.,(4,4),(18.,19.),.PIECEWISE_BEZIER_KNOTS.);
#1736 = CARTESIAN_POINT('',(-0.702415614811,4.184132748182,
    9.695851318051));
#1737 = CARTESIAN_POINT('',(-0.702415614811,4.27960279271,9.695851318051
    ));
#1738 = CARTESIAN_POINT('',(-0.624303760197,4.357714647323,
    9.695851318051));
#1739 = CARTESIAN_POINT('',(-0.52883371567,4.357714647323,9.695851318051
    ));
#1740 = ORIENTED_EDGE('',*,*,#1741,.F.);
#1741 = EDGE_CURVE('',#1742,#1733,#1744,.T.);
#1742 = VERTEX_POINT('',#1743);
#1743 = CARTESIAN_POINT('',(-0.598266475326,4.02443738773,9.695851318051
    ));
#1744 = B_SPLINE_CURVE_WITH_KNOTS('',3,(#1745,#1746,#1747,#1748),
  .UNSPECIFIED.,.F.,.F.,(4,4),(17.,18.),.PIECEWISE_BEZIER_KNOTS.);
#1745 = CARTESIAN_POINT('',(-0.598266475326,4.02443738773,9.695851318051
    ));
#1746 = CARTESIAN_POINT('',(-0.659020140025,4.052210498213,
    9.695851318051));
#1747 = CARTESIAN_POINT('',(-0.702415614811,4.112964162912,
    9.695851318051));
#1748 = CARTESIAN_POINT('',(-0.702415614811,4.184132748182,
    9.695851318051));
#1749 = ORIENTED_EDGE('',*,*,#1750,.F.);
#1750 = EDGE_CURVE('',#1751,#1742,#1753,.T.);
#1751 = VERTEX_POINT('',#1752);
#1752 = CARTESIAN_POINT('',(-0.435099496755,4.139001447784,
    9.695851318051));
#1753 = B_SPLINE_CURVE_WITH_KNOTS('',3,(#1754,#1755,#1756,#1757),
  .UNSPECIFIED.,.F.,.F.,(4,4),(16.,17.),.PIECEWISE_BEZIER_KNOTS.);
#1754 = CARTESIAN_POINT('',(-0.435099496755,4.139001447784,
    9.695851318051));
#1755 = CARTESIAN_POINT('',(-0.509739733251,4.139001447784,
    9.695851318051));
#1756 = CARTESIAN_POINT('',(-0.573965016068,4.090398529269,
    9.695851318051));
#1757 = CARTESIAN_POINT('',(-0.598266475326,4.02443738773,9.695851318051
    ));
#1758 = ORIENTED_EDGE('',*,*,#1759,.F.);
#1759 = EDGE_CURVE('',#1760,#1751,#1762,.T.);
#1760 = VERTEX_POINT('',#1761);
#1761 = CARTESIAN_POINT('',(-0.304913072399,4.079983608698,
    9.695851318051));
#1762 = B_SPLINE_CURVE_WITH_KNOTS('',3,(#1763,#1764,#1765,#1766),
  .UNSPECIFIED.,.F.,.F.,(4,4),(15.,16.),.PIECEWISE_BEZIER_KNOTS.);
#1763 = CARTESIAN_POINT('',(-0.304913072399,4.079983608698,
    9.695851318051));
#1764 = CARTESIAN_POINT('',(-0.336157801002,4.116435814139,
    9.695851318051));
#1765 = CARTESIAN_POINT('',(-0.383024927013,4.139001447784,
    9.695851318051));
#1766 = CARTESIAN_POINT('',(-0.435099496755,4.139001447784,
    9.695851318051));
#1767 = ORIENTED_EDGE('',*,*,#1768,.F.);
#1768 = EDGE_CURVE('',#1769,#1760,#1771,.T.);
#1769 = VERTEX_POINT('',#1770);
#1770 = CARTESIAN_POINT('',(-7.231333417194E-02,4.201490938096,
    9.695851318051));
#1771 = B_SPLINE_CURVE_WITH_KNOTS('',1,(#1772,#1773),.UNSPECIFIED.,.F.,
  .F.,(2,2),(0.,0.262424597401),.PIECEWISE_BEZIER_KNOTS.);
#1772 = CARTESIAN_POINT('',(-7.231333417194E-02,4.201490938096,
    9.695851318051));
#1773 = CARTESIAN_POINT('',(-0.304913072399,4.079983608698,
    9.695851318051));
#1774 = ORIENTED_EDGE('',*,*,#1775,.F.);
#1775 = EDGE_CURVE('',#1776,#1769,#1778,.T.);
#1776 = VERTEX_POINT('',#1777);
#1777 = CARTESIAN_POINT('',(-1.850297192422E-02,4.109492511687,
    9.695851318051));
#1778 = B_SPLINE_CURVE_WITH_KNOTS('',1,(#1779,#1780),.UNSPECIFIED.,.F.,
  .F.,(2,2),(0.,0.106579855259),.PIECEWISE_BEZIER_KNOTS.);
#1779 = CARTESIAN_POINT('',(-1.850297192422E-02,4.109492511687,
    9.695851318051));
#1780 = CARTESIAN_POINT('',(-7.231333417194E-02,4.201490938096,
    9.695851318051));
#1781 = ORIENTED_EDGE('',*,*,#1782,.F.);
#1782 = EDGE_CURVE('',#1783,#1776,#1785,.T.);
#1783 = VERTEX_POINT('',#1784);
#1784 = CARTESIAN_POINT('',(-0.261517630722,3.981041912944,
    9.695851318051));
#1785 = B_SPLINE_CURVE_WITH_KNOTS('',1,(#1786,#1787),.UNSPECIFIED.,.F.,
  .F.,(2,2),(2.926281846993E-16,0.274873936028),
  .PIECEWISE_BEZIER_KNOTS.);
#1786 = CARTESIAN_POINT('',(-0.261517630722,3.981041912944,
    9.695851318051));
#1787 = CARTESIAN_POINT('',(-1.850297192422E-02,4.109492511687,
    9.695851318051));
#1788 = ORIENTED_EDGE('',*,*,#1789,.F.);
#1789 = EDGE_CURVE('',#1790,#1783,#1792,.T.);
#1790 = VERTEX_POINT('',#1791);
#1791 = CARTESIAN_POINT('',(-0.261517630722,3.963683723029,
    9.695851318051));
#1792 = B_SPLINE_CURVE_WITH_KNOTS('',3,(#1793,#1794,#1795,#1796),
  .UNSPECIFIED.,.F.,.F.,(4,4),(11.,12.),.PIECEWISE_BEZIER_KNOTS.);
#1793 = CARTESIAN_POINT('',(-0.261517630722,3.963683723029,
    9.695851318051));
#1794 = CARTESIAN_POINT('',(-0.261517630722,3.968891166761,
    9.695851318051));
#1795 = CARTESIAN_POINT('',(-0.261517630722,3.974098610492,
    9.695851318051));
#1796 = CARTESIAN_POINT('',(-0.261517630722,3.981041912944,
    9.695851318051));
#1797 = ORIENTED_EDGE('',*,*,#1798,.F.);
#1798 = EDGE_CURVE('',#1799,#1790,#1801,.T.);
#1799 = VERTEX_POINT('',#1800);
#1800 = CARTESIAN_POINT('',(-0.435099529863,3.790101823889,
    9.695851318051));
#1801 = B_SPLINE_CURVE_WITH_KNOTS('',3,(#1802,#1803,#1804,#1805),
  .UNSPECIFIED.,.F.,.F.,(4,4),(10.,11.),.PIECEWISE_BEZIER_KNOTS.);
#1802 = CARTESIAN_POINT('',(-0.435099529863,3.790101823889,
    9.695851318051));
#1803 = CARTESIAN_POINT('',(-0.339629485336,3.790101823889,
    9.695851318051));
#1804 = CARTESIAN_POINT('',(-0.261517630722,3.868213678501,
    9.695851318051));
#1805 = CARTESIAN_POINT('',(-0.261517630722,3.963683723029,
    9.695851318051));
#1806 = ORIENTED_EDGE('',*,*,#1807,.F.);
#1807 = EDGE_CURVE('',#1808,#1799,#1810,.T.);
#1808 = VERTEX_POINT('',#1809);
#1809 = CARTESIAN_POINT('',(-0.600002350602,3.908137502061,
    9.695851318051));
#1810 = B_SPLINE_CURVE_WITH_KNOTS('',3,(#1811,#1812,#1813,#1814),
  .UNSPECIFIED.,.F.,.F.,(4,4),(9.,10.),.PIECEWISE_BEZIER_KNOTS.);
#1811 = CARTESIAN_POINT('',(-0.600002350602,3.908137502061,
    9.695851318051));
#1812 = CARTESIAN_POINT('',(-0.577436700403,3.838704742404,
    9.695851318051));
#1813 = CARTESIAN_POINT('',(-0.511475591972,3.790101823889,
    9.695851318051));
#1814 = CARTESIAN_POINT('',(-0.435099529863,3.790101823889,
    9.695851318051));
#1815 = ORIENTED_EDGE('',*,*,#1816,.F.);
#1816 = EDGE_CURVE('',#1817,#1808,#1819,.T.);
#1817 = VERTEX_POINT('',#1818);
#1818 = CARTESIAN_POINT('',(-0.738867869914,3.991456800406,
    9.695851318051));
#1819 = B_SPLINE_CURVE_WITH_KNOTS('',3,(#1820,#1821,#1822,#1823),
  .UNSPECIFIED.,.F.,.F.,(4,4),(8.,9.),.PIECEWISE_BEZIER_KNOTS.);
#1820 = CARTESIAN_POINT('',(-0.738867869914,3.991456800406,
    9.695851318051));
#1821 = CARTESIAN_POINT('',(-0.700679855415,3.949797118125,
    9.695851318051));
#1822 = CARTESIAN_POINT('',(-0.653812729403,3.92202404075,9.695851318051
    ));
#1823 = CARTESIAN_POINT('',(-0.600002350602,3.908137502061,
    9.695851318051));
#1824 = ORIENTED_EDGE('',*,*,#1825,.F.);
#1825 = EDGE_CURVE('',#1826,#1817,#1828,.T.);
#1826 = VERTEX_POINT('',#1827);
#1827 = CARTESIAN_POINT('',(-0.811772264243,4.180661030741,
    9.695851318051));
#1828 = B_SPLINE_CURVE_WITH_KNOTS('',3,(#1829,#1830,#1831,#1832),
  .UNSPECIFIED.,.F.,.F.,(4,4),(7.,8.),.PIECEWISE_BEZIER_KNOTS.);
#1829 = CARTESIAN_POINT('',(-0.811772264243,4.180661030741,
    9.695851318051));
#1830 = CARTESIAN_POINT('',(-0.811772264243,4.111228271083,
    9.695851318051));
#1831 = CARTESIAN_POINT('',(-0.785734979372,4.043531303932,
    9.695851318051));
#1832 = CARTESIAN_POINT('',(-0.738867869914,3.991456800406,
    9.695851318051));
#1833 = ORIENTED_EDGE('',*,*,#1834,.F.);
#1834 = EDGE_CURVE('',#1835,#1826,#1837,.T.);
#1835 = VERTEX_POINT('',#1836);
#1836 = CARTESIAN_POINT('',(-0.730188725295,4.378544372585,
    9.695851318051));
#1837 = B_SPLINE_CURVE_WITH_KNOTS('',3,(#1838,#1839,#1840,#1841),
  .UNSPECIFIED.,.F.,.F.,(4,4),(6.,7.),.PIECEWISE_BEZIER_KNOTS.);
#1838 = CARTESIAN_POINT('',(-0.730188725295,4.378544372585,
    9.695851318051));
#1839 = CARTESIAN_POINT('',(-0.782263340561,4.326469819397,
    9.695851318051));
#1840 = CARTESIAN_POINT('',(-0.811772264243,4.255301234127,
    9.695851318051));
#1841 = CARTESIAN_POINT('',(-0.811772264243,4.180661030741,
    9.695851318051));
#1842 = ORIENTED_EDGE('',*,*,#1843,.F.);
#1843 = EDGE_CURVE('',#1844,#1835,#1846,.T.);
#1844 = VERTEX_POINT('',#1845);
#1845 = CARTESIAN_POINT('',(-0.530569541283,4.461863687483,
    9.695851318051));
#1846 = B_SPLINE_CURVE_WITH_KNOTS('',3,(#1847,#1848,#1849,#1850),
  .UNSPECIFIED.,.F.,.F.,(4,4),(5.,6.),.PIECEWISE_BEZIER_KNOTS.);
#1847 = CARTESIAN_POINT('',(-0.530569541283,4.461863687483,
    9.695851318051));
#1848 = CARTESIAN_POINT('',(-0.605209761224,4.461863687483,
    9.695851318051));
#1849 = CARTESIAN_POINT('',(-0.67637832994,4.432354767942,9.695851318051
    ));
#1850 = CARTESIAN_POINT('',(-0.730188725295,4.378544372585,
    9.695851318051));
#1851 = ORIENTED_EDGE('',*,*,#1852,.F.);
#1852 = EDGE_CURVE('',#1853,#1844,#1855,.T.);
#1853 = VERTEX_POINT('',#1854);
#1854 = CARTESIAN_POINT('',(-0.490645717723,4.458392052812,
    9.695851318051));
#1855 = B_SPLINE_CURVE_WITH_KNOTS('',3,(#1856,#1857,#1858,#1859),
  .UNSPECIFIED.,.F.,.F.,(4,4),(4.,5.),.PIECEWISE_BEZIER_KNOTS.);
#1856 = CARTESIAN_POINT('',(-0.490645717723,4.458392052812,
    9.695851318051));
#1857 = CARTESIAN_POINT('',(-0.504532256412,4.460127878425,
    9.695851318051));
#1858 = CARTESIAN_POINT('',(-0.516683002595,4.461863687483,
    9.695851318051));
#1859 = CARTESIAN_POINT('',(-0.530569541283,4.461863687483,
    9.695851318051));
#1860 = ORIENTED_EDGE('',*,*,#1861,.F.);
#1861 = EDGE_CURVE('',#1862,#1853,#1864,.T.);
#1862 = VERTEX_POINT('',#1863);
#1863 = CARTESIAN_POINT('',(-0.414269688723,4.534768090088,
    9.695851318051));
#1864 = B_SPLINE_CURVE_WITH_KNOTS('',3,(#1865,#1866,#1867,#1868),
  .UNSPECIFIED.,.F.,.F.,(4,4),(3.,4.),.PIECEWISE_BEZIER_KNOTS.);
#1865 = CARTESIAN_POINT('',(-0.414269688723,4.534768090088,
    9.695851318051));
#1866 = CARTESIAN_POINT('',(-0.443778624821,4.513938257226,
    9.695851318051));
#1867 = CARTESIAN_POINT('',(-0.468080084078,4.487900972355,
    9.695851318051));
#1868 = CARTESIAN_POINT('',(-0.490645717723,4.458392052812,
    9.695851318051));
#1869 = ORIENTED_EDGE('',*,*,#1870,.F.);
#1870 = EDGE_CURVE('',#1871,#1862,#1873,.T.);
#1871 = VERTEX_POINT('',#1872);
#1872 = CARTESIAN_POINT('',(-0.205971409754,4.60246503241,9.695851318051
    ));
#1873 = B_SPLINE_CURVE_WITH_KNOTS('',3,(#1874,#1875,#1876,#1877),
  .UNSPECIFIED.,.F.,.F.,(4,4),(2.,3.),.PIECEWISE_BEZIER_KNOTS.);
#1874 = CARTESIAN_POINT('',(-0.205971409754,4.60246503241,9.695851318051
    ));
#1875 = CARTESIAN_POINT('',(-0.282347438754,4.60246503241,9.695851318051
    ));
#1876 = CARTESIAN_POINT('',(-0.353516024023,4.578163566944,
    9.695851318051));
#1877 = CARTESIAN_POINT('',(-0.414269688723,4.534768090088,
    9.695851318051));
#1878 = ORIENTED_EDGE('',*,*,#1879,.F.);
#1879 = EDGE_CURVE('',#1602,#1871,#1880,.T.);
#1880 = B_SPLINE_CURVE_WITH_KNOTS('',3,(#1881,#1882,#1883,#1884),
  .UNSPECIFIED.,.F.,.F.,(4,4),(1.,2.),.PIECEWISE_BEZIER_KNOTS.);
#1881 = CARTESIAN_POINT('',(3.009994659202E-02,4.512202439889,
    9.695851318051));
#1882 = CARTESIAN_POINT('',(-3.586116183862E-02,4.569484471987,
    9.695851318051));
#1883 = CARTESIAN_POINT('',(-0.119180460184,4.60246503241,9.695851318051
    ));
#1884 = CARTESIAN_POINT('',(-0.205971409754,4.60246503241,9.695851318051
    ));
#1885 = B_SPLINE_SURFACE_WITH_KNOTS('',1,1,(
    (#1886,#1887)
    ,(#1888,#1889
    )),.UNSPECIFIED.,.F.,.F.,.F.,(2,2),(2,2),(-5.309632809885,
    5.309632809885),(-5.309632809885,5.309632809885),
  .PIECEWISE_BEZIER_KNOTS.);
#1886 = CARTESIAN_POINT('',(-5.309632809885,-5.309632809885,
    9.695851318051));
#1887 = CARTESIAN_POINT('',(-5.309632809885,5.309632809885,
    9.695851318051));
#1888 = CARTESIAN_POINT('',(5.309632809885,-5.309632809885,
    9.695851318051));
#1889 = CARTESIAN_POINT('',(5.309632809885,5.309632809885,9.695851318051
    ));
#1890 = ADVANCED_FACE('',(#1891,#2067,#2138,#2149,#2160,#2171,#2182,
    #2193,#2251,#2337),#2381,.F.);
#1891 = FACE_BOUND('',#1892,.T.);
#1892 = EDGE_LOOP('',(#1893,#1902,#1918,#1942,#1966,#1982,#1989,#2005,
    #2029,#2053));
#1893 = ORIENTED_EDGE('',*,*,#1894,.T.);
#1894 = EDGE_CURVE('',#1895,#1897,#1899,.T.);
#1895 = VERTEX_POINT('',#1896);
#1896 = CARTESIAN_POINT('',(-0.404838387095,-0.369357120389,
    3.693657706877));
#1897 = VERTEX_POINT('',#1898);
#1898 = CARTESIAN_POINT('',(-0.506188748259,-0.369357120389,
    3.693657706877));
#1899 = B_SPLINE_CURVE_WITH_KNOTS('',1,(#1900,#1901),.UNSPECIFIED.,.F.,
  .F.,(2,2),(5.125979650295E-17,0.101350361164),
  .PIECEWISE_BEZIER_KNOTS.);
#1900 = CARTESIAN_POINT('',(-0.404838387095,-0.369357120389,
    3.693657706877));
#1901 = CARTESIAN_POINT('',(-0.506188748259,-0.369357120389,
    3.693657706877));
#1902 = ORIENTED_EDGE('',*,*,#1903,.T.);
#1903 = EDGE_CURVE('',#1897,#1904,#1906,.T.);
#1904 = VERTEX_POINT('',#1905);
#1905 = CARTESIAN_POINT('',(-0.565309792272,-0.623436845252,
    3.693657706877));
#1906 = B_SPLINE_CURVE_WITH_KNOTS('',3,(#1907,#1908,#1909,#1910,#1911,
    #1912,#1913,#1914,#1915,#1916,#1917),.UNSPECIFIED.,.F.,.F.,(4,1,1,1,
    1,1,1,1,4),(0.,0.112448389909,0.226527675213,0.344401949326,
    0.465864972487,0.591659449352,0.722168487025,0.858606387555,1.),
  .UNSPECIFIED.);
#1907 = CARTESIAN_POINT('',(-0.506188748259,-0.369357120389,
    3.693657706877));
#1908 = CARTESIAN_POINT('',(-0.510971341995,-0.378021878567,
    3.693657706877));
#1909 = CARTESIAN_POINT('',(-0.520605893821,-0.395477064258,
    3.693657706877));
#1910 = CARTESIAN_POINT('',(-0.532494014039,-0.423391571802,
    3.693657706877));
#1911 = CARTESIAN_POINT('',(-0.542748077214,-0.452764398567,
    3.693657706877));
#1912 = CARTESIAN_POINT('',(-0.550924772824,-0.483852633387,
    3.693657706877));
#1913 = CARTESIAN_POINT('',(-0.557496173616,-0.516449610836,
    3.693657706877));
#1914 = CARTESIAN_POINT('',(-0.561947218842,-0.550728054736,
    3.693657706877));
#1915 = CARTESIAN_POINT('',(-0.564877197051,-0.586552164786,
    3.693657706877));
#1916 = CARTESIAN_POINT('',(-0.565163889278,-0.610996612311,
    3.693657706877));
#1917 = CARTESIAN_POINT('',(-0.565309792272,-0.623436845252,
    3.693657706877));
#1918 = ORIENTED_EDGE('',*,*,#1919,.T.);
#1919 = EDGE_CURVE('',#1904,#1920,#1922,.T.);
#1920 = VERTEX_POINT('',#1921);
#1921 = CARTESIAN_POINT('',(-0.109761033497,-1.056287346058,
    3.693657706877));
#1922 = B_SPLINE_CURVE_WITH_KNOTS('',3,(#1923,#1924,#1925,#1926,#1927,
    #1928,#1929,#1930,#1931,#1932,#1933,#1934,#1935,#1936,#1937,#1938,
    #1939,#1940,#1941),.UNSPECIFIED.,.F.,.F.,(4,1,1,1,1,1,1,1,1,1,1,1,1,
    1,1,1,4),(0.,6.783158586377E-02,0.132652285122,0.195046103356,
    0.255497701945,0.314816628394,0.37361582587,0.432559503627,
    0.492443069802,0.552682219984,0.612522541488,0.672618274675,
    0.733844892932,0.79659922404,0.861453195154,0.929200677684,1.),
  .UNSPECIFIED.);
#1923 = CARTESIAN_POINT('',(-0.565309792272,-0.623436845252,
    3.693657706877));
#1924 = CARTESIAN_POINT('',(-0.564950391146,-0.63946576935,
    3.693657706877));
#1925 = CARTESIAN_POINT('',(-0.564247541875,-0.670812130821,
    3.693657706877));
#1926 = CARTESIAN_POINT('',(-0.558393244032,-0.716616087199,
    3.693657706877));
#1927 = CARTESIAN_POINT('',(-0.548483955906,-0.759886696023,
    3.693657706877));
#1928 = CARTESIAN_POINT('',(-0.535030154762,-0.800852568715,
    3.693657706877));
#1929 = CARTESIAN_POINT('',(-0.517272019336,-0.839211524824,
    3.693657706877));
#1930 = CARTESIAN_POINT('',(-0.495799194072,-0.87522065606,
    3.693657706877));
#1931 = CARTESIAN_POINT('',(-0.469943811808,-0.908380556006,
    3.693657706877));
#1932 = CARTESIAN_POINT('',(-0.440874157548,-0.939211467886,
    3.693657706877));
#1933 = CARTESIAN_POINT('',(-0.408340451986,-0.966717718936,
    3.693657706877));
#1934 = CARTESIAN_POINT('',(-0.373152648857,-0.990795098253,
    3.693657706877));
#1935 = CARTESIAN_POINT('',(-0.335417438083,-1.011164226329,
    3.693657706877));
#1936 = CARTESIAN_POINT('',(-0.295114842954,-1.027692455208,
    3.693657706877));
#1937 = CARTESIAN_POINT('',(-0.252326473658,-1.04057282012,
    3.693657706877));
#1938 = CARTESIAN_POINT('',(-0.207013870049,-1.049580301051,
    3.693657706877));
#1939 = CARTESIAN_POINT('',(-0.159240589489,-1.055433951408,
    3.693657706877));
#1940 = CARTESIAN_POINT('',(-0.126494655849,-1.055998734257,
    3.693657706877));
#1941 = CARTESIAN_POINT('',(-0.109761033497,-1.056287346058,
    3.693657706877));
#1942 = ORIENTED_EDGE('',*,*,#1943,.T.);
#1943 = EDGE_CURVE('',#1920,#1944,#1946,.T.);
#1944 = VERTEX_POINT('',#1945);
#1945 = CARTESIAN_POINT('',(0.380626911928,-0.586662148232,
    3.693657706877));
#1946 = B_SPLINE_CURVE_WITH_KNOTS('',3,(#1947,#1948,#1949,#1950,#1951,
    #1952,#1953,#1954,#1955,#1956,#1957,#1958,#1959,#1960,#1961,#1962,
    #1963,#1964,#1965),.UNSPECIFIED.,.F.,.F.,(4,1,1,1,1,1,1,1,1,1,1,1,1,
    1,1,1,4),(0.,7.063927843666E-02,0.13824802572,0.203351342261,
    0.266307354651,0.328095924853,0.388723973634,0.449593764798,
    0.511027386645,0.572085699882,0.63187552745,0.691136624653,
    0.750375720002,0.81004484045,0.871370536028,0.934431262653,1.),
  .UNSPECIFIED.);
#1947 = CARTESIAN_POINT('',(-0.109761033497,-1.056287346058,
    3.693657706877));
#1948 = CARTESIAN_POINT('',(-9.179541348714E-02,-1.05588543282,
    3.693657706877));
#1949 = CARTESIAN_POINT('',(-5.66349255522E-02,-1.055098849026,
    3.693657706877));
#1950 = CARTESIAN_POINT('',(-5.223715155592E-03,-1.048839028217,
    3.693657706877));
#1951 = CARTESIAN_POINT('',(4.353310631727E-02,-1.038586421222,
    3.693657706877));
#1952 = CARTESIAN_POINT('',(8.957734141652E-02,-1.02383289644,
    3.693657706877));
#1953 = CARTESIAN_POINT('',(0.132996206248,-1.005282353393,
    3.693657706877));
#1954 = CARTESIAN_POINT('',(0.173655299073,-0.982322795962,
    3.693657706877));
#1955 = CARTESIAN_POINT('',(0.211658110033,-0.955351299252,
    3.693657706877));
#1956 = CARTESIAN_POINT('',(0.246511204695,-0.92424051982,3.693657706877
    ));
#1957 = CARTESIAN_POINT('',(0.277836640064,-0.890000330668,
    3.693657706877));
#1958 = CARTESIAN_POINT('',(0.305649845578,-0.853503237253,
    3.693657706877));
#1959 = CARTESIAN_POINT('',(0.328637290079,-0.81432709188,3.693657706877
    ));
#1960 = CARTESIAN_POINT('',(0.347858304563,-0.773219880451,
    3.693657706877));
#1961 = CARTESIAN_POINT('',(0.362462214466,-0.72968154571,3.693657706877
    ));
#1962 = CARTESIAN_POINT('',(0.372970702105,-0.684020345124,
    3.693657706877));
#1963 = CARTESIAN_POINT('',(0.379477303129,-0.636057860904,
    3.693657706877));
#1964 = CARTESIAN_POINT('',(0.380238760046,-0.603340029326,
    3.693657706877));
#1965 = CARTESIAN_POINT('',(0.380626911928,-0.586662148232,
    3.693657706877));
#1966 = ORIENTED_EDGE('',*,*,#1967,.T.);
#1967 = EDGE_CURVE('',#1944,#1968,#1970,.T.);
#1968 = VERTEX_POINT('',#1969);
#1969 = CARTESIAN_POINT('',(0.344028170397,-0.369357120389,
    3.693657706877));
#1970 = B_SPLINE_CURVE_WITH_KNOTS('',3,(#1971,#1972,#1973,#1974,#1975,
    #1976,#1977,#1978,#1979,#1980,#1981),.UNSPECIFIED.,.F.,.F.,(4,1,1,1,
    1,1,1,1,4),(0.,0.145186866472,0.28344261092,0.416524365929,
    0.543181123535,0.665153082638,0.781360206313,0.892756655642,1.),
  .UNSPECIFIED.);
#1971 = CARTESIAN_POINT('',(0.380626911928,-0.586662148232,
    3.693657706877));
#1972 = CARTESIAN_POINT('',(0.380549950476,-0.575925737686,
    3.693657706877));
#1973 = CARTESIAN_POINT('',(0.380399701659,-0.554965465512,
    3.693657706877));
#1974 = CARTESIAN_POINT('',(0.378515567592,-0.524216463142,
    3.693657706877));
#1975 = CARTESIAN_POINT('',(0.375852709431,-0.494900570226,
    3.693657706877));
#1976 = CARTESIAN_POINT('',(0.371700464161,-0.466975363212,
    3.693657706877));
#1977 = CARTESIAN_POINT('',(0.36675764905,-0.440442278999,3.693657706877
    ));
#1978 = CARTESIAN_POINT('',(0.36031445255,-0.415400714523,3.693657706877
    ));
#1979 = CARTESIAN_POINT('',(0.353094899308,-0.391693253583,
    3.693657706877));
#1980 = CARTESIAN_POINT('',(0.347011897436,-0.376707613078,
    3.693657706877));
#1981 = CARTESIAN_POINT('',(0.344028170397,-0.369357120389,
    3.693657706877));
#1982 = ORIENTED_EDGE('',*,*,#1983,.T.);
#1983 = EDGE_CURVE('',#1968,#1984,#1986,.T.);
#1984 = VERTEX_POINT('',#1985);
#1985 = CARTESIAN_POINT('',(0.220155506751,-0.369357120389,
    3.693657706877));
#1986 = B_SPLINE_CURVE_WITH_KNOTS('',1,(#1987,#1988),.UNSPECIFIED.,.F.,
  .F.,(2,2),(-5.125979650295E-17,0.123872663645),
  .PIECEWISE_BEZIER_KNOTS.);
#1987 = CARTESIAN_POINT('',(0.344028170397,-0.369357120389,
    3.693657706877));
#1988 = CARTESIAN_POINT('',(0.220155506751,-0.369357120389,
    3.693657706877));
#1989 = ORIENTED_EDGE('',*,*,#1990,.T.);
#1990 = EDGE_CURVE('',#1984,#1991,#1993,.T.);
#1991 = VERTEX_POINT('',#1992);
#1992 = CARTESIAN_POINT('',(0.279276550764,-0.585606415304,
    3.693657706877));
#1993 = B_SPLINE_CURVE_WITH_KNOTS('',3,(#1994,#1995,#1996,#1997,#1998,
    #1999,#2000,#2001,#2002,#2003,#2004),.UNSPECIFIED.,.F.,.F.,(4,1,1,1,
    1,1,1,1,4),(0.,0.125279696736,0.249419970742,0.373356799493,
    0.496681278782,0.620202915744,0.745086320161,0.871269195019,1.),
  .UNSPECIFIED.);
#1994 = CARTESIAN_POINT('',(0.220155506751,-0.369357120389,
    3.693657706877));
#1995 = CARTESIAN_POINT('',(0.224920484807,-0.37755739637,3.693657706877
    ));
#1996 = CARTESIAN_POINT('',(0.234407103295,-0.393883366569,
    3.693657706877));
#1997 = CARTESIAN_POINT('',(0.246267243424,-0.419561149396,
    3.693657706877));
#1998 = CARTESIAN_POINT('',(0.256554207451,-0.445733708313,
    3.693657706877));
#1999 = CARTESIAN_POINT('',(0.264766132492,-0.472584264312,
    3.693657706877));
#2000 = CARTESIAN_POINT('',(0.271397324986,-0.499943827974,
    3.693657706877));
#2001 = CARTESIAN_POINT('',(0.275845052686,-0.527955867337,
    3.693657706877));
#2002 = CARTESIAN_POINT('',(0.278837500413,-0.556567309512,
    3.693657706877));
#2003 = CARTESIAN_POINT('',(0.27912922868,-0.575862426761,3.693657706877
    ));
#2004 = CARTESIAN_POINT('',(0.279276550764,-0.585606415304,
    3.693657706877));
#2005 = ORIENTED_EDGE('',*,*,#2006,.T.);
#2006 = EDGE_CURVE('',#1991,#2007,#2009,.T.);
#2007 = VERTEX_POINT('',#2008);
#2008 = CARTESIAN_POINT('',(-0.102194947507,-0.932414682413,
    3.693657706877));
#2009 = B_SPLINE_CURVE_WITH_KNOTS('',3,(#2010,#2011,#2012,#2013,#2014,
    #2015,#2016,#2017,#2018,#2019,#2020,#2021,#2022,#2023,#2024,#2025,
    #2026,#2027,#2028),.UNSPECIFIED.,.F.,.F.,(4,1,1,1,1,1,1,1,1,1,1,1,1,
    1,1,1,4),(0.,6.460651091173E-02,0.126707396677,0.186764158456,
    0.24561607929,0.303634260101,0.361487584679,0.420227043541,
    0.48002251282,0.540669691743,0.601185743116,0.662329843678,
    0.725019474255,0.789459456756,0.856499216937,0.92630919798,1.),
  .UNSPECIFIED.);
#2010 = CARTESIAN_POINT('',(0.279276550764,-0.585606415304,
    3.693657706877));
#2011 = CARTESIAN_POINT('',(0.279009335231,-0.59811877439,3.693657706877
    ));
#2012 = CARTESIAN_POINT('',(0.278485267548,-0.622658227516,
    3.693657706877));
#2013 = CARTESIAN_POINT('',(0.273279539628,-0.658496893867,
    3.693657706877));
#2014 = CARTESIAN_POINT('',(0.265617598444,-0.692742520658,
    3.693657706877));
#2015 = CARTESIAN_POINT('',(0.253938139354,-0.725007391404,
    3.693657706877));
#2016 = CARTESIAN_POINT('',(0.239621333075,-0.755713278323,
    3.693657706877));
#2017 = CARTESIAN_POINT('',(0.221556612906,-0.784363067296,
    3.693657706877));
#2018 = CARTESIAN_POINT('',(0.200622577729,-0.811403235372,
    3.693657706877));
#2019 = CARTESIAN_POINT('',(0.176430703117,-0.83633608466,3.693657706877
    ));
#2020 = CARTESIAN_POINT('',(0.149688331259,-0.859062922225,
    3.693657706877));
#2021 = CARTESIAN_POINT('',(0.120203252364,-0.878559907248,
    3.693657706877));
#2022 = CARTESIAN_POINT('',(8.874658820707E-02,-0.895529820481,
    3.693657706877));
#2023 = CARTESIAN_POINT('',(5.478970322757E-02,-0.908948715917,
    3.693657706877));
#2024 = CARTESIAN_POINT('',(1.868855554172E-02,-0.919551902845,
    3.693657706877));
#2025 = CARTESIAN_POINT('',(-1.958753996915E-02,-0.927077918373,
    3.693657706877));
#2026 = CARTESIAN_POINT('',(-6.015601261646E-02,-0.931474196781,
    3.693657706877));
#2027 = CARTESIAN_POINT('',(-8.793158262148E-02,-0.932095585609,
    3.693657706877));
#2028 = CARTESIAN_POINT('',(-0.102194947507,-0.932414682413,
    3.693657706877));
#2029 = ORIENTED_EDGE('',*,*,#2030,.T.);
#2030 = EDGE_CURVE('',#2007,#2031,#2033,.T.);
#2031 = VERTEX_POINT('',#2032);
#2032 = CARTESIAN_POINT('',(-0.463959431108,-0.606369162903,
    3.693657706877));
#2033 = B_SPLINE_CURVE_WITH_KNOTS('',3,(#2034,#2035,#2036,#2037,#2038,
    #2039,#2040,#2041,#2042,#2043,#2044,#2045,#2046,#2047,#2048,#2049,
    #2050,#2051,#2052),.UNSPECIFIED.,.F.,.F.,(4,1,1,1,1,1,1,1,1,1,1,1,1,
    1,1,1,4),(0.,7.378258718587E-02,0.144095652163,0.211372776945,
    0.276108573914,0.338559771335,0.399646477988,0.460022357923,
    0.520364180104,0.579989743327,0.638421673378,0.696329698138,
    0.753973538922,0.812784195164,0.872739820247,0.935174557152,1.),
  .UNSPECIFIED.);
#2034 = CARTESIAN_POINT('',(-0.102194947507,-0.932414682413,
    3.693657706877));
#2035 = CARTESIAN_POINT('',(-0.115696409894,-0.932158198291,
    3.693657706877));
#2036 = CARTESIAN_POINT('',(-0.142064447422,-0.931657290853,
    3.693657706877));
#2037 = CARTESIAN_POINT('',(-0.180549791208,-0.927351897126,
    3.693657706877));
#2038 = CARTESIAN_POINT('',(-0.21694003594,-0.92038187969,3.693657706877
    ));
#2039 = CARTESIAN_POINT('',(-0.251194336301,-0.910572027092,
    3.693657706877));
#2040 = CARTESIAN_POINT('',(-0.283263627243,-0.897849453127,
    3.693657706877));
#2041 = CARTESIAN_POINT('',(-0.313175261428,-0.882312647768,
    3.693657706877));
#2042 = CARTESIAN_POINT('',(-0.340961132789,-0.86391768649,
    3.693657706877));
#2043 = CARTESIAN_POINT('',(-0.366423198649,-0.842839024514,
    3.693657706877));
#2044 = CARTESIAN_POINT('',(-0.389282317285,-0.819461060543,
    3.693657706877));
#2045 = CARTESIAN_POINT('',(-0.40930020621,-0.794174276005,
    3.693657706877));
#2046 = CARTESIAN_POINT('',(-0.426279970596,-0.767173029412,
    3.693657706877));
#2047 = CARTESIAN_POINT('',(-0.440120322201,-0.738361814314,
    3.693657706877));
#2048 = CARTESIAN_POINT('',(-0.450870607025,-0.707859269276,
    3.693657706877));
#2049 = CARTESIAN_POINT('',(-0.458391530006,-0.675521829123,
    3.693657706877));
#2050 = CARTESIAN_POINT('',(-0.463053738272,-0.641520245985,
    3.693657706877));
#2051 = CARTESIAN_POINT('',(-0.463653776065,-0.618232021229,
    3.693657706877));
#2052 = CARTESIAN_POINT('',(-0.463959431108,-0.606369162903,
    3.693657706877));
#2053 = ORIENTED_EDGE('',*,*,#2054,.T.);
#2054 = EDGE_CURVE('',#2031,#1895,#2055,.T.);
#2055 = B_SPLINE_CURVE_WITH_KNOTS('',3,(#2056,#2057,#2058,#2059,#2060,
    #2061,#2062,#2063,#2064,#2065,#2066),.UNSPECIFIED.,.F.,.F.,(4,1,1,1,
    1,1,1,1,4),(0.,0.135294604763,0.266765657925,0.394816018836,
    0.520051654434,0.642175702971,0.762651820558,0.881834004381,1.),
  .UNSPECIFIED.);
#2056 = CARTESIAN_POINT('',(-0.463959431108,-0.606369162903,
    3.693657706877));
#2057 = CARTESIAN_POINT('',(-0.463813032483,-0.595218545646,
    3.693657706877));
#2058 = CARTESIAN_POINT('',(-0.463524372595,-0.573232437966,
    3.693657706877));
#2059 = CARTESIAN_POINT('',(-0.460562082327,-0.540809620602,
    3.693657706877));
#2060 = CARTESIAN_POINT('',(-0.456103635077,-0.509404085539,
    3.693657706877));
#2061 = CARTESIAN_POINT('',(-0.449541192354,-0.47915233639,
    3.693657706877));
#2062 = CARTESIAN_POINT('',(-0.441326495204,-0.449950654277,
    3.693657706877));
#2063 = CARTESIAN_POINT('',(-0.431008206252,-0.421964592736,
    3.693657706877));
#2064 = CARTESIAN_POINT('',(-0.419222586625,-0.394895107279,
    3.693657706877));
#2065 = CARTESIAN_POINT('',(-0.409619415189,-0.377845450415,
    3.693657706877));
#2066 = CARTESIAN_POINT('',(-0.404838387095,-0.369357120389,
    3.693657706877));
#2067 = FACE_BOUND('',#2068,.T.);
#2068 = EDGE_LOOP('',(#2069,#2078,#2085,#2092,#2116));
#2069 = ORIENTED_EDGE('',*,*,#2070,.T.);
#2070 = EDGE_CURVE('',#2071,#2073,#2075,.T.);
#2071 = VERTEX_POINT('',#2072);
#2072 = CARTESIAN_POINT('',(-0.554048641031,0.737578855452,
    3.693657706877));
#2073 = VERTEX_POINT('',#2074);
#2074 = CARTESIAN_POINT('',(-0.554048641031,0.486490373887,
    3.693657706877));
#2075 = B_SPLINE_CURVE_WITH_KNOTS('',1,(#2076,#2077),.UNSPECIFIED.,.F.,
  .F.,(2,2),(-1.025195930059E-16,0.251088481565),
  .PIECEWISE_BEZIER_KNOTS.);
#2076 = CARTESIAN_POINT('',(-0.554048641031,0.737578855452,
    3.693657706877));
#2077 = CARTESIAN_POINT('',(-0.554048641031,0.486490373887,
    3.693657706877));
#2078 = ORIENTED_EDGE('',*,*,#2079,.T.);
#2079 = EDGE_CURVE('',#2073,#2080,#2082,.T.);
#2080 = VERTEX_POINT('',#2081);
#2081 = CARTESIAN_POINT('',(0.369365760688,0.486490373887,3.693657706877
    ));
#2082 = B_SPLINE_CURVE_WITH_KNOTS('',1,(#2083,#2084),.UNSPECIFIED.,.F.,
  .F.,(2,2),(0.,0.923414401719),.PIECEWISE_BEZIER_KNOTS.);
#2083 = CARTESIAN_POINT('',(-0.554048641031,0.486490373887,
    3.693657706877));
#2084 = CARTESIAN_POINT('',(0.369365760688,0.486490373887,3.693657706877
    ));
#2085 = ORIENTED_EDGE('',*,*,#2086,.T.);
#2086 = EDGE_CURVE('',#2080,#2087,#2089,.T.);
#2087 = VERTEX_POINT('',#2088);
#2088 = CARTESIAN_POINT('',(0.369365760688,0.747080451812,3.693657706877
    ));
#2089 = B_SPLINE_CURVE_WITH_KNOTS('',1,(#2090,#2091),.UNSPECIFIED.,.F.,
  .F.,(2,2),(0.,0.260590077924),.PIECEWISE_BEZIER_KNOTS.);
#2090 = CARTESIAN_POINT('',(0.369365760688,0.486490373887,3.693657706877
    ));
#2091 = CARTESIAN_POINT('',(0.369365760688,0.747080451812,3.693657706877
    ));
#2092 = ORIENTED_EDGE('',*,*,#2093,.T.);
#2093 = EDGE_CURVE('',#2087,#2094,#2096,.T.);
#2094 = VERTEX_POINT('',#2095);
#2095 = CARTESIAN_POINT('',(-8.072837795517E-02,1.229726355759,
    3.693657706877));
#2096 = B_SPLINE_CURVE_WITH_KNOTS('',3,(#2097,#2098,#2099,#2100,#2101,
    #2102,#2103,#2104,#2105,#2106,#2107,#2108,#2109,#2110,#2111,#2112,
    #2113,#2114,#2115),.UNSPECIFIED.,.F.,.F.,(4,1,1,1,1,1,1,1,1,1,1,1,1,
    1,1,1,4),(0.,6.862508274056E-02,0.13455451362,0.198310538173,
    0.260766602858,0.321970550981,0.382576836474,0.443387162252,
    0.504977646645,0.566052666658,0.625939336804,0.68537726996,
    0.745018520241,0.805433125105,0.867648023114,0.932313794838,1.),
  .UNSPECIFIED.);
#2097 = CARTESIAN_POINT('',(0.369365760688,0.747080451812,3.693657706877
    ));
#2098 = CARTESIAN_POINT('',(0.368987535054,0.764045245405,3.693657706877
    ));
#2099 = CARTESIAN_POINT('',(0.368245940811,0.79730844101,3.693657706877)
  );
#2100 = CARTESIAN_POINT('',(0.362615416126,0.846087725763,3.693657706877
    ));
#2101 = CARTESIAN_POINT('',(0.352837453185,0.892621402982,3.693657706877
    ));
#2102 = CARTESIAN_POINT('',(0.339522264006,0.937052582147,3.693657706877
    ));
#2103 = CARTESIAN_POINT('',(0.322436418327,0.979352338653,3.693657706877
    ));
#2104 = CARTESIAN_POINT('',(0.301351127221,1.019351449714,3.693657706877
    ));
#2105 = CARTESIAN_POINT('',(0.276400629706,1.057166234169,3.693657706877
    ));
#2106 = CARTESIAN_POINT('',(0.247902729689,1.092534018319,3.693657706877
    ));
#2107 = CARTESIAN_POINT('',(0.216183424642,1.124747290389,3.693657706877
    ));
#2108 = CARTESIAN_POINT('',(0.181490559994,1.152907100179,3.693657706877
    ));
#2109 = CARTESIAN_POINT('',(0.144174632742,1.176846459393,3.693657706877
    ));
#2110 = CARTESIAN_POINT('',(0.104170094335,1.196262459951,3.693657706877
    ));
#2111 = CARTESIAN_POINT('',(6.159299061665E-02,1.211280237072,
    3.693657706877));
#2112 = CARTESIAN_POINT('',(1.647064622086E-02,1.221925420758,
    3.693657706877));
#2113 = CARTESIAN_POINT('',(-3.125933403704E-02,1.228636835173,
    3.693657706877));
#2114 = CARTESIAN_POINT('',(-6.398971425846E-02,1.22935769857,
    3.693657706877));
#2115 = CARTESIAN_POINT('',(-8.072837795517E-02,1.229726355759,
    3.693657706877));
#2116 = ORIENTED_EDGE('',*,*,#2117,.T.);
#2117 = EDGE_CURVE('',#2094,#2071,#2118,.T.);
#2118 = B_SPLINE_CURVE_WITH_KNOTS('',3,(#2119,#2120,#2121,#2122,#2123,
    #2124,#2125,#2126,#2127,#2128,#2129,#2130,#2131,#2132,#2133,#2134,
    #2135,#2136,#2137),.UNSPECIFIED.,.F.,.F.,(4,1,1,1,1,1,1,1,1,1,1,1,1,
    1,1,1,4),(0.,6.806869584499E-02,0.133427432819,0.196146033813,
    0.257048592449,0.316882663159,0.376187208666,0.435960335364,
    0.496535236863,0.557465343481,0.61768686341,0.677943640697,
    0.738805284806,0.800949336767,0.86481466747,0.931024781079,1.),
  .UNSPECIFIED.);
#2119 = CARTESIAN_POINT('',(-8.072837795517E-02,1.229726355759,
    3.693657706877));
#2120 = CARTESIAN_POINT('',(-9.816944550203E-02,1.229353418968,
    3.693657706877));
#2121 = CARTESIAN_POINT('',(-0.132357214777,1.228622392788,
    3.693657706877));
#2122 = CARTESIAN_POINT('',(-0.182251321869,1.221940770592,
    3.693657706877));
#2123 = CARTESIAN_POINT('',(-0.229527399413,1.211274691478,
    3.693657706877));
#2124 = CARTESIAN_POINT('',(-0.274158589009,1.196302670271,
    3.693657706877));
#2125 = CARTESIAN_POINT('',(-0.316112699149,1.176918275634,
    3.693657706877));
#2126 = CARTESIAN_POINT('',(-0.355236453353,1.152884513906,
    3.693657706877));
#2127 = CARTESIAN_POINT('',(-0.391828157318,1.124849144387,
    3.693657706877));
#2128 = CARTESIAN_POINT('',(-0.425386474681,1.092620089166,
    3.693657706877));
#2129 = CARTESIAN_POINT('',(-0.455421049039,1.056977076714,
    3.693657706877));
#2130 = CARTESIAN_POINT('',(-0.482132484076,1.018863298464,
    3.693657706877));
#2131 = CARTESIAN_POINT('',(-0.504326126528,0.977951259711,
    3.693657706877));
#2132 = CARTESIAN_POINT('',(-0.522459388379,0.934590389494,
    3.693657706877));
#2133 = CARTESIAN_POINT('',(-0.536856114292,0.888856526075,
    3.693657706877));
#2134 = CARTESIAN_POINT('',(-0.546658138272,0.840551464971,
    3.693657706877));
#2135 = CARTESIAN_POINT('',(-0.553102110516,0.789894741822,
    3.693657706877));
#2136 = CARTESIAN_POINT('',(-0.55372885766,0.75525366917,3.693657706877)
  );
#2137 = CARTESIAN_POINT('',(-0.554048641031,0.737578855452,
    3.693657706877));
#2138 = FACE_BOUND('',#2139,.T.);
#2139 = EDGE_LOOP('',(#2140,#2148));
#2140 = ORIENTED_EDGE('',*,*,#2141,.F.);
#2141 = EDGE_CURVE('',#469,#462,#2142,.T.);
#2142 = ( BOUNDED_CURVE() B_SPLINE_CURVE(2,(#2143,#2144,#2145,#2146,
#2147),.UNSPECIFIED.,.F.,.F.) B_SPLINE_CURVE_WITH_KNOTS((3,2,3),(
    3.14159265359,4.712388980385,6.28318530718),
.PIECEWISE_BEZIER_KNOTS.) CURVE() GEOMETRIC_REPRESENTATION_ITEM() 
RATIONAL_B_SPLINE_CURVE((1.,0.707106781187,1.,0.707106781187,1.)) 
REPRESENTATION_ITEM('') );
#2143 = CARTESIAN_POINT('',(-5.771340010745,7.06785307095E-16,
    3.693657706877));
#2144 = CARTESIAN_POINT('',(-5.771340010745,-5.771340010745,
    3.693657706877));
#2145 = CARTESIAN_POINT('',(-1.060177960642E-15,-5.771340010745,
    3.693657706877));
#2146 = CARTESIAN_POINT('',(5.771340010745,-5.771340010745,
    3.693657706877));
#2147 = CARTESIAN_POINT('',(5.771340010745,-1.41357061419E-15,
    3.693657706877));
#2148 = ORIENTED_EDGE('',*,*,#468,.F.);
#2149 = FACE_BOUND('',#2150,.T.);
#2150 = EDGE_LOOP('',(#2151,#2159));
#2151 = ORIENTED_EDGE('',*,*,#2152,.T.);
#2152 = EDGE_CURVE('',#319,#317,#2153,.T.);
#2153 = ( BOUNDED_CURVE() B_SPLINE_CURVE(2,(#2154,#2155,#2156,#2157,
#2158),.UNSPECIFIED.,.F.,.F.) B_SPLINE_CURVE_WITH_KNOTS((3,2,3),(
    3.14159265359,4.712388980385,6.28318530718),
.PIECEWISE_BEZIER_KNOTS.) CURVE() GEOMETRIC_REPRESENTATION_ITEM() 
RATIONAL_B_SPLINE_CURVE((1.,0.707106781187,1.,0.707106781187,1.)) 
REPRESENTATION_ITEM('') );
#2154 = CARTESIAN_POINT('',(-0.554048641031,3.001096805587,
    3.693657706877));
#2155 = CARTESIAN_POINT('',(-0.554048641031,2.447048164556,
    3.693657706877));
#2156 = CARTESIAN_POINT('',(8.029081088599E-16,2.447048164556,
    3.693657706877));
#2157 = CARTESIAN_POINT('',(0.554048641031,2.447048164556,3.693657706877
    ));
#2158 = CARTESIAN_POINT('',(0.554048641031,3.001096805587,3.693657706877
    ));
#2159 = ORIENTED_EDGE('',*,*,#316,.T.);
#2160 = FACE_BOUND('',#2161,.T.);
#2161 = EDGE_LOOP('',(#2162,#2170));
#2162 = ORIENTED_EDGE('',*,*,#2163,.T.);
#2163 = EDGE_CURVE('',#271,#269,#2164,.T.);
#2164 = ( BOUNDED_CURVE() B_SPLINE_CURVE(2,(#2165,#2166,#2167,#2168,
#2169),.UNSPECIFIED.,.F.,.F.) B_SPLINE_CURVE_WITH_KNOTS((3,2,3),(
    3.14159265359,4.712388980385,6.28318530718),
.PIECEWISE_BEZIER_KNOTS.) CURVE() GEOMETRIC_REPRESENTATION_ITEM() 
RATIONAL_B_SPLINE_CURVE((1.,0.707106781187,1.,0.707106781187,1.)) 
REPRESENTATION_ITEM('') );
#2165 = CARTESIAN_POINT('',(-0.554048641031,-3.001096805587,
    3.693657706877));
#2166 = CARTESIAN_POINT('',(-0.554048641031,-3.555145446619,
    3.693657706877));
#2167 = CARTESIAN_POINT('',(-1.034733689587E-15,-3.555145446619,
    3.693657706877));
#2168 = CARTESIAN_POINT('',(0.554048641031,-3.555145446619,
    3.693657706877));
#2169 = CARTESIAN_POINT('',(0.554048641031,-3.001096805587,
    3.693657706877));
#2170 = ORIENTED_EDGE('',*,*,#268,.T.);
#2171 = FACE_BOUND('',#2172,.T.);
#2172 = EDGE_LOOP('',(#2173,#2181));
#2173 = ORIENTED_EDGE('',*,*,#2174,.T.);
#2174 = EDGE_CURVE('',#223,#221,#2175,.T.);
#2175 = ( BOUNDED_CURVE() B_SPLINE_CURVE(2,(#2176,#2177,#2178,#2179,
#2180),.UNSPECIFIED.,.F.,.F.) B_SPLINE_CURVE_WITH_KNOTS((3,2,3),(
    3.14159265359,4.712388980385,6.28318530718),
.PIECEWISE_BEZIER_KNOTS.) CURVE() GEOMETRIC_REPRESENTATION_ITEM() 
RATIONAL_B_SPLINE_CURVE((1.,0.707106781187,1.,0.707106781187,1.)) 
REPRESENTATION_ITEM('') );
#2176 = CARTESIAN_POINT('',(1.154268002149,2.261712982704E-16,
    3.693657706877));
#2177 = CARTESIAN_POINT('',(1.154268002149,-1.846828803438,
    3.693657706877));
#2178 = CARTESIAN_POINT('',(3.001096805587,-1.846828803438,
    3.693657706877));
#2179 = CARTESIAN_POINT('',(4.847925609026,-1.846828803438,
    3.693657706877));
#2180 = CARTESIAN_POINT('',(4.847925609026,-4.523425965408E-16,
    3.693657706877));
#2181 = ORIENTED_EDGE('',*,*,#220,.T.);
#2182 = FACE_BOUND('',#2183,.T.);
#2183 = EDGE_LOOP('',(#2184,#2192));
#2184 = ORIENTED_EDGE('',*,*,#2185,.T.);
#2185 = EDGE_CURVE('',#175,#173,#2186,.T.);
#2186 = ( BOUNDED_CURVE() B_SPLINE_CURVE(2,(#2187,#2188,#2189,#2190,
#2191),.UNSPECIFIED.,.F.,.F.) B_SPLINE_CURVE_WITH_KNOTS((3,2,3),(
    3.14159265359,4.712388980385,6.28318530718),
.PIECEWISE_BEZIER_KNOTS.) CURVE() GEOMETRIC_REPRESENTATION_ITEM() 
RATIONAL_B_SPLINE_CURVE((1.,0.707106781187,1.,0.707106781187,1.)) 
REPRESENTATION_ITEM('') );
#2187 = CARTESIAN_POINT('',(-4.847925609026,1.328756377339E-15,
    3.693657706877));
#2188 = CARTESIAN_POINT('',(-4.847925609026,-1.846828803438,
    3.693657706877));
#2189 = CARTESIAN_POINT('',(-3.001096805587,-1.846828803438,
    3.693657706877));
#2190 = CARTESIAN_POINT('',(-1.154268002149,-1.846828803438,
    3.693657706877));
#2191 = CARTESIAN_POINT('',(-1.154268002149,6.502424825274E-16,
    3.693657706877));
#2192 = ORIENTED_EDGE('',*,*,#172,.T.);
#2193 = FACE_BOUND('',#2194,.T.);
#2194 = EDGE_LOOP('',(#2195,#2204,#2211,#2218,#2225,#2232,#2239,#2246));
#2195 = ORIENTED_EDGE('',*,*,#2196,.T.);
#2196 = EDGE_CURVE('',#2197,#2199,#2201,.T.);
#2197 = VERTEX_POINT('',#2198);
#2198 = CARTESIAN_POINT('',(0.369365760688,1.770261615302,3.693657706877
    ));
#2199 = VERTEX_POINT('',#2200);
#2200 = CARTESIAN_POINT('',(-0.554048641031,2.130618454997,
    3.693657706877));
#2201 = B_SPLINE_CURVE_WITH_KNOTS('',1,(#2202,#2203),.UNSPECIFIED.,.F.,
  .F.,(2,2),(0.,0.991237211377),.PIECEWISE_BEZIER_KNOTS.);
#2202 = CARTESIAN_POINT('',(0.369365760688,1.770261615302,3.693657706877
    ));
#2203 = CARTESIAN_POINT('',(-0.554048641031,2.130618454997,
    3.693657706877));
#2204 = ORIENTED_EDGE('',*,*,#2205,.T.);
#2205 = EDGE_CURVE('',#2199,#2206,#2208,.T.);
#2206 = VERTEX_POINT('',#2207);
#2207 = CARTESIAN_POINT('',(-0.554048641031,1.995484640111,
    3.693657706877));
#2208 = B_SPLINE_CURVE_WITH_KNOTS('',1,(#2209,#2210),.UNSPECIFIED.,.F.,
  .F.,(2,2),(0.,0.135133814886),.PIECEWISE_BEZIER_KNOTS.);
#2209 = CARTESIAN_POINT('',(-0.554048641031,2.130618454997,
    3.693657706877));
#2210 = CARTESIAN_POINT('',(-0.554048641031,1.995484640111,
    3.693657706877));
#2211 = ORIENTED_EDGE('',*,*,#2212,.T.);
#2212 = EDGE_CURVE('',#2206,#2213,#2215,.T.);
#2213 = VERTEX_POINT('',#2214);
#2214 = CARTESIAN_POINT('',(-0.295042162501,1.902052275913,
    3.693657706877));
#2215 = B_SPLINE_CURVE_WITH_KNOTS('',1,(#2216,#2217),.UNSPECIFIED.,.F.,
  .F.,(2,2),(0.,0.275343354016),.PIECEWISE_BEZIER_KNOTS.);
#2216 = CARTESIAN_POINT('',(-0.554048641031,1.995484640111,
    3.693657706877));
#2217 = CARTESIAN_POINT('',(-0.295042162501,1.902052275913,
    3.693657706877));
#2218 = ORIENTED_EDGE('',*,*,#2219,.T.);
#2219 = EDGE_CURVE('',#2213,#2220,#2222,.T.);
#2220 = VERTEX_POINT('',#2221);
#2221 = CARTESIAN_POINT('',(-0.295042162501,1.520580777642,
    3.693657706877));
#2222 = B_SPLINE_CURVE_WITH_KNOTS('',1,(#2223,#2224),.UNSPECIFIED.,.F.,
  .F.,(2,2),(0.,0.381471498271),.PIECEWISE_BEZIER_KNOTS.);
#2223 = CARTESIAN_POINT('',(-0.295042162501,1.902052275913,
    3.693657706877));
#2224 = CARTESIAN_POINT('',(-0.295042162501,1.520580777642,
    3.693657706877));
#2225 = ORIENTED_EDGE('',*,*,#2226,.T.);
#2226 = EDGE_CURVE('',#2220,#2227,#2229,.T.);
#2227 = VERTEX_POINT('',#2228);
#2228 = CARTESIAN_POINT('',(-0.554048641031,1.432427078088,
    3.693657706877));
#2229 = B_SPLINE_CURVE_WITH_KNOTS('',1,(#2230,#2231),.UNSPECIFIED.,.F.,
  .F.,(2,2),(0.,0.27359720515),.PIECEWISE_BEZIER_KNOTS.);
#2230 = CARTESIAN_POINT('',(-0.295042162501,1.520580777642,
    3.693657706877));
#2231 = CARTESIAN_POINT('',(-0.554048641031,1.432427078088,
    3.693657706877));
#2232 = ORIENTED_EDGE('',*,*,#2233,.T.);
#2233 = EDGE_CURVE('',#2227,#2234,#2236,.T.);
#2234 = VERTEX_POINT('',#2235);
#2235 = CARTESIAN_POINT('',(-0.554048641031,1.297293263202,
    3.693657706877));
#2236 = B_SPLINE_CURVE_WITH_KNOTS('',1,(#2237,#2238),.UNSPECIFIED.,.F.,
  .F.,(2,2),(0.,0.135133814886),.PIECEWISE_BEZIER_KNOTS.);
#2237 = CARTESIAN_POINT('',(-0.554048641031,1.432427078088,
    3.693657706877));
#2238 = CARTESIAN_POINT('',(-0.554048641031,1.297293263202,
    3.693657706877));
#2239 = ORIENTED_EDGE('',*,*,#2240,.T.);
#2240 = EDGE_CURVE('',#2234,#2241,#2243,.T.);
#2241 = VERTEX_POINT('',#2242);
#2242 = CARTESIAN_POINT('',(0.369365760688,1.646388951657,3.693657706877
    ));
#2243 = B_SPLINE_CURVE_WITH_KNOTS('',1,(#2244,#2245),.UNSPECIFIED.,.F.,
  .F.,(2,2),(0.,0.987199046292),.PIECEWISE_BEZIER_KNOTS.);
#2244 = CARTESIAN_POINT('',(-0.554048641031,1.297293263202,
    3.693657706877));
#2245 = CARTESIAN_POINT('',(0.369365760688,1.646388951657,3.693657706877
    ));
#2246 = ORIENTED_EDGE('',*,*,#2247,.T.);
#2247 = EDGE_CURVE('',#2241,#2197,#2248,.T.);
#2248 = B_SPLINE_CURVE_WITH_KNOTS('',1,(#2249,#2250),.UNSPECIFIED.,.F.,
  .F.,(2,2),(0.,0.123872663645),.PIECEWISE_BEZIER_KNOTS.);
#2249 = CARTESIAN_POINT('',(0.369365760688,1.646388951657,3.693657706877
    ));
#2250 = CARTESIAN_POINT('',(0.369365760688,1.770261615302,3.693657706877
    ));
#2251 = FACE_BOUND('',#2252,.T.);
#2252 = EDGE_LOOP('',(#2253,#2262,#2269,#2276,#2283,#2290,#2297,#2304,
    #2311,#2318,#2325,#2332));
#2253 = ORIENTED_EDGE('',*,*,#2254,.T.);
#2254 = EDGE_CURVE('',#2255,#2257,#2259,.T.);
#2255 = VERTEX_POINT('',#2256);
#2256 = CARTESIAN_POINT('',(-0.452698279867,0.30631195404,3.693657706877
    ));
#2257 = VERTEX_POINT('',#2258);
#2258 = CARTESIAN_POINT('',(-0.554048641031,0.30631195404,3.693657706877
    ));
#2259 = B_SPLINE_CURVE_WITH_KNOTS('',1,(#2260,#2261),.UNSPECIFIED.,.F.,
  .F.,(2,2),(0.,0.101350361164),.PIECEWISE_BEZIER_KNOTS.);
#2260 = CARTESIAN_POINT('',(-0.452698279867,0.30631195404,3.693657706877
    ));
#2261 = CARTESIAN_POINT('',(-0.554048641031,0.30631195404,3.693657706877
    ));
#2262 = ORIENTED_EDGE('',*,*,#2263,.T.);
#2263 = EDGE_CURVE('',#2257,#2264,#2266,.T.);
#2264 = VERTEX_POINT('',#2265);
#2265 = CARTESIAN_POINT('',(-0.554048641031,-0.189178700541,
    3.693657706877));
#2266 = B_SPLINE_CURVE_WITH_KNOTS('',1,(#2267,#2268),.UNSPECIFIED.,.F.,
  .F.,(2,2),(0.,0.495490654581),.PIECEWISE_BEZIER_KNOTS.);
#2267 = CARTESIAN_POINT('',(-0.554048641031,0.30631195404,3.693657706877
    ));
#2268 = CARTESIAN_POINT('',(-0.554048641031,-0.189178700541,
    3.693657706877));
#2269 = ORIENTED_EDGE('',*,*,#2270,.T.);
#2270 = EDGE_CURVE('',#2264,#2271,#2273,.T.);
#2271 = VERTEX_POINT('',#2272);
#2272 = CARTESIAN_POINT('',(0.369365760688,-0.189178700541,
    3.693657706877));
#2273 = B_SPLINE_CURVE_WITH_KNOTS('',1,(#2274,#2275),.UNSPECIFIED.,.F.,
  .F.,(2,2),(0.,0.923414401719),.PIECEWISE_BEZIER_KNOTS.);
#2274 = CARTESIAN_POINT('',(-0.554048641031,-0.189178700541,
    3.693657706877));
#2275 = CARTESIAN_POINT('',(0.369365760688,-0.189178700541,
    3.693657706877));
#2276 = ORIENTED_EDGE('',*,*,#2277,.T.);
#2277 = EDGE_CURVE('',#2271,#2278,#2280,.T.);
#2278 = VERTEX_POINT('',#2279);
#2279 = CARTESIAN_POINT('',(0.369365760688,0.283789651559,3.693657706877
    ));
#2280 = B_SPLINE_CURVE_WITH_KNOTS('',1,(#2281,#2282),.UNSPECIFIED.,.F.,
  .F.,(2,2),(0.,0.4729683521),.PIECEWISE_BEZIER_KNOTS.);
#2281 = CARTESIAN_POINT('',(0.369365760688,-0.189178700541,
    3.693657706877));
#2282 = CARTESIAN_POINT('',(0.369365760688,0.283789651559,3.693657706877
    ));
#2283 = ORIENTED_EDGE('',*,*,#2284,.T.);
#2284 = EDGE_CURVE('',#2278,#2285,#2287,.T.);
#2285 = VERTEX_POINT('',#2286);
#2286 = CARTESIAN_POINT('',(0.268015399523,0.283789651559,3.693657706877
    ));
#2287 = B_SPLINE_CURVE_WITH_KNOTS('',1,(#2288,#2289),.UNSPECIFIED.,.F.,
  .F.,(2,2),(0.,0.101350361164),.PIECEWISE_BEZIER_KNOTS.);
#2288 = CARTESIAN_POINT('',(0.369365760688,0.283789651559,3.693657706877
    ));
#2289 = CARTESIAN_POINT('',(0.268015399523,0.283789651559,3.693657706877
    ));
#2290 = ORIENTED_EDGE('',*,*,#2291,.T.);
#2291 = EDGE_CURVE('',#2285,#2292,#2294,.T.);
#2292 = VERTEX_POINT('',#2293);
#2293 = CARTESIAN_POINT('',(0.268015399523,-6.530603689597E-02,
    3.693657706877));
#2294 = B_SPLINE_CURVE_WITH_KNOTS('',1,(#2295,#2296),.UNSPECIFIED.,.F.,
  .F.,(2,2),(0.,0.349095688455),.PIECEWISE_BEZIER_KNOTS.);
#2295 = CARTESIAN_POINT('',(0.268015399523,0.283789651559,3.693657706877
    ));
#2296 = CARTESIAN_POINT('',(0.268015399523,-6.530603689597E-02,
    3.693657706877));
#2297 = ORIENTED_EDGE('',*,*,#2298,.T.);
#2298 = EDGE_CURVE('',#2292,#2299,#2301,.T.);
#2299 = VERTEX_POINT('',#2300);
#2300 = CARTESIAN_POINT('',(-3.603568396953E-02,-6.530603689597E-02,
    3.693657706877));
#2301 = B_SPLINE_CURVE_WITH_KNOTS('',1,(#2302,#2303),.UNSPECIFIED.,.F.,
  .F.,(2,2),(0.,0.304051083493),.PIECEWISE_BEZIER_KNOTS.);
#2302 = CARTESIAN_POINT('',(0.268015399523,-6.530603689597E-02,
    3.693657706877));
#2303 = CARTESIAN_POINT('',(-3.603568396953E-02,-6.530603689597E-02,
    3.693657706877));
#2304 = ORIENTED_EDGE('',*,*,#2305,.T.);
#2305 = EDGE_CURVE('',#2299,#2306,#2308,.T.);
#2306 = VERTEX_POINT('',#2307);
#2307 = CARTESIAN_POINT('',(-3.603568396953E-02,0.261267349078,
    3.693657706877));
#2308 = B_SPLINE_CURVE_WITH_KNOTS('',1,(#2309,#2310),.UNSPECIFIED.,.F.,
  .F.,(2,2),(0.,0.326573385974),.PIECEWISE_BEZIER_KNOTS.);
#2309 = CARTESIAN_POINT('',(-3.603568396953E-02,-6.530603689597E-02,
    3.693657706877));
#2310 = CARTESIAN_POINT('',(-3.603568396953E-02,0.261267349078,
    3.693657706877));
#2311 = ORIENTED_EDGE('',*,*,#2312,.T.);
#2312 = EDGE_CURVE('',#2306,#2313,#2315,.T.);
#2313 = VERTEX_POINT('',#2314);
#2314 = CARTESIAN_POINT('',(-0.137386045134,0.261267349078,
    3.693657706877));
#2315 = B_SPLINE_CURVE_WITH_KNOTS('',1,(#2316,#2317),.UNSPECIFIED.,.F.,
  .F.,(2,2),(0.,0.101350361164),.PIECEWISE_BEZIER_KNOTS.);
#2316 = CARTESIAN_POINT('',(-3.603568396953E-02,0.261267349078,
    3.693657706877));
#2317 = CARTESIAN_POINT('',(-0.137386045134,0.261267349078,
    3.693657706877));
#2318 = ORIENTED_EDGE('',*,*,#2319,.T.);
#2319 = EDGE_CURVE('',#2313,#2320,#2322,.T.);
#2320 = VERTEX_POINT('',#2321);
#2321 = CARTESIAN_POINT('',(-0.137386045134,-6.530603689597E-02,
    3.693657706877));
#2322 = B_SPLINE_CURVE_WITH_KNOTS('',1,(#2323,#2324),.UNSPECIFIED.,.F.,
  .F.,(2,2),(0.,0.326573385974),.PIECEWISE_BEZIER_KNOTS.);
#2323 = CARTESIAN_POINT('',(-0.137386045134,0.261267349078,
    3.693657706877));
#2324 = CARTESIAN_POINT('',(-0.137386045134,-6.530603689597E-02,
    3.693657706877));
#2325 = ORIENTED_EDGE('',*,*,#2326,.T.);
#2326 = EDGE_CURVE('',#2320,#2327,#2329,.T.);
#2327 = VERTEX_POINT('',#2328);
#2328 = CARTESIAN_POINT('',(-0.452698279867,-6.530603689597E-02,
    3.693657706877));
#2329 = B_SPLINE_CURVE_WITH_KNOTS('',1,(#2330,#2331),.UNSPECIFIED.,.F.,
  .F.,(2,2),(0.,0.315312234733),.PIECEWISE_BEZIER_KNOTS.);
#2330 = CARTESIAN_POINT('',(-0.137386045134,-6.530603689597E-02,
    3.693657706877));
#2331 = CARTESIAN_POINT('',(-0.452698279867,-6.530603689597E-02,
    3.693657706877));
#2332 = ORIENTED_EDGE('',*,*,#2333,.T.);
#2333 = EDGE_CURVE('',#2327,#2255,#2334,.T.);
#2334 = B_SPLINE_CURVE_WITH_KNOTS('',1,(#2335,#2336),.UNSPECIFIED.,.F.,
  .F.,(2,2),(0.,0.371617990936),.PIECEWISE_BEZIER_KNOTS.);
#2335 = CARTESIAN_POINT('',(-0.452698279867,-6.530603689597E-02,
    3.693657706877));
#2336 = CARTESIAN_POINT('',(-0.452698279867,0.30631195404,3.693657706877
    ));
#2337 = FACE_BOUND('',#2338,.T.);
#2338 = EDGE_LOOP('',(#2339,#2348,#2355,#2362,#2369,#2376));
#2339 = ORIENTED_EDGE('',*,*,#2340,.T.);
#2340 = EDGE_CURVE('',#2341,#2343,#2345,.T.);
#2341 = VERTEX_POINT('',#2342);
#2342 = CARTESIAN_POINT('',(-0.452698279867,-1.135115404741,
    3.693657706877));
#2343 = VERTEX_POINT('',#2344);
#2344 = CARTESIAN_POINT('',(-0.554048641031,-1.135115404741,
    3.693657706877));
#2345 = B_SPLINE_CURVE_WITH_KNOTS('',1,(#2346,#2347),.UNSPECIFIED.,.F.,
  .F.,(2,2),(0.,0.101350361164),.PIECEWISE_BEZIER_KNOTS.);
#2346 = CARTESIAN_POINT('',(-0.452698279867,-1.135115404741,
    3.693657706877));
#2347 = CARTESIAN_POINT('',(-0.554048641031,-1.135115404741,
    3.693657706877));
#2348 = ORIENTED_EDGE('',*,*,#2349,.T.);
#2349 = EDGE_CURVE('',#2343,#2350,#2352,.T.);
#2350 = VERTEX_POINT('',#2351);
#2351 = CARTESIAN_POINT('',(-0.554048641031,-1.608083756841,
    3.693657706877));
#2352 = B_SPLINE_CURVE_WITH_KNOTS('',1,(#2353,#2354),.UNSPECIFIED.,.F.,
  .F.,(2,2),(0.,0.4729683521),.PIECEWISE_BEZIER_KNOTS.);
#2353 = CARTESIAN_POINT('',(-0.554048641031,-1.135115404741,
    3.693657706877));
#2354 = CARTESIAN_POINT('',(-0.554048641031,-1.608083756841,
    3.693657706877));
#2355 = ORIENTED_EDGE('',*,*,#2356,.T.);
#2356 = EDGE_CURVE('',#2350,#2357,#2359,.T.);
#2357 = VERTEX_POINT('',#2358);
#2358 = CARTESIAN_POINT('',(0.369365760688,-1.608083756841,
    3.693657706877));
#2359 = B_SPLINE_CURVE_WITH_KNOTS('',1,(#2360,#2361),.UNSPECIFIED.,.F.,
  .F.,(2,2),(0.,0.923414401719),.PIECEWISE_BEZIER_KNOTS.);
#2360 = CARTESIAN_POINT('',(-0.554048641031,-1.608083756841,
    3.693657706877));
#2361 = CARTESIAN_POINT('',(0.369365760688,-1.608083756841,
    3.693657706877));
#2362 = ORIENTED_EDGE('',*,*,#2363,.T.);
#2363 = EDGE_CURVE('',#2357,#2364,#2366,.T.);
#2364 = VERTEX_POINT('',#2365);
#2365 = CARTESIAN_POINT('',(0.369365760688,-1.484211093196,
    3.693657706877));
#2366 = B_SPLINE_CURVE_WITH_KNOTS('',1,(#2367,#2368),.UNSPECIFIED.,.F.,
  .F.,(2,2),(0.,0.123872663645),.PIECEWISE_BEZIER_KNOTS.);
#2367 = CARTESIAN_POINT('',(0.369365760688,-1.608083756841,
    3.693657706877));
#2368 = CARTESIAN_POINT('',(0.369365760688,-1.484211093196,
    3.693657706877));
#2369 = ORIENTED_EDGE('',*,*,#2370,.T.);
#2370 = EDGE_CURVE('',#2364,#2371,#2373,.T.);
#2371 = VERTEX_POINT('',#2372);
#2372 = CARTESIAN_POINT('',(-0.452698279867,-1.484211093196,
    3.693657706877));
#2373 = B_SPLINE_CURVE_WITH_KNOTS('',1,(#2374,#2375),.UNSPECIFIED.,.F.,
  .F.,(2,2),(0.,0.822064040555),.PIECEWISE_BEZIER_KNOTS.);
#2374 = CARTESIAN_POINT('',(0.369365760688,-1.484211093196,
    3.693657706877));
#2375 = CARTESIAN_POINT('',(-0.452698279867,-1.484211093196,
    3.693657706877));
#2376 = ORIENTED_EDGE('',*,*,#2377,.T.);
#2377 = EDGE_CURVE('',#2371,#2341,#2378,.T.);
#2378 = B_SPLINE_CURVE_WITH_KNOTS('',1,(#2379,#2380),.UNSPECIFIED.,.F.,
  .F.,(2,2),(0.,0.349095688455),.PIECEWISE_BEZIER_KNOTS.);
#2379 = CARTESIAN_POINT('',(-0.452698279867,-1.484211093196,
    3.693657706877));
#2380 = CARTESIAN_POINT('',(-0.452698279867,-1.135115404741,
    3.693657706877));
#2381 = B_SPLINE_SURFACE_WITH_KNOTS('',1,1,(
    (#2382,#2383)
    ,(#2384,#2385
    )),.UNSPECIFIED.,.F.,.F.,.F.,(2,2),(2,2),(-5.771340010745,
    5.771340010745),(-5.771340010745,5.771340010745),
  .PIECEWISE_BEZIER_KNOTS.);
#2382 = CARTESIAN_POINT('',(-5.771340010745,-5.771340010745,
    3.693657706877));
#2383 = CARTESIAN_POINT('',(-5.771340010745,5.771340010745,
    3.693657706877));
#2384 = CARTESIAN_POINT('',(5.771340010745,-5.771340010745,
    3.693657706877));
#2385 = CARTESIAN_POINT('',(5.771340010745,5.771340010745,3.693657706877
    ));
#2386 = ADVANCED_FACE('',(#2387),#2400,.T.);
#2387 = FACE_BOUND('',#2388,.T.);
#2388 = EDGE_LOOP('',(#2389,#2390,#2398,#2399));
#2389 = ORIENTED_EDGE('',*,*,#461,.F.);
#2390 = ORIENTED_EDGE('',*,*,#2391,.T.);
#2391 = EDGE_CURVE('',#24,#22,#2392,.T.);
#2392 = ( BOUNDED_CURVE() B_SPLINE_CURVE(2,(#2393,#2394,#2395,#2396,
#2397),.UNSPECIFIED.,.F.,.F.) B_SPLINE_CURVE_WITH_KNOTS((3,2,3),(0.,
1.570796326795,3.14159265359),.PIECEWISE_BEZIER_KNOTS.) CURVE() 
GEOMETRIC_REPRESENTATION_ITEM() RATIONAL_B_SPLINE_CURVE((1.,
0.707106781187,1.,0.707106781187,1.)) REPRESENTATION_ITEM('') );
#2393 = CARTESIAN_POINT('',(5.771340010745,0.,9.234144117192));
#2394 = CARTESIAN_POINT('',(5.771340010745,-5.771340010745,
    9.234144117192));
#2395 = CARTESIAN_POINT('',(3.533926535475E-16,-5.771340010745,
    9.234144117192));
#2396 = CARTESIAN_POINT('',(-5.771340010745,-5.771340010745,
    9.234144117192));
#2397 = CARTESIAN_POINT('',(-5.771340010745,-7.06785307095E-16,
    9.234144117192));
#2398 = ORIENTED_EDGE('',*,*,#478,.T.);
#2399 = ORIENTED_EDGE('',*,*,#2141,.T.);
#2400 = ( BOUNDED_SURFACE() B_SPLINE_SURFACE(2,1,(
    (#2401,#2402)
    ,(#2403,#2404)
    ,(#2405,#2406)
    ,(#2407,#2408)
    ,(#2409,#2410
)),.UNSPECIFIED.,.F.,.F.,.F.) B_SPLINE_SURFACE_WITH_KNOTS((3,2,3),(2,2),
  (3.14159265359,4.712388980385,6.28318530718),(0.46170720086,
    6.002193611175),.PIECEWISE_BEZIER_KNOTS.) 
GEOMETRIC_REPRESENTATION_ITEM() RATIONAL_B_SPLINE_SURFACE((
    (1.,1.)
    ,(0.707106781187,0.707106781187)
    ,(1.,1.)
    ,(0.707106781187,0.707106781187)
,(1.,1.))) REPRESENTATION_ITEM('') SURFACE() );
#2401 = CARTESIAN_POINT('',(5.771340010745,7.06785307095E-16,
    9.234144117192));
#2402 = CARTESIAN_POINT('',(5.771340010745,7.06785307095E-16,
    3.693657706877));
#2403 = CARTESIAN_POINT('',(5.771340010745,-5.771340010745,
    9.234144117192));
#2404 = CARTESIAN_POINT('',(5.771340010745,-5.771340010745,
    3.693657706877));
#2405 = CARTESIAN_POINT('',(1.060177960642E-15,-5.771340010745,
    9.234144117192));
#2406 = CARTESIAN_POINT('',(1.060177960642E-15,-5.771340010745,
    3.693657706877));
#2407 = CARTESIAN_POINT('',(-5.771340010745,-5.771340010745,
    9.234144117192));
#2408 = CARTESIAN_POINT('',(-5.771340010745,-5.771340010745,
    3.693657706877));
#2409 = CARTESIAN_POINT('',(-5.771340010745,-1.41357061419E-15,
    9.234144117192));
#2410 = CARTESIAN_POINT('',(-5.771340010745,-1.41357061419E-15,
    3.693657706877));
#2411 = ADVANCED_FACE('',(#2412),#2425,.F.);
#2412 = FACE_BOUND('',#2413,.F.);
#2413 = EDGE_LOOP('',(#2414,#2415,#2416,#2424));
#2414 = ORIENTED_EDGE('',*,*,#1131,.F.);
#2415 = ORIENTED_EDGE('',*,*,#412,.F.);
#2416 = ORIENTED_EDGE('',*,*,#2417,.F.);
#2417 = EDGE_CURVE('',#432,#413,#2418,.T.);
#2418 = ( BOUNDED_CURVE() B_SPLINE_CURVE(2,(#2419,#2420,#2421,#2422,
#2423),.UNSPECIFIED.,.F.,.F.) B_SPLINE_CURVE_WITH_KNOTS((3,2,3),(
    3.14159265359,4.712388980385,6.28318530718),
.PIECEWISE_BEZIER_KNOTS.) CURVE() GEOMETRIC_REPRESENTATION_ITEM() 
RATIONAL_B_SPLINE_CURVE((1.,0.707106781187,1.,0.707106781187,1.)) 
REPRESENTATION_ITEM('') );
#2419 = CARTESIAN_POINT('',(-1.015755841891,-1.243942140487E-16,
    7.849022514613));
#2420 = CARTESIAN_POINT('',(-1.015755841891,1.015755841891,
    7.849022514613));
#2421 = CARTESIAN_POINT('',(-1.865913210731E-16,1.015755841891,
    7.849022514613));
#2422 = CARTESIAN_POINT('',(1.015755841891,1.015755841891,7.849022514613
    ));
#2423 = CARTESIAN_POINT('',(1.015755841891,2.487884280974E-16,
    7.849022514613));
#2424 = ORIENTED_EDGE('',*,*,#431,.T.);
#2425 = ( BOUNDED_SURFACE() B_SPLINE_SURFACE(2,1,(
    (#2426,#2427)
    ,(#2428,#2429)
    ,(#2430,#2431)
    ,(#2432,#2433)
    ,(#2434,#2435
)),.UNSPECIFIED.,.F.,.F.,.F.) B_SPLINE_SURFACE_WITH_KNOTS((3,2,3),(2,2),
  (0.,1.570796326795,3.14159265359),(0.923414401719,2.770243205157),
.PIECEWISE_BEZIER_KNOTS.) GEOMETRIC_REPRESENTATION_ITEM() 
RATIONAL_B_SPLINE_SURFACE((
    (1.,1.)
    ,(0.707106781187,0.707106781187)
    ,(1.,1.)
    ,(0.707106781187,0.707106781187)
,(1.,1.))) REPRESENTATION_ITEM('') SURFACE() );
#2426 = CARTESIAN_POINT('',(1.015755841891,0.,7.849022514613));
#2427 = CARTESIAN_POINT('',(1.015755841891,0.,9.695851318051));
#2428 = CARTESIAN_POINT('',(1.015755841891,1.015755841891,7.849022514613
    ));
#2429 = CARTESIAN_POINT('',(1.015755841891,1.015755841891,9.695851318051
    ));
#2430 = CARTESIAN_POINT('',(6.219710702436E-17,1.015755841891,
    7.849022514613));
#2431 = CARTESIAN_POINT('',(6.219710702436E-17,1.015755841891,
    9.695851318051));
#2432 = CARTESIAN_POINT('',(-1.015755841891,1.015755841891,
    7.849022514613));
#2433 = CARTESIAN_POINT('',(-1.015755841891,1.015755841891,
    9.695851318051));
#2434 = CARTESIAN_POINT('',(-1.015755841891,1.243942140487E-16,
    7.849022514613));
#2435 = CARTESIAN_POINT('',(-1.015755841891,1.243942140487E-16,
    9.695851318051));
#2436 = ADVANCED_FACE('',(#2437,#2448),#2452,.F.);
#2437 = FACE_BOUND('',#2438,.T.);
#2438 = EDGE_LOOP('',(#2439,#2440));
#2439 = ORIENTED_EDGE('',*,*,#390,.F.);
#2440 = ORIENTED_EDGE('',*,*,#2441,.F.);
#2441 = EDGE_CURVE('',#384,#365,#2442,.T.);
#2442 = ( BOUNDED_CURVE() B_SPLINE_CURVE(2,(#2443,#2444,#2445,#2446,
#2447),.UNSPECIFIED.,.F.,.F.) B_SPLINE_CURVE_WITH_KNOTS((3,2,3),(0.,
1.570796326795,3.14159265359),.PIECEWISE_BEZIER_KNOTS.) CURVE() 
GEOMETRIC_REPRESENTATION_ITEM() RATIONAL_B_SPLINE_CURVE((1.,
0.707106781187,1.,0.707106781187,1.)) REPRESENTATION_ITEM('') );
#2443 = CARTESIAN_POINT('',(4.847925609026,0.,7.849022514613));
#2444 = CARTESIAN_POINT('',(4.847925609026,4.847925609026,7.849022514613
    ));
#2445 = CARTESIAN_POINT('',(2.968498289799E-16,4.847925609026,
    7.849022514613));
#2446 = CARTESIAN_POINT('',(-4.847925609026,4.847925609026,
    7.849022514613));
#2447 = CARTESIAN_POINT('',(-4.847925609026,5.936996579598E-16,
    7.849022514613));
#2448 = FACE_BOUND('',#2449,.T.);
#2449 = EDGE_LOOP('',(#2450,#2451));
#2450 = ORIENTED_EDGE('',*,*,#438,.F.);
#2451 = ORIENTED_EDGE('',*,*,#2417,.F.);
#2452 = B_SPLINE_SURFACE_WITH_KNOTS('',1,1,(
    (#2453,#2454)
    ,(#2455,#2456
    )),.UNSPECIFIED.,.F.,.F.,.F.,(2,2),(2,2),(-4.847925609026,
    4.847925609026),(-4.847925609026,4.847925609026),
  .PIECEWISE_BEZIER_KNOTS.);
#2453 = CARTESIAN_POINT('',(-4.847925609026,-4.847925609026,
    7.849022514613));
#2454 = CARTESIAN_POINT('',(-4.847925609026,4.847925609026,
    7.849022514613));
#2455 = CARTESIAN_POINT('',(4.847925609026,-4.847925609026,
    7.849022514613));
#2456 = CARTESIAN_POINT('',(4.847925609026,4.847925609026,7.849022514613
    ));
#2457 = ADVANCED_FACE('',(#2458),#2471,.F.);
#2458 = FACE_BOUND('',#2459,.F.);
#2459 = EDGE_LOOP('',(#2460,#2468,#2469,#2470));
#2460 = ORIENTED_EDGE('',*,*,#2461,.T.);
#2461 = EDGE_CURVE('',#374,#367,#2462,.T.);
#2462 = ( BOUNDED_CURVE() B_SPLINE_CURVE(2,(#2463,#2464,#2465,#2466,
#2467),.UNSPECIFIED.,.F.,.F.) B_SPLINE_CURVE_WITH_KNOTS((3,2,3),(0.,
1.570796326795,3.14159265359),.PIECEWISE_BEZIER_KNOTS.) CURVE() 
GEOMETRIC_REPRESENTATION_ITEM() RATIONAL_B_SPLINE_CURVE((1.,
0.707106781187,1.,0.707106781187,1.)) REPRESENTATION_ITEM('') );
#2463 = CARTESIAN_POINT('',(4.847925609026,0.,6.925608112894));
#2464 = CARTESIAN_POINT('',(4.847925609026,4.847925609026,6.925608112894
    ));
#2465 = CARTESIAN_POINT('',(2.968498289799E-16,4.847925609026,
    6.925608112894));
#2466 = CARTESIAN_POINT('',(-4.847925609026,4.847925609026,
    6.925608112894));
#2467 = CARTESIAN_POINT('',(-4.847925609026,5.936996579598E-16,
    6.925608112894));
#2468 = ORIENTED_EDGE('',*,*,#364,.F.);
#2469 = ORIENTED_EDGE('',*,*,#2441,.F.);
#2470 = ORIENTED_EDGE('',*,*,#383,.T.);
#2471 = ( BOUNDED_SURFACE() B_SPLINE_SURFACE(2,1,(
    (#2472,#2473)
    ,(#2474,#2475)
    ,(#2476,#2477)
    ,(#2478,#2479)
    ,(#2480,#2481
)),.UNSPECIFIED.,.F.,.F.,.F.) B_SPLINE_SURFACE_WITH_KNOTS((3,2,3),(2,2),
  (0.,1.570796326795,3.14159265359),(0.,0.923414401719),
.PIECEWISE_BEZIER_KNOTS.) GEOMETRIC_REPRESENTATION_ITEM() 
RATIONAL_B_SPLINE_SURFACE((
    (1.,1.)
    ,(0.707106781187,0.707106781187)
    ,(1.,1.)
    ,(0.707106781187,0.707106781187)
,(1.,1.))) REPRESENTATION_ITEM('') SURFACE() );
#2472 = CARTESIAN_POINT('',(-4.847925609026,0.,7.849022514613));
#2473 = CARTESIAN_POINT('',(-4.847925609026,0.,6.925608112894));
#2474 = CARTESIAN_POINT('',(-4.847925609026,4.847925609026,
    7.849022514613));
#2475 = CARTESIAN_POINT('',(-4.847925609026,4.847925609026,
    6.925608112894));
#2476 = CARTESIAN_POINT('',(-2.968498289799E-16,4.847925609026,
    7.849022514613));
#2477 = CARTESIAN_POINT('',(-2.968498289799E-16,4.847925609026,
    6.925608112894));
#2478 = CARTESIAN_POINT('',(4.847925609026,4.847925609026,7.849022514613
    ));
#2479 = CARTESIAN_POINT('',(4.847925609026,4.847925609026,6.925608112894
    ));
#2480 = CARTESIAN_POINT('',(4.847925609026,5.936996579598E-16,
    7.849022514613));
#2481 = CARTESIAN_POINT('',(4.847925609026,5.936996579598E-16,
    6.925608112894));
#2482 = ADVANCED_FACE('',(#2483),#2487,.T.);
#2483 = FACE_BOUND('',#2484,.T.);
#2484 = EDGE_LOOP('',(#2485,#2486));
#2485 = ORIENTED_EDGE('',*,*,#373,.T.);
#2486 = ORIENTED_EDGE('',*,*,#2461,.T.);
#2487 = B_SPLINE_SURFACE_WITH_KNOTS('',1,1,(
    (#2488,#2489)
    ,(#2490,#2491
    )),.UNSPECIFIED.,.F.,.F.,.F.,(2,2),(2,2),(-4.847925609026,
    4.847925609026),(-4.847925609026,4.847925609026),
  .PIECEWISE_BEZIER_KNOTS.);
#2488 = CARTESIAN_POINT('',(-4.847925609026,-4.847925609026,
    6.925608112894));
#2489 = CARTESIAN_POINT('',(-4.847925609026,4.847925609026,
    6.925608112894));
#2490 = CARTESIAN_POINT('',(4.847925609026,-4.847925609026,
    6.925608112894));
#2491 = CARTESIAN_POINT('',(4.847925609026,4.847925609026,6.925608112894
    ));
#2492 = ADVANCED_FACE('',(#2493),#2506,.T.);
#2493 = FACE_BOUND('',#2494,.T.);
#2494 = EDGE_LOOP('',(#2495,#2496,#2497,#2498));
#2495 = ORIENTED_EDGE('',*,*,#328,.F.);
#2496 = ORIENTED_EDGE('',*,*,#2152,.F.);
#2497 = ORIENTED_EDGE('',*,*,#345,.T.);
#2498 = ORIENTED_EDGE('',*,*,#2499,.F.);
#2499 = EDGE_CURVE('',#329,#336,#2500,.T.);
#2500 = ( BOUNDED_CURVE() B_SPLINE_CURVE(2,(#2501,#2502,#2503,#2504,
#2505),.UNSPECIFIED.,.F.,.F.) B_SPLINE_CURVE_WITH_KNOTS((3,2,3),(
    3.14159265359,4.712388980385,6.28318530718),
.PIECEWISE_BEZIER_KNOTS.) CURVE() GEOMETRIC_REPRESENTATION_ITEM() 
RATIONAL_B_SPLINE_CURVE((1.,0.707106781187,1.,0.707106781187,1.)) 
REPRESENTATION_ITEM('') );
#2501 = CARTESIAN_POINT('',(0.554048641031,3.001096805587,3.231950506017
    ));
#2502 = CARTESIAN_POINT('',(0.554048641031,2.447048164556,3.231950506017
    ));
#2503 = CARTESIAN_POINT('',(1.006462277303E-15,2.447048164556,
    3.231950506017));
#2504 = CARTESIAN_POINT('',(-0.554048641031,2.447048164556,
    3.231950506017));
#2505 = CARTESIAN_POINT('',(-0.554048641031,3.001096805587,
    3.231950506017));
#2506 = ( BOUNDED_SURFACE() B_SPLINE_SURFACE(2,1,(
    (#2507,#2508)
    ,(#2509,#2510)
    ,(#2511,#2512)
    ,(#2513,#2514)
    ,(#2515,#2516
)),.UNSPECIFIED.,.F.,.F.,.F.) B_SPLINE_SURFACE_WITH_KNOTS((3,2,3),(2,2),
  (3.14159265359,4.712388980385,6.28318530718),(0.46170720086,
    0.923414401719),.PIECEWISE_BEZIER_KNOTS.) 
GEOMETRIC_REPRESENTATION_ITEM() RATIONAL_B_SPLINE_SURFACE((
    (1.,1.)
    ,(0.707106781187,0.707106781187)
    ,(1.,1.)
    ,(0.707106781187,0.707106781187)
,(1.,1.))) REPRESENTATION_ITEM('') SURFACE() );
#2507 = CARTESIAN_POINT('',(0.554048641031,3.001096805587,3.693657706877
    ));
#2508 = CARTESIAN_POINT('',(0.554048641031,3.001096805587,3.231950506017
    ));
#2509 = CARTESIAN_POINT('',(0.554048641031,2.447048164556,3.693657706877
    ));
#2510 = CARTESIAN_POINT('',(0.554048641031,2.447048164556,3.231950506017
    ));
#2511 = CARTESIAN_POINT('',(1.006462277303E-15,2.447048164556,
    3.693657706877));
#2512 = CARTESIAN_POINT('',(1.006462277303E-15,2.447048164556,
    3.231950506017));
#2513 = CARTESIAN_POINT('',(-0.554048641031,2.447048164556,
    3.693657706877));
#2514 = CARTESIAN_POINT('',(-0.554048641031,2.447048164556,
    3.231950506017));
#2515 = CARTESIAN_POINT('',(-0.554048641031,3.001096805587,
    3.693657706877));
#2516 = CARTESIAN_POINT('',(-0.554048641031,3.001096805587,
    3.231950506017));
#2517 = ADVANCED_FACE('',(#2518),#2522,.T.);
#2518 = FACE_BOUND('',#2519,.T.);
#2519 = EDGE_LOOP('',(#2520,#2521));
#2520 = ORIENTED_EDGE('',*,*,#335,.T.);
#2521 = ORIENTED_EDGE('',*,*,#2499,.T.);
#2522 = B_SPLINE_SURFACE_WITH_KNOTS('',1,1,(
    (#2523,#2524)
    ,(#2525,#2526
    )),.UNSPECIFIED.,.F.,.F.,.F.,(2,2),(2,2),(-0.554048641031,
    0.554048641031),(-0.554048641031,0.554048641031),
  .PIECEWISE_BEZIER_KNOTS.);
#2523 = CARTESIAN_POINT('',(0.554048641031,2.447048164556,3.231950506017
    ));
#2524 = CARTESIAN_POINT('',(0.554048641031,3.555145446619,3.231950506017
    ));
#2525 = CARTESIAN_POINT('',(-0.554048641031,2.447048164556,
    3.231950506017));
#2526 = CARTESIAN_POINT('',(-0.554048641031,3.555145446619,
    3.231950506017));
#2527 = ADVANCED_FACE('',(#2528),#2541,.T.);
#2528 = FACE_BOUND('',#2529,.T.);
#2529 = EDGE_LOOP('',(#2530,#2531,#2532,#2533));
#2530 = ORIENTED_EDGE('',*,*,#280,.F.);
#2531 = ORIENTED_EDGE('',*,*,#2163,.F.);
#2532 = ORIENTED_EDGE('',*,*,#297,.T.);
#2533 = ORIENTED_EDGE('',*,*,#2534,.F.);
#2534 = EDGE_CURVE('',#281,#288,#2535,.T.);
#2535 = ( BOUNDED_CURVE() B_SPLINE_CURVE(2,(#2536,#2537,#2538,#2539,
#2540),.UNSPECIFIED.,.F.,.F.) B_SPLINE_CURVE_WITH_KNOTS((3,2,3),(
    3.14159265359,4.712388980385,6.28318530718),
.PIECEWISE_BEZIER_KNOTS.) CURVE() GEOMETRIC_REPRESENTATION_ITEM() 
RATIONAL_B_SPLINE_CURVE((1.,0.707106781187,1.,0.707106781187,1.)) 
REPRESENTATION_ITEM('') );
#2536 = CARTESIAN_POINT('',(0.554048641031,-3.001096805587,
    3.231950506017));
#2537 = CARTESIAN_POINT('',(0.554048641031,-3.555145446619,
    3.231950506017));
#2538 = CARTESIAN_POINT('',(-8.311795211437E-16,-3.555145446619,
    3.231950506017));
#2539 = CARTESIAN_POINT('',(-0.554048641031,-3.555145446619,
    3.231950506017));
#2540 = CARTESIAN_POINT('',(-0.554048641031,-3.001096805587,
    3.231950506017));
#2541 = ( BOUNDED_SURFACE() B_SPLINE_SURFACE(2,1,(
    (#2542,#2543)
    ,(#2544,#2545)
    ,(#2546,#2547)
    ,(#2548,#2549)
    ,(#2550,#2551
)),.UNSPECIFIED.,.F.,.F.,.F.) B_SPLINE_SURFACE_WITH_KNOTS((3,2,3),(2,2),
  (3.14159265359,4.712388980385,6.28318530718),(0.46170720086,
    0.923414401719),.PIECEWISE_BEZIER_KNOTS.) 
GEOMETRIC_REPRESENTATION_ITEM() RATIONAL_B_SPLINE_SURFACE((
    (1.,1.)
    ,(0.707106781187,0.707106781187)
    ,(1.,1.)
    ,(0.707106781187,0.707106781187)
,(1.,1.))) REPRESENTATION_ITEM('') SURFACE() );
#2542 = CARTESIAN_POINT('',(0.554048641031,-3.001096805587,
    3.693657706877));
#2543 = CARTESIAN_POINT('',(0.554048641031,-3.001096805587,
    3.231950506017));
#2544 = CARTESIAN_POINT('',(0.554048641031,-3.555145446619,
    3.693657706877));
#2545 = CARTESIAN_POINT('',(0.554048641031,-3.555145446619,
    3.231950506017));
#2546 = CARTESIAN_POINT('',(-8.311795211437E-16,-3.555145446619,
    3.693657706877));
#2547 = CARTESIAN_POINT('',(-8.311795211437E-16,-3.555145446619,
    3.231950506017));
#2548 = CARTESIAN_POINT('',(-0.554048641031,-3.555145446619,
    3.693657706877));
#2549 = CARTESIAN_POINT('',(-0.554048641031,-3.555145446619,
    3.231950506017));
#2550 = CARTESIAN_POINT('',(-0.554048641031,-3.001096805587,
    3.693657706877));
#2551 = CARTESIAN_POINT('',(-0.554048641031,-3.001096805587,
    3.231950506017));
#2552 = ADVANCED_FACE('',(#2553),#2557,.T.);
#2553 = FACE_BOUND('',#2554,.T.);
#2554 = EDGE_LOOP('',(#2555,#2556));
#2555 = ORIENTED_EDGE('',*,*,#287,.T.);
#2556 = ORIENTED_EDGE('',*,*,#2534,.T.);
#2557 = B_SPLINE_SURFACE_WITH_KNOTS('',1,1,(
    (#2558,#2559)
    ,(#2560,#2561
    )),.UNSPECIFIED.,.F.,.F.,.F.,(2,2),(2,2),(-0.554048641031,
    0.554048641031),(-0.554048641031,0.554048641031),
  .PIECEWISE_BEZIER_KNOTS.);
#2558 = CARTESIAN_POINT('',(0.554048641031,-3.555145446619,
    3.231950506017));
#2559 = CARTESIAN_POINT('',(0.554048641031,-2.447048164556,
    3.231950506017));
#2560 = CARTESIAN_POINT('',(-0.554048641031,-3.555145446619,
    3.231950506017));
#2561 = CARTESIAN_POINT('',(-0.554048641031,-2.447048164556,
    3.231950506017));
#2562 = ADVANCED_FACE('',(#2563),#2576,.T.);
#2563 = FACE_BOUND('',#2564,.T.);
#2564 = EDGE_LOOP('',(#2565,#2566,#2567,#2568));
#2565 = ORIENTED_EDGE('',*,*,#232,.F.);
#2566 = ORIENTED_EDGE('',*,*,#2174,.F.);
#2567 = ORIENTED_EDGE('',*,*,#249,.T.);
#2568 = ORIENTED_EDGE('',*,*,#2569,.F.);
#2569 = EDGE_CURVE('',#233,#240,#2570,.T.);
#2570 = ( BOUNDED_CURVE() B_SPLINE_CURVE(2,(#2571,#2572,#2573,#2574,
#2575),.UNSPECIFIED.,.F.,.F.) B_SPLINE_CURVE_WITH_KNOTS((3,2,3),(
    3.14159265359,4.712388980385,6.28318530718),
.PIECEWISE_BEZIER_KNOTS.) CURVE() GEOMETRIC_REPRESENTATION_ITEM() 
RATIONAL_B_SPLINE_CURVE((1.,0.707106781187,1.,0.707106781187,1.)) 
REPRESENTATION_ITEM('') );
#2571 = CARTESIAN_POINT('',(4.847925609026,2.261712982704E-16,
    3.231950506017));
#2572 = CARTESIAN_POINT('',(4.847925609026,-1.846828803438,
    3.231950506017));
#2573 = CARTESIAN_POINT('',(3.001096805587,-1.846828803438,
    3.231950506017));
#2574 = CARTESIAN_POINT('',(1.154268002149,-1.846828803438,
    3.231950506017));
#2575 = CARTESIAN_POINT('',(1.154268002149,-4.523425965408E-16,
    3.231950506017));
#2576 = ( BOUNDED_SURFACE() B_SPLINE_SURFACE(2,1,(
    (#2577,#2578)
    ,(#2579,#2580)
    ,(#2581,#2582)
    ,(#2583,#2584)
    ,(#2585,#2586
)),.UNSPECIFIED.,.F.,.F.,.F.) B_SPLINE_SURFACE_WITH_KNOTS((3,2,3),(2,2),
  (3.14159265359,4.712388980385,6.28318530718),(0.46170720086,
    0.923414401719),.PIECEWISE_BEZIER_KNOTS.) 
GEOMETRIC_REPRESENTATION_ITEM() RATIONAL_B_SPLINE_SURFACE((
    (1.,1.)
    ,(0.707106781187,0.707106781187)
    ,(1.,1.)
    ,(0.707106781187,0.707106781187)
,(1.,1.))) REPRESENTATION_ITEM('') SURFACE() );
#2577 = CARTESIAN_POINT('',(4.847925609026,2.261712982704E-16,
    3.693657706877));
#2578 = CARTESIAN_POINT('',(4.847925609026,2.261712982704E-16,
    3.231950506017));
#2579 = CARTESIAN_POINT('',(4.847925609026,-1.846828803438,
    3.693657706877));
#2580 = CARTESIAN_POINT('',(4.847925609026,-1.846828803438,
    3.231950506017));
#2581 = CARTESIAN_POINT('',(3.001096805587,-1.846828803438,
    3.693657706877));
#2582 = CARTESIAN_POINT('',(3.001096805587,-1.846828803438,
    3.231950506017));
#2583 = CARTESIAN_POINT('',(1.154268002149,-1.846828803438,
    3.693657706877));
#2584 = CARTESIAN_POINT('',(1.154268002149,-1.846828803438,
    3.231950506017));
#2585 = CARTESIAN_POINT('',(1.154268002149,-4.523425965408E-16,
    3.693657706877));
#2586 = CARTESIAN_POINT('',(1.154268002149,-4.523425965408E-16,
    3.231950506017));
#2587 = ADVANCED_FACE('',(#2588,#2599),#2603,.T.);
#2588 = FACE_BOUND('',#2589,.T.);
#2589 = EDGE_LOOP('',(#2590,#2598));
#2590 = ORIENTED_EDGE('',*,*,#2591,.F.);
#2591 = EDGE_CURVE('',#144,#137,#2592,.T.);
#2592 = ( BOUNDED_CURVE() B_SPLINE_CURVE(2,(#2593,#2594,#2595,#2596,
#2597),.UNSPECIFIED.,.F.,.F.) B_SPLINE_CURVE_WITH_KNOTS((3,2,3),(
    3.14159265359,4.712388980385,6.28318530718),
.PIECEWISE_BEZIER_KNOTS.) CURVE() GEOMETRIC_REPRESENTATION_ITEM() 
RATIONAL_B_SPLINE_CURVE((1.,0.707106781187,1.,0.707106781187,1.)) 
REPRESENTATION_ITEM('') );
#2593 = CARTESIAN_POINT('',(3.370462566275,4.523425965408E-17,
    3.231950506017));
#2594 = CARTESIAN_POINT('',(3.370462566275,-0.369365760688,
    3.231950506017));
#2595 = CARTESIAN_POINT('',(3.001096805587,-0.369365760688,
    3.231950506017));
#2596 = CARTESIAN_POINT('',(2.6317310449,-0.369365760688,3.231950506017)
  );
#2597 = CARTESIAN_POINT('',(2.6317310449,-9.046851930816E-17,
    3.231950506017));
#2598 = ORIENTED_EDGE('',*,*,#143,.F.);
#2599 = FACE_BOUND('',#2600,.T.);
#2600 = EDGE_LOOP('',(#2601,#2602));
#2601 = ORIENTED_EDGE('',*,*,#239,.T.);
#2602 = ORIENTED_EDGE('',*,*,#2569,.T.);
#2603 = B_SPLINE_SURFACE_WITH_KNOTS('',1,1,(
    (#2604,#2605)
    ,(#2606,#2607
    )),.UNSPECIFIED.,.F.,.F.,.F.,(2,2),(2,2),(-1.846828803438,
    1.846828803438),(-1.846828803438,1.846828803438),
  .PIECEWISE_BEZIER_KNOTS.);
#2604 = CARTESIAN_POINT('',(4.847925609026,-1.846828803438,
    3.231950506017));
#2605 = CARTESIAN_POINT('',(4.847925609026,1.846828803438,3.231950506017
    ));
#2606 = CARTESIAN_POINT('',(1.154268002149,-1.846828803438,
    3.231950506017));
#2607 = CARTESIAN_POINT('',(1.154268002149,1.846828803438,3.231950506017
    ));
#2608 = ADVANCED_FACE('',(#2609),#2622,.T.);
#2609 = FACE_BOUND('',#2610,.T.);
#2610 = EDGE_LOOP('',(#2611,#2612,#2613,#2614));
#2611 = ORIENTED_EDGE('',*,*,#184,.F.);
#2612 = ORIENTED_EDGE('',*,*,#2185,.F.);
#2613 = ORIENTED_EDGE('',*,*,#201,.T.);
#2614 = ORIENTED_EDGE('',*,*,#2615,.F.);
#2615 = EDGE_CURVE('',#185,#192,#2616,.T.);
#2616 = ( BOUNDED_CURVE() B_SPLINE_CURVE(2,(#2617,#2618,#2619,#2620,
#2621),.UNSPECIFIED.,.F.,.F.) B_SPLINE_CURVE_WITH_KNOTS((3,2,3),(
    3.14159265359,4.712388980385,6.28318530718),
.PIECEWISE_BEZIER_KNOTS.) CURVE() GEOMETRIC_REPRESENTATION_ITEM() 
RATIONAL_B_SPLINE_CURVE((1.,0.707106781187,1.,0.707106781187,1.)) 
REPRESENTATION_ITEM('') );
#2617 = CARTESIAN_POINT('',(-1.154268002149,1.328756377339E-15,
    3.231950506017));
#2618 = CARTESIAN_POINT('',(-1.154268002149,-1.846828803438,
    3.231950506017));
#2619 = CARTESIAN_POINT('',(-3.001096805587,-1.846828803438,
    3.231950506017));
#2620 = CARTESIAN_POINT('',(-4.847925609026,-1.846828803438,
    3.231950506017));
#2621 = CARTESIAN_POINT('',(-4.847925609026,6.502424825274E-16,
    3.231950506017));
#2622 = ( BOUNDED_SURFACE() B_SPLINE_SURFACE(2,1,(
    (#2623,#2624)
    ,(#2625,#2626)
    ,(#2627,#2628)
    ,(#2629,#2630)
    ,(#2631,#2632
)),.UNSPECIFIED.,.F.,.F.,.F.) B_SPLINE_SURFACE_WITH_KNOTS((3,2,3),(2,2),
  (3.14159265359,4.712388980385,6.28318530718),(0.46170720086,
    0.923414401719),.PIECEWISE_BEZIER_KNOTS.) 
GEOMETRIC_REPRESENTATION_ITEM() RATIONAL_B_SPLINE_SURFACE((
    (1.,1.)
    ,(0.707106781187,0.707106781187)
    ,(1.,1.)
    ,(0.707106781187,0.707106781187)
,(1.,1.))) REPRESENTATION_ITEM('') SURFACE() );
#2623 = CARTESIAN_POINT('',(-1.154268002149,1.328756377339E-15,
    3.693657706877));
#2624 = CARTESIAN_POINT('',(-1.154268002149,1.328756377339E-15,
    3.231950506017));
#2625 = CARTESIAN_POINT('',(-1.154268002149,-1.846828803438,
    3.693657706877));
#2626 = CARTESIAN_POINT('',(-1.154268002149,-1.846828803438,
    3.231950506017));
#2627 = CARTESIAN_POINT('',(-3.001096805587,-1.846828803438,
    3.693657706877));
#2628 = CARTESIAN_POINT('',(-3.001096805587,-1.846828803438,
    3.231950506017));
#2629 = CARTESIAN_POINT('',(-4.847925609026,-1.846828803438,
    3.693657706877));
#2630 = CARTESIAN_POINT('',(-4.847925609026,-1.846828803438,
    3.231950506017));
#2631 = CARTESIAN_POINT('',(-4.847925609026,6.502424825274E-16,
    3.693657706877));
#2632 = CARTESIAN_POINT('',(-4.847925609026,6.502424825274E-16,
    3.231950506017));
#2633 = ADVANCED_FACE('',(#2634,#2645),#2649,.T.);
#2634 = FACE_BOUND('',#2635,.T.);
#2635 = EDGE_LOOP('',(#2636,#2644));
#2636 = ORIENTED_EDGE('',*,*,#2637,.F.);
#2637 = EDGE_CURVE('',#96,#89,#2638,.T.);
#2638 = ( BOUNDED_CURVE() B_SPLINE_CURVE(2,(#2639,#2640,#2641,#2642,
#2643),.UNSPECIFIED.,.F.,.F.) B_SPLINE_CURVE_WITH_KNOTS((3,2,3),(
    3.14159265359,4.712388980385,6.28318530718),
.PIECEWISE_BEZIER_KNOTS.) CURVE() GEOMETRIC_REPRESENTATION_ITEM() 
RATIONAL_B_SPLINE_CURVE((1.,0.707106781187,1.,0.707106781187,1.)) 
REPRESENTATION_ITEM('') );
#2639 = CARTESIAN_POINT('',(-2.6317310449,1.147819338722E-15,
    3.231950506017));
#2640 = CARTESIAN_POINT('',(-2.6317310449,-0.369365760688,3.231950506017
    ));
#2641 = CARTESIAN_POINT('',(-3.001096805587,-0.369365760688,
    3.231950506017));
#2642 = CARTESIAN_POINT('',(-3.370462566275,-0.369365760688,
    3.231950506017));
#2643 = CARTESIAN_POINT('',(-3.370462566275,1.01211655976E-15,
    3.231950506017));
#2644 = ORIENTED_EDGE('',*,*,#95,.F.);
#2645 = FACE_BOUND('',#2646,.T.);
#2646 = EDGE_LOOP('',(#2647,#2648));
#2647 = ORIENTED_EDGE('',*,*,#191,.T.);
#2648 = ORIENTED_EDGE('',*,*,#2615,.T.);
#2649 = B_SPLINE_SURFACE_WITH_KNOTS('',1,1,(
    (#2650,#2651)
    ,(#2652,#2653
    )),.UNSPECIFIED.,.F.,.F.,.F.,(2,2),(2,2),(-1.846828803438,
    1.846828803438),(-1.846828803438,1.846828803438),
  .PIECEWISE_BEZIER_KNOTS.);
#2650 = CARTESIAN_POINT('',(-1.154268002149,-1.846828803438,
    3.231950506017));
#2651 = CARTESIAN_POINT('',(-1.154268002149,1.846828803438,
    3.231950506017));
#2652 = CARTESIAN_POINT('',(-4.847925609026,-1.846828803438,
    3.231950506017));
#2653 = CARTESIAN_POINT('',(-4.847925609026,1.846828803438,
    3.231950506017));
#2654 = ADVANCED_FACE('',(#2655),#2677,.T.);
#2655 = FACE_BOUND('',#2656,.T.);
#2656 = EDGE_LOOP('',(#2657,#2658,#2665,#2672));
#2657 = ORIENTED_EDGE('',*,*,#2196,.F.);
#2658 = ORIENTED_EDGE('',*,*,#2659,.F.);
#2659 = EDGE_CURVE('',#2660,#2197,#2662,.T.);
#2660 = VERTEX_POINT('',#2661);
#2661 = CARTESIAN_POINT('',(0.369365760688,1.770261615302,3.702891850894
    ));
#2662 = B_SPLINE_CURVE_WITH_KNOTS('',1,(#2663,#2664),.UNSPECIFIED.,.F.,
  .F.,(2,2),(-0.,9.234144017192E-03),.PIECEWISE_BEZIER_KNOTS.);
#2663 = CARTESIAN_POINT('',(0.369365760688,1.770261615302,3.702891850894
    ));
#2664 = CARTESIAN_POINT('',(0.369365760688,1.770261615302,3.693657706877
    ));
#2665 = ORIENTED_EDGE('',*,*,#2666,.T.);
#2666 = EDGE_CURVE('',#2660,#2667,#2669,.T.);
#2667 = VERTEX_POINT('',#2668);
#2668 = CARTESIAN_POINT('',(-0.554048641031,2.130618454997,
    3.702891850894));
#2669 = B_SPLINE_CURVE_WITH_KNOTS('',1,(#2670,#2671),.UNSPECIFIED.,.F.,
  .F.,(2,2),(0.,0.991237211377),.PIECEWISE_BEZIER_KNOTS.);
#2670 = CARTESIAN_POINT('',(0.369365760688,1.770261615302,3.702891850894
    ));
#2671 = CARTESIAN_POINT('',(-0.554048641031,2.130618454997,
    3.702891850894));
#2672 = ORIENTED_EDGE('',*,*,#2673,.T.);
#2673 = EDGE_CURVE('',#2667,#2199,#2674,.T.);
#2674 = B_SPLINE_CURVE_WITH_KNOTS('',1,(#2675,#2676),.UNSPECIFIED.,.F.,
  .F.,(2,2),(-0.,9.234144017192E-03),.PIECEWISE_BEZIER_KNOTS.);
#2675 = CARTESIAN_POINT('',(-0.554048641031,2.130618454997,
    3.702891850894));
#2676 = CARTESIAN_POINT('',(-0.554048641031,2.130618454997,
    3.693657706877));
#2677 = B_SPLINE_SURFACE_WITH_KNOTS('',1,1,(
    (#2678,#2679)
    ,(#2680,#2681
    )),.UNSPECIFIED.,.F.,.F.,.F.,(2,2),(2,2),(-0.991237211377,0.),(
    -9.234144017192E-03,0.),.PIECEWISE_BEZIER_KNOTS.);
#2678 = CARTESIAN_POINT('',(-0.554048641031,2.130618454997,
    3.693657706877));
#2679 = CARTESIAN_POINT('',(-0.554048641031,2.130618454997,
    3.702891850894));
#2680 = CARTESIAN_POINT('',(0.369365760688,1.770261615302,3.693657706877
    ));
#2681 = CARTESIAN_POINT('',(0.369365760688,1.770261615302,3.702891850894
    ));
#2682 = ADVANCED_FACE('',(#2683),#2699,.T.);
#2683 = FACE_BOUND('',#2684,.T.);
#2684 = EDGE_LOOP('',(#2685,#2686,#2687,#2694));
#2685 = ORIENTED_EDGE('',*,*,#2205,.F.);
#2686 = ORIENTED_EDGE('',*,*,#2673,.F.);
#2687 = ORIENTED_EDGE('',*,*,#2688,.T.);
#2688 = EDGE_CURVE('',#2667,#2689,#2691,.T.);
#2689 = VERTEX_POINT('',#2690);
#2690 = CARTESIAN_POINT('',(-0.554048641031,1.995484640111,
    3.702891850894));
#2691 = B_SPLINE_CURVE_WITH_KNOTS('',1,(#2692,#2693),.UNSPECIFIED.,.F.,
  .F.,(2,2),(0.,0.135133814886),.PIECEWISE_BEZIER_KNOTS.);
#2692 = CARTESIAN_POINT('',(-0.554048641031,2.130618454997,
    3.702891850894));
#2693 = CARTESIAN_POINT('',(-0.554048641031,1.995484640111,
    3.702891850894));
#2694 = ORIENTED_EDGE('',*,*,#2695,.T.);
#2695 = EDGE_CURVE('',#2689,#2206,#2696,.T.);
#2696 = B_SPLINE_CURVE_WITH_KNOTS('',1,(#2697,#2698),.UNSPECIFIED.,.F.,
  .F.,(2,2),(-0.,9.234144017192E-03),.PIECEWISE_BEZIER_KNOTS.);
#2697 = CARTESIAN_POINT('',(-0.554048641031,1.995484640111,
    3.702891850894));
#2698 = CARTESIAN_POINT('',(-0.554048641031,1.995484640111,
    3.693657706877));
#2699 = B_SPLINE_SURFACE_WITH_KNOTS('',1,1,(
    (#2700,#2701)
    ,(#2702,#2703
    )),.UNSPECIFIED.,.F.,.F.,.F.,(2,2),(2,2),(0.,9.234144017192E-03),(
    -0.135133814886,0.),.PIECEWISE_BEZIER_KNOTS.);
#2700 = CARTESIAN_POINT('',(-0.554048641031,1.995484640111,
    3.702891850894));
#2701 = CARTESIAN_POINT('',(-0.554048641031,2.130618454997,
    3.702891850894));
#2702 = CARTESIAN_POINT('',(-0.554048641031,1.995484640111,
    3.693657706877));
#2703 = CARTESIAN_POINT('',(-0.554048641031,2.130618454997,
    3.693657706877));
#2704 = ADVANCED_FACE('',(#2705),#2721,.T.);
#2705 = FACE_BOUND('',#2706,.T.);
#2706 = EDGE_LOOP('',(#2707,#2708,#2709,#2716));
#2707 = ORIENTED_EDGE('',*,*,#2212,.F.);
#2708 = ORIENTED_EDGE('',*,*,#2695,.F.);
#2709 = ORIENTED_EDGE('',*,*,#2710,.T.);
#2710 = EDGE_CURVE('',#2689,#2711,#2713,.T.);
#2711 = VERTEX_POINT('',#2712);
#2712 = CARTESIAN_POINT('',(-0.295042162501,1.902052275913,
    3.702891850894));
#2713 = B_SPLINE_CURVE_WITH_KNOTS('',1,(#2714,#2715),.UNSPECIFIED.,.F.,
  .F.,(2,2),(0.,0.275343354016),.PIECEWISE_BEZIER_KNOTS.);
#2714 = CARTESIAN_POINT('',(-0.554048641031,1.995484640111,
    3.702891850894));
#2715 = CARTESIAN_POINT('',(-0.295042162501,1.902052275913,
    3.702891850894));
#2716 = ORIENTED_EDGE('',*,*,#2717,.T.);
#2717 = EDGE_CURVE('',#2711,#2213,#2718,.T.);
#2718 = B_SPLINE_CURVE_WITH_KNOTS('',1,(#2719,#2720),.UNSPECIFIED.,.F.,
  .F.,(2,2),(-0.,9.234144017192E-03),.PIECEWISE_BEZIER_KNOTS.);
#2719 = CARTESIAN_POINT('',(-0.295042162501,1.902052275913,
    3.702891850894));
#2720 = CARTESIAN_POINT('',(-0.295042162501,1.902052275913,
    3.693657706877));
#2721 = B_SPLINE_SURFACE_WITH_KNOTS('',1,1,(
    (#2722,#2723)
    ,(#2724,#2725
    )),.UNSPECIFIED.,.F.,.F.,.F.,(2,2),(2,2),(-0.275343354016,0.),(
    -9.234144017192E-03,0.),.PIECEWISE_BEZIER_KNOTS.);
#2722 = CARTESIAN_POINT('',(-0.295042162501,1.902052275913,
    3.693657706877));
#2723 = CARTESIAN_POINT('',(-0.295042162501,1.902052275913,
    3.702891850894));
#2724 = CARTESIAN_POINT('',(-0.554048641031,1.995484640111,
    3.693657706877));
#2725 = CARTESIAN_POINT('',(-0.554048641031,1.995484640111,
    3.702891850894));
#2726 = ADVANCED_FACE('',(#2727),#2743,.T.);
#2727 = FACE_BOUND('',#2728,.T.);
#2728 = EDGE_LOOP('',(#2729,#2730,#2731,#2738));
#2729 = ORIENTED_EDGE('',*,*,#2219,.F.);
#2730 = ORIENTED_EDGE('',*,*,#2717,.F.);
#2731 = ORIENTED_EDGE('',*,*,#2732,.T.);
#2732 = EDGE_CURVE('',#2711,#2733,#2735,.T.);
#2733 = VERTEX_POINT('',#2734);
#2734 = CARTESIAN_POINT('',(-0.295042162501,1.520580777642,
    3.702891850894));
#2735 = B_SPLINE_CURVE_WITH_KNOTS('',1,(#2736,#2737),.UNSPECIFIED.,.F.,
  .F.,(2,2),(0.,0.381471498271),.PIECEWISE_BEZIER_KNOTS.);
#2736 = CARTESIAN_POINT('',(-0.295042162501,1.902052275913,
    3.702891850894));
#2737 = CARTESIAN_POINT('',(-0.295042162501,1.520580777642,
    3.702891850894));
#2738 = ORIENTED_EDGE('',*,*,#2739,.T.);
#2739 = EDGE_CURVE('',#2733,#2220,#2740,.T.);
#2740 = B_SPLINE_CURVE_WITH_KNOTS('',1,(#2741,#2742),.UNSPECIFIED.,.F.,
  .F.,(2,2),(-0.,9.234144017192E-03),.PIECEWISE_BEZIER_KNOTS.);
#2741 = CARTESIAN_POINT('',(-0.295042162501,1.520580777642,
    3.702891850894));
#2742 = CARTESIAN_POINT('',(-0.295042162501,1.520580777642,
    3.693657706877));
#2743 = B_SPLINE_SURFACE_WITH_KNOTS('',1,1,(
    (#2744,#2745)
    ,(#2746,#2747
    )),.UNSPECIFIED.,.F.,.F.,.F.,(2,2),(2,2),(0.,9.234144017192E-03),(
    -0.381471498271,0.),.PIECEWISE_BEZIER_KNOTS.);
#2744 = CARTESIAN_POINT('',(-0.295042162501,1.520580777642,
    3.702891850894));
#2745 = CARTESIAN_POINT('',(-0.295042162501,1.902052275913,
    3.702891850894));
#2746 = CARTESIAN_POINT('',(-0.295042162501,1.520580777642,
    3.693657706877));
#2747 = CARTESIAN_POINT('',(-0.295042162501,1.902052275913,
    3.693657706877));
#2748 = ADVANCED_FACE('',(#2749),#2765,.T.);
#2749 = FACE_BOUND('',#2750,.T.);
#2750 = EDGE_LOOP('',(#2751,#2752,#2753,#2760));
#2751 = ORIENTED_EDGE('',*,*,#2226,.F.);
#2752 = ORIENTED_EDGE('',*,*,#2739,.F.);
#2753 = ORIENTED_EDGE('',*,*,#2754,.T.);
#2754 = EDGE_CURVE('',#2733,#2755,#2757,.T.);
#2755 = VERTEX_POINT('',#2756);
#2756 = CARTESIAN_POINT('',(-0.554048641031,1.432427078088,
    3.702891850894));
#2757 = B_SPLINE_CURVE_WITH_KNOTS('',1,(#2758,#2759),.UNSPECIFIED.,.F.,
  .F.,(2,2),(0.,0.27359720515),.PIECEWISE_BEZIER_KNOTS.);
#2758 = CARTESIAN_POINT('',(-0.295042162501,1.520580777642,
    3.702891850894));
#2759 = CARTESIAN_POINT('',(-0.554048641031,1.432427078088,
    3.702891850894));
#2760 = ORIENTED_EDGE('',*,*,#2761,.T.);
#2761 = EDGE_CURVE('',#2755,#2227,#2762,.T.);
#2762 = B_SPLINE_CURVE_WITH_KNOTS('',1,(#2763,#2764),.UNSPECIFIED.,.F.,
  .F.,(2,2),(-0.,9.234144017192E-03),.PIECEWISE_BEZIER_KNOTS.);
#2763 = CARTESIAN_POINT('',(-0.554048641031,1.432427078088,
    3.702891850894));
#2764 = CARTESIAN_POINT('',(-0.554048641031,1.432427078088,
    3.693657706877));
#2765 = B_SPLINE_SURFACE_WITH_KNOTS('',1,1,(
    (#2766,#2767)
    ,(#2768,#2769
    )),.UNSPECIFIED.,.F.,.F.,.F.,(2,2),(2,2),(-0.27359720515,0.),(
    -9.234144017192E-03,0.),.PIECEWISE_BEZIER_KNOTS.);
#2766 = CARTESIAN_POINT('',(-0.554048641031,1.432427078088,
    3.693657706877));
#2767 = CARTESIAN_POINT('',(-0.554048641031,1.432427078088,
    3.702891850894));
#2768 = CARTESIAN_POINT('',(-0.295042162501,1.520580777642,
    3.693657706877));
#2769 = CARTESIAN_POINT('',(-0.295042162501,1.520580777642,
    3.702891850894));
#2770 = ADVANCED_FACE('',(#2771),#2787,.T.);
#2771 = FACE_BOUND('',#2772,.T.);
#2772 = EDGE_LOOP('',(#2773,#2774,#2775,#2782));
#2773 = ORIENTED_EDGE('',*,*,#2233,.F.);
#2774 = ORIENTED_EDGE('',*,*,#2761,.F.);
#2775 = ORIENTED_EDGE('',*,*,#2776,.T.);
#2776 = EDGE_CURVE('',#2755,#2777,#2779,.T.);
#2777 = VERTEX_POINT('',#2778);
#2778 = CARTESIAN_POINT('',(-0.554048641031,1.297293263202,
    3.702891850894));
#2779 = B_SPLINE_CURVE_WITH_KNOTS('',1,(#2780,#2781),.UNSPECIFIED.,.F.,
  .F.,(2,2),(0.,0.135133814886),.PIECEWISE_BEZIER_KNOTS.);
#2780 = CARTESIAN_POINT('',(-0.554048641031,1.432427078088,
    3.702891850894));
#2781 = CARTESIAN_POINT('',(-0.554048641031,1.297293263202,
    3.702891850894));
#2782 = ORIENTED_EDGE('',*,*,#2783,.T.);
#2783 = EDGE_CURVE('',#2777,#2234,#2784,.T.);
#2784 = B_SPLINE_CURVE_WITH_KNOTS('',1,(#2785,#2786),.UNSPECIFIED.,.F.,
  .F.,(2,2),(-0.,9.234144017192E-03),.PIECEWISE_BEZIER_KNOTS.);
#2785 = CARTESIAN_POINT('',(-0.554048641031,1.297293263202,
    3.702891850894));
#2786 = CARTESIAN_POINT('',(-0.554048641031,1.297293263202,
    3.693657706877));
#2787 = B_SPLINE_SURFACE_WITH_KNOTS('',1,1,(
    (#2788,#2789)
    ,(#2790,#2791
    )),.UNSPECIFIED.,.F.,.F.,.F.,(2,2),(2,2),(0.,9.234144017192E-03),(
    -0.135133814886,0.),.PIECEWISE_BEZIER_KNOTS.);
#2788 = CARTESIAN_POINT('',(-0.554048641031,1.297293263202,
    3.702891850894));
#2789 = CARTESIAN_POINT('',(-0.554048641031,1.432427078088,
    3.702891850894));
#2790 = CARTESIAN_POINT('',(-0.554048641031,1.297293263202,
    3.693657706877));
#2791 = CARTESIAN_POINT('',(-0.554048641031,1.432427078088,
    3.693657706877));
#2792 = ADVANCED_FACE('',(#2793),#2809,.T.);
#2793 = FACE_BOUND('',#2794,.T.);
#2794 = EDGE_LOOP('',(#2795,#2796,#2797,#2804));
#2795 = ORIENTED_EDGE('',*,*,#2240,.F.);
#2796 = ORIENTED_EDGE('',*,*,#2783,.F.);
#2797 = ORIENTED_EDGE('',*,*,#2798,.T.);
#2798 = EDGE_CURVE('',#2777,#2799,#2801,.T.);
#2799 = VERTEX_POINT('',#2800);
#2800 = CARTESIAN_POINT('',(0.369365760688,1.646388951657,3.702891850894
    ));
#2801 = B_SPLINE_CURVE_WITH_KNOTS('',1,(#2802,#2803),.UNSPECIFIED.,.F.,
  .F.,(2,2),(0.,0.987199046292),.PIECEWISE_BEZIER_KNOTS.);
#2802 = CARTESIAN_POINT('',(-0.554048641031,1.297293263202,
    3.702891850894));
#2803 = CARTESIAN_POINT('',(0.369365760688,1.646388951657,3.702891850894
    ));
#2804 = ORIENTED_EDGE('',*,*,#2805,.T.);
#2805 = EDGE_CURVE('',#2799,#2241,#2806,.T.);
#2806 = B_SPLINE_CURVE_WITH_KNOTS('',1,(#2807,#2808),.UNSPECIFIED.,.F.,
  .F.,(2,2),(-0.,9.234144017192E-03),.PIECEWISE_BEZIER_KNOTS.);
#2807 = CARTESIAN_POINT('',(0.369365760688,1.646388951657,3.702891850894
    ));
#2808 = CARTESIAN_POINT('',(0.369365760688,1.646388951657,3.693657706877
    ));
#2809 = B_SPLINE_SURFACE_WITH_KNOTS('',1,1,(
    (#2810,#2811)
    ,(#2812,#2813
    )),.UNSPECIFIED.,.F.,.F.,.F.,(2,2),(2,2),(-0.987199046292,0.),(
    -9.234144017192E-03,0.),.PIECEWISE_BEZIER_KNOTS.);
#2810 = CARTESIAN_POINT('',(0.369365760688,1.646388951657,3.693657706877
    ));
#2811 = CARTESIAN_POINT('',(0.369365760688,1.646388951657,3.702891850894
    ));
#2812 = CARTESIAN_POINT('',(-0.554048641031,1.297293263202,
    3.693657706877));
#2813 = CARTESIAN_POINT('',(-0.554048641031,1.297293263202,
    3.702891850894));
#2814 = ADVANCED_FACE('',(#2815),#2825,.T.);
#2815 = FACE_BOUND('',#2816,.T.);
#2816 = EDGE_LOOP('',(#2817,#2818,#2819,#2824));
#2817 = ORIENTED_EDGE('',*,*,#2247,.F.);
#2818 = ORIENTED_EDGE('',*,*,#2805,.F.);
#2819 = ORIENTED_EDGE('',*,*,#2820,.T.);
#2820 = EDGE_CURVE('',#2799,#2660,#2821,.T.);
#2821 = B_SPLINE_CURVE_WITH_KNOTS('',1,(#2822,#2823),.UNSPECIFIED.,.F.,
  .F.,(2,2),(0.,0.123872663645),.PIECEWISE_BEZIER_KNOTS.);
#2822 = CARTESIAN_POINT('',(0.369365760688,1.646388951657,3.702891850894
    ));
#2823 = CARTESIAN_POINT('',(0.369365760688,1.770261615302,3.702891850894
    ));
#2824 = ORIENTED_EDGE('',*,*,#2659,.T.);
#2825 = B_SPLINE_SURFACE_WITH_KNOTS('',1,1,(
    (#2826,#2827)
    ,(#2828,#2829
    )),.UNSPECIFIED.,.F.,.F.,.F.,(2,2),(2,2),(-9.234144017192E-03,0.),(
    0.,0.123872663645),.PIECEWISE_BEZIER_KNOTS.);
#2826 = CARTESIAN_POINT('',(0.369365760688,1.646388951657,3.693657706877
    ));
#2827 = CARTESIAN_POINT('',(0.369365760688,1.770261615302,3.693657706877
    ));
#2828 = CARTESIAN_POINT('',(0.369365760688,1.646388951657,3.702891850894
    ));
#2829 = CARTESIAN_POINT('',(0.369365760688,1.770261615302,3.702891850894
    ));
#2830 = ADVANCED_FACE('',(#2831,#2885),#2895,.F.);
#2831 = FACE_BOUND('',#2832,.T.);
#2832 = EDGE_LOOP('',(#2833,#2842,#2849,#2861,#2868,#2880));
#2833 = ORIENTED_EDGE('',*,*,#2834,.F.);
#2834 = EDGE_CURVE('',#2835,#2837,#2839,.T.);
#2835 = VERTEX_POINT('',#2836);
#2836 = CARTESIAN_POINT('',(-0.193691801336,1.551724899041,
    3.702891850894));
#2837 = VERTEX_POINT('',#2838);
#2838 = CARTESIAN_POINT('',(-0.193691801336,1.860526780714,
    3.702891850894));
#2839 = B_SPLINE_CURVE_WITH_KNOTS('',1,(#2840,#2841),.UNSPECIFIED.,.F.,
  .F.,(2,2),(0.,0.308801881672),.PIECEWISE_BEZIER_KNOTS.);
#2840 = CARTESIAN_POINT('',(-0.193691801336,1.551724899041,
    3.702891850894));
#2841 = CARTESIAN_POINT('',(-0.193691801336,1.860526780714,
    3.702891850894));
#2842 = ORIENTED_EDGE('',*,*,#2843,.F.);
#2843 = EDGE_CURVE('',#2844,#2835,#2846,.T.);
#2844 = VERTEX_POINT('',#2845);
#2845 = CARTESIAN_POINT('',(0.19200262865,1.689498046249,3.702891850894)
  );
#2846 = B_SPLINE_CURVE_WITH_KNOTS('',1,(#2847,#2848),.UNSPECIFIED.,.F.,
  .F.,(2,2),(0.,0.409562734406),.PIECEWISE_BEZIER_KNOTS.);
#2847 = CARTESIAN_POINT('',(0.19200262865,1.689498046249,3.702891850894)
  );
#2848 = CARTESIAN_POINT('',(-0.193691801336,1.551724899041,
    3.702891850894));
#2849 = ORIENTED_EDGE('',*,*,#2850,.F.);
#2850 = EDGE_CURVE('',#2851,#2844,#2853,.T.);
#2851 = VERTEX_POINT('',#2852);
#2852 = CARTESIAN_POINT('',(0.256754248283,1.704278307252,3.702891850894
    ));
#2853 = B_SPLINE_CURVE_WITH_KNOTS('',3,(#2854,#2855,#2856,#2857,#2858,
    #2859,#2860),.UNSPECIFIED.,.F.,.F.,(4,1,1,1,4),(0.,0.300541113159,
    0.567747146484,0.800033613737,1.),.UNSPECIFIED.);
#2854 = CARTESIAN_POINT('',(0.256754248283,1.704278307252,3.702891850894
    ));
#2855 = CARTESIAN_POINT('',(0.250178713791,1.703201529904,3.702891850894
    ));
#2856 = CARTESIAN_POINT('',(0.237756982517,1.70116740798,3.702891850894)
  );
#2857 = CARTESIAN_POINT('',(0.220351565275,1.697733702417,3.702891850894
    ));
#2858 = CARTESIAN_POINT('',(0.20530931899,1.693910636971,3.702891850894)
  );
#2859 = CARTESIAN_POINT('',(0.196211438843,1.690893716873,3.702891850894
    ));
#2860 = CARTESIAN_POINT('',(0.19200262865,1.689498046249,3.702891850894)
  );
#2861 = ORIENTED_EDGE('',*,*,#2862,.F.);
#2862 = EDGE_CURVE('',#2863,#2851,#2865,.T.);
#2863 = VERTEX_POINT('',#2864);
#2864 = CARTESIAN_POINT('',(0.256754248283,1.70726955055,3.702891850894)
  );
#2865 = B_SPLINE_CURVE_WITH_KNOTS('',1,(#2866,#2867),.UNSPECIFIED.,.F.,
  .F.,(2,2),(0.,2.991243298252E-03),.PIECEWISE_BEZIER_KNOTS.);
#2866 = CARTESIAN_POINT('',(0.256754248283,1.70726955055,3.702891850894)
  );
#2867 = CARTESIAN_POINT('',(0.256754248283,1.704278307252,3.702891850894
    ));
#2868 = ORIENTED_EDGE('',*,*,#2869,.F.);
#2869 = EDGE_CURVE('',#2870,#2863,#2872,.T.);
#2870 = VERTEX_POINT('',#2871);
#2871 = CARTESIAN_POINT('',(0.19200262865,1.721521945089,3.702891850894)
  );
#2872 = B_SPLINE_CURVE_WITH_KNOTS('',3,(#2873,#2874,#2875,#2876,#2877,
    #2878,#2879),.UNSPECIFIED.,.F.,.F.,(4,1,1,1,4),(0.,0.174481715317,
    0.398285759128,0.673897847399,1.),.UNSPECIFIED.);
#2873 = CARTESIAN_POINT('',(0.19200262865,1.721521945089,3.702891850894)
  );
#2874 = CARTESIAN_POINT('',(0.195686899245,1.720369611526,3.702891850894
    ));
#2875 = CARTESIAN_POINT('',(0.204096906608,1.717739203824,3.702891850894
    ));
#2876 = CARTESIAN_POINT('',(0.2186121126,1.714292275186,3.702891850894)
  );
#2877 = CARTESIAN_POINT('',(0.236557426715,1.710912777982,3.702891850894
    ));
#2878 = CARTESIAN_POINT('',(0.249655616447,1.70855004561,3.702891850894)
  );
#2879 = CARTESIAN_POINT('',(0.256754248283,1.70726955055,3.702891850894)
  );
#2880 = ORIENTED_EDGE('',*,*,#2881,.F.);
#2881 = EDGE_CURVE('',#2837,#2870,#2882,.T.);
#2882 = B_SPLINE_CURVE_WITH_KNOTS('',1,(#2883,#2884),.UNSPECIFIED.,.F.,
  .F.,(2,2),(0.,0.409978703898),.PIECEWISE_BEZIER_KNOTS.);
#2883 = CARTESIAN_POINT('',(-0.193691801336,1.860526780714,
    3.702891850894));
#2884 = CARTESIAN_POINT('',(0.19200262865,1.721521945089,3.702891850894)
  );
#2885 = FACE_BOUND('',#2886,.T.);
#2886 = EDGE_LOOP('',(#2887,#2888,#2889,#2890,#2891,#2892,#2893,#2894));
#2887 = ORIENTED_EDGE('',*,*,#2666,.F.);
#2888 = ORIENTED_EDGE('',*,*,#2820,.F.);
#2889 = ORIENTED_EDGE('',*,*,#2798,.F.);
#2890 = ORIENTED_EDGE('',*,*,#2776,.F.);
#2891 = ORIENTED_EDGE('',*,*,#2754,.F.);
#2892 = ORIENTED_EDGE('',*,*,#2732,.F.);
#2893 = ORIENTED_EDGE('',*,*,#2710,.F.);
#2894 = ORIENTED_EDGE('',*,*,#2688,.F.);
#2895 = B_SPLINE_SURFACE_WITH_KNOTS('',1,1,(
    (#2896,#2897)
    ,(#2898,#2899
    )),.UNSPECIFIED.,.F.,.F.,.F.,(2,2),(2,2),(-0.554048641031,
    0.369365760688),(1.297293263202,2.130618454997),
  .PIECEWISE_BEZIER_KNOTS.);
#2896 = CARTESIAN_POINT('',(-0.554048641031,1.297293263202,
    3.702891850894));
#2897 = CARTESIAN_POINT('',(-0.554048641031,2.130618454997,
    3.702891850894));
#2898 = CARTESIAN_POINT('',(0.369365760688,1.297293263202,3.702891850894
    ));
#2899 = CARTESIAN_POINT('',(0.369365760688,2.130618454997,3.702891850894
    ));
#2900 = ADVANCED_FACE('',(#2901),#2923,.T.);
#2901 = FACE_BOUND('',#2902,.T.);
#2902 = EDGE_LOOP('',(#2903,#2912,#2917,#2918));
#2903 = ORIENTED_EDGE('',*,*,#2904,.F.);
#2904 = EDGE_CURVE('',#2905,#2907,#2909,.T.);
#2905 = VERTEX_POINT('',#2906);
#2906 = CARTESIAN_POINT('',(-0.193691801336,1.551724899041,
    3.693657706877));
#2907 = VERTEX_POINT('',#2908);
#2908 = CARTESIAN_POINT('',(-0.193691801336,1.860526780714,
    3.693657706877));
#2909 = B_SPLINE_CURVE_WITH_KNOTS('',1,(#2910,#2911),.UNSPECIFIED.,.F.,
  .F.,(2,2),(0.,0.308801881672),.PIECEWISE_BEZIER_KNOTS.);
#2910 = CARTESIAN_POINT('',(-0.193691801336,1.551724899041,
    3.693657706877));
#2911 = CARTESIAN_POINT('',(-0.193691801336,1.860526780714,
    3.693657706877));
#2912 = ORIENTED_EDGE('',*,*,#2913,.F.);
#2913 = EDGE_CURVE('',#2835,#2905,#2914,.T.);
#2914 = B_SPLINE_CURVE_WITH_KNOTS('',1,(#2915,#2916),.UNSPECIFIED.,.F.,
  .F.,(2,2),(-0.,9.234144017192E-03),.PIECEWISE_BEZIER_KNOTS.);
#2915 = CARTESIAN_POINT('',(-0.193691801336,1.551724899041,
    3.702891850894));
#2916 = CARTESIAN_POINT('',(-0.193691801336,1.551724899041,
    3.693657706877));
#2917 = ORIENTED_EDGE('',*,*,#2834,.T.);
#2918 = ORIENTED_EDGE('',*,*,#2919,.T.);
#2919 = EDGE_CURVE('',#2837,#2907,#2920,.T.);
#2920 = B_SPLINE_CURVE_WITH_KNOTS('',1,(#2921,#2922),.UNSPECIFIED.,.F.,
  .F.,(2,2),(-0.,9.234144017192E-03),.PIECEWISE_BEZIER_KNOTS.);
#2921 = CARTESIAN_POINT('',(-0.193691801336,1.860526780714,
    3.702891850894));
#2922 = CARTESIAN_POINT('',(-0.193691801336,1.860526780714,
    3.693657706877));
#2923 = B_SPLINE_SURFACE_WITH_KNOTS('',1,1,(
    (#2924,#2925)
    ,(#2926,#2927
    )),.UNSPECIFIED.,.F.,.F.,.F.,(2,2),(2,2),(-9.234144017192E-03,0.),(
    0.,0.308801881672),.PIECEWISE_BEZIER_KNOTS.);
#2924 = CARTESIAN_POINT('',(-0.193691801336,1.551724899041,
    3.693657706877));
#2925 = CARTESIAN_POINT('',(-0.193691801336,1.860526780714,
    3.693657706877));
#2926 = CARTESIAN_POINT('',(-0.193691801336,1.551724899041,
    3.702891850894));
#2927 = CARTESIAN_POINT('',(-0.193691801336,1.860526780714,
    3.702891850894));
#2928 = ADVANCED_FACE('',(#2929),#2945,.T.);
#2929 = FACE_BOUND('',#2930,.T.);
#2930 = EDGE_LOOP('',(#2931,#2938,#2943,#2944));
#2931 = ORIENTED_EDGE('',*,*,#2932,.F.);
#2932 = EDGE_CURVE('',#2933,#2905,#2935,.T.);
#2933 = VERTEX_POINT('',#2934);
#2934 = CARTESIAN_POINT('',(0.19200262865,1.689498046249,3.693657706877)
  );
#2935 = B_SPLINE_CURVE_WITH_KNOTS('',1,(#2936,#2937),.UNSPECIFIED.,.F.,
  .F.,(2,2),(0.,0.409562734406),.PIECEWISE_BEZIER_KNOTS.);
#2936 = CARTESIAN_POINT('',(0.19200262865,1.689498046249,3.693657706877)
  );
#2937 = CARTESIAN_POINT('',(-0.193691801336,1.551724899041,
    3.693657706877));
#2938 = ORIENTED_EDGE('',*,*,#2939,.F.);
#2939 = EDGE_CURVE('',#2844,#2933,#2940,.T.);
#2940 = B_SPLINE_CURVE_WITH_KNOTS('',1,(#2941,#2942),.UNSPECIFIED.,.F.,
  .F.,(2,2),(-0.,9.234144017192E-03),.PIECEWISE_BEZIER_KNOTS.);
#2941 = CARTESIAN_POINT('',(0.19200262865,1.689498046249,3.702891850894)
  );
#2942 = CARTESIAN_POINT('',(0.19200262865,1.689498046249,3.693657706877)
  );
#2943 = ORIENTED_EDGE('',*,*,#2843,.T.);
#2944 = ORIENTED_EDGE('',*,*,#2913,.T.);
#2945 = B_SPLINE_SURFACE_WITH_KNOTS('',1,1,(
    (#2946,#2947)
    ,(#2948,#2949
    )),.UNSPECIFIED.,.F.,.F.,.F.,(2,2),(2,2),(-0.409562734406,0.),(
    -9.234144017192E-03,0.),.PIECEWISE_BEZIER_KNOTS.);
#2946 = CARTESIAN_POINT('',(-0.193691801336,1.551724899041,
    3.693657706877));
#2947 = CARTESIAN_POINT('',(-0.193691801336,1.551724899041,
    3.702891850894));
#2948 = CARTESIAN_POINT('',(0.19200262865,1.689498046249,3.693657706877)
  );
#2949 = CARTESIAN_POINT('',(0.19200262865,1.689498046249,3.702891850894)
  );
#2950 = ADVANCED_FACE('',(#2951),#2972,.T.);
#2951 = FACE_BOUND('',#2952,.T.);
#2952 = EDGE_LOOP('',(#2953,#2965,#2970,#2971));
#2953 = ORIENTED_EDGE('',*,*,#2954,.F.);
#2954 = EDGE_CURVE('',#2955,#2933,#2957,.T.);
#2955 = VERTEX_POINT('',#2956);
#2956 = CARTESIAN_POINT('',(0.256754248283,1.704278307252,3.693657706877
    ));
#2957 = B_SPLINE_CURVE_WITH_KNOTS('',3,(#2958,#2959,#2960,#2961,#2962,
    #2963,#2964),.UNSPECIFIED.,.F.,.F.,(4,1,1,1,4),(0.,0.300541113159,
    0.567747146484,0.800033613737,1.),.UNSPECIFIED.);
#2958 = CARTESIAN_POINT('',(0.256754248283,1.704278307252,3.693657706877
    ));
#2959 = CARTESIAN_POINT('',(0.250178713791,1.703201529904,3.693657706877
    ));
#2960 = CARTESIAN_POINT('',(0.237756982517,1.70116740798,3.693657706877)
  );
#2961 = CARTESIAN_POINT('',(0.220351565275,1.697733702417,3.693657706877
    ));
#2962 = CARTESIAN_POINT('',(0.20530931899,1.693910636971,3.693657706877)
  );
#2963 = CARTESIAN_POINT('',(0.196211438843,1.690893716873,3.693657706877
    ));
#2964 = CARTESIAN_POINT('',(0.19200262865,1.689498046249,3.693657706877)
  );
#2965 = ORIENTED_EDGE('',*,*,#2966,.F.);
#2966 = EDGE_CURVE('',#2851,#2955,#2967,.T.);
#2967 = B_SPLINE_CURVE_WITH_KNOTS('',1,(#2968,#2969),.UNSPECIFIED.,.F.,
  .F.,(2,2),(-0.,9.234144017192E-03),.PIECEWISE_BEZIER_KNOTS.);
#2968 = CARTESIAN_POINT('',(0.256754248283,1.704278307252,3.702891850894
    ));
#2969 = CARTESIAN_POINT('',(0.256754248283,1.704278307252,3.693657706877
    ));
#2970 = ORIENTED_EDGE('',*,*,#2850,.T.);
#2971 = ORIENTED_EDGE('',*,*,#2939,.T.);
#2972 = B_SPLINE_SURFACE_WITH_KNOTS('',3,1,(
    (#2973,#2974)
    ,(#2975,#2976)
    ,(#2977,#2978)
    ,(#2979,#2980)
    ,(#2981,#2982)
    ,(#2983,#2984)
    ,(#2985,#2986
    )),.UNSPECIFIED.,.F.,.F.,.F.,(4,1,1,1,4),(2,2),(0.,0.300541113159,
    0.567747146484,0.800033613737,1.),(0.,1.),.UNSPECIFIED.);
#2973 = CARTESIAN_POINT('',(0.256754248283,1.704278307252,3.702891850894
    ));
#2974 = CARTESIAN_POINT('',(0.256754248283,1.704278307252,3.693657706877
    ));
#2975 = CARTESIAN_POINT('',(0.250178713791,1.703201529904,3.702891850894
    ));
#2976 = CARTESIAN_POINT('',(0.250178713791,1.703201529904,3.693657706877
    ));
#2977 = CARTESIAN_POINT('',(0.237756982517,1.70116740798,3.702891850894)
  );
#2978 = CARTESIAN_POINT('',(0.237756982517,1.70116740798,3.693657706877)
  );
#2979 = CARTESIAN_POINT('',(0.220351565275,1.697733702417,3.702891850894
    ));
#2980 = CARTESIAN_POINT('',(0.220351565275,1.697733702417,3.693657706877
    ));
#2981 = CARTESIAN_POINT('',(0.20530931899,1.693910636971,3.702891850894)
  );
#2982 = CARTESIAN_POINT('',(0.20530931899,1.693910636971,3.693657706877)
  );
#2983 = CARTESIAN_POINT('',(0.196211438843,1.690893716873,3.702891850894
    ));
#2984 = CARTESIAN_POINT('',(0.196211438843,1.690893716873,3.693657706877
    ));
#2985 = CARTESIAN_POINT('',(0.19200262865,1.689498046249,3.702891850894)
  );
#2986 = CARTESIAN_POINT('',(0.19200262865,1.689498046249,3.693657706877)
  );
#2987 = ADVANCED_FACE('',(#2988),#3004,.T.);
#2988 = FACE_BOUND('',#2989,.T.);
#2989 = EDGE_LOOP('',(#2990,#2997,#3002,#3003));
#2990 = ORIENTED_EDGE('',*,*,#2991,.F.);
#2991 = EDGE_CURVE('',#2992,#2955,#2994,.T.);
#2992 = VERTEX_POINT('',#2993);
#2993 = CARTESIAN_POINT('',(0.256754248283,1.70726955055,3.693657706877)
  );
#2994 = B_SPLINE_CURVE_WITH_KNOTS('',1,(#2995,#2996),.UNSPECIFIED.,.F.,
  .F.,(2,2),(0.,2.991243298252E-03),.PIECEWISE_BEZIER_KNOTS.);
#2995 = CARTESIAN_POINT('',(0.256754248283,1.70726955055,3.693657706877)
  );
#2996 = CARTESIAN_POINT('',(0.256754248283,1.704278307252,3.693657706877
    ));
#2997 = ORIENTED_EDGE('',*,*,#2998,.F.);
#2998 = EDGE_CURVE('',#2863,#2992,#2999,.T.);
#2999 = B_SPLINE_CURVE_WITH_KNOTS('',1,(#3000,#3001),.UNSPECIFIED.,.F.,
  .F.,(2,2),(-0.,9.234144017192E-03),.PIECEWISE_BEZIER_KNOTS.);
#3000 = CARTESIAN_POINT('',(0.256754248283,1.70726955055,3.702891850894)
  );
#3001 = CARTESIAN_POINT('',(0.256754248283,1.70726955055,3.693657706877)
  );
#3002 = ORIENTED_EDGE('',*,*,#2862,.T.);
#3003 = ORIENTED_EDGE('',*,*,#2966,.T.);
#3004 = B_SPLINE_SURFACE_WITH_KNOTS('',1,1,(
    (#3005,#3006)
    ,(#3007,#3008
    )),.UNSPECIFIED.,.F.,.F.,.F.,(2,2),(2,2),(0.,9.234144017192E-03),(
    -2.991243298252E-03,0.),.PIECEWISE_BEZIER_KNOTS.);
#3005 = CARTESIAN_POINT('',(0.256754248283,1.704278307252,3.702891850894
    ));
#3006 = CARTESIAN_POINT('',(0.256754248283,1.70726955055,3.702891850894)
  );
#3007 = CARTESIAN_POINT('',(0.256754248283,1.704278307252,3.693657706877
    ));
#3008 = CARTESIAN_POINT('',(0.256754248283,1.70726955055,3.693657706877)
  );
#3009 = ADVANCED_FACE('',(#3010),#3031,.T.);
#3010 = FACE_BOUND('',#3011,.T.);
#3011 = EDGE_LOOP('',(#3012,#3024,#3029,#3030));
#3012 = ORIENTED_EDGE('',*,*,#3013,.F.);
#3013 = EDGE_CURVE('',#3014,#2992,#3016,.T.);
#3014 = VERTEX_POINT('',#3015);
#3015 = CARTESIAN_POINT('',(0.19200262865,1.721521945089,3.693657706877)
  );
#3016 = B_SPLINE_CURVE_WITH_KNOTS('',3,(#3017,#3018,#3019,#3020,#3021,
    #3022,#3023),.UNSPECIFIED.,.F.,.F.,(4,1,1,1,4),(0.,0.174481715317,
    0.398285759128,0.673897847399,1.),.UNSPECIFIED.);
#3017 = CARTESIAN_POINT('',(0.19200262865,1.721521945089,3.693657706877)
  );
#3018 = CARTESIAN_POINT('',(0.195686899245,1.720369611526,3.693657706877
    ));
#3019 = CARTESIAN_POINT('',(0.204096906608,1.717739203824,3.693657706877
    ));
#3020 = CARTESIAN_POINT('',(0.2186121126,1.714292275186,3.693657706877)
  );
#3021 = CARTESIAN_POINT('',(0.236557426715,1.710912777982,3.693657706877
    ));
#3022 = CARTESIAN_POINT('',(0.249655616447,1.70855004561,3.693657706877)
  );
#3023 = CARTESIAN_POINT('',(0.256754248283,1.70726955055,3.693657706877)
  );
#3024 = ORIENTED_EDGE('',*,*,#3025,.F.);
#3025 = EDGE_CURVE('',#2870,#3014,#3026,.T.);
#3026 = B_SPLINE_CURVE_WITH_KNOTS('',1,(#3027,#3028),.UNSPECIFIED.,.F.,
  .F.,(2,2),(0.,9.234144017192E-03),.PIECEWISE_BEZIER_KNOTS.);
#3027 = CARTESIAN_POINT('',(0.19200262865,1.721521945089,3.702891850894)
  );
#3028 = CARTESIAN_POINT('',(0.19200262865,1.721521945089,3.693657706877)
  );
#3029 = ORIENTED_EDGE('',*,*,#2869,.T.);
#3030 = ORIENTED_EDGE('',*,*,#2998,.T.);
#3031 = B_SPLINE_SURFACE_WITH_KNOTS('',3,1,(
    (#3032,#3033)
    ,(#3034,#3035)
    ,(#3036,#3037)
    ,(#3038,#3039)
    ,(#3040,#3041)
    ,(#3042,#3043)
    ,(#3044,#3045
    )),.UNSPECIFIED.,.F.,.F.,.F.,(4,1,1,1,4),(2,2),(0.,0.174481715317,
    0.398285759128,0.673897847399,1.),(0.,1.),.UNSPECIFIED.);
#3032 = CARTESIAN_POINT('',(0.19200262865,1.721521945089,3.702891850894)
  );
#3033 = CARTESIAN_POINT('',(0.19200262865,1.721521945089,3.693657706877)
  );
#3034 = CARTESIAN_POINT('',(0.195686899245,1.720369611526,3.702891850894
    ));
#3035 = CARTESIAN_POINT('',(0.195686899245,1.720369611526,3.693657706877
    ));
#3036 = CARTESIAN_POINT('',(0.204096906608,1.717739203824,3.702891850894
    ));
#3037 = CARTESIAN_POINT('',(0.204096906608,1.717739203824,3.693657706877
    ));
#3038 = CARTESIAN_POINT('',(0.2186121126,1.714292275186,3.702891850894)
  );
#3039 = CARTESIAN_POINT('',(0.2186121126,1.714292275186,3.693657706877)
  );
#3040 = CARTESIAN_POINT('',(0.236557426715,1.710912777982,3.702891850894
    ));
#3041 = CARTESIAN_POINT('',(0.236557426715,1.710912777982,3.693657706877
    ));
#3042 = CARTESIAN_POINT('',(0.249655616447,1.70855004561,3.702891850894)
  );
#3043 = CARTESIAN_POINT('',(0.249655616447,1.70855004561,3.693657706877)
  );
#3044 = CARTESIAN_POINT('',(0.256754248283,1.70726955055,3.702891850894)
  );
#3045 = CARTESIAN_POINT('',(0.256754248283,1.70726955055,3.693657706877)
  );
#3046 = ADVANCED_FACE('',(#3047),#3057,.T.);
#3047 = FACE_BOUND('',#3048,.T.);
#3048 = EDGE_LOOP('',(#3049,#3054,#3055,#3056));
#3049 = ORIENTED_EDGE('',*,*,#3050,.F.);
#3050 = EDGE_CURVE('',#2907,#3014,#3051,.T.);
#3051 = B_SPLINE_CURVE_WITH_KNOTS('',1,(#3052,#3053),.UNSPECIFIED.,.F.,
  .F.,(2,2),(-9.644704861725E-17,0.409978703898),
  .PIECEWISE_BEZIER_KNOTS.);
#3052 = CARTESIAN_POINT('',(-0.193691801336,1.860526780714,
    3.693657706877));
#3053 = CARTESIAN_POINT('',(0.19200262865,1.721521945089,3.693657706877)
  );
#3054 = ORIENTED_EDGE('',*,*,#2919,.F.);
#3055 = ORIENTED_EDGE('',*,*,#2881,.T.);
#3056 = ORIENTED_EDGE('',*,*,#3025,.T.);
#3057 = B_SPLINE_SURFACE_WITH_KNOTS('',1,1,(
    (#3058,#3059)
    ,(#3060,#3061
    )),.UNSPECIFIED.,.F.,.F.,.F.,(2,2),(2,2),(-0.409978703898,
    9.644704861725E-17),(-9.234144017192E-03,0.),
  .PIECEWISE_BEZIER_KNOTS.);
#3058 = CARTESIAN_POINT('',(0.19200262865,1.721521945089,3.693657706877)
  );
#3059 = CARTESIAN_POINT('',(0.19200262865,1.721521945089,3.702891850894)
  );
#3060 = CARTESIAN_POINT('',(-0.193691801336,1.860526780714,
    3.693657706877));
#3061 = CARTESIAN_POINT('',(-0.193691801336,1.860526780714,
    3.702891850894));
#3062 = ADVANCED_FACE('',(#3063),#3085,.T.);
#3063 = FACE_BOUND('',#3064,.T.);
#3064 = EDGE_LOOP('',(#3065,#3066,#3073,#3080));
#3065 = ORIENTED_EDGE('',*,*,#2070,.F.);
#3066 = ORIENTED_EDGE('',*,*,#3067,.F.);
#3067 = EDGE_CURVE('',#3068,#2071,#3070,.T.);
#3068 = VERTEX_POINT('',#3069);
#3069 = CARTESIAN_POINT('',(-0.554048641031,0.737578855452,
    3.702891850894));
#3070 = B_SPLINE_CURVE_WITH_KNOTS('',1,(#3071,#3072),.UNSPECIFIED.,.F.,
  .F.,(2,2),(-0.,9.234144017192E-03),.PIECEWISE_BEZIER_KNOTS.);
#3071 = CARTESIAN_POINT('',(-0.554048641031,0.737578855452,
    3.702891850894));
#3072 = CARTESIAN_POINT('',(-0.554048641031,0.737578855452,
    3.693657706877));
#3073 = ORIENTED_EDGE('',*,*,#3074,.T.);
#3074 = EDGE_CURVE('',#3068,#3075,#3077,.T.);
#3075 = VERTEX_POINT('',#3076);
#3076 = CARTESIAN_POINT('',(-0.554048641031,0.486490373887,
    3.702891850894));
#3077 = B_SPLINE_CURVE_WITH_KNOTS('',1,(#3078,#3079),.UNSPECIFIED.,.F.,
  .F.,(2,2),(-1.025195930059E-16,0.251088481565),
  .PIECEWISE_BEZIER_KNOTS.);
#3078 = CARTESIAN_POINT('',(-0.554048641031,0.737578855452,
    3.702891850894));
#3079 = CARTESIAN_POINT('',(-0.554048641031,0.486490373887,
    3.702891850894));
#3080 = ORIENTED_EDGE('',*,*,#3081,.T.);
#3081 = EDGE_CURVE('',#3075,#2073,#3082,.T.);
#3082 = B_SPLINE_CURVE_WITH_KNOTS('',1,(#3083,#3084),.UNSPECIFIED.,.F.,
  .F.,(2,2),(-0.,9.234144017192E-03),.PIECEWISE_BEZIER_KNOTS.);
#3083 = CARTESIAN_POINT('',(-0.554048641031,0.486490373887,
    3.702891850894));
#3084 = CARTESIAN_POINT('',(-0.554048641031,0.486490373887,
    3.693657706877));
#3085 = B_SPLINE_SURFACE_WITH_KNOTS('',1,1,(
    (#3086,#3087)
    ,(#3088,#3089
    )),.UNSPECIFIED.,.F.,.F.,.F.,(2,2),(2,2),(0.,9.234144017192E-03),(
    -0.251088481565,1.110223024625E-16),.PIECEWISE_BEZIER_KNOTS.);
#3086 = CARTESIAN_POINT('',(-0.554048641031,0.486490373887,
    3.702891850894));
#3087 = CARTESIAN_POINT('',(-0.554048641031,0.737578855452,
    3.702891850894));
#3088 = CARTESIAN_POINT('',(-0.554048641031,0.486490373887,
    3.693657706877));
#3089 = CARTESIAN_POINT('',(-0.554048641031,0.737578855452,
    3.693657706877));
#3090 = ADVANCED_FACE('',(#3091),#3107,.T.);
#3091 = FACE_BOUND('',#3092,.T.);
#3092 = EDGE_LOOP('',(#3093,#3094,#3095,#3102));
#3093 = ORIENTED_EDGE('',*,*,#2079,.F.);
#3094 = ORIENTED_EDGE('',*,*,#3081,.F.);
#3095 = ORIENTED_EDGE('',*,*,#3096,.T.);
#3096 = EDGE_CURVE('',#3075,#3097,#3099,.T.);
#3097 = VERTEX_POINT('',#3098);
#3098 = CARTESIAN_POINT('',(0.369365760688,0.486490373887,3.702891850894
    ));
#3099 = B_SPLINE_CURVE_WITH_KNOTS('',1,(#3100,#3101),.UNSPECIFIED.,.F.,
  .F.,(2,2),(0.,0.923414401719),.PIECEWISE_BEZIER_KNOTS.);
#3100 = CARTESIAN_POINT('',(-0.554048641031,0.486490373887,
    3.702891850894));
#3101 = CARTESIAN_POINT('',(0.369365760688,0.486490373887,3.702891850894
    ));
#3102 = ORIENTED_EDGE('',*,*,#3103,.T.);
#3103 = EDGE_CURVE('',#3097,#2080,#3104,.T.);
#3104 = B_SPLINE_CURVE_WITH_KNOTS('',1,(#3105,#3106),.UNSPECIFIED.,.F.,
  .F.,(2,2),(-0.,9.234144017192E-03),.PIECEWISE_BEZIER_KNOTS.);
#3105 = CARTESIAN_POINT('',(0.369365760688,0.486490373887,3.702891850894
    ));
#3106 = CARTESIAN_POINT('',(0.369365760688,0.486490373887,3.693657706877
    ));
#3107 = B_SPLINE_SURFACE_WITH_KNOTS('',1,1,(
    (#3108,#3109)
    ,(#3110,#3111
    )),.UNSPECIFIED.,.F.,.F.,.F.,(2,2),(2,2),(-9.234144017192E-03,0.),(
    0.,0.923414401719),.PIECEWISE_BEZIER_KNOTS.);
#3108 = CARTESIAN_POINT('',(-0.554048641031,0.486490373887,
    3.693657706877));
#3109 = CARTESIAN_POINT('',(0.369365760688,0.486490373887,3.693657706877
    ));
#3110 = CARTESIAN_POINT('',(-0.554048641031,0.486490373887,
    3.702891850894));
#3111 = CARTESIAN_POINT('',(0.369365760688,0.486490373887,3.702891850894
    ));
#3112 = ADVANCED_FACE('',(#3113),#3129,.T.);
#3113 = FACE_BOUND('',#3114,.T.);
#3114 = EDGE_LOOP('',(#3115,#3116,#3117,#3124));
#3115 = ORIENTED_EDGE('',*,*,#2086,.F.);
#3116 = ORIENTED_EDGE('',*,*,#3103,.F.);
#3117 = ORIENTED_EDGE('',*,*,#3118,.T.);
#3118 = EDGE_CURVE('',#3097,#3119,#3121,.T.);
#3119 = VERTEX_POINT('',#3120);
#3120 = CARTESIAN_POINT('',(0.369365760688,0.747080451812,3.702891850894
    ));
#3121 = B_SPLINE_CURVE_WITH_KNOTS('',1,(#3122,#3123),.UNSPECIFIED.,.F.,
  .F.,(2,2),(0.,0.260590077924),.PIECEWISE_BEZIER_KNOTS.);
#3122 = CARTESIAN_POINT('',(0.369365760688,0.486490373887,3.702891850894
    ));
#3123 = CARTESIAN_POINT('',(0.369365760688,0.747080451812,3.702891850894
    ));
#3124 = ORIENTED_EDGE('',*,*,#3125,.T.);
#3125 = EDGE_CURVE('',#3119,#2087,#3126,.T.);
#3126 = B_SPLINE_CURVE_WITH_KNOTS('',1,(#3127,#3128),.UNSPECIFIED.,.F.,
  .F.,(2,2),(-0.,9.234144017192E-03),.PIECEWISE_BEZIER_KNOTS.);
#3127 = CARTESIAN_POINT('',(0.369365760688,0.747080451812,3.702891850894
    ));
#3128 = CARTESIAN_POINT('',(0.369365760688,0.747080451812,3.693657706877
    ));
#3129 = B_SPLINE_SURFACE_WITH_KNOTS('',1,1,(
    (#3130,#3131)
    ,(#3132,#3133
    )),.UNSPECIFIED.,.F.,.F.,.F.,(2,2),(2,2),(-9.234144017192E-03,0.),(
    0.,0.260590077924),.PIECEWISE_BEZIER_KNOTS.);
#3130 = CARTESIAN_POINT('',(0.369365760688,0.486490373887,3.693657706877
    ));
#3131 = CARTESIAN_POINT('',(0.369365760688,0.747080451812,3.693657706877
    ));
#3132 = CARTESIAN_POINT('',(0.369365760688,0.486490373887,3.702891850894
    ));
#3133 = CARTESIAN_POINT('',(0.369365760688,0.747080451812,3.702891850894
    ));
#3134 = ADVANCED_FACE('',(#3135),#3168,.T.);
#3135 = FACE_BOUND('',#3136,.T.);
#3136 = EDGE_LOOP('',(#3137,#3138,#3139,#3163));
#3137 = ORIENTED_EDGE('',*,*,#2093,.F.);
#3138 = ORIENTED_EDGE('',*,*,#3125,.F.);
#3139 = ORIENTED_EDGE('',*,*,#3140,.T.);
#3140 = EDGE_CURVE('',#3119,#3141,#3143,.T.);
#3141 = VERTEX_POINT('',#3142);
#3142 = CARTESIAN_POINT('',(-8.072837795517E-02,1.229726355759,
    3.702891850894));
#3143 = B_SPLINE_CURVE_WITH_KNOTS('',3,(#3144,#3145,#3146,#3147,#3148,
    #3149,#3150,#3151,#3152,#3153,#3154,#3155,#3156,#3157,#3158,#3159,
    #3160,#3161,#3162),.UNSPECIFIED.,.F.,.F.,(4,1,1,1,1,1,1,1,1,1,1,1,1,
    1,1,1,4),(0.,6.862508274056E-02,0.13455451362,0.198310538173,
    0.260766602858,0.321970550981,0.382576836474,0.443387162252,
    0.504977646645,0.566052666658,0.625939336804,0.68537726996,
    0.745018520241,0.805433125105,0.867648023114,0.932313794838,1.),
  .UNSPECIFIED.);
#3144 = CARTESIAN_POINT('',(0.369365760688,0.747080451812,3.702891850894
    ));
#3145 = CARTESIAN_POINT('',(0.368987535054,0.764045245405,3.702891850894
    ));
#3146 = CARTESIAN_POINT('',(0.368245940811,0.79730844101,3.702891850894)
  );
#3147 = CARTESIAN_POINT('',(0.362615416126,0.846087725763,3.702891850894
    ));
#3148 = CARTESIAN_POINT('',(0.352837453185,0.892621402982,3.702891850894
    ));
#3149 = CARTESIAN_POINT('',(0.339522264006,0.937052582147,3.702891850894
    ));
#3150 = CARTESIAN_POINT('',(0.322436418327,0.979352338653,3.702891850894
    ));
#3151 = CARTESIAN_POINT('',(0.301351127221,1.019351449714,3.702891850894
    ));
#3152 = CARTESIAN_POINT('',(0.276400629706,1.057166234169,3.702891850894
    ));
#3153 = CARTESIAN_POINT('',(0.247902729689,1.092534018319,3.702891850894
    ));
#3154 = CARTESIAN_POINT('',(0.216183424642,1.124747290389,3.702891850894
    ));
#3155 = CARTESIAN_POINT('',(0.181490559994,1.152907100179,3.702891850894
    ));
#3156 = CARTESIAN_POINT('',(0.144174632742,1.176846459393,3.702891850894
    ));
#3157 = CARTESIAN_POINT('',(0.104170094335,1.196262459951,3.702891850894
    ));
#3158 = CARTESIAN_POINT('',(6.159299061665E-02,1.211280237072,
    3.702891850894));
#3159 = CARTESIAN_POINT('',(1.647064622086E-02,1.221925420758,
    3.702891850894));
#3160 = CARTESIAN_POINT('',(-3.125933403704E-02,1.228636835173,
    3.702891850894));
#3161 = CARTESIAN_POINT('',(-6.398971425846E-02,1.22935769857,
    3.702891850894));
#3162 = CARTESIAN_POINT('',(-8.072837795517E-02,1.229726355759,
    3.702891850894));
#3163 = ORIENTED_EDGE('',*,*,#3164,.T.);
#3164 = EDGE_CURVE('',#3141,#2094,#3165,.T.);
#3165 = B_SPLINE_CURVE_WITH_KNOTS('',1,(#3166,#3167),.UNSPECIFIED.,.F.,
  .F.,(2,2),(-0.,9.234144017192E-03),.PIECEWISE_BEZIER_KNOTS.);
#3166 = CARTESIAN_POINT('',(-8.072837795517E-02,1.229726355759,
    3.702891850894));
#3167 = CARTESIAN_POINT('',(-8.072837795517E-02,1.229726355759,
    3.693657706877));
#3168 = B_SPLINE_SURFACE_WITH_KNOTS('',3,1,(
    (#3169,#3170)
    ,(#3171,#3172)
    ,(#3173,#3174)
    ,(#3175,#3176)
    ,(#3177,#3178)
    ,(#3179,#3180)
    ,(#3181,#3182)
    ,(#3183,#3184)
    ,(#3185,#3186)
    ,(#3187,#3188)
    ,(#3189,#3190)
    ,(#3191,#3192)
    ,(#3193,#3194)
    ,(#3195,#3196)
    ,(#3197,#3198)
    ,(#3199,#3200)
    ,(#3201,#3202)
    ,(#3203,#3204)
    ,(#3205,#3206
    )),.UNSPECIFIED.,.F.,.F.,.F.,(4,1,1,1,1,1,1,1,1,1,1,1,1,1,1,1,4),(2,
    2),(0.,6.862508274056E-02,0.13455451362,0.198310538173,
    0.260766602858,0.321970550981,0.382576836474,0.443387162252,
    0.504977646645,0.566052666658,0.625939336804,0.68537726996,
    0.745018520241,0.805433125105,0.867648023114,0.932313794838,1.),(0.,
    1.),.UNSPECIFIED.);
#3169 = CARTESIAN_POINT('',(0.369365760688,0.747080451812,3.702891850894
    ));
#3170 = CARTESIAN_POINT('',(0.369365760688,0.747080451812,3.693657706877
    ));
#3171 = CARTESIAN_POINT('',(0.368987535054,0.764045245405,3.702891850894
    ));
#3172 = CARTESIAN_POINT('',(0.368987535054,0.764045245405,3.693657706877
    ));
#3173 = CARTESIAN_POINT('',(0.368245940811,0.79730844101,3.702891850894)
  );
#3174 = CARTESIAN_POINT('',(0.368245940811,0.79730844101,3.693657706877)
  );
#3175 = CARTESIAN_POINT('',(0.362615416126,0.846087725763,3.702891850894
    ));
#3176 = CARTESIAN_POINT('',(0.362615416126,0.846087725763,3.693657706877
    ));
#3177 = CARTESIAN_POINT('',(0.352837453185,0.892621402982,3.702891850894
    ));
#3178 = CARTESIAN_POINT('',(0.352837453185,0.892621402982,3.693657706877
    ));
#3179 = CARTESIAN_POINT('',(0.339522264006,0.937052582147,3.702891850894
    ));
#3180 = CARTESIAN_POINT('',(0.339522264006,0.937052582147,3.693657706877
    ));
#3181 = CARTESIAN_POINT('',(0.322436418327,0.979352338653,3.702891850894
    ));
#3182 = CARTESIAN_POINT('',(0.322436418327,0.979352338653,3.693657706877
    ));
#3183 = CARTESIAN_POINT('',(0.301351127221,1.019351449714,3.702891850894
    ));
#3184 = CARTESIAN_POINT('',(0.301351127221,1.019351449714,3.693657706877
    ));
#3185 = CARTESIAN_POINT('',(0.276400629706,1.057166234169,3.702891850894
    ));
#3186 = CARTESIAN_POINT('',(0.276400629706,1.057166234169,3.693657706877
    ));
#3187 = CARTESIAN_POINT('',(0.247902729689,1.092534018319,3.702891850894
    ));
#3188 = CARTESIAN_POINT('',(0.247902729689,1.092534018319,3.693657706877
    ));
#3189 = CARTESIAN_POINT('',(0.216183424642,1.124747290389,3.702891850894
    ));
#3190 = CARTESIAN_POINT('',(0.216183424642,1.124747290389,3.693657706877
    ));
#3191 = CARTESIAN_POINT('',(0.181490559994,1.152907100179,3.702891850894
    ));
#3192 = CARTESIAN_POINT('',(0.181490559994,1.152907100179,3.693657706877
    ));
#3193 = CARTESIAN_POINT('',(0.144174632742,1.176846459393,3.702891850894
    ));
#3194 = CARTESIAN_POINT('',(0.144174632742,1.176846459393,3.693657706877
    ));
#3195 = CARTESIAN_POINT('',(0.104170094335,1.196262459951,3.702891850894
    ));
#3196 = CARTESIAN_POINT('',(0.104170094335,1.196262459951,3.693657706877
    ));
#3197 = CARTESIAN_POINT('',(6.159299061665E-02,1.211280237072,
    3.702891850894));
#3198 = CARTESIAN_POINT('',(6.159299061665E-02,1.211280237072,
    3.693657706877));
#3199 = CARTESIAN_POINT('',(1.647064622086E-02,1.221925420758,
    3.702891850894));
#3200 = CARTESIAN_POINT('',(1.647064622086E-02,1.221925420758,
    3.693657706877));
#3201 = CARTESIAN_POINT('',(-3.125933403704E-02,1.228636835173,
    3.702891850894));
#3202 = CARTESIAN_POINT('',(-3.125933403704E-02,1.228636835173,
    3.693657706877));
#3203 = CARTESIAN_POINT('',(-6.398971425846E-02,1.22935769857,
    3.702891850894));
#3204 = CARTESIAN_POINT('',(-6.398971425846E-02,1.22935769857,
    3.693657706877));
#3205 = CARTESIAN_POINT('',(-8.072837795517E-02,1.229726355759,
    3.702891850894));
#3206 = CARTESIAN_POINT('',(-8.072837795517E-02,1.229726355759,
    3.693657706877));
#3207 = ADVANCED_FACE('',(#3208),#3235,.T.);
#3208 = FACE_BOUND('',#3209,.T.);
#3209 = EDGE_LOOP('',(#3210,#3211,#3212,#3234));
#3210 = ORIENTED_EDGE('',*,*,#2117,.F.);
#3211 = ORIENTED_EDGE('',*,*,#3164,.F.);
#3212 = ORIENTED_EDGE('',*,*,#3213,.T.);
#3213 = EDGE_CURVE('',#3141,#3068,#3214,.T.);
#3214 = B_SPLINE_CURVE_WITH_KNOTS('',3,(#3215,#3216,#3217,#3218,#3219,
    #3220,#3221,#3222,#3223,#3224,#3225,#3226,#3227,#3228,#3229,#3230,
    #3231,#3232,#3233),.UNSPECIFIED.,.F.,.F.,(4,1,1,1,1,1,1,1,1,1,1,1,1,
    1,1,1,4),(0.,6.806869584499E-02,0.133427432819,0.196146033813,
    0.257048592449,0.316882663159,0.376187208666,0.435960335364,
    0.496535236863,0.557465343481,0.61768686341,0.677943640697,
    0.738805284806,0.800949336767,0.86481466747,0.931024781079,1.),
  .UNSPECIFIED.);
#3215 = CARTESIAN_POINT('',(-8.072837795517E-02,1.229726355759,
    3.702891850894));
#3216 = CARTESIAN_POINT('',(-9.816944550203E-02,1.229353418968,
    3.702891850894));
#3217 = CARTESIAN_POINT('',(-0.132357214777,1.228622392788,
    3.702891850894));
#3218 = CARTESIAN_POINT('',(-0.182251321869,1.221940770592,
    3.702891850894));
#3219 = CARTESIAN_POINT('',(-0.229527399413,1.211274691478,
    3.702891850894));
#3220 = CARTESIAN_POINT('',(-0.274158589009,1.196302670271,
    3.702891850894));
#3221 = CARTESIAN_POINT('',(-0.316112699149,1.176918275634,
    3.702891850894));
#3222 = CARTESIAN_POINT('',(-0.355236453353,1.152884513906,
    3.702891850894));
#3223 = CARTESIAN_POINT('',(-0.391828157318,1.124849144387,
    3.702891850894));
#3224 = CARTESIAN_POINT('',(-0.425386474681,1.092620089166,
    3.702891850894));
#3225 = CARTESIAN_POINT('',(-0.455421049039,1.056977076714,
    3.702891850894));
#3226 = CARTESIAN_POINT('',(-0.482132484076,1.018863298464,
    3.702891850894));
#3227 = CARTESIAN_POINT('',(-0.504326126528,0.977951259711,
    3.702891850894));
#3228 = CARTESIAN_POINT('',(-0.522459388379,0.934590389494,
    3.702891850894));
#3229 = CARTESIAN_POINT('',(-0.536856114292,0.888856526075,
    3.702891850894));
#3230 = CARTESIAN_POINT('',(-0.546658138272,0.840551464971,
    3.702891850894));
#3231 = CARTESIAN_POINT('',(-0.553102110516,0.789894741822,
    3.702891850894));
#3232 = CARTESIAN_POINT('',(-0.55372885766,0.75525366917,3.702891850894)
  );
#3233 = CARTESIAN_POINT('',(-0.554048641031,0.737578855452,
    3.702891850894));
#3234 = ORIENTED_EDGE('',*,*,#3067,.T.);
#3235 = B_SPLINE_SURFACE_WITH_KNOTS('',3,1,(
    (#3236,#3237)
    ,(#3238,#3239)
    ,(#3240,#3241)
    ,(#3242,#3243)
    ,(#3244,#3245)
    ,(#3246,#3247)
    ,(#3248,#3249)
    ,(#3250,#3251)
    ,(#3252,#3253)
    ,(#3254,#3255)
    ,(#3256,#3257)
    ,(#3258,#3259)
    ,(#3260,#3261)
    ,(#3262,#3263)
    ,(#3264,#3265)
    ,(#3266,#3267)
    ,(#3268,#3269)
    ,(#3270,#3271)
    ,(#3272,#3273
    )),.UNSPECIFIED.,.F.,.F.,.F.,(4,1,1,1,1,1,1,1,1,1,1,1,1,1,1,1,4),(2,
    2),(0.,6.806869584499E-02,0.133427432819,0.196146033813,
    0.257048592449,0.316882663159,0.376187208666,0.435960335364,
    0.496535236863,0.557465343481,0.61768686341,0.677943640697,
    0.738805284806,0.800949336767,0.86481466747,0.931024781079,1.),(0.,
    1.),.UNSPECIFIED.);
#3236 = CARTESIAN_POINT('',(-8.072837795517E-02,1.229726355759,
    3.702891850894));
#3237 = CARTESIAN_POINT('',(-8.072837795517E-02,1.229726355759,
    3.693657706877));
#3238 = CARTESIAN_POINT('',(-9.816944550203E-02,1.229353418968,
    3.702891850894));
#3239 = CARTESIAN_POINT('',(-9.816944550203E-02,1.229353418968,
    3.693657706877));
#3240 = CARTESIAN_POINT('',(-0.132357214777,1.228622392788,
    3.702891850894));
#3241 = CARTESIAN_POINT('',(-0.132357214777,1.228622392788,
    3.693657706877));
#3242 = CARTESIAN_POINT('',(-0.182251321869,1.221940770592,
    3.702891850894));
#3243 = CARTESIAN_POINT('',(-0.182251321869,1.221940770592,
    3.693657706877));
#3244 = CARTESIAN_POINT('',(-0.229527399413,1.211274691478,
    3.702891850894));
#3245 = CARTESIAN_POINT('',(-0.229527399413,1.211274691478,
    3.693657706877));
#3246 = CARTESIAN_POINT('',(-0.274158589009,1.196302670271,
    3.702891850894));
#3247 = CARTESIAN_POINT('',(-0.274158589009,1.196302670271,
    3.693657706877));
#3248 = CARTESIAN_POINT('',(-0.316112699149,1.176918275634,
    3.702891850894));
#3249 = CARTESIAN_POINT('',(-0.316112699149,1.176918275634,
    3.693657706877));
#3250 = CARTESIAN_POINT('',(-0.355236453353,1.152884513906,
    3.702891850894));
#3251 = CARTESIAN_POINT('',(-0.355236453353,1.152884513906,
    3.693657706877));
#3252 = CARTESIAN_POINT('',(-0.391828157318,1.124849144387,
    3.702891850894));
#3253 = CARTESIAN_POINT('',(-0.391828157318,1.124849144387,
    3.693657706877));
#3254 = CARTESIAN_POINT('',(-0.425386474681,1.092620089166,
    3.702891850894));
#3255 = CARTESIAN_POINT('',(-0.425386474681,1.092620089166,
    3.693657706877));
#3256 = CARTESIAN_POINT('',(-0.455421049039,1.056977076714,
    3.702891850894));
#3257 = CARTESIAN_POINT('',(-0.455421049039,1.056977076714,
    3.693657706877));
#3258 = CARTESIAN_POINT('',(-0.482132484076,1.018863298464,
    3.702891850894));
#3259 = CARTESIAN_POINT('',(-0.482132484076,1.018863298464,
    3.693657706877));
#3260 = CARTESIAN_POINT('',(-0.504326126528,0.977951259711,
    3.702891850894));
#3261 = CARTESIAN_POINT('',(-0.504326126528,0.977951259711,
    3.693657706877));
#3262 = CARTESIAN_POINT('',(-0.522459388379,0.934590389494,
    3.702891850894));
#3263 = CARTESIAN_POINT('',(-0.522459388379,0.934590389494,
    3.693657706877));
#3264 = CARTESIAN_POINT('',(-0.536856114292,0.888856526075,
    3.702891850894));
#3265 = CARTESIAN_POINT('',(-0.536856114292,0.888856526075,
    3.693657706877));
#3266 = CARTESIAN_POINT('',(-0.546658138272,0.840551464971,
    3.702891850894));
#3267 = CARTESIAN_POINT('',(-0.546658138272,0.840551464971,
    3.693657706877));
#3268 = CARTESIAN_POINT('',(-0.553102110516,0.789894741822,
    3.702891850894));
#3269 = CARTESIAN_POINT('',(-0.553102110516,0.789894741822,
    3.693657706877));
#3270 = CARTESIAN_POINT('',(-0.55372885766,0.75525366917,3.702891850894)
  );
#3271 = CARTESIAN_POINT('',(-0.55372885766,0.75525366917,3.693657706877)
  );
#3272 = CARTESIAN_POINT('',(-0.554048641031,0.737578855452,
    3.702891850894));
#3273 = CARTESIAN_POINT('',(-0.554048641031,0.737578855452,
    3.693657706877));
#3274 = ADVANCED_FACE('',(#3275,#3346),#3353,.T.);
#3275 = FACE_BOUND('',#3276,.T.);
#3276 = EDGE_LOOP('',(#3277,#3303,#3327,#3334,#3341));
#3277 = ORIENTED_EDGE('',*,*,#3278,.F.);
#3278 = EDGE_CURVE('',#3279,#3281,#3283,.T.);
#3279 = VERTEX_POINT('',#3280);
#3280 = CARTESIAN_POINT('',(-8.336771027716E-02,1.105853692114,
    3.702891850894));
#3281 = VERTEX_POINT('',#3282);
#3282 = CARTESIAN_POINT('',(0.268015399523,0.746552585347,3.702891850894
    ));
#3283 = B_SPLINE_CURVE_WITH_KNOTS('',3,(#3284,#3285,#3286,#3287,#3288,
    #3289,#3290,#3291,#3292,#3293,#3294,#3295,#3296,#3297,#3298,#3299,
    #3300,#3301,#3302),.UNSPECIFIED.,.F.,.F.,(4,1,1,1,1,1,1,1,1,1,1,1,1,
    1,1,1,4),(0.,7.430465465555E-02,0.144395278118,0.210501927383,
    0.273252216031,0.33381705022,0.392522656094,0.450081103081,
    0.507814926858,0.565459893874,0.623144369682,0.681293511757,
    0.740910505694,0.801853463619,0.86523968125,0.930940859419,1.),
  .UNSPECIFIED.);
#3284 = CARTESIAN_POINT('',(-8.336771027716E-02,1.105853692114,
    3.702891850894));
#3285 = CARTESIAN_POINT('',(-6.921991021302E-02,1.105551803381,
    3.702891850894));
#3286 = CARTESIAN_POINT('',(-4.172667261583E-02,1.104965146897,
    3.702891850894));
#3287 = CARTESIAN_POINT('',(-1.856458264621E-03,1.100377717378,
    3.702891850894));
#3288 = CARTESIAN_POINT('',(3.530338626766E-02,1.092756790792,
    3.702891850894));
#3289 = CARTESIAN_POINT('',(6.970019157354E-02,1.081730604231,
    3.702891850894));
#3290 = CARTESIAN_POINT('',(0.101570076494,1.067946302299,3.702891850894
    ));
#3291 = CARTESIAN_POINT('',(0.130609952981,1.05074876314,3.702891850894)
  );
#3292 = CARTESIAN_POINT('',(0.156953532616,1.030531234127,3.702891850894
    ));
#3293 = CARTESIAN_POINT('',(0.180323836778,1.00721877269,3.702891850894)
  );
#3294 = CARTESIAN_POINT('',(0.200870761554,0.981396980072,3.702891850894
    ));
#3295 = CARTESIAN_POINT('',(0.218952784029,0.95369716487,3.702891850894)
  );
#3296 = CARTESIAN_POINT('',(0.23413524946,0.923879991093,3.702891850894)
  );
#3297 = CARTESIAN_POINT('',(0.246611428183,0.892178763981,3.702891850894
    ));
#3298 = CARTESIAN_POINT('',(0.256346575356,0.858486263491,3.702891850894
    ));
#3299 = CARTESIAN_POINT('',(0.263103753059,0.822905836797,3.702891850894
    ));
#3300 = CARTESIAN_POINT('',(0.267216890029,0.785359492751,3.702891850894
    ));
#3301 = CARTESIAN_POINT('',(0.267744844496,0.759701338085,3.702891850894
    ));
#3302 = CARTESIAN_POINT('',(0.268015399523,0.746552585347,3.702891850894
    ));
#3303 = ORIENTED_EDGE('',*,*,#3304,.F.);
#3304 = EDGE_CURVE('',#3305,#3279,#3307,.T.);
#3305 = VERTEX_POINT('',#3306);
#3306 = CARTESIAN_POINT('',(-0.452698279867,0.741449876191,
    3.702891850894));
#3307 = B_SPLINE_CURVE_WITH_KNOTS('',3,(#3308,#3309,#3310,#3311,#3312,
    #3313,#3314,#3315,#3316,#3317,#3318,#3319,#3320,#3321,#3322,#3323,
    #3324,#3325,#3326),.UNSPECIFIED.,.F.,.F.,(4,1,1,1,1,1,1,1,1,1,1,1,1,
    1,1,1,4),(0.,7.083094766001E-02,0.138177568269,0.202487838857,
    0.263990060622,0.323400296474,0.381821207147,0.439417216559,
    0.497133888134,0.554896901119,0.612980197706,0.671518546661,
    0.731639145905,0.794285104962,0.859473524903,0.927676858178,1.),
  .UNSPECIFIED.);
#3308 = CARTESIAN_POINT('',(-0.452698279867,0.741449876191,
    3.702891850894));
#3309 = CARTESIAN_POINT('',(-0.452397520933,0.755363491105,
    3.702891850894));
#3310 = CARTESIAN_POINT('',(-0.451810798046,0.782506280212,
    3.702891850894));
#3311 = CARTESIAN_POINT('',(-0.447151357669,0.822062105318,
    3.702891850894));
#3312 = CARTESIAN_POINT('',(-0.439669569254,0.859291520693,
    3.702891850894));
#3313 = CARTESIAN_POINT('',(-0.4291874331,0.894198058685,3.702891850894)
  );
#3314 = CARTESIAN_POINT('',(-0.415297383413,0.926635434994,
    3.702891850894));
#3315 = CARTESIAN_POINT('',(-0.398612631342,0.956847500729,
    3.702891850894));
#3316 = CARTESIAN_POINT('',(-0.378793284231,0.984723791921,
    3.702891850894));
#3317 = CARTESIAN_POINT('',(-0.355812584176,1.009871532807,
    3.702891850894));
#3318 = CARTESIAN_POINT('',(-0.330217040069,1.032474516692,
    3.702891850894));
#3319 = CARTESIAN_POINT('',(-0.302181844851,1.052275724622,
    3.702891850894));
#3320 = CARTESIAN_POINT('',(-0.27162573229,1.068894802024,3.702891850894
    ));
#3321 = CARTESIAN_POINT('',(-0.238653533068,1.082510001081,
    3.702891850894));
#3322 = CARTESIAN_POINT('',(-0.203192391524,1.092969367357,
    3.702891850894));
#3323 = CARTESIAN_POINT('',(-0.165396827718,1.100540363991,
    3.702891850894));
#3324 = CARTESIAN_POINT('',(-0.125172053972,1.1049159779,3.702891850894)
  );
#3325 = CARTESIAN_POINT('',(-9.757220602212E-02,1.105535070737,
    3.702891850894));
#3326 = CARTESIAN_POINT('',(-8.336771027716E-02,1.105853692114,
    3.702891850894));
#3327 = ORIENTED_EDGE('',*,*,#3328,.F.);
#3328 = EDGE_CURVE('',#3329,#3305,#3331,.T.);
#3329 = VERTEX_POINT('',#3330);
#3330 = CARTESIAN_POINT('',(-0.452698279867,0.610363037533,
    3.702891850894));
#3331 = B_SPLINE_CURVE_WITH_KNOTS('',1,(#3332,#3333),.UNSPECIFIED.,.F.,
  .F.,(2,2),(0.,0.131086838659),.PIECEWISE_BEZIER_KNOTS.);
#3332 = CARTESIAN_POINT('',(-0.452698279867,0.610363037533,
    3.702891850894));
#3333 = CARTESIAN_POINT('',(-0.452698279867,0.741449876191,
    3.702891850894));
#3334 = ORIENTED_EDGE('',*,*,#3335,.F.);
#3335 = EDGE_CURVE('',#3336,#3329,#3338,.T.);
#3336 = VERTEX_POINT('',#3337);
#3337 = CARTESIAN_POINT('',(0.268015399523,0.610363037533,3.702891850894
    ));
#3338 = B_SPLINE_CURVE_WITH_KNOTS('',1,(#3339,#3340),.UNSPECIFIED.,.F.,
  .F.,(2,2),(0.,0.720713679391),.PIECEWISE_BEZIER_KNOTS.);
#3339 = CARTESIAN_POINT('',(0.268015399523,0.610363037533,3.702891850894
    ));
#3340 = CARTESIAN_POINT('',(-0.452698279867,0.610363037533,
    3.702891850894));
#3341 = ORIENTED_EDGE('',*,*,#3342,.F.);
#3342 = EDGE_CURVE('',#3281,#3336,#3343,.T.);
#3343 = B_SPLINE_CURVE_WITH_KNOTS('',1,(#3344,#3345),.UNSPECIFIED.,.F.,
  .F.,(2,2),(0.,0.136189547815),.PIECEWISE_BEZIER_KNOTS.);
#3344 = CARTESIAN_POINT('',(0.268015399523,0.746552585347,3.702891850894
    ));
#3345 = CARTESIAN_POINT('',(0.268015399523,0.610363037533,3.702891850894
    ));
#3346 = FACE_BOUND('',#3347,.T.);
#3347 = EDGE_LOOP('',(#3348,#3349,#3350,#3351,#3352));
#3348 = ORIENTED_EDGE('',*,*,#3074,.F.);
#3349 = ORIENTED_EDGE('',*,*,#3213,.F.);
#3350 = ORIENTED_EDGE('',*,*,#3140,.F.);
#3351 = ORIENTED_EDGE('',*,*,#3118,.F.);
#3352 = ORIENTED_EDGE('',*,*,#3096,.F.);
#3353 = B_SPLINE_SURFACE_WITH_KNOTS('',1,1,(
    (#3354,#3355)
    ,(#3356,#3357
    )),.UNSPECIFIED.,.F.,.F.,.F.,(2,2),(2,2),(-0.1196666652,
    0.803747736519),(-0.602872646216,0.140363335656),
  .PIECEWISE_BEZIER_KNOTS.);
#3354 = CARTESIAN_POINT('',(0.369365760688,0.486490373887,3.702891850894
    ));
#3355 = CARTESIAN_POINT('',(0.369365760688,1.229726355759,3.702891850894
    ));
#3356 = CARTESIAN_POINT('',(-0.554048641031,0.486490373887,
    3.702891850894));
#3357 = CARTESIAN_POINT('',(-0.554048641031,1.229726355759,
    3.702891850894));
#3358 = ADVANCED_FACE('',(#3359),#3381,.T.);
#3359 = FACE_BOUND('',#3360,.T.);
#3360 = EDGE_LOOP('',(#3361,#3370,#3375,#3376));
#3361 = ORIENTED_EDGE('',*,*,#3362,.F.);
#3362 = EDGE_CURVE('',#3363,#3365,#3367,.T.);
#3363 = VERTEX_POINT('',#3364);
#3364 = CARTESIAN_POINT('',(0.268015399523,0.746552585347,3.693657706877
    ));
#3365 = VERTEX_POINT('',#3366);
#3366 = CARTESIAN_POINT('',(0.268015399523,0.610363037533,3.693657706877
    ));
#3367 = B_SPLINE_CURVE_WITH_KNOTS('',1,(#3368,#3369),.UNSPECIFIED.,.F.,
  .F.,(2,2),(0.,0.136189547815),.PIECEWISE_BEZIER_KNOTS.);
#3368 = CARTESIAN_POINT('',(0.268015399523,0.746552585347,3.693657706877
    ));
#3369 = CARTESIAN_POINT('',(0.268015399523,0.610363037533,3.693657706877
    ));
#3370 = ORIENTED_EDGE('',*,*,#3371,.F.);
#3371 = EDGE_CURVE('',#3281,#3363,#3372,.T.);
#3372 = B_SPLINE_CURVE_WITH_KNOTS('',1,(#3373,#3374),.UNSPECIFIED.,.F.,
  .F.,(2,2),(-0.,9.234144017192E-03),.PIECEWISE_BEZIER_KNOTS.);
#3373 = CARTESIAN_POINT('',(0.268015399523,0.746552585347,3.702891850894
    ));
#3374 = CARTESIAN_POINT('',(0.268015399523,0.746552585347,3.693657706877
    ));
#3375 = ORIENTED_EDGE('',*,*,#3342,.T.);
#3376 = ORIENTED_EDGE('',*,*,#3377,.T.);
#3377 = EDGE_CURVE('',#3336,#3365,#3378,.T.);
#3378 = B_SPLINE_CURVE_WITH_KNOTS('',1,(#3379,#3380),.UNSPECIFIED.,.F.,
  .F.,(2,2),(-0.,9.234144017192E-03),.PIECEWISE_BEZIER_KNOTS.);
#3379 = CARTESIAN_POINT('',(0.268015399523,0.610363037533,3.702891850894
    ));
#3380 = CARTESIAN_POINT('',(0.268015399523,0.610363037533,3.693657706877
    ));
#3381 = B_SPLINE_SURFACE_WITH_KNOTS('',1,1,(
    (#3382,#3383)
    ,(#3384,#3385
    )),.UNSPECIFIED.,.F.,.F.,.F.,(2,2),(2,2),(0.,9.234144017192E-03),(
    -0.136189547815,0.),.PIECEWISE_BEZIER_KNOTS.);
#3382 = CARTESIAN_POINT('',(0.268015399523,0.610363037533,3.702891850894
    ));
#3383 = CARTESIAN_POINT('',(0.268015399523,0.746552585347,3.702891850894
    ));
#3384 = CARTESIAN_POINT('',(0.268015399523,0.610363037533,3.693657706877
    ));
#3385 = CARTESIAN_POINT('',(0.268015399523,0.746552585347,3.693657706877
    ));
#3386 = ADVANCED_FACE('',(#3387),#3420,.T.);
#3387 = FACE_BOUND('',#3388,.T.);
#3388 = EDGE_LOOP('',(#3389,#3413,#3418,#3419));
#3389 = ORIENTED_EDGE('',*,*,#3390,.F.);
#3390 = EDGE_CURVE('',#3391,#3363,#3393,.T.);
#3391 = VERTEX_POINT('',#3392);
#3392 = CARTESIAN_POINT('',(-8.336771027716E-02,1.105853692114,
    3.693657706877));
#3393 = B_SPLINE_CURVE_WITH_KNOTS('',3,(#3394,#3395,#3396,#3397,#3398,
    #3399,#3400,#3401,#3402,#3403,#3404,#3405,#3406,#3407,#3408,#3409,
    #3410,#3411,#3412),.UNSPECIFIED.,.F.,.F.,(4,1,1,1,1,1,1,1,1,1,1,1,1,
    1,1,1,4),(0.,7.430465465555E-02,0.144395278118,0.210501927383,
    0.273252216031,0.33381705022,0.392522656094,0.450081103081,
    0.507814926858,0.565459893874,0.623144369682,0.681293511757,
    0.740910505694,0.801853463619,0.86523968125,0.930940859419,1.),
  .UNSPECIFIED.);
#3394 = CARTESIAN_POINT('',(-8.336771027716E-02,1.105853692114,
    3.693657706877));
#3395 = CARTESIAN_POINT('',(-6.921991021302E-02,1.105551803381,
    3.693657706877));
#3396 = CARTESIAN_POINT('',(-4.172667261583E-02,1.104965146897,
    3.693657706877));
#3397 = CARTESIAN_POINT('',(-1.856458264621E-03,1.100377717378,
    3.693657706877));
#3398 = CARTESIAN_POINT('',(3.530338626766E-02,1.092756790792,
    3.693657706877));
#3399 = CARTESIAN_POINT('',(6.970019157354E-02,1.081730604231,
    3.693657706877));
#3400 = CARTESIAN_POINT('',(0.101570076494,1.067946302299,3.693657706877
    ));
#3401 = CARTESIAN_POINT('',(0.130609952981,1.05074876314,3.693657706877)
  );
#3402 = CARTESIAN_POINT('',(0.156953532616,1.030531234127,3.693657706877
    ));
#3403 = CARTESIAN_POINT('',(0.180323836778,1.00721877269,3.693657706877)
  );
#3404 = CARTESIAN_POINT('',(0.200870761554,0.981396980072,3.693657706877
    ));
#3405 = CARTESIAN_POINT('',(0.218952784029,0.95369716487,3.693657706877)
  );
#3406 = CARTESIAN_POINT('',(0.23413524946,0.923879991093,3.693657706877)
  );
#3407 = CARTESIAN_POINT('',(0.246611428183,0.892178763981,3.693657706877
    ));
#3408 = CARTESIAN_POINT('',(0.256346575356,0.858486263491,3.693657706877
    ));
#3409 = CARTESIAN_POINT('',(0.263103753059,0.822905836797,3.693657706877
    ));
#3410 = CARTESIAN_POINT('',(0.267216890029,0.785359492751,3.693657706877
    ));
#3411 = CARTESIAN_POINT('',(0.267744844496,0.759701338085,3.693657706877
    ));
#3412 = CARTESIAN_POINT('',(0.268015399523,0.746552585347,3.693657706877
    ));
#3413 = ORIENTED_EDGE('',*,*,#3414,.F.);
#3414 = EDGE_CURVE('',#3279,#3391,#3415,.T.);
#3415 = B_SPLINE_CURVE_WITH_KNOTS('',1,(#3416,#3417),.UNSPECIFIED.,.F.,
  .F.,(2,2),(-0.,9.234144017192E-03),.PIECEWISE_BEZIER_KNOTS.);
#3416 = CARTESIAN_POINT('',(-8.336771027716E-02,1.105853692114,
    3.702891850894));
#3417 = CARTESIAN_POINT('',(-8.336771027716E-02,1.105853692114,
    3.693657706877));
#3418 = ORIENTED_EDGE('',*,*,#3278,.T.);
#3419 = ORIENTED_EDGE('',*,*,#3371,.T.);
#3420 = B_SPLINE_SURFACE_WITH_KNOTS('',3,1,(
    (#3421,#3422)
    ,(#3423,#3424)
    ,(#3425,#3426)
    ,(#3427,#3428)
    ,(#3429,#3430)
    ,(#3431,#3432)
    ,(#3433,#3434)
    ,(#3435,#3436)
    ,(#3437,#3438)
    ,(#3439,#3440)
    ,(#3441,#3442)
    ,(#3443,#3444)
    ,(#3445,#3446)
    ,(#3447,#3448)
    ,(#3449,#3450)
    ,(#3451,#3452)
    ,(#3453,#3454)
    ,(#3455,#3456)
    ,(#3457,#3458
    )),.UNSPECIFIED.,.F.,.F.,.F.,(4,1,1,1,1,1,1,1,1,1,1,1,1,1,1,1,4),(2,
    2),(0.,7.430465465555E-02,0.144395278118,0.210501927383,
    0.273252216031,0.33381705022,0.392522656094,0.450081103081,
    0.507814926858,0.565459893874,0.623144369682,0.681293511757,
    0.740910505694,0.801853463619,0.86523968125,0.930940859419,1.),(0.,
    1.),.UNSPECIFIED.);
#3421 = CARTESIAN_POINT('',(-8.336771027716E-02,1.105853692114,
    3.702891850894));
#3422 = CARTESIAN_POINT('',(-8.336771027716E-02,1.105853692114,
    3.693657706877));
#3423 = CARTESIAN_POINT('',(-6.921991021302E-02,1.105551803381,
    3.702891850894));
#3424 = CARTESIAN_POINT('',(-6.921991021302E-02,1.105551803381,
    3.693657706877));
#3425 = CARTESIAN_POINT('',(-4.172667261583E-02,1.104965146897,
    3.702891850894));
#3426 = CARTESIAN_POINT('',(-4.172667261583E-02,1.104965146897,
    3.693657706877));
#3427 = CARTESIAN_POINT('',(-1.856458264621E-03,1.100377717378,
    3.702891850894));
#3428 = CARTESIAN_POINT('',(-1.856458264621E-03,1.100377717378,
    3.693657706877));
#3429 = CARTESIAN_POINT('',(3.530338626766E-02,1.092756790792,
    3.702891850894));
#3430 = CARTESIAN_POINT('',(3.530338626766E-02,1.092756790792,
    3.693657706877));
#3431 = CARTESIAN_POINT('',(6.970019157354E-02,1.081730604231,
    3.702891850894));
#3432 = CARTESIAN_POINT('',(6.970019157354E-02,1.081730604231,
    3.693657706877));
#3433 = CARTESIAN_POINT('',(0.101570076494,1.067946302299,3.702891850894
    ));
#3434 = CARTESIAN_POINT('',(0.101570076494,1.067946302299,3.693657706877
    ));
#3435 = CARTESIAN_POINT('',(0.130609952981,1.05074876314,3.702891850894)
  );
#3436 = CARTESIAN_POINT('',(0.130609952981,1.05074876314,3.693657706877)
  );
#3437 = CARTESIAN_POINT('',(0.156953532616,1.030531234127,3.702891850894
    ));
#3438 = CARTESIAN_POINT('',(0.156953532616,1.030531234127,3.693657706877
    ));
#3439 = CARTESIAN_POINT('',(0.180323836778,1.00721877269,3.702891850894)
  );
#3440 = CARTESIAN_POINT('',(0.180323836778,1.00721877269,3.693657706877)
  );
#3441 = CARTESIAN_POINT('',(0.200870761554,0.981396980072,3.702891850894
    ));
#3442 = CARTESIAN_POINT('',(0.200870761554,0.981396980072,3.693657706877
    ));
#3443 = CARTESIAN_POINT('',(0.218952784029,0.95369716487,3.702891850894)
  );
#3444 = CARTESIAN_POINT('',(0.218952784029,0.95369716487,3.693657706877)
  );
#3445 = CARTESIAN_POINT('',(0.23413524946,0.923879991093,3.702891850894)
  );
#3446 = CARTESIAN_POINT('',(0.23413524946,0.923879991093,3.693657706877)
  );
#3447 = CARTESIAN_POINT('',(0.246611428183,0.892178763981,3.702891850894
    ));
#3448 = CARTESIAN_POINT('',(0.246611428183,0.892178763981,3.693657706877
    ));
#3449 = CARTESIAN_POINT('',(0.256346575356,0.858486263491,3.702891850894
    ));
#3450 = CARTESIAN_POINT('',(0.256346575356,0.858486263491,3.693657706877
    ));
#3451 = CARTESIAN_POINT('',(0.263103753059,0.822905836797,3.702891850894
    ));
#3452 = CARTESIAN_POINT('',(0.263103753059,0.822905836797,3.693657706877
    ));
#3453 = CARTESIAN_POINT('',(0.267216890029,0.785359492751,3.702891850894
    ));
#3454 = CARTESIAN_POINT('',(0.267216890029,0.785359492751,3.693657706877
    ));
#3455 = CARTESIAN_POINT('',(0.267744844496,0.759701338085,3.702891850894
    ));
#3456 = CARTESIAN_POINT('',(0.267744844496,0.759701338085,3.693657706877
    ));
#3457 = CARTESIAN_POINT('',(0.268015399523,0.746552585347,3.702891850894
    ));
#3458 = CARTESIAN_POINT('',(0.268015399523,0.746552585347,3.693657706877
    ));
#3459 = ADVANCED_FACE('',(#3460),#3493,.T.);
#3460 = FACE_BOUND('',#3461,.T.);
#3461 = EDGE_LOOP('',(#3462,#3486,#3491,#3492));
#3462 = ORIENTED_EDGE('',*,*,#3463,.F.);
#3463 = EDGE_CURVE('',#3464,#3391,#3466,.T.);
#3464 = VERTEX_POINT('',#3465);
#3465 = CARTESIAN_POINT('',(-0.452698279867,0.741449876191,
    3.693657706877));
#3466 = B_SPLINE_CURVE_WITH_KNOTS('',3,(#3467,#3468,#3469,#3470,#3471,
    #3472,#3473,#3474,#3475,#3476,#3477,#3478,#3479,#3480,#3481,#3482,
    #3483,#3484,#3485),.UNSPECIFIED.,.F.,.F.,(4,1,1,1,1,1,1,1,1,1,1,1,1,
    1,1,1,4),(0.,7.083094766001E-02,0.138177568269,0.202487838857,
    0.263990060622,0.323400296474,0.381821207147,0.439417216559,
    0.497133888134,0.554896901119,0.612980197706,0.671518546661,
    0.731639145905,0.794285104962,0.859473524903,0.927676858178,1.),
  .UNSPECIFIED.);
#3467 = CARTESIAN_POINT('',(-0.452698279867,0.741449876191,
    3.693657706877));
#3468 = CARTESIAN_POINT('',(-0.452397520933,0.755363491105,
    3.693657706877));
#3469 = CARTESIAN_POINT('',(-0.451810798046,0.782506280212,
    3.693657706877));
#3470 = CARTESIAN_POINT('',(-0.447151357669,0.822062105318,
    3.693657706877));
#3471 = CARTESIAN_POINT('',(-0.439669569254,0.859291520693,
    3.693657706877));
#3472 = CARTESIAN_POINT('',(-0.4291874331,0.894198058685,3.693657706877)
  );
#3473 = CARTESIAN_POINT('',(-0.415297383413,0.926635434994,
    3.693657706877));
#3474 = CARTESIAN_POINT('',(-0.398612631342,0.956847500729,
    3.693657706877));
#3475 = CARTESIAN_POINT('',(-0.378793284231,0.984723791921,
    3.693657706877));
#3476 = CARTESIAN_POINT('',(-0.355812584176,1.009871532807,
    3.693657706877));
#3477 = CARTESIAN_POINT('',(-0.330217040069,1.032474516692,
    3.693657706877));
#3478 = CARTESIAN_POINT('',(-0.302181844851,1.052275724622,
    3.693657706877));
#3479 = CARTESIAN_POINT('',(-0.27162573229,1.068894802024,3.693657706877
    ));
#3480 = CARTESIAN_POINT('',(-0.238653533068,1.082510001081,
    3.693657706877));
#3481 = CARTESIAN_POINT('',(-0.203192391524,1.092969367357,
    3.693657706877));
#3482 = CARTESIAN_POINT('',(-0.165396827718,1.100540363991,
    3.693657706877));
#3483 = CARTESIAN_POINT('',(-0.125172053972,1.1049159779,3.693657706877)
  );
#3484 = CARTESIAN_POINT('',(-9.757220602212E-02,1.105535070737,
    3.693657706877));
#3485 = CARTESIAN_POINT('',(-8.336771027716E-02,1.105853692114,
    3.693657706877));
#3486 = ORIENTED_EDGE('',*,*,#3487,.F.);
#3487 = EDGE_CURVE('',#3305,#3464,#3488,.T.);
#3488 = B_SPLINE_CURVE_WITH_KNOTS('',1,(#3489,#3490),.UNSPECIFIED.,.F.,
  .F.,(2,2),(-0.,9.234144017192E-03),.PIECEWISE_BEZIER_KNOTS.);
#3489 = CARTESIAN_POINT('',(-0.452698279867,0.741449876191,
    3.702891850894));
#3490 = CARTESIAN_POINT('',(-0.452698279867,0.741449876191,
    3.693657706877));
#3491 = ORIENTED_EDGE('',*,*,#3304,.T.);
#3492 = ORIENTED_EDGE('',*,*,#3414,.T.);
#3493 = B_SPLINE_SURFACE_WITH_KNOTS('',3,1,(
    (#3494,#3495)
    ,(#3496,#3497)
    ,(#3498,#3499)
    ,(#3500,#3501)
    ,(#3502,#3503)
    ,(#3504,#3505)
    ,(#3506,#3507)
    ,(#3508,#3509)
    ,(#3510,#3511)
    ,(#3512,#3513)
    ,(#3514,#3515)
    ,(#3516,#3517)
    ,(#3518,#3519)
    ,(#3520,#3521)
    ,(#3522,#3523)
    ,(#3524,#3525)
    ,(#3526,#3527)
    ,(#3528,#3529)
    ,(#3530,#3531
    )),.UNSPECIFIED.,.F.,.F.,.F.,(4,1,1,1,1,1,1,1,1,1,1,1,1,1,1,1,4),(2,
    2),(0.,7.083094766001E-02,0.138177568269,0.202487838857,
    0.263990060622,0.323400296474,0.381821207147,0.439417216559,
    0.497133888134,0.554896901119,0.612980197706,0.671518546661,
    0.731639145905,0.794285104962,0.859473524903,0.927676858178,1.),(0.,
    1.),.UNSPECIFIED.);
#3494 = CARTESIAN_POINT('',(-0.452698279867,0.741449876191,
    3.702891850894));
#3495 = CARTESIAN_POINT('',(-0.452698279867,0.741449876191,
    3.693657706877));
#3496 = CARTESIAN_POINT('',(-0.452397520933,0.755363491105,
    3.702891850894));
#3497 = CARTESIAN_POINT('',(-0.452397520933,0.755363491105,
    3.693657706877));
#3498 = CARTESIAN_POINT('',(-0.451810798046,0.782506280212,
    3.702891850894));
#3499 = CARTESIAN_POINT('',(-0.451810798046,0.782506280212,
    3.693657706877));
#3500 = CARTESIAN_POINT('',(-0.447151357669,0.822062105318,
    3.702891850894));
#3501 = CARTESIAN_POINT('',(-0.447151357669,0.822062105318,
    3.693657706877));
#3502 = CARTESIAN_POINT('',(-0.439669569254,0.859291520693,
    3.702891850894));
#3503 = CARTESIAN_POINT('',(-0.439669569254,0.859291520693,
    3.693657706877));
#3504 = CARTESIAN_POINT('',(-0.4291874331,0.894198058685,3.702891850894)
  );
#3505 = CARTESIAN_POINT('',(-0.4291874331,0.894198058685,3.693657706877)
  );
#3506 = CARTESIAN_POINT('',(-0.415297383413,0.926635434994,
    3.702891850894));
#3507 = CARTESIAN_POINT('',(-0.415297383413,0.926635434994,
    3.693657706877));
#3508 = CARTESIAN_POINT('',(-0.398612631342,0.956847500729,
    3.702891850894));
#3509 = CARTESIAN_POINT('',(-0.398612631342,0.956847500729,
    3.693657706877));
#3510 = CARTESIAN_POINT('',(-0.378793284231,0.984723791921,
    3.702891850894));
#3511 = CARTESIAN_POINT('',(-0.378793284231,0.984723791921,
    3.693657706877));
#3512 = CARTESIAN_POINT('',(-0.355812584176,1.009871532807,
    3.702891850894));
#3513 = CARTESIAN_POINT('',(-0.355812584176,1.009871532807,
    3.693657706877));
#3514 = CARTESIAN_POINT('',(-0.330217040069,1.032474516692,
    3.702891850894));
#3515 = CARTESIAN_POINT('',(-0.330217040069,1.032474516692,
    3.693657706877));
#3516 = CARTESIAN_POINT('',(-0.302181844851,1.052275724622,
    3.702891850894));
#3517 = CARTESIAN_POINT('',(-0.302181844851,1.052275724622,
    3.693657706877));
#3518 = CARTESIAN_POINT('',(-0.27162573229,1.068894802024,3.702891850894
    ));
#3519 = CARTESIAN_POINT('',(-0.27162573229,1.068894802024,3.693657706877
    ));
#3520 = CARTESIAN_POINT('',(-0.238653533068,1.082510001081,
    3.702891850894));
#3521 = CARTESIAN_POINT('',(-0.238653533068,1.082510001081,
    3.693657706877));
#3522 = CARTESIAN_POINT('',(-0.203192391524,1.092969367357,
    3.702891850894));
#3523 = CARTESIAN_POINT('',(-0.203192391524,1.092969367357,
    3.693657706877));
#3524 = CARTESIAN_POINT('',(-0.165396827718,1.100540363991,
    3.702891850894));
#3525 = CARTESIAN_POINT('',(-0.165396827718,1.100540363991,
    3.693657706877));
#3526 = CARTESIAN_POINT('',(-0.125172053972,1.1049159779,3.702891850894)
  );
#3527 = CARTESIAN_POINT('',(-0.125172053972,1.1049159779,3.693657706877)
  );
#3528 = CARTESIAN_POINT('',(-9.757220602212E-02,1.105535070737,
    3.702891850894));
#3529 = CARTESIAN_POINT('',(-9.757220602212E-02,1.105535070737,
    3.693657706877));
#3530 = CARTESIAN_POINT('',(-8.336771027716E-02,1.105853692114,
    3.702891850894));
#3531 = CARTESIAN_POINT('',(-8.336771027716E-02,1.105853692114,
    3.693657706877));
#3532 = ADVANCED_FACE('',(#3533),#3549,.T.);
#3533 = FACE_BOUND('',#3534,.T.);
#3534 = EDGE_LOOP('',(#3535,#3542,#3547,#3548));
#3535 = ORIENTED_EDGE('',*,*,#3536,.F.);
#3536 = EDGE_CURVE('',#3537,#3464,#3539,.T.);
#3537 = VERTEX_POINT('',#3538);
#3538 = CARTESIAN_POINT('',(-0.452698279867,0.610363037533,
    3.693657706877));
#3539 = B_SPLINE_CURVE_WITH_KNOTS('',1,(#3540,#3541),.UNSPECIFIED.,.F.,
  .F.,(2,2),(0.,0.131086838659),.PIECEWISE_BEZIER_KNOTS.);
#3540 = CARTESIAN_POINT('',(-0.452698279867,0.610363037533,
    3.693657706877));
#3541 = CARTESIAN_POINT('',(-0.452698279867,0.741449876191,
    3.693657706877));
#3542 = ORIENTED_EDGE('',*,*,#3543,.F.);
#3543 = EDGE_CURVE('',#3329,#3537,#3544,.T.);
#3544 = B_SPLINE_CURVE_WITH_KNOTS('',1,(#3545,#3546),.UNSPECIFIED.,.F.,
  .F.,(2,2),(-0.,9.234144017192E-03),.PIECEWISE_BEZIER_KNOTS.);
#3545 = CARTESIAN_POINT('',(-0.452698279867,0.610363037533,
    3.702891850894));
#3546 = CARTESIAN_POINT('',(-0.452698279867,0.610363037533,
    3.693657706877));
#3547 = ORIENTED_EDGE('',*,*,#3328,.T.);
#3548 = ORIENTED_EDGE('',*,*,#3487,.T.);
#3549 = B_SPLINE_SURFACE_WITH_KNOTS('',1,1,(
    (#3550,#3551)
    ,(#3552,#3553
    )),.UNSPECIFIED.,.F.,.F.,.F.,(2,2),(2,2),(-9.234144017192E-03,0.),(
    0.,0.131086838659),.PIECEWISE_BEZIER_KNOTS.);
#3550 = CARTESIAN_POINT('',(-0.452698279867,0.610363037533,
    3.693657706877));
#3551 = CARTESIAN_POINT('',(-0.452698279867,0.741449876191,
    3.693657706877));
#3552 = CARTESIAN_POINT('',(-0.452698279867,0.610363037533,
    3.702891850894));
#3553 = CARTESIAN_POINT('',(-0.452698279867,0.741449876191,
    3.702891850894));
#3554 = ADVANCED_FACE('',(#3555),#3565,.T.);
#3555 = FACE_BOUND('',#3556,.T.);
#3556 = EDGE_LOOP('',(#3557,#3562,#3563,#3564));
#3557 = ORIENTED_EDGE('',*,*,#3558,.F.);
#3558 = EDGE_CURVE('',#3365,#3537,#3559,.T.);
#3559 = B_SPLINE_CURVE_WITH_KNOTS('',1,(#3560,#3561),.UNSPECIFIED.,.F.,
  .F.,(2,2),(0.,0.720713679391),.PIECEWISE_BEZIER_KNOTS.);
#3560 = CARTESIAN_POINT('',(0.268015399523,0.610363037533,3.693657706877
    ));
#3561 = CARTESIAN_POINT('',(-0.452698279867,0.610363037533,
    3.693657706877));
#3562 = ORIENTED_EDGE('',*,*,#3377,.F.);
#3563 = ORIENTED_EDGE('',*,*,#3335,.T.);
#3564 = ORIENTED_EDGE('',*,*,#3543,.T.);
#3565 = B_SPLINE_SURFACE_WITH_KNOTS('',1,1,(
    (#3566,#3567)
    ,(#3568,#3569
    )),.UNSPECIFIED.,.F.,.F.,.F.,(2,2),(2,2),(0.,9.234144017192E-03),(
    -0.720713679391,0.),.PIECEWISE_BEZIER_KNOTS.);
#3566 = CARTESIAN_POINT('',(-0.452698279867,0.610363037533,
    3.702891850894));
#3567 = CARTESIAN_POINT('',(0.268015399523,0.610363037533,3.702891850894
    ));
#3568 = CARTESIAN_POINT('',(-0.452698279867,0.610363037533,
    3.693657706877));
#3569 = CARTESIAN_POINT('',(0.268015399523,0.610363037533,3.693657706877
    ));
#3570 = ADVANCED_FACE('',(#3571),#3593,.T.);
#3571 = FACE_BOUND('',#3572,.T.);
#3572 = EDGE_LOOP('',(#3573,#3574,#3581,#3588));
#3573 = ORIENTED_EDGE('',*,*,#2254,.F.);
#3574 = ORIENTED_EDGE('',*,*,#3575,.F.);
#3575 = EDGE_CURVE('',#3576,#2255,#3578,.T.);
#3576 = VERTEX_POINT('',#3577);
#3577 = CARTESIAN_POINT('',(-0.452698279867,0.30631195404,3.702891850894
    ));
#3578 = B_SPLINE_CURVE_WITH_KNOTS('',1,(#3579,#3580),.UNSPECIFIED.,.F.,
  .F.,(2,2),(-0.,9.234144017192E-03),.PIECEWISE_BEZIER_KNOTS.);
#3579 = CARTESIAN_POINT('',(-0.452698279867,0.30631195404,3.702891850894
    ));
#3580 = CARTESIAN_POINT('',(-0.452698279867,0.30631195404,3.693657706877
    ));
#3581 = ORIENTED_EDGE('',*,*,#3582,.T.);
#3582 = EDGE_CURVE('',#3576,#3583,#3585,.T.);
#3583 = VERTEX_POINT('',#3584);
#3584 = CARTESIAN_POINT('',(-0.554048641031,0.30631195404,3.702891850894
    ));
#3585 = B_SPLINE_CURVE_WITH_KNOTS('',1,(#3586,#3587),.UNSPECIFIED.,.F.,
  .F.,(2,2),(0.,0.101350361164),.PIECEWISE_BEZIER_KNOTS.);
#3586 = CARTESIAN_POINT('',(-0.452698279867,0.30631195404,3.702891850894
    ));
#3587 = CARTESIAN_POINT('',(-0.554048641031,0.30631195404,3.702891850894
    ));
#3588 = ORIENTED_EDGE('',*,*,#3589,.T.);
#3589 = EDGE_CURVE('',#3583,#2257,#3590,.T.);
#3590 = B_SPLINE_CURVE_WITH_KNOTS('',1,(#3591,#3592),.UNSPECIFIED.,.F.,
  .F.,(2,2),(-0.,9.234144017192E-03),.PIECEWISE_BEZIER_KNOTS.);
#3591 = CARTESIAN_POINT('',(-0.554048641031,0.30631195404,3.702891850894
    ));
#3592 = CARTESIAN_POINT('',(-0.554048641031,0.30631195404,3.693657706877
    ));
#3593 = B_SPLINE_SURFACE_WITH_KNOTS('',1,1,(
    (#3594,#3595)
    ,(#3596,#3597
    )),.UNSPECIFIED.,.F.,.F.,.F.,(2,2),(2,2),(0.,9.234144017192E-03),(
    -0.101350361164,0.),.PIECEWISE_BEZIER_KNOTS.);
#3594 = CARTESIAN_POINT('',(-0.554048641031,0.30631195404,3.702891850894
    ));
#3595 = CARTESIAN_POINT('',(-0.452698279867,0.30631195404,3.702891850894
    ));
#3596 = CARTESIAN_POINT('',(-0.554048641031,0.30631195404,3.693657706877
    ));
#3597 = CARTESIAN_POINT('',(-0.452698279867,0.30631195404,3.693657706877
    ));
#3598 = ADVANCED_FACE('',(#3599),#3615,.T.);
#3599 = FACE_BOUND('',#3600,.T.);
#3600 = EDGE_LOOP('',(#3601,#3602,#3603,#3610));
#3601 = ORIENTED_EDGE('',*,*,#2263,.F.);
#3602 = ORIENTED_EDGE('',*,*,#3589,.F.);
#3603 = ORIENTED_EDGE('',*,*,#3604,.T.);
#3604 = EDGE_CURVE('',#3583,#3605,#3607,.T.);
#3605 = VERTEX_POINT('',#3606);
#3606 = CARTESIAN_POINT('',(-0.554048641031,-0.189178700541,
    3.702891850894));
#3607 = B_SPLINE_CURVE_WITH_KNOTS('',1,(#3608,#3609),.UNSPECIFIED.,.F.,
  .F.,(2,2),(0.,0.495490654581),.PIECEWISE_BEZIER_KNOTS.);
#3608 = CARTESIAN_POINT('',(-0.554048641031,0.30631195404,3.702891850894
    ));
#3609 = CARTESIAN_POINT('',(-0.554048641031,-0.189178700541,
    3.702891850894));
#3610 = ORIENTED_EDGE('',*,*,#3611,.T.);
#3611 = EDGE_CURVE('',#3605,#2264,#3612,.T.);
#3612 = B_SPLINE_CURVE_WITH_KNOTS('',1,(#3613,#3614),.UNSPECIFIED.,.F.,
  .F.,(2,2),(-0.,9.234144017192E-03),.PIECEWISE_BEZIER_KNOTS.);
#3613 = CARTESIAN_POINT('',(-0.554048641031,-0.189178700541,
    3.702891850894));
#3614 = CARTESIAN_POINT('',(-0.554048641031,-0.189178700541,
    3.693657706877));
#3615 = B_SPLINE_SURFACE_WITH_KNOTS('',1,1,(
    (#3616,#3617)
    ,(#3618,#3619
    )),.UNSPECIFIED.,.F.,.F.,.F.,(2,2),(2,2),(0.,9.234144017192E-03),(
    -0.495490654581,0.),.PIECEWISE_BEZIER_KNOTS.);
#3616 = CARTESIAN_POINT('',(-0.554048641031,-0.189178700541,
    3.702891850894));
#3617 = CARTESIAN_POINT('',(-0.554048641031,0.30631195404,3.702891850894
    ));
#3618 = CARTESIAN_POINT('',(-0.554048641031,-0.189178700541,
    3.693657706877));
#3619 = CARTESIAN_POINT('',(-0.554048641031,0.30631195404,3.693657706877
    ));
#3620 = ADVANCED_FACE('',(#3621),#3637,.T.);
#3621 = FACE_BOUND('',#3622,.T.);
#3622 = EDGE_LOOP('',(#3623,#3624,#3625,#3632));
#3623 = ORIENTED_EDGE('',*,*,#2270,.F.);
#3624 = ORIENTED_EDGE('',*,*,#3611,.F.);
#3625 = ORIENTED_EDGE('',*,*,#3626,.T.);
#3626 = EDGE_CURVE('',#3605,#3627,#3629,.T.);
#3627 = VERTEX_POINT('',#3628);
#3628 = CARTESIAN_POINT('',(0.369365760688,-0.189178700541,
    3.702891850894));
#3629 = B_SPLINE_CURVE_WITH_KNOTS('',1,(#3630,#3631),.UNSPECIFIED.,.F.,
  .F.,(2,2),(0.,0.923414401719),.PIECEWISE_BEZIER_KNOTS.);
#3630 = CARTESIAN_POINT('',(-0.554048641031,-0.189178700541,
    3.702891850894));
#3631 = CARTESIAN_POINT('',(0.369365760688,-0.189178700541,
    3.702891850894));
#3632 = ORIENTED_EDGE('',*,*,#3633,.T.);
#3633 = EDGE_CURVE('',#3627,#2271,#3634,.T.);
#3634 = B_SPLINE_CURVE_WITH_KNOTS('',1,(#3635,#3636),.UNSPECIFIED.,.F.,
  .F.,(2,2),(-0.,9.234144017192E-03),.PIECEWISE_BEZIER_KNOTS.);
#3635 = CARTESIAN_POINT('',(0.369365760688,-0.189178700541,
    3.702891850894));
#3636 = CARTESIAN_POINT('',(0.369365760688,-0.189178700541,
    3.693657706877));
#3637 = B_SPLINE_SURFACE_WITH_KNOTS('',1,1,(
    (#3638,#3639)
    ,(#3640,#3641
    )),.UNSPECIFIED.,.F.,.F.,.F.,(2,2),(2,2),(-9.234144017192E-03,0.),(
    0.,0.923414401719),.PIECEWISE_BEZIER_KNOTS.);
#3638 = CARTESIAN_POINT('',(-0.554048641031,-0.189178700541,
    3.693657706877));
#3639 = CARTESIAN_POINT('',(0.369365760688,-0.189178700541,
    3.693657706877));
#3640 = CARTESIAN_POINT('',(-0.554048641031,-0.189178700541,
    3.702891850894));
#3641 = CARTESIAN_POINT('',(0.369365760688,-0.189178700541,
    3.702891850894));
#3642 = ADVANCED_FACE('',(#3643),#3659,.T.);
#3643 = FACE_BOUND('',#3644,.T.);
#3644 = EDGE_LOOP('',(#3645,#3646,#3647,#3654));
#3645 = ORIENTED_EDGE('',*,*,#2277,.F.);
#3646 = ORIENTED_EDGE('',*,*,#3633,.F.);
#3647 = ORIENTED_EDGE('',*,*,#3648,.T.);
#3648 = EDGE_CURVE('',#3627,#3649,#3651,.T.);
#3649 = VERTEX_POINT('',#3650);
#3650 = CARTESIAN_POINT('',(0.369365760688,0.283789651559,3.702891850894
    ));
#3651 = B_SPLINE_CURVE_WITH_KNOTS('',1,(#3652,#3653),.UNSPECIFIED.,.F.,
  .F.,(2,2),(0.,0.4729683521),.PIECEWISE_BEZIER_KNOTS.);
#3652 = CARTESIAN_POINT('',(0.369365760688,-0.189178700541,
    3.702891850894));
#3653 = CARTESIAN_POINT('',(0.369365760688,0.283789651559,3.702891850894
    ));
#3654 = ORIENTED_EDGE('',*,*,#3655,.T.);
#3655 = EDGE_CURVE('',#3649,#2278,#3656,.T.);
#3656 = B_SPLINE_CURVE_WITH_KNOTS('',1,(#3657,#3658),.UNSPECIFIED.,.F.,
  .F.,(2,2),(-0.,9.234144017192E-03),.PIECEWISE_BEZIER_KNOTS.);
#3657 = CARTESIAN_POINT('',(0.369365760688,0.283789651559,3.702891850894
    ));
#3658 = CARTESIAN_POINT('',(0.369365760688,0.283789651559,3.693657706877
    ));
#3659 = B_SPLINE_SURFACE_WITH_KNOTS('',1,1,(
    (#3660,#3661)
    ,(#3662,#3663
    )),.UNSPECIFIED.,.F.,.F.,.F.,(2,2),(2,2),(-9.234144017192E-03,0.),(
    0.,0.4729683521),.PIECEWISE_BEZIER_KNOTS.);
#3660 = CARTESIAN_POINT('',(0.369365760688,-0.189178700541,
    3.693657706877));
#3661 = CARTESIAN_POINT('',(0.369365760688,0.283789651559,3.693657706877
    ));
#3662 = CARTESIAN_POINT('',(0.369365760688,-0.189178700541,
    3.702891850894));
#3663 = CARTESIAN_POINT('',(0.369365760688,0.283789651559,3.702891850894
    ));
#3664 = ADVANCED_FACE('',(#3665),#3681,.T.);
#3665 = FACE_BOUND('',#3666,.T.);
#3666 = EDGE_LOOP('',(#3667,#3668,#3669,#3676));
#3667 = ORIENTED_EDGE('',*,*,#2284,.F.);
#3668 = ORIENTED_EDGE('',*,*,#3655,.F.);
#3669 = ORIENTED_EDGE('',*,*,#3670,.T.);
#3670 = EDGE_CURVE('',#3649,#3671,#3673,.T.);
#3671 = VERTEX_POINT('',#3672);
#3672 = CARTESIAN_POINT('',(0.268015399523,0.283789651559,3.702891850894
    ));
#3673 = B_SPLINE_CURVE_WITH_KNOTS('',1,(#3674,#3675),.UNSPECIFIED.,.F.,
  .F.,(2,2),(0.,0.101350361164),.PIECEWISE_BEZIER_KNOTS.);
#3674 = CARTESIAN_POINT('',(0.369365760688,0.283789651559,3.702891850894
    ));
#3675 = CARTESIAN_POINT('',(0.268015399523,0.283789651559,3.702891850894
    ));
#3676 = ORIENTED_EDGE('',*,*,#3677,.T.);
#3677 = EDGE_CURVE('',#3671,#2285,#3678,.T.);
#3678 = B_SPLINE_CURVE_WITH_KNOTS('',1,(#3679,#3680),.UNSPECIFIED.,.F.,
  .F.,(2,2),(-0.,9.234144017192E-03),.PIECEWISE_BEZIER_KNOTS.);
#3679 = CARTESIAN_POINT('',(0.268015399523,0.283789651559,3.702891850894
    ));
#3680 = CARTESIAN_POINT('',(0.268015399523,0.283789651559,3.693657706877
    ));
#3681 = B_SPLINE_SURFACE_WITH_KNOTS('',1,1,(
    (#3682,#3683)
    ,(#3684,#3685
    )),.UNSPECIFIED.,.F.,.F.,.F.,(2,2),(2,2),(0.,9.234144017192E-03),(
    -0.101350361164,0.),.PIECEWISE_BEZIER_KNOTS.);
#3682 = CARTESIAN_POINT('',(0.268015399523,0.283789651559,3.702891850894
    ));
#3683 = CARTESIAN_POINT('',(0.369365760688,0.283789651559,3.702891850894
    ));
#3684 = CARTESIAN_POINT('',(0.268015399523,0.283789651559,3.693657706877
    ));
#3685 = CARTESIAN_POINT('',(0.369365760688,0.283789651559,3.693657706877
    ));
#3686 = ADVANCED_FACE('',(#3687),#3703,.T.);
#3687 = FACE_BOUND('',#3688,.T.);
#3688 = EDGE_LOOP('',(#3689,#3690,#3691,#3698));
#3689 = ORIENTED_EDGE('',*,*,#2291,.F.);
#3690 = ORIENTED_EDGE('',*,*,#3677,.F.);
#3691 = ORIENTED_EDGE('',*,*,#3692,.T.);
#3692 = EDGE_CURVE('',#3671,#3693,#3695,.T.);
#3693 = VERTEX_POINT('',#3694);
#3694 = CARTESIAN_POINT('',(0.268015399523,-6.530603689597E-02,
    3.702891850894));
#3695 = B_SPLINE_CURVE_WITH_KNOTS('',1,(#3696,#3697),.UNSPECIFIED.,.F.,
  .F.,(2,2),(0.,0.349095688455),.PIECEWISE_BEZIER_KNOTS.);
#3696 = CARTESIAN_POINT('',(0.268015399523,0.283789651559,3.702891850894
    ));
#3697 = CARTESIAN_POINT('',(0.268015399523,-6.530603689597E-02,
    3.702891850894));
#3698 = ORIENTED_EDGE('',*,*,#3699,.T.);
#3699 = EDGE_CURVE('',#3693,#2292,#3700,.T.);
#3700 = B_SPLINE_CURVE_WITH_KNOTS('',1,(#3701,#3702),.UNSPECIFIED.,.F.,
  .F.,(2,2),(-0.,9.234144017192E-03),.PIECEWISE_BEZIER_KNOTS.);
#3701 = CARTESIAN_POINT('',(0.268015399523,-6.530603689597E-02,
    3.702891850894));
#3702 = CARTESIAN_POINT('',(0.268015399523,-6.530603689597E-02,
    3.693657706877));
#3703 = B_SPLINE_SURFACE_WITH_KNOTS('',1,1,(
    (#3704,#3705)
    ,(#3706,#3707
    )),.UNSPECIFIED.,.F.,.F.,.F.,(2,2),(2,2),(0.,9.234144017192E-03),(
    -0.349095688455,0.),.PIECEWISE_BEZIER_KNOTS.);
#3704 = CARTESIAN_POINT('',(0.268015399523,-6.530603689597E-02,
    3.702891850894));
#3705 = CARTESIAN_POINT('',(0.268015399523,0.283789651559,3.702891850894
    ));
#3706 = CARTESIAN_POINT('',(0.268015399523,-6.530603689597E-02,
    3.693657706877));
#3707 = CARTESIAN_POINT('',(0.268015399523,0.283789651559,3.693657706877
    ));
#3708 = ADVANCED_FACE('',(#3709),#3725,.T.);
#3709 = FACE_BOUND('',#3710,.T.);
#3710 = EDGE_LOOP('',(#3711,#3712,#3713,#3720));
#3711 = ORIENTED_EDGE('',*,*,#2298,.F.);
#3712 = ORIENTED_EDGE('',*,*,#3699,.F.);
#3713 = ORIENTED_EDGE('',*,*,#3714,.T.);
#3714 = EDGE_CURVE('',#3693,#3715,#3717,.T.);
#3715 = VERTEX_POINT('',#3716);
#3716 = CARTESIAN_POINT('',(-3.603568396953E-02,-6.530603689597E-02,
    3.702891850894));
#3717 = B_SPLINE_CURVE_WITH_KNOTS('',1,(#3718,#3719),.UNSPECIFIED.,.F.,
  .F.,(2,2),(0.,0.304051083493),.PIECEWISE_BEZIER_KNOTS.);
#3718 = CARTESIAN_POINT('',(0.268015399523,-6.530603689597E-02,
    3.702891850894));
#3719 = CARTESIAN_POINT('',(-3.603568396953E-02,-6.530603689597E-02,
    3.702891850894));
#3720 = ORIENTED_EDGE('',*,*,#3721,.T.);
#3721 = EDGE_CURVE('',#3715,#2299,#3722,.T.);
#3722 = B_SPLINE_CURVE_WITH_KNOTS('',1,(#3723,#3724),.UNSPECIFIED.,.F.,
  .F.,(2,2),(-0.,9.234144017192E-03),.PIECEWISE_BEZIER_KNOTS.);
#3723 = CARTESIAN_POINT('',(-3.603568396953E-02,-6.530603689597E-02,
    3.702891850894));
#3724 = CARTESIAN_POINT('',(-3.603568396953E-02,-6.530603689597E-02,
    3.693657706877));
#3725 = B_SPLINE_SURFACE_WITH_KNOTS('',1,1,(
    (#3726,#3727)
    ,(#3728,#3729
    )),.UNSPECIFIED.,.F.,.F.,.F.,(2,2),(2,2),(0.,9.234144017192E-03),(
    -0.304051083493,0.),.PIECEWISE_BEZIER_KNOTS.);
#3726 = CARTESIAN_POINT('',(-3.603568396953E-02,-6.530603689597E-02,
    3.702891850894));
#3727 = CARTESIAN_POINT('',(0.268015399523,-6.530603689597E-02,
    3.702891850894));
#3728 = CARTESIAN_POINT('',(-3.603568396953E-02,-6.530603689597E-02,
    3.693657706877));
#3729 = CARTESIAN_POINT('',(0.268015399523,-6.530603689597E-02,
    3.693657706877));
#3730 = ADVANCED_FACE('',(#3731),#3747,.T.);
#3731 = FACE_BOUND('',#3732,.T.);
#3732 = EDGE_LOOP('',(#3733,#3734,#3735,#3742));
#3733 = ORIENTED_EDGE('',*,*,#2305,.F.);
#3734 = ORIENTED_EDGE('',*,*,#3721,.F.);
#3735 = ORIENTED_EDGE('',*,*,#3736,.T.);
#3736 = EDGE_CURVE('',#3715,#3737,#3739,.T.);
#3737 = VERTEX_POINT('',#3738);
#3738 = CARTESIAN_POINT('',(-3.603568396953E-02,0.261267349078,
    3.702891850894));
#3739 = B_SPLINE_CURVE_WITH_KNOTS('',1,(#3740,#3741),.UNSPECIFIED.,.F.,
  .F.,(2,2),(0.,0.326573385974),.PIECEWISE_BEZIER_KNOTS.);
#3740 = CARTESIAN_POINT('',(-3.603568396953E-02,-6.530603689597E-02,
    3.702891850894));
#3741 = CARTESIAN_POINT('',(-3.603568396953E-02,0.261267349078,
    3.702891850894));
#3742 = ORIENTED_EDGE('',*,*,#3743,.T.);
#3743 = EDGE_CURVE('',#3737,#2306,#3744,.T.);
#3744 = B_SPLINE_CURVE_WITH_KNOTS('',1,(#3745,#3746),.UNSPECIFIED.,.F.,
  .F.,(2,2),(-0.,9.234144017192E-03),.PIECEWISE_BEZIER_KNOTS.);
#3745 = CARTESIAN_POINT('',(-3.603568396953E-02,0.261267349078,
    3.702891850894));
#3746 = CARTESIAN_POINT('',(-3.603568396953E-02,0.261267349078,
    3.693657706877));
#3747 = B_SPLINE_SURFACE_WITH_KNOTS('',1,1,(
    (#3748,#3749)
    ,(#3750,#3751
    )),.UNSPECIFIED.,.F.,.F.,.F.,(2,2),(2,2),(-9.234144017192E-03,0.),(
    0.,0.326573385974),.PIECEWISE_BEZIER_KNOTS.);
#3748 = CARTESIAN_POINT('',(-3.603568396953E-02,-6.530603689597E-02,
    3.693657706877));
#3749 = CARTESIAN_POINT('',(-3.603568396953E-02,0.261267349078,
    3.693657706877));
#3750 = CARTESIAN_POINT('',(-3.603568396953E-02,-6.530603689597E-02,
    3.702891850894));
#3751 = CARTESIAN_POINT('',(-3.603568396953E-02,0.261267349078,
    3.702891850894));
#3752 = ADVANCED_FACE('',(#3753),#3769,.T.);
#3753 = FACE_BOUND('',#3754,.T.);
#3754 = EDGE_LOOP('',(#3755,#3756,#3757,#3764));
#3755 = ORIENTED_EDGE('',*,*,#2312,.F.);
#3756 = ORIENTED_EDGE('',*,*,#3743,.F.);
#3757 = ORIENTED_EDGE('',*,*,#3758,.T.);
#3758 = EDGE_CURVE('',#3737,#3759,#3761,.T.);
#3759 = VERTEX_POINT('',#3760);
#3760 = CARTESIAN_POINT('',(-0.137386045134,0.261267349078,
    3.702891850894));
#3761 = B_SPLINE_CURVE_WITH_KNOTS('',1,(#3762,#3763),.UNSPECIFIED.,.F.,
  .F.,(2,2),(0.,0.101350361164),.PIECEWISE_BEZIER_KNOTS.);
#3762 = CARTESIAN_POINT('',(-3.603568396953E-02,0.261267349078,
    3.702891850894));
#3763 = CARTESIAN_POINT('',(-0.137386045134,0.261267349078,
    3.702891850894));
#3764 = ORIENTED_EDGE('',*,*,#3765,.T.);
#3765 = EDGE_CURVE('',#3759,#2313,#3766,.T.);
#3766 = B_SPLINE_CURVE_WITH_KNOTS('',1,(#3767,#3768),.UNSPECIFIED.,.F.,
  .F.,(2,2),(-0.,9.234144017192E-03),.PIECEWISE_BEZIER_KNOTS.);
#3767 = CARTESIAN_POINT('',(-0.137386045134,0.261267349078,
    3.702891850894));
#3768 = CARTESIAN_POINT('',(-0.137386045134,0.261267349078,
    3.693657706877));
#3769 = B_SPLINE_SURFACE_WITH_KNOTS('',1,1,(
    (#3770,#3771)
    ,(#3772,#3773
    )),.UNSPECIFIED.,.F.,.F.,.F.,(2,2),(2,2),(0.,9.234144017192E-03),(
    -0.101350361164,0.),.PIECEWISE_BEZIER_KNOTS.);
#3770 = CARTESIAN_POINT('',(-0.137386045134,0.261267349078,
    3.702891850894));
#3771 = CARTESIAN_POINT('',(-3.603568396953E-02,0.261267349078,
    3.702891850894));
#3772 = CARTESIAN_POINT('',(-0.137386045134,0.261267349078,
    3.693657706877));
#3773 = CARTESIAN_POINT('',(-3.603568396953E-02,0.261267349078,
    3.693657706877));
#3774 = ADVANCED_FACE('',(#3775),#3791,.T.);
#3775 = FACE_BOUND('',#3776,.T.);
#3776 = EDGE_LOOP('',(#3777,#3778,#3779,#3786));
#3777 = ORIENTED_EDGE('',*,*,#2319,.F.);
#3778 = ORIENTED_EDGE('',*,*,#3765,.F.);
#3779 = ORIENTED_EDGE('',*,*,#3780,.T.);
#3780 = EDGE_CURVE('',#3759,#3781,#3783,.T.);
#3781 = VERTEX_POINT('',#3782);
#3782 = CARTESIAN_POINT('',(-0.137386045134,-6.530603689597E-02,
    3.702891850894));
#3783 = B_SPLINE_CURVE_WITH_KNOTS('',1,(#3784,#3785),.UNSPECIFIED.,.F.,
  .F.,(2,2),(0.,0.326573385974),.PIECEWISE_BEZIER_KNOTS.);
#3784 = CARTESIAN_POINT('',(-0.137386045134,0.261267349078,
    3.702891850894));
#3785 = CARTESIAN_POINT('',(-0.137386045134,-6.530603689597E-02,
    3.702891850894));
#3786 = ORIENTED_EDGE('',*,*,#3787,.T.);
#3787 = EDGE_CURVE('',#3781,#2320,#3788,.T.);
#3788 = B_SPLINE_CURVE_WITH_KNOTS('',1,(#3789,#3790),.UNSPECIFIED.,.F.,
  .F.,(2,2),(-0.,9.234144017192E-03),.PIECEWISE_BEZIER_KNOTS.);
#3789 = CARTESIAN_POINT('',(-0.137386045134,-6.530603689597E-02,
    3.702891850894));
#3790 = CARTESIAN_POINT('',(-0.137386045134,-6.530603689597E-02,
    3.693657706877));
#3791 = B_SPLINE_SURFACE_WITH_KNOTS('',1,1,(
    (#3792,#3793)
    ,(#3794,#3795
    )),.UNSPECIFIED.,.F.,.F.,.F.,(2,2),(2,2),(0.,9.234144017192E-03),(
    -0.326573385974,0.),.PIECEWISE_BEZIER_KNOTS.);
#3792 = CARTESIAN_POINT('',(-0.137386045134,-6.530603689597E-02,
    3.702891850894));
#3793 = CARTESIAN_POINT('',(-0.137386045134,0.261267349078,
    3.702891850894));
#3794 = CARTESIAN_POINT('',(-0.137386045134,-6.530603689597E-02,
    3.693657706877));
#3795 = CARTESIAN_POINT('',(-0.137386045134,0.261267349078,
    3.693657706877));
#3796 = ADVANCED_FACE('',(#3797),#3813,.T.);
#3797 = FACE_BOUND('',#3798,.T.);
#3798 = EDGE_LOOP('',(#3799,#3800,#3801,#3808));
#3799 = ORIENTED_EDGE('',*,*,#2326,.F.);
#3800 = ORIENTED_EDGE('',*,*,#3787,.F.);
#3801 = ORIENTED_EDGE('',*,*,#3802,.T.);
#3802 = EDGE_CURVE('',#3781,#3803,#3805,.T.);
#3803 = VERTEX_POINT('',#3804);
#3804 = CARTESIAN_POINT('',(-0.452698279867,-6.530603689597E-02,
    3.702891850894));
#3805 = B_SPLINE_CURVE_WITH_KNOTS('',1,(#3806,#3807),.UNSPECIFIED.,.F.,
  .F.,(2,2),(0.,0.315312234733),.PIECEWISE_BEZIER_KNOTS.);
#3806 = CARTESIAN_POINT('',(-0.137386045134,-6.530603689597E-02,
    3.702891850894));
#3807 = CARTESIAN_POINT('',(-0.452698279867,-6.530603689597E-02,
    3.702891850894));
#3808 = ORIENTED_EDGE('',*,*,#3809,.T.);
#3809 = EDGE_CURVE('',#3803,#2327,#3810,.T.);
#3810 = B_SPLINE_CURVE_WITH_KNOTS('',1,(#3811,#3812),.UNSPECIFIED.,.F.,
  .F.,(2,2),(-0.,9.234144017192E-03),.PIECEWISE_BEZIER_KNOTS.);
#3811 = CARTESIAN_POINT('',(-0.452698279867,-6.530603689597E-02,
    3.702891850894));
#3812 = CARTESIAN_POINT('',(-0.452698279867,-6.530603689597E-02,
    3.693657706877));
#3813 = B_SPLINE_SURFACE_WITH_KNOTS('',1,1,(
    (#3814,#3815)
    ,(#3816,#3817
    )),.UNSPECIFIED.,.F.,.F.,.F.,(2,2),(2,2),(0.,9.234144017192E-03),(
    -0.315312234733,0.),.PIECEWISE_BEZIER_KNOTS.);
#3814 = CARTESIAN_POINT('',(-0.452698279867,-6.530603689597E-02,
    3.702891850894));
#3815 = CARTESIAN_POINT('',(-0.137386045134,-6.530603689597E-02,
    3.702891850894));
#3816 = CARTESIAN_POINT('',(-0.452698279867,-6.530603689597E-02,
    3.693657706877));
#3817 = CARTESIAN_POINT('',(-0.137386045134,-6.530603689597E-02,
    3.693657706877));
#3818 = ADVANCED_FACE('',(#3819),#3829,.T.);
#3819 = FACE_BOUND('',#3820,.T.);
#3820 = EDGE_LOOP('',(#3821,#3822,#3823,#3828));
#3821 = ORIENTED_EDGE('',*,*,#2333,.F.);
#3822 = ORIENTED_EDGE('',*,*,#3809,.F.);
#3823 = ORIENTED_EDGE('',*,*,#3824,.T.);
#3824 = EDGE_CURVE('',#3803,#3576,#3825,.T.);
#3825 = B_SPLINE_CURVE_WITH_KNOTS('',1,(#3826,#3827),.UNSPECIFIED.,.F.,
  .F.,(2,2),(0.,0.371617990936),.PIECEWISE_BEZIER_KNOTS.);
#3826 = CARTESIAN_POINT('',(-0.452698279867,-6.530603689597E-02,
    3.702891850894));
#3827 = CARTESIAN_POINT('',(-0.452698279867,0.30631195404,3.702891850894
    ));
#3828 = ORIENTED_EDGE('',*,*,#3575,.T.);
#3829 = B_SPLINE_SURFACE_WITH_KNOTS('',1,1,(
    (#3830,#3831)
    ,(#3832,#3833
    )),.UNSPECIFIED.,.F.,.F.,.F.,(2,2),(2,2),(-9.234144017192E-03,0.),(
    0.,0.371617990936),.PIECEWISE_BEZIER_KNOTS.);
#3830 = CARTESIAN_POINT('',(-0.452698279867,-6.530603689597E-02,
    3.693657706877));
#3831 = CARTESIAN_POINT('',(-0.452698279867,0.30631195404,3.693657706877
    ));
#3832 = CARTESIAN_POINT('',(-0.452698279867,-6.530603689597E-02,
    3.702891850894));
#3833 = CARTESIAN_POINT('',(-0.452698279867,0.30631195404,3.702891850894
    ));
#3834 = ADVANCED_FACE('',(#3835),#3849,.F.);
#3835 = FACE_BOUND('',#3836,.T.);
#3836 = EDGE_LOOP('',(#3837,#3838,#3839,#3840,#3841,#3842,#3843,#3844,
    #3845,#3846,#3847,#3848));
#3837 = ORIENTED_EDGE('',*,*,#3582,.F.);
#3838 = ORIENTED_EDGE('',*,*,#3824,.F.);
#3839 = ORIENTED_EDGE('',*,*,#3802,.F.);
#3840 = ORIENTED_EDGE('',*,*,#3780,.F.);
#3841 = ORIENTED_EDGE('',*,*,#3758,.F.);
#3842 = ORIENTED_EDGE('',*,*,#3736,.F.);
#3843 = ORIENTED_EDGE('',*,*,#3714,.F.);
#3844 = ORIENTED_EDGE('',*,*,#3692,.F.);
#3845 = ORIENTED_EDGE('',*,*,#3670,.F.);
#3846 = ORIENTED_EDGE('',*,*,#3648,.F.);
#3847 = ORIENTED_EDGE('',*,*,#3626,.F.);
#3848 = ORIENTED_EDGE('',*,*,#3604,.F.);
#3849 = B_SPLINE_SURFACE_WITH_KNOTS('',1,1,(
    (#3850,#3851)
    ,(#3852,#3853
    )),.UNSPECIFIED.,.F.,.F.,.F.,(2,2),(2,2),(-0.554048641031,
    0.369365760688),(-0.189178700541,0.30631195404),
  .PIECEWISE_BEZIER_KNOTS.);
#3850 = CARTESIAN_POINT('',(-0.554048641031,-0.189178700541,
    3.702891850894));
#3851 = CARTESIAN_POINT('',(-0.554048641031,0.30631195404,3.702891850894
    ));
#3852 = CARTESIAN_POINT('',(0.369365760688,-0.189178700541,
    3.702891850894));
#3853 = CARTESIAN_POINT('',(0.369365760688,0.30631195404,3.702891850894)
  );
#3854 = ADVANCED_FACE('',(#3855),#3877,.T.);
#3855 = FACE_BOUND('',#3856,.T.);
#3856 = EDGE_LOOP('',(#3857,#3858,#3865,#3872));
#3857 = ORIENTED_EDGE('',*,*,#1894,.F.);
#3858 = ORIENTED_EDGE('',*,*,#3859,.F.);
#3859 = EDGE_CURVE('',#3860,#1895,#3862,.T.);
#3860 = VERTEX_POINT('',#3861);
#3861 = CARTESIAN_POINT('',(-0.404838387095,-0.369357120389,
    3.702891850894));
#3862 = B_SPLINE_CURVE_WITH_KNOTS('',1,(#3863,#3864),.UNSPECIFIED.,.F.,
  .F.,(2,2),(-0.,9.234144017192E-03),.PIECEWISE_BEZIER_KNOTS.);
#3863 = CARTESIAN_POINT('',(-0.404838387095,-0.369357120389,
    3.702891850894));
#3864 = CARTESIAN_POINT('',(-0.404838387095,-0.369357120389,
    3.693657706877));
#3865 = ORIENTED_EDGE('',*,*,#3866,.T.);
#3866 = EDGE_CURVE('',#3860,#3867,#3869,.T.);
#3867 = VERTEX_POINT('',#3868);
#3868 = CARTESIAN_POINT('',(-0.506188748259,-0.369357120389,
    3.702891850894));
#3869 = B_SPLINE_CURVE_WITH_KNOTS('',1,(#3870,#3871),.UNSPECIFIED.,.F.,
  .F.,(2,2),(5.125979650295E-17,0.101350361164),
  .PIECEWISE_BEZIER_KNOTS.);
#3870 = CARTESIAN_POINT('',(-0.404838387095,-0.369357120389,
    3.702891850894));
#3871 = CARTESIAN_POINT('',(-0.506188748259,-0.369357120389,
    3.702891850894));
#3872 = ORIENTED_EDGE('',*,*,#3873,.T.);
#3873 = EDGE_CURVE('',#3867,#1897,#3874,.T.);
#3874 = B_SPLINE_CURVE_WITH_KNOTS('',1,(#3875,#3876),.UNSPECIFIED.,.F.,
  .F.,(2,2),(-0.,9.234144017192E-03),.PIECEWISE_BEZIER_KNOTS.);
#3875 = CARTESIAN_POINT('',(-0.506188748259,-0.369357120389,
    3.702891850894));
#3876 = CARTESIAN_POINT('',(-0.506188748259,-0.369357120389,
    3.693657706877));
#3877 = B_SPLINE_SURFACE_WITH_KNOTS('',1,1,(
    (#3878,#3879)
    ,(#3880,#3881
    )),.UNSPECIFIED.,.F.,.F.,.F.,(2,2),(2,2),(-0.,9.234144017192E-03),(
    -0.101350361164,-5.125979650295E-17),.PIECEWISE_BEZIER_KNOTS.);
#3878 = CARTESIAN_POINT('',(-0.506188748259,-0.369357120389,
    3.702891850894));
#3879 = CARTESIAN_POINT('',(-0.404838387095,-0.369357120389,
    3.702891850894));
#3880 = CARTESIAN_POINT('',(-0.506188748259,-0.369357120389,
    3.693657706877));
#3881 = CARTESIAN_POINT('',(-0.404838387095,-0.369357120389,
    3.693657706877));
#3882 = ADVANCED_FACE('',(#3883),#3908,.T.);
#3883 = FACE_BOUND('',#3884,.T.);
#3884 = EDGE_LOOP('',(#3885,#3886,#3887,#3903));
#3885 = ORIENTED_EDGE('',*,*,#1903,.F.);
#3886 = ORIENTED_EDGE('',*,*,#3873,.F.);
#3887 = ORIENTED_EDGE('',*,*,#3888,.T.);
#3888 = EDGE_CURVE('',#3867,#3889,#3891,.T.);
#3889 = VERTEX_POINT('',#3890);
#3890 = CARTESIAN_POINT('',(-0.565309792272,-0.623436845252,
    3.702891850894));
#3891 = B_SPLINE_CURVE_WITH_KNOTS('',3,(#3892,#3893,#3894,#3895,#3896,
    #3897,#3898,#3899,#3900,#3901,#3902),.UNSPECIFIED.,.F.,.F.,(4,1,1,1,
    1,1,1,1,4),(0.,0.112448389909,0.226527675213,0.344401949326,
    0.465864972487,0.591659449352,0.722168487025,0.858606387555,1.),
  .UNSPECIFIED.);
#3892 = CARTESIAN_POINT('',(-0.506188748259,-0.369357120389,
    3.702891850894));
#3893 = CARTESIAN_POINT('',(-0.510971341995,-0.378021878567,
    3.702891850894));
#3894 = CARTESIAN_POINT('',(-0.520605893821,-0.395477064258,
    3.702891850894));
#3895 = CARTESIAN_POINT('',(-0.532494014039,-0.423391571802,
    3.702891850894));
#3896 = CARTESIAN_POINT('',(-0.542748077214,-0.452764398567,
    3.702891850894));
#3897 = CARTESIAN_POINT('',(-0.550924772824,-0.483852633387,
    3.702891850894));
#3898 = CARTESIAN_POINT('',(-0.557496173616,-0.516449610836,
    3.702891850894));
#3899 = CARTESIAN_POINT('',(-0.561947218842,-0.550728054736,
    3.702891850894));
#3900 = CARTESIAN_POINT('',(-0.564877197051,-0.586552164786,
    3.702891850894));
#3901 = CARTESIAN_POINT('',(-0.565163889278,-0.610996612311,
    3.702891850894));
#3902 = CARTESIAN_POINT('',(-0.565309792272,-0.623436845252,
    3.702891850894));
#3903 = ORIENTED_EDGE('',*,*,#3904,.T.);
#3904 = EDGE_CURVE('',#3889,#1904,#3905,.T.);
#3905 = B_SPLINE_CURVE_WITH_KNOTS('',1,(#3906,#3907),.UNSPECIFIED.,.F.,
  .F.,(2,2),(-0.,9.234144017192E-03),.PIECEWISE_BEZIER_KNOTS.);
#3906 = CARTESIAN_POINT('',(-0.565309792272,-0.623436845252,
    3.702891850894));
#3907 = CARTESIAN_POINT('',(-0.565309792272,-0.623436845252,
    3.693657706877));
#3908 = B_SPLINE_SURFACE_WITH_KNOTS('',3,1,(
    (#3909,#3910)
    ,(#3911,#3912)
    ,(#3913,#3914)
    ,(#3915,#3916)
    ,(#3917,#3918)
    ,(#3919,#3920)
    ,(#3921,#3922)
    ,(#3923,#3924)
    ,(#3925,#3926)
    ,(#3927,#3928)
    ,(#3929,#3930
  )),.UNSPECIFIED.,.F.,.F.,.F.,(4,1,1,1,1,1,1,1,4),(2,2),(0.,
    0.112448389909,0.226527675213,0.344401949326,0.465864972487,
    0.591659449352,0.722168487025,0.858606387555,1.),(0.,1.),
  .UNSPECIFIED.);
#3909 = CARTESIAN_POINT('',(-0.506188748259,-0.369357120389,
    3.702891850894));
#3910 = CARTESIAN_POINT('',(-0.506188748259,-0.369357120389,
    3.693657706877));
#3911 = CARTESIAN_POINT('',(-0.510971341995,-0.378021878567,
    3.702891850894));
#3912 = CARTESIAN_POINT('',(-0.510971341995,-0.378021878567,
    3.693657706877));
#3913 = CARTESIAN_POINT('',(-0.520605893821,-0.395477064258,
    3.702891850894));
#3914 = CARTESIAN_POINT('',(-0.520605893821,-0.395477064258,
    3.693657706877));
#3915 = CARTESIAN_POINT('',(-0.532494014039,-0.423391571802,
    3.702891850894));
#3916 = CARTESIAN_POINT('',(-0.532494014039,-0.423391571802,
    3.693657706877));
#3917 = CARTESIAN_POINT('',(-0.542748077214,-0.452764398567,
    3.702891850894));
#3918 = CARTESIAN_POINT('',(-0.542748077214,-0.452764398567,
    3.693657706877));
#3919 = CARTESIAN_POINT('',(-0.550924772824,-0.483852633387,
    3.702891850894));
#3920 = CARTESIAN_POINT('',(-0.550924772824,-0.483852633387,
    3.693657706877));
#3921 = CARTESIAN_POINT('',(-0.557496173616,-0.516449610836,
    3.702891850894));
#3922 = CARTESIAN_POINT('',(-0.557496173616,-0.516449610836,
    3.693657706877));
#3923 = CARTESIAN_POINT('',(-0.561947218842,-0.550728054736,
    3.702891850894));
#3924 = CARTESIAN_POINT('',(-0.561947218842,-0.550728054736,
    3.693657706877));
#3925 = CARTESIAN_POINT('',(-0.564877197051,-0.586552164786,
    3.702891850894));
#3926 = CARTESIAN_POINT('',(-0.564877197051,-0.586552164786,
    3.693657706877));
#3927 = CARTESIAN_POINT('',(-0.565163889278,-0.610996612311,
    3.702891850894));
#3928 = CARTESIAN_POINT('',(-0.565163889278,-0.610996612311,
    3.693657706877));
#3929 = CARTESIAN_POINT('',(-0.565309792272,-0.623436845252,
    3.702891850894));
#3930 = CARTESIAN_POINT('',(-0.565309792272,-0.623436845252,
    3.693657706877));
#3931 = ADVANCED_FACE('',(#3932),#3965,.T.);
#3932 = FACE_BOUND('',#3933,.T.);
#3933 = EDGE_LOOP('',(#3934,#3935,#3936,#3960));
#3934 = ORIENTED_EDGE('',*,*,#1919,.F.);
#3935 = ORIENTED_EDGE('',*,*,#3904,.F.);
#3936 = ORIENTED_EDGE('',*,*,#3937,.T.);
#3937 = EDGE_CURVE('',#3889,#3938,#3940,.T.);
#3938 = VERTEX_POINT('',#3939);
#3939 = CARTESIAN_POINT('',(-0.109761033497,-1.056287346058,
    3.702891850894));
#3940 = B_SPLINE_CURVE_WITH_KNOTS('',3,(#3941,#3942,#3943,#3944,#3945,
    #3946,#3947,#3948,#3949,#3950,#3951,#3952,#3953,#3954,#3955,#3956,
    #3957,#3958,#3959),.UNSPECIFIED.,.F.,.F.,(4,1,1,1,1,1,1,1,1,1,1,1,1,
    1,1,1,4),(0.,6.783158586377E-02,0.132652285122,0.195046103356,
    0.255497701945,0.314816628394,0.37361582587,0.432559503627,
    0.492443069802,0.552682219984,0.612522541488,0.672618274675,
    0.733844892932,0.79659922404,0.861453195154,0.929200677684,1.),
  .UNSPECIFIED.);
#3941 = CARTESIAN_POINT('',(-0.565309792272,-0.623436845252,
    3.702891850894));
#3942 = CARTESIAN_POINT('',(-0.564950391146,-0.63946576935,
    3.702891850894));
#3943 = CARTESIAN_POINT('',(-0.564247541875,-0.670812130821,
    3.702891850894));
#3944 = CARTESIAN_POINT('',(-0.558393244032,-0.716616087199,
    3.702891850894));
#3945 = CARTESIAN_POINT('',(-0.548483955906,-0.759886696023,
    3.702891850894));
#3946 = CARTESIAN_POINT('',(-0.535030154762,-0.800852568715,
    3.702891850894));
#3947 = CARTESIAN_POINT('',(-0.517272019336,-0.839211524824,
    3.702891850894));
#3948 = CARTESIAN_POINT('',(-0.495799194072,-0.87522065606,
    3.702891850894));
#3949 = CARTESIAN_POINT('',(-0.469943811808,-0.908380556006,
    3.702891850894));
#3950 = CARTESIAN_POINT('',(-0.440874157548,-0.939211467886,
    3.702891850894));
#3951 = CARTESIAN_POINT('',(-0.408340451986,-0.966717718936,
    3.702891850894));
#3952 = CARTESIAN_POINT('',(-0.373152648857,-0.990795098253,
    3.702891850894));
#3953 = CARTESIAN_POINT('',(-0.335417438083,-1.011164226329,
    3.702891850894));
#3954 = CARTESIAN_POINT('',(-0.295114842954,-1.027692455208,
    3.702891850894));
#3955 = CARTESIAN_POINT('',(-0.252326473658,-1.04057282012,
    3.702891850894));
#3956 = CARTESIAN_POINT('',(-0.207013870049,-1.049580301051,
    3.702891850894));
#3957 = CARTESIAN_POINT('',(-0.159240589489,-1.055433951408,
    3.702891850894));
#3958 = CARTESIAN_POINT('',(-0.126494655849,-1.055998734257,
    3.702891850894));
#3959 = CARTESIAN_POINT('',(-0.109761033497,-1.056287346058,
    3.702891850894));
#3960 = ORIENTED_EDGE('',*,*,#3961,.T.);
#3961 = EDGE_CURVE('',#3938,#1920,#3962,.T.);
#3962 = B_SPLINE_CURVE_WITH_KNOTS('',1,(#3963,#3964),.UNSPECIFIED.,.F.,
  .F.,(2,2),(-0.,9.234144017192E-03),.PIECEWISE_BEZIER_KNOTS.);
#3963 = CARTESIAN_POINT('',(-0.109761033497,-1.056287346058,
    3.702891850894));
#3964 = CARTESIAN_POINT('',(-0.109761033497,-1.056287346058,
    3.693657706877));
#3965 = B_SPLINE_SURFACE_WITH_KNOTS('',3,1,(
    (#3966,#3967)
    ,(#3968,#3969)
    ,(#3970,#3971)
    ,(#3972,#3973)
    ,(#3974,#3975)
    ,(#3976,#3977)
    ,(#3978,#3979)
    ,(#3980,#3981)
    ,(#3982,#3983)
    ,(#3984,#3985)
    ,(#3986,#3987)
    ,(#3988,#3989)
    ,(#3990,#3991)
    ,(#3992,#3993)
    ,(#3994,#3995)
    ,(#3996,#3997)
    ,(#3998,#3999)
    ,(#4000,#4001)
    ,(#4002,#4003
    )),.UNSPECIFIED.,.F.,.F.,.F.,(4,1,1,1,1,1,1,1,1,1,1,1,1,1,1,1,4),(2,
    2),(0.,6.783158586377E-02,0.132652285122,0.195046103356,
    0.255497701945,0.314816628394,0.37361582587,0.432559503627,
    0.492443069802,0.552682219984,0.612522541488,0.672618274675,
    0.733844892932,0.79659922404,0.861453195154,0.929200677684,1.),(0.,
    1.),.UNSPECIFIED.);
#3966 = CARTESIAN_POINT('',(-0.565309792272,-0.623436845252,
    3.702891850894));
#3967 = CARTESIAN_POINT('',(-0.565309792272,-0.623436845252,
    3.693657706877));
#3968 = CARTESIAN_POINT('',(-0.564950391146,-0.63946576935,
    3.702891850894));
#3969 = CARTESIAN_POINT('',(-0.564950391146,-0.63946576935,
    3.693657706877));
#3970 = CARTESIAN_POINT('',(-0.564247541875,-0.670812130821,
    3.702891850894));
#3971 = CARTESIAN_POINT('',(-0.564247541875,-0.670812130821,
    3.693657706877));
#3972 = CARTESIAN_POINT('',(-0.558393244032,-0.716616087199,
    3.702891850894));
#3973 = CARTESIAN_POINT('',(-0.558393244032,-0.716616087199,
    3.693657706877));
#3974 = CARTESIAN_POINT('',(-0.548483955906,-0.759886696023,
    3.702891850894));
#3975 = CARTESIAN_POINT('',(-0.548483955906,-0.759886696023,
    3.693657706877));
#3976 = CARTESIAN_POINT('',(-0.535030154762,-0.800852568715,
    3.702891850894));
#3977 = CARTESIAN_POINT('',(-0.535030154762,-0.800852568715,
    3.693657706877));
#3978 = CARTESIAN_POINT('',(-0.517272019336,-0.839211524824,
    3.702891850894));
#3979 = CARTESIAN_POINT('',(-0.517272019336,-0.839211524824,
    3.693657706877));
#3980 = CARTESIAN_POINT('',(-0.495799194072,-0.87522065606,
    3.702891850894));
#3981 = CARTESIAN_POINT('',(-0.495799194072,-0.87522065606,
    3.693657706877));
#3982 = CARTESIAN_POINT('',(-0.469943811808,-0.908380556006,
    3.702891850894));
#3983 = CARTESIAN_POINT('',(-0.469943811808,-0.908380556006,
    3.693657706877));
#3984 = CARTESIAN_POINT('',(-0.440874157548,-0.939211467886,
    3.702891850894));
#3985 = CARTESIAN_POINT('',(-0.440874157548,-0.939211467886,
    3.693657706877));
#3986 = CARTESIAN_POINT('',(-0.408340451986,-0.966717718936,
    3.702891850894));
#3987 = CARTESIAN_POINT('',(-0.408340451986,-0.966717718936,
    3.693657706877));
#3988 = CARTESIAN_POINT('',(-0.373152648857,-0.990795098253,
    3.702891850894));
#3989 = CARTESIAN_POINT('',(-0.373152648857,-0.990795098253,
    3.693657706877));
#3990 = CARTESIAN_POINT('',(-0.335417438083,-1.011164226329,
    3.702891850894));
#3991 = CARTESIAN_POINT('',(-0.335417438083,-1.011164226329,
    3.693657706877));
#3992 = CARTESIAN_POINT('',(-0.295114842954,-1.027692455208,
    3.702891850894));
#3993 = CARTESIAN_POINT('',(-0.295114842954,-1.027692455208,
    3.693657706877));
#3994 = CARTESIAN_POINT('',(-0.252326473658,-1.04057282012,
    3.702891850894));
#3995 = CARTESIAN_POINT('',(-0.252326473658,-1.04057282012,
    3.693657706877));
#3996 = CARTESIAN_POINT('',(-0.207013870049,-1.049580301051,
    3.702891850894));
#3997 = CARTESIAN_POINT('',(-0.207013870049,-1.049580301051,
    3.693657706877));
#3998 = CARTESIAN_POINT('',(-0.159240589489,-1.055433951408,
    3.702891850894));
#3999 = CARTESIAN_POINT('',(-0.159240589489,-1.055433951408,
    3.693657706877));
#4000 = CARTESIAN_POINT('',(-0.126494655849,-1.055998734257,
    3.702891850894));
#4001 = CARTESIAN_POINT('',(-0.126494655849,-1.055998734257,
    3.693657706877));
#4002 = CARTESIAN_POINT('',(-0.109761033497,-1.056287346058,
    3.702891850894));
#4003 = CARTESIAN_POINT('',(-0.109761033497,-1.056287346058,
    3.693657706877));
#4004 = ADVANCED_FACE('',(#4005),#4038,.T.);
#4005 = FACE_BOUND('',#4006,.T.);
#4006 = EDGE_LOOP('',(#4007,#4008,#4009,#4033));
#4007 = ORIENTED_EDGE('',*,*,#1943,.F.);
#4008 = ORIENTED_EDGE('',*,*,#3961,.F.);
#4009 = ORIENTED_EDGE('',*,*,#4010,.T.);
#4010 = EDGE_CURVE('',#3938,#4011,#4013,.T.);
#4011 = VERTEX_POINT('',#4012);
#4012 = CARTESIAN_POINT('',(0.380626911928,-0.586662148232,
    3.702891850894));
#4013 = B_SPLINE_CURVE_WITH_KNOTS('',3,(#4014,#4015,#4016,#4017,#4018,
    #4019,#4020,#4021,#4022,#4023,#4024,#4025,#4026,#4027,#4028,#4029,
    #4030,#4031,#4032),.UNSPECIFIED.,.F.,.F.,(4,1,1,1,1,1,1,1,1,1,1,1,1,
    1,1,1,4),(0.,7.063927843666E-02,0.13824802572,0.203351342261,
    0.266307354651,0.328095924853,0.388723973634,0.449593764798,
    0.511027386645,0.572085699882,0.63187552745,0.691136624653,
    0.750375720002,0.81004484045,0.871370536028,0.934431262653,1.),
  .UNSPECIFIED.);
#4014 = CARTESIAN_POINT('',(-0.109761033497,-1.056287346058,
    3.702891850894));
#4015 = CARTESIAN_POINT('',(-9.179541348714E-02,-1.05588543282,
    3.702891850894));
#4016 = CARTESIAN_POINT('',(-5.66349255522E-02,-1.055098849026,
    3.702891850894));
#4017 = CARTESIAN_POINT('',(-5.223715155592E-03,-1.048839028217,
    3.702891850894));
#4018 = CARTESIAN_POINT('',(4.353310631727E-02,-1.038586421222,
    3.702891850894));
#4019 = CARTESIAN_POINT('',(8.957734141652E-02,-1.02383289644,
    3.702891850894));
#4020 = CARTESIAN_POINT('',(0.132996206248,-1.005282353393,
    3.702891850894));
#4021 = CARTESIAN_POINT('',(0.173655299073,-0.982322795962,
    3.702891850894));
#4022 = CARTESIAN_POINT('',(0.211658110033,-0.955351299252,
    3.702891850894));
#4023 = CARTESIAN_POINT('',(0.246511204695,-0.92424051982,3.702891850894
    ));
#4024 = CARTESIAN_POINT('',(0.277836640064,-0.890000330668,
    3.702891850894));
#4025 = CARTESIAN_POINT('',(0.305649845578,-0.853503237253,
    3.702891850894));
#4026 = CARTESIAN_POINT('',(0.328637290079,-0.81432709188,3.702891850894
    ));
#4027 = CARTESIAN_POINT('',(0.347858304563,-0.773219880451,
    3.702891850894));
#4028 = CARTESIAN_POINT('',(0.362462214466,-0.72968154571,3.702891850894
    ));
#4029 = CARTESIAN_POINT('',(0.372970702105,-0.684020345124,
    3.702891850894));
#4030 = CARTESIAN_POINT('',(0.379477303129,-0.636057860904,
    3.702891850894));
#4031 = CARTESIAN_POINT('',(0.380238760046,-0.603340029326,
    3.702891850894));
#4032 = CARTESIAN_POINT('',(0.380626911928,-0.586662148232,
    3.702891850894));
#4033 = ORIENTED_EDGE('',*,*,#4034,.T.);
#4034 = EDGE_CURVE('',#4011,#1944,#4035,.T.);
#4035 = B_SPLINE_CURVE_WITH_KNOTS('',1,(#4036,#4037),.UNSPECIFIED.,.F.,
  .F.,(2,2),(-0.,9.234144017192E-03),.PIECEWISE_BEZIER_KNOTS.);
#4036 = CARTESIAN_POINT('',(0.380626911928,-0.586662148232,
    3.702891850894));
#4037 = CARTESIAN_POINT('',(0.380626911928,-0.586662148232,
    3.693657706877));
#4038 = B_SPLINE_SURFACE_WITH_KNOTS('',3,1,(
    (#4039,#4040)
    ,(#4041,#4042)
    ,(#4043,#4044)
    ,(#4045,#4046)
    ,(#4047,#4048)
    ,(#4049,#4050)
    ,(#4051,#4052)
    ,(#4053,#4054)
    ,(#4055,#4056)
    ,(#4057,#4058)
    ,(#4059,#4060)
    ,(#4061,#4062)
    ,(#4063,#4064)
    ,(#4065,#4066)
    ,(#4067,#4068)
    ,(#4069,#4070)
    ,(#4071,#4072)
    ,(#4073,#4074)
    ,(#4075,#4076
    )),.UNSPECIFIED.,.F.,.F.,.F.,(4,1,1,1,1,1,1,1,1,1,1,1,1,1,1,1,4),(2,
    2),(0.,7.063927843666E-02,0.13824802572,0.203351342261,
    0.266307354651,0.328095924853,0.388723973634,0.449593764798,
    0.511027386645,0.572085699882,0.63187552745,0.691136624653,
    0.750375720002,0.81004484045,0.871370536028,0.934431262653,1.),(0.,
    1.),.UNSPECIFIED.);
#4039 = CARTESIAN_POINT('',(-0.109761033497,-1.056287346058,
    3.702891850894));
#4040 = CARTESIAN_POINT('',(-0.109761033497,-1.056287346058,
    3.693657706877));
#4041 = CARTESIAN_POINT('',(-9.179541348714E-02,-1.05588543282,
    3.702891850894));
#4042 = CARTESIAN_POINT('',(-9.179541348714E-02,-1.05588543282,
    3.693657706877));
#4043 = CARTESIAN_POINT('',(-5.66349255522E-02,-1.055098849026,
    3.702891850894));
#4044 = CARTESIAN_POINT('',(-5.66349255522E-02,-1.055098849026,
    3.693657706877));
#4045 = CARTESIAN_POINT('',(-5.223715155592E-03,-1.048839028217,
    3.702891850894));
#4046 = CARTESIAN_POINT('',(-5.223715155592E-03,-1.048839028217,
    3.693657706877));
#4047 = CARTESIAN_POINT('',(4.353310631727E-02,-1.038586421222,
    3.702891850894));
#4048 = CARTESIAN_POINT('',(4.353310631727E-02,-1.038586421222,
    3.693657706877));
#4049 = CARTESIAN_POINT('',(8.957734141652E-02,-1.02383289644,
    3.702891850894));
#4050 = CARTESIAN_POINT('',(8.957734141652E-02,-1.02383289644,
    3.693657706877));
#4051 = CARTESIAN_POINT('',(0.132996206248,-1.005282353393,
    3.702891850894));
#4052 = CARTESIAN_POINT('',(0.132996206248,-1.005282353393,
    3.693657706877));
#4053 = CARTESIAN_POINT('',(0.173655299073,-0.982322795962,
    3.702891850894));
#4054 = CARTESIAN_POINT('',(0.173655299073,-0.982322795962,
    3.693657706877));
#4055 = CARTESIAN_POINT('',(0.211658110033,-0.955351299252,
    3.702891850894));
#4056 = CARTESIAN_POINT('',(0.211658110033,-0.955351299252,
    3.693657706877));
#4057 = CARTESIAN_POINT('',(0.246511204695,-0.92424051982,3.702891850894
    ));
#4058 = CARTESIAN_POINT('',(0.246511204695,-0.92424051982,3.693657706877
    ));
#4059 = CARTESIAN_POINT('',(0.277836640064,-0.890000330668,
    3.702891850894));
#4060 = CARTESIAN_POINT('',(0.277836640064,-0.890000330668,
    3.693657706877));
#4061 = CARTESIAN_POINT('',(0.305649845578,-0.853503237253,
    3.702891850894));
#4062 = CARTESIAN_POINT('',(0.305649845578,-0.853503237253,
    3.693657706877));
#4063 = CARTESIAN_POINT('',(0.328637290079,-0.81432709188,3.702891850894
    ));
#4064 = CARTESIAN_POINT('',(0.328637290079,-0.81432709188,3.693657706877
    ));
#4065 = CARTESIAN_POINT('',(0.347858304563,-0.773219880451,
    3.702891850894));
#4066 = CARTESIAN_POINT('',(0.347858304563,-0.773219880451,
    3.693657706877));
#4067 = CARTESIAN_POINT('',(0.362462214466,-0.72968154571,3.702891850894
    ));
#4068 = CARTESIAN_POINT('',(0.362462214466,-0.72968154571,3.693657706877
    ));
#4069 = CARTESIAN_POINT('',(0.372970702105,-0.684020345124,
    3.702891850894));
#4070 = CARTESIAN_POINT('',(0.372970702105,-0.684020345124,
    3.693657706877));
#4071 = CARTESIAN_POINT('',(0.379477303129,-0.636057860904,
    3.702891850894));
#4072 = CARTESIAN_POINT('',(0.379477303129,-0.636057860904,
    3.693657706877));
#4073 = CARTESIAN_POINT('',(0.380238760046,-0.603340029326,
    3.702891850894));
#4074 = CARTESIAN_POINT('',(0.380238760046,-0.603340029326,
    3.693657706877));
#4075 = CARTESIAN_POINT('',(0.380626911928,-0.586662148232,
    3.702891850894));
#4076 = CARTESIAN_POINT('',(0.380626911928,-0.586662148232,
    3.693657706877));
#4077 = ADVANCED_FACE('',(#4078),#4103,.T.);
#4078 = FACE_BOUND('',#4079,.T.);
#4079 = EDGE_LOOP('',(#4080,#4081,#4082,#4098));
#4080 = ORIENTED_EDGE('',*,*,#1967,.F.);
#4081 = ORIENTED_EDGE('',*,*,#4034,.F.);
#4082 = ORIENTED_EDGE('',*,*,#4083,.T.);
#4083 = EDGE_CURVE('',#4011,#4084,#4086,.T.);
#4084 = VERTEX_POINT('',#4085);
#4085 = CARTESIAN_POINT('',(0.344028170397,-0.369357120389,
    3.702891850894));
#4086 = B_SPLINE_CURVE_WITH_KNOTS('',3,(#4087,#4088,#4089,#4090,#4091,
    #4092,#4093,#4094,#4095,#4096,#4097),.UNSPECIFIED.,.F.,.F.,(4,1,1,1,
    1,1,1,1,4),(0.,0.145186866472,0.28344261092,0.416524365929,
    0.543181123535,0.665153082638,0.781360206313,0.892756655642,1.),
  .UNSPECIFIED.);
#4087 = CARTESIAN_POINT('',(0.380626911928,-0.586662148232,
    3.702891850894));
#4088 = CARTESIAN_POINT('',(0.380549950476,-0.575925737686,
    3.702891850894));
#4089 = CARTESIAN_POINT('',(0.380399701659,-0.554965465512,
    3.702891850894));
#4090 = CARTESIAN_POINT('',(0.378515567592,-0.524216463142,
    3.702891850894));
#4091 = CARTESIAN_POINT('',(0.375852709431,-0.494900570226,
    3.702891850894));
#4092 = CARTESIAN_POINT('',(0.371700464161,-0.466975363212,
    3.702891850894));
#4093 = CARTESIAN_POINT('',(0.36675764905,-0.440442278999,3.702891850894
    ));
#4094 = CARTESIAN_POINT('',(0.36031445255,-0.415400714523,3.702891850894
    ));
#4095 = CARTESIAN_POINT('',(0.353094899308,-0.391693253583,
    3.702891850894));
#4096 = CARTESIAN_POINT('',(0.347011897436,-0.376707613078,
    3.702891850894));
#4097 = CARTESIAN_POINT('',(0.344028170397,-0.369357120389,
    3.702891850894));
#4098 = ORIENTED_EDGE('',*,*,#4099,.T.);
#4099 = EDGE_CURVE('',#4084,#1968,#4100,.T.);
#4100 = B_SPLINE_CURVE_WITH_KNOTS('',1,(#4101,#4102),.UNSPECIFIED.,.F.,
  .F.,(2,2),(-0.,9.234144017192E-03),.PIECEWISE_BEZIER_KNOTS.);
#4101 = CARTESIAN_POINT('',(0.344028170397,-0.369357120389,
    3.702891850894));
#4102 = CARTESIAN_POINT('',(0.344028170397,-0.369357120389,
    3.693657706877));
#4103 = B_SPLINE_SURFACE_WITH_KNOTS('',3,1,(
    (#4104,#4105)
    ,(#4106,#4107)
    ,(#4108,#4109)
    ,(#4110,#4111)
    ,(#4112,#4113)
    ,(#4114,#4115)
    ,(#4116,#4117)
    ,(#4118,#4119)
    ,(#4120,#4121)
    ,(#4122,#4123)
    ,(#4124,#4125
  )),.UNSPECIFIED.,.F.,.F.,.F.,(4,1,1,1,1,1,1,1,4),(2,2),(0.,
    0.145186866472,0.28344261092,0.416524365929,0.543181123535,
    0.665153082638,0.781360206313,0.892756655642,1.),(0.,1.),
  .UNSPECIFIED.);
#4104 = CARTESIAN_POINT('',(0.380626911928,-0.586662148232,
    3.702891850894));
#4105 = CARTESIAN_POINT('',(0.380626911928,-0.586662148232,
    3.693657706877));
#4106 = CARTESIAN_POINT('',(0.380549950476,-0.575925737686,
    3.702891850894));
#4107 = CARTESIAN_POINT('',(0.380549950476,-0.575925737686,
    3.693657706877));
#4108 = CARTESIAN_POINT('',(0.380399701659,-0.554965465512,
    3.702891850894));
#4109 = CARTESIAN_POINT('',(0.380399701659,-0.554965465512,
    3.693657706877));
#4110 = CARTESIAN_POINT('',(0.378515567592,-0.524216463142,
    3.702891850894));
#4111 = CARTESIAN_POINT('',(0.378515567592,-0.524216463142,
    3.693657706877));
#4112 = CARTESIAN_POINT('',(0.375852709431,-0.494900570226,
    3.702891850894));
#4113 = CARTESIAN_POINT('',(0.375852709431,-0.494900570226,
    3.693657706877));
#4114 = CARTESIAN_POINT('',(0.371700464161,-0.466975363212,
    3.702891850894));
#4115 = CARTESIAN_POINT('',(0.371700464161,-0.466975363212,
    3.693657706877));
#4116 = CARTESIAN_POINT('',(0.36675764905,-0.440442278999,3.702891850894
    ));
#4117 = CARTESIAN_POINT('',(0.36675764905,-0.440442278999,3.693657706877
    ));
#4118 = CARTESIAN_POINT('',(0.36031445255,-0.415400714523,3.702891850894
    ));
#4119 = CARTESIAN_POINT('',(0.36031445255,-0.415400714523,3.693657706877
    ));
#4120 = CARTESIAN_POINT('',(0.353094899308,-0.391693253583,
    3.702891850894));
#4121 = CARTESIAN_POINT('',(0.353094899308,-0.391693253583,
    3.693657706877));
#4122 = CARTESIAN_POINT('',(0.347011897436,-0.376707613078,
    3.702891850894));
#4123 = CARTESIAN_POINT('',(0.347011897436,-0.376707613078,
    3.693657706877));
#4124 = CARTESIAN_POINT('',(0.344028170397,-0.369357120389,
    3.702891850894));
#4125 = CARTESIAN_POINT('',(0.344028170397,-0.369357120389,
    3.693657706877));
#4126 = ADVANCED_FACE('',(#4127),#4143,.T.);
#4127 = FACE_BOUND('',#4128,.T.);
#4128 = EDGE_LOOP('',(#4129,#4130,#4131,#4138));
#4129 = ORIENTED_EDGE('',*,*,#1983,.F.);
#4130 = ORIENTED_EDGE('',*,*,#4099,.F.);
#4131 = ORIENTED_EDGE('',*,*,#4132,.T.);
#4132 = EDGE_CURVE('',#4084,#4133,#4135,.T.);
#4133 = VERTEX_POINT('',#4134);
#4134 = CARTESIAN_POINT('',(0.220155506751,-0.369357120389,
    3.702891850894));
#4135 = B_SPLINE_CURVE_WITH_KNOTS('',1,(#4136,#4137),.UNSPECIFIED.,.F.,
  .F.,(2,2),(-5.125979650295E-17,0.123872663645),
  .PIECEWISE_BEZIER_KNOTS.);
#4136 = CARTESIAN_POINT('',(0.344028170397,-0.369357120389,
    3.702891850894));
#4137 = CARTESIAN_POINT('',(0.220155506751,-0.369357120389,
    3.702891850894));
#4138 = ORIENTED_EDGE('',*,*,#4139,.T.);
#4139 = EDGE_CURVE('',#4133,#1984,#4140,.T.);
#4140 = B_SPLINE_CURVE_WITH_KNOTS('',1,(#4141,#4142),.UNSPECIFIED.,.F.,
  .F.,(2,2),(-0.,9.234144017192E-03),.PIECEWISE_BEZIER_KNOTS.);
#4141 = CARTESIAN_POINT('',(0.220155506751,-0.369357120389,
    3.702891850894));
#4142 = CARTESIAN_POINT('',(0.220155506751,-0.369357120389,
    3.693657706877));
#4143 = B_SPLINE_SURFACE_WITH_KNOTS('',1,1,(
    (#4144,#4145)
    ,(#4146,#4147
    )),.UNSPECIFIED.,.F.,.F.,.F.,(2,2),(2,2),(0.,9.234144017192E-03),(
    -0.123872663645,5.125979650295E-17),.PIECEWISE_BEZIER_KNOTS.);
#4144 = CARTESIAN_POINT('',(0.220155506751,-0.369357120389,
    3.702891850894));
#4145 = CARTESIAN_POINT('',(0.344028170397,-0.369357120389,
    3.702891850894));
#4146 = CARTESIAN_POINT('',(0.220155506751,-0.369357120389,
    3.693657706877));
#4147 = CARTESIAN_POINT('',(0.344028170397,-0.369357120389,
    3.693657706877));
#4148 = ADVANCED_FACE('',(#4149),#4174,.T.);
#4149 = FACE_BOUND('',#4150,.T.);
#4150 = EDGE_LOOP('',(#4151,#4152,#4153,#4169));
#4151 = ORIENTED_EDGE('',*,*,#1990,.F.);
#4152 = ORIENTED_EDGE('',*,*,#4139,.F.);
#4153 = ORIENTED_EDGE('',*,*,#4154,.T.);
#4154 = EDGE_CURVE('',#4133,#4155,#4157,.T.);
#4155 = VERTEX_POINT('',#4156);
#4156 = CARTESIAN_POINT('',(0.279276550764,-0.585606415304,
    3.702891850894));
#4157 = B_SPLINE_CURVE_WITH_KNOTS('',3,(#4158,#4159,#4160,#4161,#4162,
    #4163,#4164,#4165,#4166,#4167,#4168),.UNSPECIFIED.,.F.,.F.,(4,1,1,1,
    1,1,1,1,4),(0.,0.125279696736,0.249419970742,0.373356799493,
    0.496681278782,0.620202915744,0.745086320161,0.871269195019,1.),
  .UNSPECIFIED.);
#4158 = CARTESIAN_POINT('',(0.220155506751,-0.369357120389,
    3.702891850894));
#4159 = CARTESIAN_POINT('',(0.224920484807,-0.37755739637,3.702891850894
    ));
#4160 = CARTESIAN_POINT('',(0.234407103295,-0.393883366569,
    3.702891850894));
#4161 = CARTESIAN_POINT('',(0.246267243424,-0.419561149396,
    3.702891850894));
#4162 = CARTESIAN_POINT('',(0.256554207451,-0.445733708313,
    3.702891850894));
#4163 = CARTESIAN_POINT('',(0.264766132492,-0.472584264312,
    3.702891850894));
#4164 = CARTESIAN_POINT('',(0.271397324986,-0.499943827974,
    3.702891850894));
#4165 = CARTESIAN_POINT('',(0.275845052686,-0.527955867337,
    3.702891850894));
#4166 = CARTESIAN_POINT('',(0.278837500413,-0.556567309512,
    3.702891850894));
#4167 = CARTESIAN_POINT('',(0.27912922868,-0.575862426761,3.702891850894
    ));
#4168 = CARTESIAN_POINT('',(0.279276550764,-0.585606415304,
    3.702891850894));
#4169 = ORIENTED_EDGE('',*,*,#4170,.T.);
#4170 = EDGE_CURVE('',#4155,#1991,#4171,.T.);
#4171 = B_SPLINE_CURVE_WITH_KNOTS('',1,(#4172,#4173),.UNSPECIFIED.,.F.,
  .F.,(2,2),(-0.,9.234144017192E-03),.PIECEWISE_BEZIER_KNOTS.);
#4172 = CARTESIAN_POINT('',(0.279276550764,-0.585606415304,
    3.702891850894));
#4173 = CARTESIAN_POINT('',(0.279276550764,-0.585606415304,
    3.693657706877));
#4174 = B_SPLINE_SURFACE_WITH_KNOTS('',3,1,(
    (#4175,#4176)
    ,(#4177,#4178)
    ,(#4179,#4180)
    ,(#4181,#4182)
    ,(#4183,#4184)
    ,(#4185,#4186)
    ,(#4187,#4188)
    ,(#4189,#4190)
    ,(#4191,#4192)
    ,(#4193,#4194)
    ,(#4195,#4196
  )),.UNSPECIFIED.,.F.,.F.,.F.,(4,1,1,1,1,1,1,1,4),(2,2),(0.,
    0.125279696736,0.249419970742,0.373356799493,0.496681278782,
    0.620202915744,0.745086320161,0.871269195019,1.),(0.,1.),
  .UNSPECIFIED.);
#4175 = CARTESIAN_POINT('',(0.220155506751,-0.369357120389,
    3.702891850894));
#4176 = CARTESIAN_POINT('',(0.220155506751,-0.369357120389,
    3.693657706877));
#4177 = CARTESIAN_POINT('',(0.224920484807,-0.37755739637,3.702891850894
    ));
#4178 = CARTESIAN_POINT('',(0.224920484807,-0.37755739637,3.693657706877
    ));
#4179 = CARTESIAN_POINT('',(0.234407103295,-0.393883366569,
    3.702891850894));
#4180 = CARTESIAN_POINT('',(0.234407103295,-0.393883366569,
    3.693657706877));
#4181 = CARTESIAN_POINT('',(0.246267243424,-0.419561149396,
    3.702891850894));
#4182 = CARTESIAN_POINT('',(0.246267243424,-0.419561149396,
    3.693657706877));
#4183 = CARTESIAN_POINT('',(0.256554207451,-0.445733708313,
    3.702891850894));
#4184 = CARTESIAN_POINT('',(0.256554207451,-0.445733708313,
    3.693657706877));
#4185 = CARTESIAN_POINT('',(0.264766132492,-0.472584264312,
    3.702891850894));
#4186 = CARTESIAN_POINT('',(0.264766132492,-0.472584264312,
    3.693657706877));
#4187 = CARTESIAN_POINT('',(0.271397324986,-0.499943827974,
    3.702891850894));
#4188 = CARTESIAN_POINT('',(0.271397324986,-0.499943827974,
    3.693657706877));
#4189 = CARTESIAN_POINT('',(0.275845052686,-0.527955867337,
    3.702891850894));
#4190 = CARTESIAN_POINT('',(0.275845052686,-0.527955867337,
    3.693657706877));
#4191 = CARTESIAN_POINT('',(0.278837500413,-0.556567309512,
    3.702891850894));
#4192 = CARTESIAN_POINT('',(0.278837500413,-0.556567309512,
    3.693657706877));
#4193 = CARTESIAN_POINT('',(0.27912922868,-0.575862426761,3.702891850894
    ));
#4194 = CARTESIAN_POINT('',(0.27912922868,-0.575862426761,3.693657706877
    ));
#4195 = CARTESIAN_POINT('',(0.279276550764,-0.585606415304,
    3.702891850894));
#4196 = CARTESIAN_POINT('',(0.279276550764,-0.585606415304,
    3.693657706877));
#4197 = ADVANCED_FACE('',(#4198),#4231,.T.);
#4198 = FACE_BOUND('',#4199,.T.);
#4199 = EDGE_LOOP('',(#4200,#4201,#4202,#4226));
#4200 = ORIENTED_EDGE('',*,*,#2006,.F.);
#4201 = ORIENTED_EDGE('',*,*,#4170,.F.);
#4202 = ORIENTED_EDGE('',*,*,#4203,.T.);
#4203 = EDGE_CURVE('',#4155,#4204,#4206,.T.);
#4204 = VERTEX_POINT('',#4205);
#4205 = CARTESIAN_POINT('',(-0.102194947507,-0.932414682413,
    3.702891850894));
#4206 = B_SPLINE_CURVE_WITH_KNOTS('',3,(#4207,#4208,#4209,#4210,#4211,
    #4212,#4213,#4214,#4215,#4216,#4217,#4218,#4219,#4220,#4221,#4222,
    #4223,#4224,#4225),.UNSPECIFIED.,.F.,.F.,(4,1,1,1,1,1,1,1,1,1,1,1,1,
    1,1,1,4),(0.,6.460651091173E-02,0.126707396677,0.186764158456,
    0.24561607929,0.303634260101,0.361487584679,0.420227043541,
    0.48002251282,0.540669691743,0.601185743116,0.662329843678,
    0.725019474255,0.789459456756,0.856499216937,0.92630919798,1.),
  .UNSPECIFIED.);
#4207 = CARTESIAN_POINT('',(0.279276550764,-0.585606415304,
    3.702891850894));
#4208 = CARTESIAN_POINT('',(0.279009335231,-0.59811877439,3.702891850894
    ));
#4209 = CARTESIAN_POINT('',(0.278485267548,-0.622658227516,
    3.702891850894));
#4210 = CARTESIAN_POINT('',(0.273279539628,-0.658496893867,
    3.702891850894));
#4211 = CARTESIAN_POINT('',(0.265617598444,-0.692742520658,
    3.702891850894));
#4212 = CARTESIAN_POINT('',(0.253938139354,-0.725007391404,
    3.702891850894));
#4213 = CARTESIAN_POINT('',(0.239621333075,-0.755713278323,
    3.702891850894));
#4214 = CARTESIAN_POINT('',(0.221556612906,-0.784363067296,
    3.702891850894));
#4215 = CARTESIAN_POINT('',(0.200622577729,-0.811403235372,
    3.702891850894));
#4216 = CARTESIAN_POINT('',(0.176430703117,-0.83633608466,3.702891850894
    ));
#4217 = CARTESIAN_POINT('',(0.149688331259,-0.859062922225,
    3.702891850894));
#4218 = CARTESIAN_POINT('',(0.120203252364,-0.878559907248,
    3.702891850894));
#4219 = CARTESIAN_POINT('',(8.874658820707E-02,-0.895529820481,
    3.702891850894));
#4220 = CARTESIAN_POINT('',(5.478970322757E-02,-0.908948715917,
    3.702891850894));
#4221 = CARTESIAN_POINT('',(1.868855554172E-02,-0.919551902845,
    3.702891850894));
#4222 = CARTESIAN_POINT('',(-1.958753996915E-02,-0.927077918373,
    3.702891850894));
#4223 = CARTESIAN_POINT('',(-6.015601261646E-02,-0.931474196781,
    3.702891850894));
#4224 = CARTESIAN_POINT('',(-8.793158262148E-02,-0.932095585609,
    3.702891850894));
#4225 = CARTESIAN_POINT('',(-0.102194947507,-0.932414682413,
    3.702891850894));
#4226 = ORIENTED_EDGE('',*,*,#4227,.T.);
#4227 = EDGE_CURVE('',#4204,#2007,#4228,.T.);
#4228 = B_SPLINE_CURVE_WITH_KNOTS('',1,(#4229,#4230),.UNSPECIFIED.,.F.,
  .F.,(2,2),(-0.,9.234144017192E-03),.PIECEWISE_BEZIER_KNOTS.);
#4229 = CARTESIAN_POINT('',(-0.102194947507,-0.932414682413,
    3.702891850894));
#4230 = CARTESIAN_POINT('',(-0.102194947507,-0.932414682413,
    3.693657706877));
#4231 = B_SPLINE_SURFACE_WITH_KNOTS('',3,1,(
    (#4232,#4233)
    ,(#4234,#4235)
    ,(#4236,#4237)
    ,(#4238,#4239)
    ,(#4240,#4241)
    ,(#4242,#4243)
    ,(#4244,#4245)
    ,(#4246,#4247)
    ,(#4248,#4249)
    ,(#4250,#4251)
    ,(#4252,#4253)
    ,(#4254,#4255)
    ,(#4256,#4257)
    ,(#4258,#4259)
    ,(#4260,#4261)
    ,(#4262,#4263)
    ,(#4264,#4265)
    ,(#4266,#4267)
    ,(#4268,#4269
    )),.UNSPECIFIED.,.F.,.F.,.F.,(4,1,1,1,1,1,1,1,1,1,1,1,1,1,1,1,4),(2,
    2),(0.,6.460651091173E-02,0.126707396677,0.186764158456,
    0.24561607929,0.303634260101,0.361487584679,0.420227043541,
    0.48002251282,0.540669691743,0.601185743116,0.662329843678,
    0.725019474255,0.789459456756,0.856499216937,0.92630919798,1.),(0.,
    1.),.UNSPECIFIED.);
#4232 = CARTESIAN_POINT('',(0.279276550764,-0.585606415304,
    3.702891850894));
#4233 = CARTESIAN_POINT('',(0.279276550764,-0.585606415304,
    3.693657706877));
#4234 = CARTESIAN_POINT('',(0.279009335231,-0.59811877439,3.702891850894
    ));
#4235 = CARTESIAN_POINT('',(0.279009335231,-0.59811877439,3.693657706877
    ));
#4236 = CARTESIAN_POINT('',(0.278485267548,-0.622658227516,
    3.702891850894));
#4237 = CARTESIAN_POINT('',(0.278485267548,-0.622658227516,
    3.693657706877));
#4238 = CARTESIAN_POINT('',(0.273279539628,-0.658496893867,
    3.702891850894));
#4239 = CARTESIAN_POINT('',(0.273279539628,-0.658496893867,
    3.693657706877));
#4240 = CARTESIAN_POINT('',(0.265617598444,-0.692742520658,
    3.702891850894));
#4241 = CARTESIAN_POINT('',(0.265617598444,-0.692742520658,
    3.693657706877));
#4242 = CARTESIAN_POINT('',(0.253938139354,-0.725007391404,
    3.702891850894));
#4243 = CARTESIAN_POINT('',(0.253938139354,-0.725007391404,
    3.693657706877));
#4244 = CARTESIAN_POINT('',(0.239621333075,-0.755713278323,
    3.702891850894));
#4245 = CARTESIAN_POINT('',(0.239621333075,-0.755713278323,
    3.693657706877));
#4246 = CARTESIAN_POINT('',(0.221556612906,-0.784363067296,
    3.702891850894));
#4247 = CARTESIAN_POINT('',(0.221556612906,-0.784363067296,
    3.693657706877));
#4248 = CARTESIAN_POINT('',(0.200622577729,-0.811403235372,
    3.702891850894));
#4249 = CARTESIAN_POINT('',(0.200622577729,-0.811403235372,
    3.693657706877));
#4250 = CARTESIAN_POINT('',(0.176430703117,-0.83633608466,3.702891850894
    ));
#4251 = CARTESIAN_POINT('',(0.176430703117,-0.83633608466,3.693657706877
    ));
#4252 = CARTESIAN_POINT('',(0.149688331259,-0.859062922225,
    3.702891850894));
#4253 = CARTESIAN_POINT('',(0.149688331259,-0.859062922225,
    3.693657706877));
#4254 = CARTESIAN_POINT('',(0.120203252364,-0.878559907248,
    3.702891850894));
#4255 = CARTESIAN_POINT('',(0.120203252364,-0.878559907248,
    3.693657706877));
#4256 = CARTESIAN_POINT('',(8.874658820707E-02,-0.895529820481,
    3.702891850894));
#4257 = CARTESIAN_POINT('',(8.874658820707E-02,-0.895529820481,
    3.693657706877));
#4258 = CARTESIAN_POINT('',(5.478970322757E-02,-0.908948715917,
    3.702891850894));
#4259 = CARTESIAN_POINT('',(5.478970322757E-02,-0.908948715917,
    3.693657706877));
#4260 = CARTESIAN_POINT('',(1.868855554172E-02,-0.919551902845,
    3.702891850894));
#4261 = CARTESIAN_POINT('',(1.868855554172E-02,-0.919551902845,
    3.693657706877));
#4262 = CARTESIAN_POINT('',(-1.958753996915E-02,-0.927077918373,
    3.702891850894));
#4263 = CARTESIAN_POINT('',(-1.958753996915E-02,-0.927077918373,
    3.693657706877));
#4264 = CARTESIAN_POINT('',(-6.015601261646E-02,-0.931474196781,
    3.702891850894));
#4265 = CARTESIAN_POINT('',(-6.015601261646E-02,-0.931474196781,
    3.693657706877));
#4266 = CARTESIAN_POINT('',(-8.793158262148E-02,-0.932095585609,
    3.702891850894));
#4267 = CARTESIAN_POINT('',(-8.793158262148E-02,-0.932095585609,
    3.693657706877));
#4268 = CARTESIAN_POINT('',(-0.102194947507,-0.932414682413,
    3.702891850894));
#4269 = CARTESIAN_POINT('',(-0.102194947507,-0.932414682413,
    3.693657706877));
#4270 = ADVANCED_FACE('',(#4271),#4304,.T.);
#4271 = FACE_BOUND('',#4272,.T.);
#4272 = EDGE_LOOP('',(#4273,#4274,#4275,#4299));
#4273 = ORIENTED_EDGE('',*,*,#2030,.F.);
#4274 = ORIENTED_EDGE('',*,*,#4227,.F.);
#4275 = ORIENTED_EDGE('',*,*,#4276,.T.);
#4276 = EDGE_CURVE('',#4204,#4277,#4279,.T.);
#4277 = VERTEX_POINT('',#4278);
#4278 = CARTESIAN_POINT('',(-0.463959431108,-0.606369162903,
    3.702891850894));
#4279 = B_SPLINE_CURVE_WITH_KNOTS('',3,(#4280,#4281,#4282,#4283,#4284,
    #4285,#4286,#4287,#4288,#4289,#4290,#4291,#4292,#4293,#4294,#4295,
    #4296,#4297,#4298),.UNSPECIFIED.,.F.,.F.,(4,1,1,1,1,1,1,1,1,1,1,1,1,
    1,1,1,4),(0.,7.378258718587E-02,0.144095652163,0.211372776945,
    0.276108573914,0.338559771335,0.399646477988,0.460022357923,
    0.520364180104,0.579989743327,0.638421673378,0.696329698138,
    0.753973538922,0.812784195164,0.872739820247,0.935174557152,1.),
  .UNSPECIFIED.);
#4280 = CARTESIAN_POINT('',(-0.102194947507,-0.932414682413,
    3.702891850894));
#4281 = CARTESIAN_POINT('',(-0.115696409894,-0.932158198291,
    3.702891850894));
#4282 = CARTESIAN_POINT('',(-0.142064447422,-0.931657290853,
    3.702891850894));
#4283 = CARTESIAN_POINT('',(-0.180549791208,-0.927351897126,
    3.702891850894));
#4284 = CARTESIAN_POINT('',(-0.21694003594,-0.92038187969,3.702891850894
    ));
#4285 = CARTESIAN_POINT('',(-0.251194336301,-0.910572027092,
    3.702891850894));
#4286 = CARTESIAN_POINT('',(-0.283263627243,-0.897849453127,
    3.702891850894));
#4287 = CARTESIAN_POINT('',(-0.313175261428,-0.882312647768,
    3.702891850894));
#4288 = CARTESIAN_POINT('',(-0.340961132789,-0.86391768649,
    3.702891850894));
#4289 = CARTESIAN_POINT('',(-0.366423198649,-0.842839024514,
    3.702891850894));
#4290 = CARTESIAN_POINT('',(-0.389282317285,-0.819461060543,
    3.702891850894));
#4291 = CARTESIAN_POINT('',(-0.40930020621,-0.794174276005,
    3.702891850894));
#4292 = CARTESIAN_POINT('',(-0.426279970596,-0.767173029412,
    3.702891850894));
#4293 = CARTESIAN_POINT('',(-0.440120322201,-0.738361814314,
    3.702891850894));
#4294 = CARTESIAN_POINT('',(-0.450870607025,-0.707859269276,
    3.702891850894));
#4295 = CARTESIAN_POINT('',(-0.458391530006,-0.675521829123,
    3.702891850894));
#4296 = CARTESIAN_POINT('',(-0.463053738272,-0.641520245985,
    3.702891850894));
#4297 = CARTESIAN_POINT('',(-0.463653776065,-0.618232021229,
    3.702891850894));
#4298 = CARTESIAN_POINT('',(-0.463959431108,-0.606369162903,
    3.702891850894));
#4299 = ORIENTED_EDGE('',*,*,#4300,.T.);
#4300 = EDGE_CURVE('',#4277,#2031,#4301,.T.);
#4301 = B_SPLINE_CURVE_WITH_KNOTS('',1,(#4302,#4303),.UNSPECIFIED.,.F.,
  .F.,(2,2),(-0.,9.234144017192E-03),.PIECEWISE_BEZIER_KNOTS.);
#4302 = CARTESIAN_POINT('',(-0.463959431108,-0.606369162903,
    3.702891850894));
#4303 = CARTESIAN_POINT('',(-0.463959431108,-0.606369162903,
    3.693657706877));
#4304 = B_SPLINE_SURFACE_WITH_KNOTS('',3,1,(
    (#4305,#4306)
    ,(#4307,#4308)
    ,(#4309,#4310)
    ,(#4311,#4312)
    ,(#4313,#4314)
    ,(#4315,#4316)
    ,(#4317,#4318)
    ,(#4319,#4320)
    ,(#4321,#4322)
    ,(#4323,#4324)
    ,(#4325,#4326)
    ,(#4327,#4328)
    ,(#4329,#4330)
    ,(#4331,#4332)
    ,(#4333,#4334)
    ,(#4335,#4336)
    ,(#4337,#4338)
    ,(#4339,#4340)
    ,(#4341,#4342
    )),.UNSPECIFIED.,.F.,.F.,.F.,(4,1,1,1,1,1,1,1,1,1,1,1,1,1,1,1,4),(2,
    2),(0.,7.378258718587E-02,0.144095652163,0.211372776945,
    0.276108573914,0.338559771335,0.399646477988,0.460022357923,
    0.520364180104,0.579989743327,0.638421673378,0.696329698138,
    0.753973538922,0.812784195164,0.872739820247,0.935174557152,1.),(0.,
    1.),.UNSPECIFIED.);
#4305 = CARTESIAN_POINT('',(-0.102194947507,-0.932414682413,
    3.702891850894));
#4306 = CARTESIAN_POINT('',(-0.102194947507,-0.932414682413,
    3.693657706877));
#4307 = CARTESIAN_POINT('',(-0.115696409894,-0.932158198291,
    3.702891850894));
#4308 = CARTESIAN_POINT('',(-0.115696409894,-0.932158198291,
    3.693657706877));
#4309 = CARTESIAN_POINT('',(-0.142064447422,-0.931657290853,
    3.702891850894));
#4310 = CARTESIAN_POINT('',(-0.142064447422,-0.931657290853,
    3.693657706877));
#4311 = CARTESIAN_POINT('',(-0.180549791208,-0.927351897126,
    3.702891850894));
#4312 = CARTESIAN_POINT('',(-0.180549791208,-0.927351897126,
    3.693657706877));
#4313 = CARTESIAN_POINT('',(-0.21694003594,-0.92038187969,3.702891850894
    ));
#4314 = CARTESIAN_POINT('',(-0.21694003594,-0.92038187969,3.693657706877
    ));
#4315 = CARTESIAN_POINT('',(-0.251194336301,-0.910572027092,
    3.702891850894));
#4316 = CARTESIAN_POINT('',(-0.251194336301,-0.910572027092,
    3.693657706877));
#4317 = CARTESIAN_POINT('',(-0.283263627243,-0.897849453127,
    3.702891850894));
#4318 = CARTESIAN_POINT('',(-0.283263627243,-0.897849453127,
    3.693657706877));
#4319 = CARTESIAN_POINT('',(-0.313175261428,-0.882312647768,
    3.702891850894));
#4320 = CARTESIAN_POINT('',(-0.313175261428,-0.882312647768,
    3.693657706877));
#4321 = CARTESIAN_POINT('',(-0.340961132789,-0.86391768649,
    3.702891850894));
#4322 = CARTESIAN_POINT('',(-0.340961132789,-0.86391768649,
    3.693657706877));
#4323 = CARTESIAN_POINT('',(-0.366423198649,-0.842839024514,
    3.702891850894));
#4324 = CARTESIAN_POINT('',(-0.366423198649,-0.842839024514,
    3.693657706877));
#4325 = CARTESIAN_POINT('',(-0.389282317285,-0.819461060543,
    3.702891850894));
#4326 = CARTESIAN_POINT('',(-0.389282317285,-0.819461060543,
    3.693657706877));
#4327 = CARTESIAN_POINT('',(-0.40930020621,-0.794174276005,
    3.702891850894));
#4328 = CARTESIAN_POINT('',(-0.40930020621,-0.794174276005,
    3.693657706877));
#4329 = CARTESIAN_POINT('',(-0.426279970596,-0.767173029412,
    3.702891850894));
#4330 = CARTESIAN_POINT('',(-0.426279970596,-0.767173029412,
    3.693657706877));
#4331 = CARTESIAN_POINT('',(-0.440120322201,-0.738361814314,
    3.702891850894));
#4332 = CARTESIAN_POINT('',(-0.440120322201,-0.738361814314,
    3.693657706877));
#4333 = CARTESIAN_POINT('',(-0.450870607025,-0.707859269276,
    3.702891850894));
#4334 = CARTESIAN_POINT('',(-0.450870607025,-0.707859269276,
    3.693657706877));
#4335 = CARTESIAN_POINT('',(-0.458391530006,-0.675521829123,
    3.702891850894));
#4336 = CARTESIAN_POINT('',(-0.458391530006,-0.675521829123,
    3.693657706877));
#4337 = CARTESIAN_POINT('',(-0.463053738272,-0.641520245985,
    3.702891850894));
#4338 = CARTESIAN_POINT('',(-0.463053738272,-0.641520245985,
    3.693657706877));
#4339 = CARTESIAN_POINT('',(-0.463653776065,-0.618232021229,
    3.702891850894));
#4340 = CARTESIAN_POINT('',(-0.463653776065,-0.618232021229,
    3.693657706877));
#4341 = CARTESIAN_POINT('',(-0.463959431108,-0.606369162903,
    3.702891850894));
#4342 = CARTESIAN_POINT('',(-0.463959431108,-0.606369162903,
    3.693657706877));
#4343 = ADVANCED_FACE('',(#4344),#4363,.T.);
#4344 = FACE_BOUND('',#4345,.T.);
#4345 = EDGE_LOOP('',(#4346,#4347,#4348,#4362));
#4346 = ORIENTED_EDGE('',*,*,#2054,.F.);
#4347 = ORIENTED_EDGE('',*,*,#4300,.F.);
#4348 = ORIENTED_EDGE('',*,*,#4349,.T.);
#4349 = EDGE_CURVE('',#4277,#3860,#4350,.T.);
#4350 = B_SPLINE_CURVE_WITH_KNOTS('',3,(#4351,#4352,#4353,#4354,#4355,
    #4356,#4357,#4358,#4359,#4360,#4361),.UNSPECIFIED.,.F.,.F.,(4,1,1,1,
    1,1,1,1,4),(0.,0.135294604763,0.266765657925,0.394816018836,
    0.520051654434,0.642175702971,0.762651820558,0.881834004381,1.),
  .UNSPECIFIED.);
#4351 = CARTESIAN_POINT('',(-0.463959431108,-0.606369162903,
    3.702891850894));
#4352 = CARTESIAN_POINT('',(-0.463813032483,-0.595218545646,
    3.702891850894));
#4353 = CARTESIAN_POINT('',(-0.463524372595,-0.573232437966,
    3.702891850894));
#4354 = CARTESIAN_POINT('',(-0.460562082327,-0.540809620602,
    3.702891850894));
#4355 = CARTESIAN_POINT('',(-0.456103635077,-0.509404085539,
    3.702891850894));
#4356 = CARTESIAN_POINT('',(-0.449541192354,-0.47915233639,
    3.702891850894));
#4357 = CARTESIAN_POINT('',(-0.441326495204,-0.449950654277,
    3.702891850894));
#4358 = CARTESIAN_POINT('',(-0.431008206252,-0.421964592736,
    3.702891850894));
#4359 = CARTESIAN_POINT('',(-0.419222586625,-0.394895107279,
    3.702891850894));
#4360 = CARTESIAN_POINT('',(-0.409619415189,-0.377845450415,
    3.702891850894));
#4361 = CARTESIAN_POINT('',(-0.404838387095,-0.369357120389,
    3.702891850894));
#4362 = ORIENTED_EDGE('',*,*,#3859,.T.);
#4363 = B_SPLINE_SURFACE_WITH_KNOTS('',3,1,(
    (#4364,#4365)
    ,(#4366,#4367)
    ,(#4368,#4369)
    ,(#4370,#4371)
    ,(#4372,#4373)
    ,(#4374,#4375)
    ,(#4376,#4377)
    ,(#4378,#4379)
    ,(#4380,#4381)
    ,(#4382,#4383)
    ,(#4384,#4385
  )),.UNSPECIFIED.,.F.,.F.,.F.,(4,1,1,1,1,1,1,1,4),(2,2),(0.,
    0.135294604763,0.266765657925,0.394816018836,0.520051654434,
    0.642175702971,0.762651820558,0.881834004381,1.),(0.,1.),
  .UNSPECIFIED.);
#4364 = CARTESIAN_POINT('',(-0.463959431108,-0.606369162903,
    3.702891850894));
#4365 = CARTESIAN_POINT('',(-0.463959431108,-0.606369162903,
    3.693657706877));
#4366 = CARTESIAN_POINT('',(-0.463813032483,-0.595218545646,
    3.702891850894));
#4367 = CARTESIAN_POINT('',(-0.463813032483,-0.595218545646,
    3.693657706877));
#4368 = CARTESIAN_POINT('',(-0.463524372595,-0.573232437966,
    3.702891850894));
#4369 = CARTESIAN_POINT('',(-0.463524372595,-0.573232437966,
    3.693657706877));
#4370 = CARTESIAN_POINT('',(-0.460562082327,-0.540809620602,
    3.702891850894));
#4371 = CARTESIAN_POINT('',(-0.460562082327,-0.540809620602,
    3.693657706877));
#4372 = CARTESIAN_POINT('',(-0.456103635077,-0.509404085539,
    3.702891850894));
#4373 = CARTESIAN_POINT('',(-0.456103635077,-0.509404085539,
    3.693657706877));
#4374 = CARTESIAN_POINT('',(-0.449541192354,-0.47915233639,
    3.702891850894));
#4375 = CARTESIAN_POINT('',(-0.449541192354,-0.47915233639,
    3.693657706877));
#4376 = CARTESIAN_POINT('',(-0.441326495204,-0.449950654277,
    3.702891850894));
#4377 = CARTESIAN_POINT('',(-0.441326495204,-0.449950654277,
    3.693657706877));
#4378 = CARTESIAN_POINT('',(-0.431008206252,-0.421964592736,
    3.702891850894));
#4379 = CARTESIAN_POINT('',(-0.431008206252,-0.421964592736,
    3.693657706877));
#4380 = CARTESIAN_POINT('',(-0.419222586625,-0.394895107279,
    3.702891850894));
#4381 = CARTESIAN_POINT('',(-0.419222586625,-0.394895107279,
    3.693657706877));
#4382 = CARTESIAN_POINT('',(-0.409619415189,-0.377845450415,
    3.702891850894));
#4383 = CARTESIAN_POINT('',(-0.409619415189,-0.377845450415,
    3.693657706877));
#4384 = CARTESIAN_POINT('',(-0.404838387095,-0.369357120389,
    3.702891850894));
#4385 = CARTESIAN_POINT('',(-0.404838387095,-0.369357120389,
    3.693657706877));
#4386 = ADVANCED_FACE('',(#4387),#4399,.T.);
#4387 = FACE_BOUND('',#4388,.T.);
#4388 = EDGE_LOOP('',(#4389,#4390,#4391,#4392,#4393,#4394,#4395,#4396,
    #4397,#4398));
#4389 = ORIENTED_EDGE('',*,*,#3866,.F.);
#4390 = ORIENTED_EDGE('',*,*,#4349,.F.);
#4391 = ORIENTED_EDGE('',*,*,#4276,.F.);
#4392 = ORIENTED_EDGE('',*,*,#4203,.F.);
#4393 = ORIENTED_EDGE('',*,*,#4154,.F.);
#4394 = ORIENTED_EDGE('',*,*,#4132,.F.);
#4395 = ORIENTED_EDGE('',*,*,#4083,.F.);
#4396 = ORIENTED_EDGE('',*,*,#4010,.F.);
#4397 = ORIENTED_EDGE('',*,*,#3937,.F.);
#4398 = ORIENTED_EDGE('',*,*,#3888,.F.);
#4399 = B_SPLINE_SURFACE_WITH_KNOTS('',1,1,(
    (#4400,#4401)
    ,(#4402,#4403
    )),.UNSPECIFIED.,.F.,.F.,.F.,(2,2),(2,2),(-0.933126484213,
    1.281021998676E-02),(-0.563942468082,0.122987757587),
  .PIECEWISE_BEZIER_KNOTS.);
#4400 = CARTESIAN_POINT('',(0.380626911928,-1.056287346058,
    3.702891850894));
#4401 = CARTESIAN_POINT('',(0.380626911928,-0.369357120389,
    3.702891850894));
#4402 = CARTESIAN_POINT('',(-0.565309792272,-1.056287346058,
    3.702891850894));
#4403 = CARTESIAN_POINT('',(-0.565309792272,-0.369357120389,
    3.702891850894));
#4404 = ADVANCED_FACE('',(#4405),#4427,.T.);
#4405 = FACE_BOUND('',#4406,.T.);
#4406 = EDGE_LOOP('',(#4407,#4408,#4415,#4422));
#4407 = ORIENTED_EDGE('',*,*,#2340,.F.);
#4408 = ORIENTED_EDGE('',*,*,#4409,.F.);
#4409 = EDGE_CURVE('',#4410,#2341,#4412,.T.);
#4410 = VERTEX_POINT('',#4411);
#4411 = CARTESIAN_POINT('',(-0.452698279867,-1.135115404741,
    3.702891850894));
#4412 = B_SPLINE_CURVE_WITH_KNOTS('',1,(#4413,#4414),.UNSPECIFIED.,.F.,
  .F.,(2,2),(-0.,9.234144017192E-03),.PIECEWISE_BEZIER_KNOTS.);
#4413 = CARTESIAN_POINT('',(-0.452698279867,-1.135115404741,
    3.702891850894));
#4414 = CARTESIAN_POINT('',(-0.452698279867,-1.135115404741,
    3.693657706877));
#4415 = ORIENTED_EDGE('',*,*,#4416,.T.);
#4416 = EDGE_CURVE('',#4410,#4417,#4419,.T.);
#4417 = VERTEX_POINT('',#4418);
#4418 = CARTESIAN_POINT('',(-0.554048641031,-1.135115404741,
    3.702891850894));
#4419 = B_SPLINE_CURVE_WITH_KNOTS('',1,(#4420,#4421),.UNSPECIFIED.,.F.,
  .F.,(2,2),(0.,0.101350361164),.PIECEWISE_BEZIER_KNOTS.);
#4420 = CARTESIAN_POINT('',(-0.452698279867,-1.135115404741,
    3.702891850894));
#4421 = CARTESIAN_POINT('',(-0.554048641031,-1.135115404741,
    3.702891850894));
#4422 = ORIENTED_EDGE('',*,*,#4423,.T.);
#4423 = EDGE_CURVE('',#4417,#2343,#4424,.T.);
#4424 = B_SPLINE_CURVE_WITH_KNOTS('',1,(#4425,#4426),.UNSPECIFIED.,.F.,
  .F.,(2,2),(-0.,9.234144017192E-03),.PIECEWISE_BEZIER_KNOTS.);
#4425 = CARTESIAN_POINT('',(-0.554048641031,-1.135115404741,
    3.702891850894));
#4426 = CARTESIAN_POINT('',(-0.554048641031,-1.135115404741,
    3.693657706877));
#4427 = B_SPLINE_SURFACE_WITH_KNOTS('',1,1,(
    (#4428,#4429)
    ,(#4430,#4431
    )),.UNSPECIFIED.,.F.,.F.,.F.,(2,2),(2,2),(0.,9.234144017192E-03),(
    -0.101350361164,0.),.PIECEWISE_BEZIER_KNOTS.);
#4428 = CARTESIAN_POINT('',(-0.554048641031,-1.135115404741,
    3.702891850894));
#4429 = CARTESIAN_POINT('',(-0.452698279867,-1.135115404741,
    3.702891850894));
#4430 = CARTESIAN_POINT('',(-0.554048641031,-1.135115404741,
    3.693657706877));
#4431 = CARTESIAN_POINT('',(-0.452698279867,-1.135115404741,
    3.693657706877));
#4432 = ADVANCED_FACE('',(#4433),#4449,.T.);
#4433 = FACE_BOUND('',#4434,.T.);
#4434 = EDGE_LOOP('',(#4435,#4436,#4437,#4444));
#4435 = ORIENTED_EDGE('',*,*,#2349,.F.);
#4436 = ORIENTED_EDGE('',*,*,#4423,.F.);
#4437 = ORIENTED_EDGE('',*,*,#4438,.T.);
#4438 = EDGE_CURVE('',#4417,#4439,#4441,.T.);
#4439 = VERTEX_POINT('',#4440);
#4440 = CARTESIAN_POINT('',(-0.554048641031,-1.608083756841,
    3.702891850894));
#4441 = B_SPLINE_CURVE_WITH_KNOTS('',1,(#4442,#4443),.UNSPECIFIED.,.F.,
  .F.,(2,2),(0.,0.4729683521),.PIECEWISE_BEZIER_KNOTS.);
#4442 = CARTESIAN_POINT('',(-0.554048641031,-1.135115404741,
    3.702891850894));
#4443 = CARTESIAN_POINT('',(-0.554048641031,-1.608083756841,
    3.702891850894));
#4444 = ORIENTED_EDGE('',*,*,#4445,.T.);
#4445 = EDGE_CURVE('',#4439,#2350,#4446,.T.);
#4446 = B_SPLINE_CURVE_WITH_KNOTS('',1,(#4447,#4448),.UNSPECIFIED.,.F.,
  .F.,(2,2),(-0.,9.234144017192E-03),.PIECEWISE_BEZIER_KNOTS.);
#4447 = CARTESIAN_POINT('',(-0.554048641031,-1.608083756841,
    3.702891850894));
#4448 = CARTESIAN_POINT('',(-0.554048641031,-1.608083756841,
    3.693657706877));
#4449 = B_SPLINE_SURFACE_WITH_KNOTS('',1,1,(
    (#4450,#4451)
    ,(#4452,#4453
    )),.UNSPECIFIED.,.F.,.F.,.F.,(2,2),(2,2),(0.,9.234144017192E-03),(
    -0.4729683521,0.),.PIECEWISE_BEZIER_KNOTS.);
#4450 = CARTESIAN_POINT('',(-0.554048641031,-1.608083756841,
    3.702891850894));
#4451 = CARTESIAN_POINT('',(-0.554048641031,-1.135115404741,
    3.702891850894));
#4452 = CARTESIAN_POINT('',(-0.554048641031,-1.608083756841,
    3.693657706877));
#4453 = CARTESIAN_POINT('',(-0.554048641031,-1.135115404741,
    3.693657706877));
#4454 = ADVANCED_FACE('',(#4455),#4471,.T.);
#4455 = FACE_BOUND('',#4456,.T.);
#4456 = EDGE_LOOP('',(#4457,#4458,#4459,#4466));
#4457 = ORIENTED_EDGE('',*,*,#2356,.F.);
#4458 = ORIENTED_EDGE('',*,*,#4445,.F.);
#4459 = ORIENTED_EDGE('',*,*,#4460,.T.);
#4460 = EDGE_CURVE('',#4439,#4461,#4463,.T.);
#4461 = VERTEX_POINT('',#4462);
#4462 = CARTESIAN_POINT('',(0.369365760688,-1.608083756841,
    3.702891850894));
#4463 = B_SPLINE_CURVE_WITH_KNOTS('',1,(#4464,#4465),.UNSPECIFIED.,.F.,
  .F.,(2,2),(0.,0.923414401719),.PIECEWISE_BEZIER_KNOTS.);
#4464 = CARTESIAN_POINT('',(-0.554048641031,-1.608083756841,
    3.702891850894));
#4465 = CARTESIAN_POINT('',(0.369365760688,-1.608083756841,
    3.702891850894));
#4466 = ORIENTED_EDGE('',*,*,#4467,.T.);
#4467 = EDGE_CURVE('',#4461,#2357,#4468,.T.);
#4468 = B_SPLINE_CURVE_WITH_KNOTS('',1,(#4469,#4470),.UNSPECIFIED.,.F.,
  .F.,(2,2),(-0.,9.234144017192E-03),.PIECEWISE_BEZIER_KNOTS.);
#4469 = CARTESIAN_POINT('',(0.369365760688,-1.608083756841,
    3.702891850894));
#4470 = CARTESIAN_POINT('',(0.369365760688,-1.608083756841,
    3.693657706877));
#4471 = B_SPLINE_SURFACE_WITH_KNOTS('',1,1,(
    (#4472,#4473)
    ,(#4474,#4475
    )),.UNSPECIFIED.,.F.,.F.,.F.,(2,2),(2,2),(-9.234144017192E-03,0.),(
    0.,0.923414401719),.PIECEWISE_BEZIER_KNOTS.);
#4472 = CARTESIAN_POINT('',(-0.554048641031,-1.608083756841,
    3.693657706877));
#4473 = CARTESIAN_POINT('',(0.369365760688,-1.608083756841,
    3.693657706877));
#4474 = CARTESIAN_POINT('',(-0.554048641031,-1.608083756841,
    3.702891850894));
#4475 = CARTESIAN_POINT('',(0.369365760688,-1.608083756841,
    3.702891850894));
#4476 = ADVANCED_FACE('',(#4477),#4493,.T.);
#4477 = FACE_BOUND('',#4478,.T.);
#4478 = EDGE_LOOP('',(#4479,#4480,#4481,#4488));
#4479 = ORIENTED_EDGE('',*,*,#2363,.F.);
#4480 = ORIENTED_EDGE('',*,*,#4467,.F.);
#4481 = ORIENTED_EDGE('',*,*,#4482,.T.);
#4482 = EDGE_CURVE('',#4461,#4483,#4485,.T.);
#4483 = VERTEX_POINT('',#4484);
#4484 = CARTESIAN_POINT('',(0.369365760688,-1.484211093196,
    3.702891850894));
#4485 = B_SPLINE_CURVE_WITH_KNOTS('',1,(#4486,#4487),.UNSPECIFIED.,.F.,
  .F.,(2,2),(0.,0.123872663645),.PIECEWISE_BEZIER_KNOTS.);
#4486 = CARTESIAN_POINT('',(0.369365760688,-1.608083756841,
    3.702891850894));
#4487 = CARTESIAN_POINT('',(0.369365760688,-1.484211093196,
    3.702891850894));
#4488 = ORIENTED_EDGE('',*,*,#4489,.T.);
#4489 = EDGE_CURVE('',#4483,#2364,#4490,.T.);
#4490 = B_SPLINE_CURVE_WITH_KNOTS('',1,(#4491,#4492),.UNSPECIFIED.,.F.,
  .F.,(2,2),(-0.,9.234144017192E-03),.PIECEWISE_BEZIER_KNOTS.);
#4491 = CARTESIAN_POINT('',(0.369365760688,-1.484211093196,
    3.702891850894));
#4492 = CARTESIAN_POINT('',(0.369365760688,-1.484211093196,
    3.693657706877));
#4493 = B_SPLINE_SURFACE_WITH_KNOTS('',1,1,(
    (#4494,#4495)
    ,(#4496,#4497
    )),.UNSPECIFIED.,.F.,.F.,.F.,(2,2),(2,2),(-9.234144017192E-03,0.),(
    0.,0.123872663645),.PIECEWISE_BEZIER_KNOTS.);
#4494 = CARTESIAN_POINT('',(0.369365760688,-1.608083756841,
    3.693657706877));
#4495 = CARTESIAN_POINT('',(0.369365760688,-1.484211093196,
    3.693657706877));
#4496 = CARTESIAN_POINT('',(0.369365760688,-1.608083756841,
    3.702891850894));
#4497 = CARTESIAN_POINT('',(0.369365760688,-1.484211093196,
    3.702891850894));
#4498 = ADVANCED_FACE('',(#4499),#4515,.T.);
#4499 = FACE_BOUND('',#4500,.T.);
#4500 = EDGE_LOOP('',(#4501,#4502,#4503,#4510));
#4501 = ORIENTED_EDGE('',*,*,#2370,.F.);
#4502 = ORIENTED_EDGE('',*,*,#4489,.F.);
#4503 = ORIENTED_EDGE('',*,*,#4504,.T.);
#4504 = EDGE_CURVE('',#4483,#4505,#4507,.T.);
#4505 = VERTEX_POINT('',#4506);
#4506 = CARTESIAN_POINT('',(-0.452698279867,-1.484211093196,
    3.702891850894));
#4507 = B_SPLINE_CURVE_WITH_KNOTS('',1,(#4508,#4509),.UNSPECIFIED.,.F.,
  .F.,(2,2),(0.,0.822064040555),.PIECEWISE_BEZIER_KNOTS.);
#4508 = CARTESIAN_POINT('',(0.369365760688,-1.484211093196,
    3.702891850894));
#4509 = CARTESIAN_POINT('',(-0.452698279867,-1.484211093196,
    3.702891850894));
#4510 = ORIENTED_EDGE('',*,*,#4511,.T.);
#4511 = EDGE_CURVE('',#4505,#2371,#4512,.T.);
#4512 = B_SPLINE_CURVE_WITH_KNOTS('',1,(#4513,#4514),.UNSPECIFIED.,.F.,
  .F.,(2,2),(-0.,9.234144017192E-03),.PIECEWISE_BEZIER_KNOTS.);
#4513 = CARTESIAN_POINT('',(-0.452698279867,-1.484211093196,
    3.702891850894));
#4514 = CARTESIAN_POINT('',(-0.452698279867,-1.484211093196,
    3.693657706877));
#4515 = B_SPLINE_SURFACE_WITH_KNOTS('',1,1,(
    (#4516,#4517)
    ,(#4518,#4519
    )),.UNSPECIFIED.,.F.,.F.,.F.,(2,2),(2,2),(0.,9.234144017192E-03),(
    -0.822064040555,0.),.PIECEWISE_BEZIER_KNOTS.);
#4516 = CARTESIAN_POINT('',(-0.452698279867,-1.484211093196,
    3.702891850894));
#4517 = CARTESIAN_POINT('',(0.369365760688,-1.484211093196,
    3.702891850894));
#4518 = CARTESIAN_POINT('',(-0.452698279867,-1.484211093196,
    3.693657706877));
#4519 = CARTESIAN_POINT('',(0.369365760688,-1.484211093196,
    3.693657706877));
#4520 = ADVANCED_FACE('',(#4521),#4531,.T.);
#4521 = FACE_BOUND('',#4522,.T.);
#4522 = EDGE_LOOP('',(#4523,#4524,#4525,#4530));
#4523 = ORIENTED_EDGE('',*,*,#2377,.F.);
#4524 = ORIENTED_EDGE('',*,*,#4511,.F.);
#4525 = ORIENTED_EDGE('',*,*,#4526,.T.);
#4526 = EDGE_CURVE('',#4505,#4410,#4527,.T.);
#4527 = B_SPLINE_CURVE_WITH_KNOTS('',1,(#4528,#4529),.UNSPECIFIED.,.F.,
  .F.,(2,2),(0.,0.349095688455),.PIECEWISE_BEZIER_KNOTS.);
#4528 = CARTESIAN_POINT('',(-0.452698279867,-1.484211093196,
    3.702891850894));
#4529 = CARTESIAN_POINT('',(-0.452698279867,-1.135115404741,
    3.702891850894));
#4530 = ORIENTED_EDGE('',*,*,#4409,.T.);
#4531 = B_SPLINE_SURFACE_WITH_KNOTS('',1,1,(
    (#4532,#4533)
    ,(#4534,#4535
    )),.UNSPECIFIED.,.F.,.F.,.F.,(2,2),(2,2),(-9.234144017192E-03,0.),(
    0.,0.349095688455),.PIECEWISE_BEZIER_KNOTS.);
#4532 = CARTESIAN_POINT('',(-0.452698279867,-1.484211093196,
    3.693657706877));
#4533 = CARTESIAN_POINT('',(-0.452698279867,-1.135115404741,
    3.693657706877));
#4534 = CARTESIAN_POINT('',(-0.452698279867,-1.484211093196,
    3.702891850894));
#4535 = CARTESIAN_POINT('',(-0.452698279867,-1.135115404741,
    3.702891850894));
#4536 = ADVANCED_FACE('',(#4537),#4545,.F.);
#4537 = FACE_BOUND('',#4538,.T.);
#4538 = EDGE_LOOP('',(#4539,#4540,#4541,#4542,#4543,#4544));
#4539 = ORIENTED_EDGE('',*,*,#4416,.F.);
#4540 = ORIENTED_EDGE('',*,*,#4526,.F.);
#4541 = ORIENTED_EDGE('',*,*,#4504,.F.);
#4542 = ORIENTED_EDGE('',*,*,#4482,.F.);
#4543 = ORIENTED_EDGE('',*,*,#4460,.F.);
#4544 = ORIENTED_EDGE('',*,*,#4438,.F.);
#4545 = B_SPLINE_SURFACE_WITH_KNOTS('',1,1,(
    (#4546,#4547)
    ,(#4548,#4549
    )),.UNSPECIFIED.,.F.,.F.,.F.,(2,2),(2,2),(-0.554048641031,
    0.369365760688),(-1.608083756841,-1.135115404741),
  .PIECEWISE_BEZIER_KNOTS.);
#4546 = CARTESIAN_POINT('',(-0.554048641031,-1.608083756841,
    3.702891850894));
#4547 = CARTESIAN_POINT('',(-0.554048641031,-1.135115404741,
    3.702891850894));
#4548 = CARTESIAN_POINT('',(0.369365760688,-1.608083756841,
    3.702891850894));
#4549 = CARTESIAN_POINT('',(0.369365760688,-1.135115404741,
    3.702891850894));
#4550 = ADVANCED_FACE('',(#4551),#4559,.F.);
#4551 = FACE_BOUND('',#4552,.T.);
#4552 = EDGE_LOOP('',(#4553,#4554,#4555,#4556,#4557,#4558));
#4553 = ORIENTED_EDGE('',*,*,#2904,.T.);
#4554 = ORIENTED_EDGE('',*,*,#3050,.T.);
#4555 = ORIENTED_EDGE('',*,*,#3013,.T.);
#4556 = ORIENTED_EDGE('',*,*,#2991,.T.);
#4557 = ORIENTED_EDGE('',*,*,#2954,.T.);
#4558 = ORIENTED_EDGE('',*,*,#2932,.T.);
#4559 = B_SPLINE_SURFACE_WITH_KNOTS('',1,1,(
    (#4560,#4561)
    ,(#4562,#4563
    )),.UNSPECIFIED.,.F.,.F.,.F.,(2,2),(2,2),(-0.193691801336,
    0.256754248283),(1.551724899041,1.860526780714),
  .PIECEWISE_BEZIER_KNOTS.);
#4560 = CARTESIAN_POINT('',(-0.193691801336,1.551724899041,
    3.693657706877));
#4561 = CARTESIAN_POINT('',(-0.193691801336,1.860526780714,
    3.693657706877));
#4562 = CARTESIAN_POINT('',(0.256754248283,1.551724899041,3.693657706877
    ));
#4563 = CARTESIAN_POINT('',(0.256754248283,1.860526780714,3.693657706877
    ));
#4564 = ADVANCED_FACE('',(#4565),#4572,.F.);
#4565 = FACE_BOUND('',#4566,.T.);
#4566 = EDGE_LOOP('',(#4567,#4568,#4569,#4570,#4571));
#4567 = ORIENTED_EDGE('',*,*,#3362,.T.);
#4568 = ORIENTED_EDGE('',*,*,#3558,.T.);
#4569 = ORIENTED_EDGE('',*,*,#3536,.T.);
#4570 = ORIENTED_EDGE('',*,*,#3463,.T.);
#4571 = ORIENTED_EDGE('',*,*,#3390,.T.);
#4572 = B_SPLINE_SURFACE_WITH_KNOTS('',1,1,(
    (#4573,#4574)
    ,(#4575,#4576
    )),.UNSPECIFIED.,.F.,.F.,.F.,(2,2),(2,2),(-0.452698279867,
    0.268015399523),(0.610363037533,1.105853692114),
  .PIECEWISE_BEZIER_KNOTS.);
#4573 = CARTESIAN_POINT('',(-0.452698279867,0.610363037533,
    3.693657706877));
#4574 = CARTESIAN_POINT('',(-0.452698279867,1.105853692114,
    3.693657706877));
#4575 = CARTESIAN_POINT('',(0.268015399523,0.610363037533,3.693657706877
    ));
#4576 = CARTESIAN_POINT('',(0.268015399523,1.105853692114,3.693657706877
    ));
#4577 = ADVANCED_FACE('',(#4578),#4591,.T.);
#4578 = FACE_BOUND('',#4579,.T.);
#4579 = EDGE_LOOP('',(#4580,#4581,#4589,#4590));
#4580 = ORIENTED_EDGE('',*,*,#136,.F.);
#4581 = ORIENTED_EDGE('',*,*,#4582,.F.);
#4582 = EDGE_CURVE('',#127,#125,#4583,.T.);
#4583 = ( BOUNDED_CURVE() B_SPLINE_CURVE(2,(#4584,#4585,#4586,#4587,
#4588),.UNSPECIFIED.,.F.,.F.) B_SPLINE_CURVE_WITH_KNOTS((3,2,3),(
    3.14159265359,4.712388980385,6.28318530718),
.PIECEWISE_BEZIER_KNOTS.) CURVE() GEOMETRIC_REPRESENTATION_ITEM() 
RATIONAL_B_SPLINE_CURVE((1.,0.707106781187,1.,0.707106781187,1.)) 
REPRESENTATION_ITEM('') );
#4584 = CARTESIAN_POINT('',(3.370462566275,4.523425965408E-17,
    9.999999983634E-08));
#4585 = CARTESIAN_POINT('',(3.370462566275,-0.369365760688,
    9.999999983634E-08));
#4586 = CARTESIAN_POINT('',(3.001096805587,-0.369365760688,
    9.999999983634E-08));
#4587 = CARTESIAN_POINT('',(2.6317310449,-0.369365760688,
    9.999999983634E-08));
#4588 = CARTESIAN_POINT('',(2.6317310449,-9.046851930816E-17,
    9.999999983634E-08));
#4589 = ORIENTED_EDGE('',*,*,#153,.T.);
#4590 = ORIENTED_EDGE('',*,*,#2591,.T.);
#4591 = ( BOUNDED_SURFACE() B_SPLINE_SURFACE(2,1,(
    (#4592,#4593)
    ,(#4594,#4595)
    ,(#4596,#4597)
    ,(#4598,#4599)
    ,(#4600,#4601
)),.UNSPECIFIED.,.F.,.F.,.F.) B_SPLINE_SURFACE_WITH_KNOTS((3,2,3),(2,2),
  (3.14159265359,4.712388980385,6.28318530718),(0.,3.231950406017),
.PIECEWISE_BEZIER_KNOTS.) GEOMETRIC_REPRESENTATION_ITEM() 
RATIONAL_B_SPLINE_SURFACE((
    (1.,1.)
    ,(0.707106781187,0.707106781187)
    ,(1.,1.)
    ,(0.707106781187,0.707106781187)
,(1.,1.))) REPRESENTATION_ITEM('') SURFACE() );
#4592 = CARTESIAN_POINT('',(2.6317310449,4.523425965408E-17,
    9.999999983634E-08));
#4593 = CARTESIAN_POINT('',(2.6317310449,4.523425965408E-17,
    3.231950506017));
#4594 = CARTESIAN_POINT('',(2.6317310449,-0.369365760688,
    9.999999983634E-08));
#4595 = CARTESIAN_POINT('',(2.6317310449,-0.369365760688,3.231950506017)
  );
#4596 = CARTESIAN_POINT('',(3.001096805587,-0.369365760688,
    9.999999983634E-08));
#4597 = CARTESIAN_POINT('',(3.001096805587,-0.369365760688,
    3.231950506017));
#4598 = CARTESIAN_POINT('',(3.370462566275,-0.369365760688,
    9.999999983634E-08));
#4599 = CARTESIAN_POINT('',(3.370462566275,-0.369365760688,
    3.231950506017));
#4600 = CARTESIAN_POINT('',(3.370462566275,-9.046851930816E-17,
    9.999999983634E-08));
#4601 = CARTESIAN_POINT('',(3.370462566275,-9.046851930816E-17,
    3.231950506017));
#4602 = ADVANCED_FACE('',(#4603),#4607,.T.);
#4603 = FACE_BOUND('',#4604,.T.);
#4604 = EDGE_LOOP('',(#4605,#4606));
#4605 = ORIENTED_EDGE('',*,*,#4582,.T.);
#4606 = ORIENTED_EDGE('',*,*,#124,.T.);
#4607 = B_SPLINE_SURFACE_WITH_KNOTS('',1,1,(
    (#4608,#4609)
    ,(#4610,#4611
    )),.UNSPECIFIED.,.F.,.F.,.F.,(2,2),(2,2),(-0.369365760688,
    0.369365760688),(-0.369365760688,0.369365760688),
  .PIECEWISE_BEZIER_KNOTS.);
#4608 = CARTESIAN_POINT('',(3.370462566275,-0.369365760688,
    9.999999983634E-08));
#4609 = CARTESIAN_POINT('',(3.370462566275,0.369365760688,
    9.999999983634E-08));
#4610 = CARTESIAN_POINT('',(2.6317310449,-0.369365760688,
    9.999999983634E-08));
#4611 = CARTESIAN_POINT('',(2.6317310449,0.369365760688,
    9.999999983634E-08));
#4612 = ADVANCED_FACE('',(#4613),#4626,.T.);
#4613 = FACE_BOUND('',#4614,.T.);
#4614 = EDGE_LOOP('',(#4615,#4616,#4624,#4625));
#4615 = ORIENTED_EDGE('',*,*,#88,.F.);
#4616 = ORIENTED_EDGE('',*,*,#4617,.F.);
#4617 = EDGE_CURVE('',#79,#77,#4618,.T.);
#4618 = ( BOUNDED_CURVE() B_SPLINE_CURVE(2,(#4619,#4620,#4621,#4622,
#4623),.UNSPECIFIED.,.F.,.F.) B_SPLINE_CURVE_WITH_KNOTS((3,2,3),(
    3.14159265359,4.712388980385,6.28318530718),
.PIECEWISE_BEZIER_KNOTS.) CURVE() GEOMETRIC_REPRESENTATION_ITEM() 
RATIONAL_B_SPLINE_CURVE((1.,0.707106781187,1.,0.707106781187,1.)) 
REPRESENTATION_ITEM('') );
#4619 = CARTESIAN_POINT('',(-2.6317310449,1.147819338722E-15,
    9.999999983634E-08));
#4620 = CARTESIAN_POINT('',(-2.6317310449,-0.369365760688,
    9.999999983634E-08));
#4621 = CARTESIAN_POINT('',(-3.001096805587,-0.369365760688,
    9.999999983634E-08));
#4622 = CARTESIAN_POINT('',(-3.370462566275,-0.369365760688,
    9.999999983634E-08));
#4623 = CARTESIAN_POINT('',(-3.370462566275,1.01211655976E-15,
    9.999999983634E-08));
#4624 = ORIENTED_EDGE('',*,*,#105,.T.);
#4625 = ORIENTED_EDGE('',*,*,#2637,.T.);
#4626 = ( BOUNDED_SURFACE() B_SPLINE_SURFACE(2,1,(
    (#4627,#4628)
    ,(#4629,#4630)
    ,(#4631,#4632)
    ,(#4633,#4634)
    ,(#4635,#4636
)),.UNSPECIFIED.,.F.,.F.,.F.) B_SPLINE_SURFACE_WITH_KNOTS((3,2,3),(2,2),
  (3.14159265359,4.712388980385,6.28318530718),(0.,3.231950406017),
.PIECEWISE_BEZIER_KNOTS.) GEOMETRIC_REPRESENTATION_ITEM() 
RATIONAL_B_SPLINE_SURFACE((
    (1.,1.)
    ,(0.707106781187,0.707106781187)
    ,(1.,1.)
    ,(0.707106781187,0.707106781187)
,(1.,1.))) REPRESENTATION_ITEM('') SURFACE() );
#4627 = CARTESIAN_POINT('',(-3.370462566275,1.147819338722E-15,
    9.999999983634E-08));
#4628 = CARTESIAN_POINT('',(-3.370462566275,1.147819338722E-15,
    3.231950506017));
#4629 = CARTESIAN_POINT('',(-3.370462566275,-0.369365760688,
    9.999999983634E-08));
#4630 = CARTESIAN_POINT('',(-3.370462566275,-0.369365760688,
    3.231950506017));
#4631 = CARTESIAN_POINT('',(-3.001096805587,-0.369365760688,
    9.999999983634E-08));
#4632 = CARTESIAN_POINT('',(-3.001096805587,-0.369365760688,
    3.231950506017));
#4633 = CARTESIAN_POINT('',(-2.6317310449,-0.369365760688,
    9.999999983634E-08));
#4634 = CARTESIAN_POINT('',(-2.6317310449,-0.369365760688,3.231950506017
    ));
#4635 = CARTESIAN_POINT('',(-2.6317310449,1.01211655976E-15,
    9.999999983634E-08));
#4636 = CARTESIAN_POINT('',(-2.6317310449,1.01211655976E-15,
    3.231950506017));
#4637 = ADVANCED_FACE('',(#4638),#4642,.T.);
#4638 = FACE_BOUND('',#4639,.T.);
#4639 = EDGE_LOOP('',(#4640,#4641));
#4640 = ORIENTED_EDGE('',*,*,#4617,.T.);
#4641 = ORIENTED_EDGE('',*,*,#76,.T.);
#4642 = B_SPLINE_SURFACE_WITH_KNOTS('',1,1,(
    (#4643,#4644)
    ,(#4645,#4646
    )),.UNSPECIFIED.,.F.,.F.,.F.,(2,2),(2,2),(-0.369365760688,
    0.369365760688),(-0.369365760688,0.369365760688),
  .PIECEWISE_BEZIER_KNOTS.);
#4643 = CARTESIAN_POINT('',(-2.6317310449,-0.369365760688,
    9.999999983634E-08));
#4644 = CARTESIAN_POINT('',(-2.6317310449,0.369365760688,
    9.999999983634E-08));
#4645 = CARTESIAN_POINT('',(-3.370462566275,-0.369365760688,
    9.999999983634E-08));
#4646 = CARTESIAN_POINT('',(-3.370462566275,0.369365760688,
    9.999999983634E-08));
#4647 = ADVANCED_FACE('',(#4648),#4654,.T.);
#4648 = FACE_BOUND('',#4649,.T.);
#4649 = EDGE_LOOP('',(#4650,#4651,#4652,#4653));
#4650 = ORIENTED_EDGE('',*,*,#33,.F.);
#4651 = ORIENTED_EDGE('',*,*,#2391,.F.);
#4652 = ORIENTED_EDGE('',*,*,#51,.T.);
#4653 = ORIENTED_EDGE('',*,*,#1121,.F.);
#4654 = ( BOUNDED_SURFACE() B_SPLINE_SURFACE(2,2,(
    (#4655,#4656,#4657)
    ,(#4658,#4659,#4660)
    ,(#4661,#4662,#4663)
    ,(#4664,#4665,#4666)
    ,(#4667,#4668,#4669
)),.UNSPECIFIED.,.F.,.F.,.F.) B_SPLINE_SURFACE_WITH_KNOTS((3,2,3),(3,3),
  (3.14159265359,4.712388980385,6.28318530718),(0.,1.570796326795),
.PIECEWISE_BEZIER_KNOTS.) GEOMETRIC_REPRESENTATION_ITEM() 
RATIONAL_B_SPLINE_SURFACE((
    (1.,0.707106781187,1.)
    ,(0.707106781187,0.5,0.707106781187)
    ,(1.,0.707106781187,1.)
    ,(0.707106781187,0.5,0.707106781187)
,(1.,0.707106781187,1.))) REPRESENTATION_ITEM('') SURFACE() );
#4655 = CARTESIAN_POINT('',(-5.771340010745,7.06785307095E-16,
    9.234144117192));
#4656 = CARTESIAN_POINT('',(-5.771340010745,7.06785307095E-16,
    9.695851318051));
#4657 = CARTESIAN_POINT('',(-5.309632809885,6.502424825274E-16,
    9.695851318051));
#4658 = CARTESIAN_POINT('',(-5.771340010745,-5.771340010745,
    9.234144117192));
#4659 = CARTESIAN_POINT('',(-5.771340010745,-5.771340010745,
    9.695851318051));
#4660 = CARTESIAN_POINT('',(-5.309632809885,-5.309632809885,
    9.695851318051));
#4661 = CARTESIAN_POINT('',(-1.060177960642E-15,-5.771340010745,
    9.234144117192));
#4662 = CARTESIAN_POINT('',(-1.060177960642E-15,-5.771340010745,
    9.695851318051));
#4663 = CARTESIAN_POINT('',(-9.753637237911E-16,-5.309632809885,
    9.695851318051));
#4664 = CARTESIAN_POINT('',(5.771340010745,-5.771340010745,
    9.234144117192));
#4665 = CARTESIAN_POINT('',(5.771340010745,-5.771340010745,
    9.695851318051));
#4666 = CARTESIAN_POINT('',(5.309632809885,-5.309632809885,
    9.695851318051));
#4667 = CARTESIAN_POINT('',(5.771340010745,-1.41357061419E-15,
    9.234144117192));
#4668 = CARTESIAN_POINT('',(5.771340010745,-1.41357061419E-15,
    9.695851318051));
#4669 = CARTESIAN_POINT('',(5.309632809885,-1.300484965055E-15,
    9.695851318051));
#4670 = ADVANCED_FACE('',(#4671),#4693,.F.);
#4671 = FACE_BOUND('',#4672,.T.);
#4672 = EDGE_LOOP('',(#4673,#4674,#4681,#4688));
#4673 = ORIENTED_EDGE('',*,*,#1151,.T.);
#4674 = ORIENTED_EDGE('',*,*,#4675,.F.);
#4675 = EDGE_CURVE('',#4676,#1143,#4678,.T.);
#4676 = VERTEX_POINT('',#4677);
#4677 = CARTESIAN_POINT('',(0.624375437929,4.320652472427,9.705085462068
    ));
#4678 = B_SPLINE_CURVE_WITH_KNOTS('',1,(#4679,#4680),.UNSPECIFIED.,.F.,
  .F.,(2,2),(-0.,9.234144017191E-03),.PIECEWISE_BEZIER_KNOTS.);
#4679 = CARTESIAN_POINT('',(0.624375437929,4.320652472427,9.705085462068
    ));
#4680 = CARTESIAN_POINT('',(0.624375437929,4.320652472427,9.695851318051
    ));
#4681 = ORIENTED_EDGE('',*,*,#4682,.F.);
#4682 = EDGE_CURVE('',#4683,#4676,#4685,.T.);
#4683 = VERTEX_POINT('',#4684);
#4684 = CARTESIAN_POINT('',(0.624375437929,4.292818378108,9.705085462068
    ));
#4685 = B_SPLINE_CURVE_WITH_KNOTS('',1,(#4686,#4687),.UNSPECIFIED.,.F.,
  .F.,(2,2),(-2.783409431819E-02,0.),.PIECEWISE_BEZIER_KNOTS.);
#4686 = CARTESIAN_POINT('',(0.624375437929,4.292818378108,9.705085462068
    ));
#4687 = CARTESIAN_POINT('',(0.624375437929,4.320652472427,9.705085462068
    ));
#4688 = ORIENTED_EDGE('',*,*,#4689,.T.);
#4689 = EDGE_CURVE('',#4683,#1152,#4690,.T.);
#4690 = B_SPLINE_CURVE_WITH_KNOTS('',1,(#4691,#4692),.UNSPECIFIED.,.F.,
  .F.,(2,2),(-0.,9.234144017191E-03),.PIECEWISE_BEZIER_KNOTS.);
#4691 = CARTESIAN_POINT('',(0.624375437929,4.292818378108,9.705085462068
    ));
#4692 = CARTESIAN_POINT('',(0.624375437929,4.292818378108,9.695851318051
    ));
#4693 = B_SPLINE_SURFACE_WITH_KNOTS('',1,1,(
    (#4694,#4695)
    ,(#4696,#4697
    )),.UNSPECIFIED.,.F.,.F.,.F.,(2,2),(2,2),(-9.234144017191E-03,0.),(
    -2.783409431819E-02,0.),.PIECEWISE_BEZIER_KNOTS.);
#4694 = CARTESIAN_POINT('',(0.624375437929,4.292818378108,9.695851318051
    ));
#4695 = CARTESIAN_POINT('',(0.624375437929,4.320652472427,9.695851318051
    ));
#4696 = CARTESIAN_POINT('',(0.624375437929,4.292818378108,9.705085462068
    ));
#4697 = CARTESIAN_POINT('',(0.624375437929,4.320652472427,9.705085462068
    ));
#4698 = ADVANCED_FACE('',(#4699),#4715,.F.);
#4699 = FACE_BOUND('',#4700,.T.);
#4700 = EDGE_LOOP('',(#4701,#4702,#4709,#4714));
#4701 = ORIENTED_EDGE('',*,*,#1142,.T.);
#4702 = ORIENTED_EDGE('',*,*,#4703,.F.);
#4703 = EDGE_CURVE('',#4704,#1145,#4706,.T.);
#4704 = VERTEX_POINT('',#4705);
#4705 = CARTESIAN_POINT('',(0.527143332664,4.320652472427,9.705085462068
    ));
#4706 = B_SPLINE_CURVE_WITH_KNOTS('',1,(#4707,#4708),.UNSPECIFIED.,.F.,
  .F.,(2,2),(-0.,9.234144017191E-03),.PIECEWISE_BEZIER_KNOTS.);
#4707 = CARTESIAN_POINT('',(0.527143332664,4.320652472427,9.705085462068
    ));
#4708 = CARTESIAN_POINT('',(0.527143332664,4.320652472427,9.695851318051
    ));
#4709 = ORIENTED_EDGE('',*,*,#4710,.F.);
#4710 = EDGE_CURVE('',#4676,#4704,#4711,.T.);
#4711 = B_SPLINE_CURVE_WITH_KNOTS('',1,(#4712,#4713),.UNSPECIFIED.,.F.,
  .F.,(2,2),(-9.723210526501E-02,-0.),.PIECEWISE_BEZIER_KNOTS.);
#4712 = CARTESIAN_POINT('',(0.624375437929,4.320652472427,9.705085462068
    ));
#4713 = CARTESIAN_POINT('',(0.527143332664,4.320652472427,9.705085462068
    ));
#4714 = ORIENTED_EDGE('',*,*,#4675,.T.);
#4715 = B_SPLINE_SURFACE_WITH_KNOTS('',1,1,(
    (#4716,#4717)
    ,(#4718,#4719
    )),.UNSPECIFIED.,.F.,.F.,.F.,(2,2),(2,2),(0.,9.234144017191E-03),(0.
    ,9.723210526501E-02),.PIECEWISE_BEZIER_KNOTS.);
#4716 = CARTESIAN_POINT('',(0.527143332664,4.320652472427,9.705085462068
    ));
#4717 = CARTESIAN_POINT('',(0.624375437929,4.320652472427,9.705085462068
    ));
#4718 = CARTESIAN_POINT('',(0.527143332664,4.320652472427,9.695851318051
    ));
#4719 = CARTESIAN_POINT('',(0.624375437929,4.320652472427,9.695851318051
    ));
#4720 = ADVANCED_FACE('',(#4721),#4737,.F.);
#4721 = FACE_BOUND('',#4722,.T.);
#4722 = EDGE_LOOP('',(#4723,#4724,#4731,#4736));
#4723 = ORIENTED_EDGE('',*,*,#1179,.T.);
#4724 = ORIENTED_EDGE('',*,*,#4725,.F.);
#4725 = EDGE_CURVE('',#4726,#1173,#4728,.T.);
#4726 = VERTEX_POINT('',#4727);
#4727 = CARTESIAN_POINT('',(0.527143332664,4.536959582084,9.705085462068
    ));
#4728 = B_SPLINE_CURVE_WITH_KNOTS('',1,(#4729,#4730),.UNSPECIFIED.,.F.,
  .F.,(2,2),(-0.,9.234144017191E-03),.PIECEWISE_BEZIER_KNOTS.);
#4729 = CARTESIAN_POINT('',(0.527143332664,4.536959582084,9.705085462068
    ));
#4730 = CARTESIAN_POINT('',(0.527143332664,4.536959582084,9.695851318051
    ));
#4731 = ORIENTED_EDGE('',*,*,#4732,.F.);
#4732 = EDGE_CURVE('',#4704,#4726,#4733,.T.);
#4733 = B_SPLINE_CURVE_WITH_KNOTS('',1,(#4734,#4735),.UNSPECIFIED.,.F.,
  .F.,(2,2),(-0.216307109657,0.),.PIECEWISE_BEZIER_KNOTS.);
#4734 = CARTESIAN_POINT('',(0.527143332664,4.320652472427,9.705085462068
    ));
#4735 = CARTESIAN_POINT('',(0.527143332664,4.536959582084,9.705085462068
    ));
#4736 = ORIENTED_EDGE('',*,*,#4703,.T.);
#4737 = B_SPLINE_SURFACE_WITH_KNOTS('',1,1,(
    (#4738,#4739)
    ,(#4740,#4741
    )),.UNSPECIFIED.,.F.,.F.,.F.,(2,2),(2,2),(-9.234144017191E-03,0.),(
    -0.216307109657,0.),.PIECEWISE_BEZIER_KNOTS.);
#4738 = CARTESIAN_POINT('',(0.527143332664,4.320652472427,9.695851318051
    ));
#4739 = CARTESIAN_POINT('',(0.527143332664,4.536959582084,9.695851318051
    ));
#4740 = CARTESIAN_POINT('',(0.527143332664,4.320652472427,9.705085462068
    ));
#4741 = CARTESIAN_POINT('',(0.527143332664,4.536959582084,9.705085462068
    ));
#4742 = ADVANCED_FACE('',(#4743),#4759,.F.);
#4743 = FACE_BOUND('',#4744,.T.);
#4744 = EDGE_LOOP('',(#4745,#4746,#4753,#4758));
#4745 = ORIENTED_EDGE('',*,*,#1172,.T.);
#4746 = ORIENTED_EDGE('',*,*,#4747,.F.);
#4747 = EDGE_CURVE('',#4748,#1166,#4750,.T.);
#4748 = VERTEX_POINT('',#4749);
#4749 = CARTESIAN_POINT('',(0.495627149635,4.536959582084,9.705085462068
    ));
#4750 = B_SPLINE_CURVE_WITH_KNOTS('',1,(#4751,#4752),.UNSPECIFIED.,.F.,
  .F.,(2,2),(-0.,9.234144017191E-03),.PIECEWISE_BEZIER_KNOTS.);
#4751 = CARTESIAN_POINT('',(0.495627149635,4.536959582084,9.705085462068
    ));
#4752 = CARTESIAN_POINT('',(0.495627149635,4.536959582084,9.695851318051
    ));
#4753 = ORIENTED_EDGE('',*,*,#4754,.F.);
#4754 = EDGE_CURVE('',#4726,#4748,#4755,.T.);
#4755 = B_SPLINE_CURVE_WITH_KNOTS('',1,(#4756,#4757),.UNSPECIFIED.,.F.,
  .F.,(2,2),(-3.151618302842E-02,-0.),.PIECEWISE_BEZIER_KNOTS.);
#4756 = CARTESIAN_POINT('',(0.527143332664,4.536959582084,9.705085462068
    ));
#4757 = CARTESIAN_POINT('',(0.495627149635,4.536959582084,9.705085462068
    ));
#4758 = ORIENTED_EDGE('',*,*,#4725,.T.);
#4759 = B_SPLINE_SURFACE_WITH_KNOTS('',1,1,(
    (#4760,#4761)
    ,(#4762,#4763
    )),.UNSPECIFIED.,.F.,.F.,.F.,(2,2),(2,2),(0.,9.234144017191E-03),(0.
    ,3.151618302842E-02),.PIECEWISE_BEZIER_KNOTS.);
#4760 = CARTESIAN_POINT('',(0.495627149635,4.536959582084,9.705085462068
    ));
#4761 = CARTESIAN_POINT('',(0.527143332664,4.536959582084,9.705085462068
    ));
#4762 = CARTESIAN_POINT('',(0.495627149635,4.536959582084,9.695851318051
    ));
#4763 = CARTESIAN_POINT('',(0.527143332664,4.536959582084,9.695851318051
    ));
#4764 = ADVANCED_FACE('',(#4765),#4781,.F.);
#4765 = FACE_BOUND('',#4766,.T.);
#4766 = EDGE_LOOP('',(#4767,#4768,#4775,#4780));
#4767 = ORIENTED_EDGE('',*,*,#1165,.T.);
#4768 = ORIENTED_EDGE('',*,*,#4769,.F.);
#4769 = EDGE_CURVE('',#4770,#1159,#4772,.T.);
#4770 = VERTEX_POINT('',#4771);
#4771 = CARTESIAN_POINT('',(0.495627149635,4.292818378108,9.705085462068
    ));
#4772 = B_SPLINE_CURVE_WITH_KNOTS('',1,(#4773,#4774),.UNSPECIFIED.,.F.,
  .F.,(2,2),(-0.,9.234144017191E-03),.PIECEWISE_BEZIER_KNOTS.);
#4773 = CARTESIAN_POINT('',(0.495627149635,4.292818378108,9.705085462068
    ));
#4774 = CARTESIAN_POINT('',(0.495627149635,4.292818378108,9.695851318051
    ));
#4775 = ORIENTED_EDGE('',*,*,#4776,.F.);
#4776 = EDGE_CURVE('',#4748,#4770,#4777,.T.);
#4777 = B_SPLINE_CURVE_WITH_KNOTS('',1,(#4778,#4779),.UNSPECIFIED.,.F.,
  .F.,(2,2),(-0.244141203975,-0.),.PIECEWISE_BEZIER_KNOTS.);
#4778 = CARTESIAN_POINT('',(0.495627149635,4.536959582084,9.705085462068
    ));
#4779 = CARTESIAN_POINT('',(0.495627149635,4.292818378108,9.705085462068
    ));
#4780 = ORIENTED_EDGE('',*,*,#4747,.T.);
#4781 = B_SPLINE_SURFACE_WITH_KNOTS('',1,1,(
    (#4782,#4783)
    ,(#4784,#4785
    )),.UNSPECIFIED.,.F.,.F.,.F.,(2,2),(2,2),(0.,9.234144017191E-03),(0.
    ,0.244141203975),.PIECEWISE_BEZIER_KNOTS.);
#4782 = CARTESIAN_POINT('',(0.495627149635,4.292818378108,9.705085462068
    ));
#4783 = CARTESIAN_POINT('',(0.495627149635,4.536959582084,9.705085462068
    ));
#4784 = CARTESIAN_POINT('',(0.495627149635,4.292818378108,9.695851318051
    ));
#4785 = CARTESIAN_POINT('',(0.495627149635,4.536959582084,9.695851318051
    ));
#4786 = ADVANCED_FACE('',(#4787),#4797,.F.);
#4787 = FACE_BOUND('',#4788,.T.);
#4788 = EDGE_LOOP('',(#4789,#4790,#4791,#4796));
#4789 = ORIENTED_EDGE('',*,*,#1158,.T.);
#4790 = ORIENTED_EDGE('',*,*,#4689,.F.);
#4791 = ORIENTED_EDGE('',*,*,#4792,.F.);
#4792 = EDGE_CURVE('',#4770,#4683,#4793,.T.);
#4793 = B_SPLINE_CURVE_WITH_KNOTS('',1,(#4794,#4795),.UNSPECIFIED.,.F.,
  .F.,(2,2),(-0.128748288293,0.),.PIECEWISE_BEZIER_KNOTS.);
#4794 = CARTESIAN_POINT('',(0.495627149635,4.292818378108,9.705085462068
    ));
#4795 = CARTESIAN_POINT('',(0.624375437929,4.292818378108,9.705085462068
    ));
#4796 = ORIENTED_EDGE('',*,*,#4769,.T.);
#4797 = B_SPLINE_SURFACE_WITH_KNOTS('',1,1,(
    (#4798,#4799)
    ,(#4800,#4801
    )),.UNSPECIFIED.,.F.,.F.,.F.,(2,2),(2,2),(-9.234144017191E-03,0.),(
    -0.128748288293,0.),.PIECEWISE_BEZIER_KNOTS.);
#4798 = CARTESIAN_POINT('',(0.495627149635,4.292818378108,9.695851318051
    ));
#4799 = CARTESIAN_POINT('',(0.624375437929,4.292818378108,9.695851318051
    ));
#4800 = CARTESIAN_POINT('',(0.495627149635,4.292818378108,9.705085462068
    ));
#4801 = CARTESIAN_POINT('',(0.624375437929,4.292818378108,9.705085462068
    ));
#4802 = ADVANCED_FACE('',(#4803),#4811,.F.);
#4803 = FACE_BOUND('',#4804,.T.);
#4804 = EDGE_LOOP('',(#4805,#4806,#4807,#4808,#4809,#4810));
#4805 = ORIENTED_EDGE('',*,*,#4682,.T.);
#4806 = ORIENTED_EDGE('',*,*,#4710,.T.);
#4807 = ORIENTED_EDGE('',*,*,#4732,.T.);
#4808 = ORIENTED_EDGE('',*,*,#4754,.T.);
#4809 = ORIENTED_EDGE('',*,*,#4776,.T.);
#4810 = ORIENTED_EDGE('',*,*,#4792,.T.);
#4811 = B_SPLINE_SURFACE_WITH_KNOTS('',1,1,(
    (#4812,#4813)
    ,(#4814,#4815
    )),.UNSPECIFIED.,.F.,.F.,.F.,(2,2),(2,2),(-0.624375437929,
    -0.495627149635),(4.292818378108,4.536959582084),
  .PIECEWISE_BEZIER_KNOTS.);
#4812 = CARTESIAN_POINT('',(0.624375437929,4.292818378108,9.705085462068
    ));
#4813 = CARTESIAN_POINT('',(0.624375437929,4.536959582084,9.705085462068
    ));
#4814 = CARTESIAN_POINT('',(0.495627149635,4.292818378108,9.705085462068
    ));
#4815 = CARTESIAN_POINT('',(0.495627149635,4.536959582084,9.705085462068
    ));
#4816 = ADVANCED_FACE('',(#4817),#4841,.F.);
#4817 = FACE_BOUND('',#4818,.F.);
#4818 = EDGE_LOOP('',(#4819,#4826,#4835,#4840));
#4819 = ORIENTED_EDGE('',*,*,#4820,.F.);
#4820 = EDGE_CURVE('',#4821,#1196,#4823,.T.);
#4821 = VERTEX_POINT('',#4822);
#4822 = CARTESIAN_POINT('',(0.749566454077,4.288699431415,9.705085462068
    ));
#4823 = B_SPLINE_CURVE_WITH_KNOTS('',1,(#4824,#4825),.UNSPECIFIED.,.F.,
  .F.,(2,2),(-0.,9.234144017191E-03),.PIECEWISE_BEZIER_KNOTS.);
#4824 = CARTESIAN_POINT('',(0.749566454077,4.288699431415,9.705085462068
    ));
#4825 = CARTESIAN_POINT('',(0.749566454077,4.288699431415,9.695851318051
    ));
#4826 = ORIENTED_EDGE('',*,*,#4827,.T.);
#4827 = EDGE_CURVE('',#4821,#4828,#4830,.T.);
#4828 = VERTEX_POINT('',#4829);
#4829 = CARTESIAN_POINT('',(0.81715462481,4.302928519991,9.705085462068)
  );
#4830 = B_SPLINE_CURVE_WITH_KNOTS('',3,(#4831,#4832,#4833,#4834),
  .UNSPECIFIED.,.F.,.F.,(4,4),(0.,1.),.PIECEWISE_BEZIER_KNOTS.);
#4831 = CARTESIAN_POINT('',(0.749566454077,4.288699431415,9.705085462068
    ));
#4832 = CARTESIAN_POINT('',(0.776651648997,4.288699431415,9.705085462068
    ));
#4833 = CARTESIAN_POINT('',(0.799181039241,4.29344246094,9.705085462068)
  );
#4834 = CARTESIAN_POINT('',(0.81715462481,4.302928519991,9.705085462068)
  );
#4835 = ORIENTED_EDGE('',*,*,#4836,.T.);
#4836 = EDGE_CURVE('',#4828,#1187,#4837,.T.);
#4837 = B_SPLINE_CURVE_WITH_KNOTS('',1,(#4838,#4839),.UNSPECIFIED.,.F.,
  .F.,(2,2),(-0.,9.234144017191E-03),.PIECEWISE_BEZIER_KNOTS.);
#4838 = CARTESIAN_POINT('',(0.81715462481,4.302928519991,9.705085462068)
  );
#4839 = CARTESIAN_POINT('',(0.81715462481,4.302928519991,9.695851318051)
  );
#4840 = ORIENTED_EDGE('',*,*,#1195,.F.);
#4841 = B_SPLINE_SURFACE_WITH_KNOTS('',3,1,(
    (#4842,#4843)
    ,(#4844,#4845)
    ,(#4846,#4847)
    ,(#4848,#4849
    )),.UNSPECIFIED.,.F.,.F.,.F.,(4,4),(2,2),(0.,1.),(0.,1.),
  .PIECEWISE_BEZIER_KNOTS.);
#4842 = CARTESIAN_POINT('',(0.749566454077,4.288699431415,9.705085462068
    ));
#4843 = CARTESIAN_POINT('',(0.749566454077,4.288699431415,9.695851318051
    ));
#4844 = CARTESIAN_POINT('',(0.776651648997,4.288699431415,9.705085462068
    ));
#4845 = CARTESIAN_POINT('',(0.776651648997,4.288699431415,9.695851318051
    ));
#4846 = CARTESIAN_POINT('',(0.799181039241,4.29344246094,9.705085462068)
  );
#4847 = CARTESIAN_POINT('',(0.799181039241,4.29344246094,9.695851318051)
  );
#4848 = CARTESIAN_POINT('',(0.81715462481,4.302928519991,9.705085462068)
  );
#4849 = CARTESIAN_POINT('',(0.81715462481,4.302928519991,9.695851318051)
  );
#4850 = ADVANCED_FACE('',(#4851),#4867,.F.);
#4851 = FACE_BOUND('',#4852,.T.);
#4852 = EDGE_LOOP('',(#4853,#4854,#4861,#4866));
#4853 = ORIENTED_EDGE('',*,*,#1186,.T.);
#4854 = ORIENTED_EDGE('',*,*,#4855,.F.);
#4855 = EDGE_CURVE('',#4856,#1189,#4858,.T.);
#4856 = VERTEX_POINT('',#4857);
#4857 = CARTESIAN_POINT('',(0.81715462481,4.333134129072,9.705085462068)
  );
#4858 = B_SPLINE_CURVE_WITH_KNOTS('',1,(#4859,#4860),.UNSPECIFIED.,.F.,
  .F.,(2,2),(-0.,9.234144017191E-03),.PIECEWISE_BEZIER_KNOTS.);
#4859 = CARTESIAN_POINT('',(0.81715462481,4.333134129072,9.705085462068)
  );
#4860 = CARTESIAN_POINT('',(0.81715462481,4.333134129072,9.695851318051)
  );
#4861 = ORIENTED_EDGE('',*,*,#4862,.F.);
#4862 = EDGE_CURVE('',#4828,#4856,#4863,.T.);
#4863 = B_SPLINE_CURVE_WITH_KNOTS('',1,(#4864,#4865),.UNSPECIFIED.,.F.,
  .F.,(2,2),(-3.020560908136E-02,0.),.PIECEWISE_BEZIER_KNOTS.);
#4864 = CARTESIAN_POINT('',(0.81715462481,4.302928519991,9.705085462068)
  );
#4865 = CARTESIAN_POINT('',(0.81715462481,4.333134129072,9.705085462068)
  );
#4866 = ORIENTED_EDGE('',*,*,#4836,.T.);
#4867 = B_SPLINE_SURFACE_WITH_KNOTS('',1,1,(
    (#4868,#4869)
    ,(#4870,#4871
    )),.UNSPECIFIED.,.F.,.F.,.F.,(2,2),(2,2),(-9.234144017191E-03,0.),(
    -3.020560908136E-02,0.),.PIECEWISE_BEZIER_KNOTS.);
#4868 = CARTESIAN_POINT('',(0.81715462481,4.302928519991,9.695851318051)
  );
#4869 = CARTESIAN_POINT('',(0.81715462481,4.333134129072,9.695851318051)
  );
#4870 = CARTESIAN_POINT('',(0.81715462481,4.302928519991,9.705085462068)
  );
#4871 = CARTESIAN_POINT('',(0.81715462481,4.333134129072,9.705085462068)
  );
#4872 = ADVANCED_FACE('',(#4873),#4891,.F.);
#4873 = FACE_BOUND('',#4874,.F.);
#4874 = EDGE_LOOP('',(#4875,#4876,#4885,#4890));
#4875 = ORIENTED_EDGE('',*,*,#4855,.F.);
#4876 = ORIENTED_EDGE('',*,*,#4877,.T.);
#4877 = EDGE_CURVE('',#4856,#4878,#4880,.T.);
#4878 = VERTEX_POINT('',#4879);
#4879 = CARTESIAN_POINT('',(0.754122258752,4.316783158866,9.705085462068
    ));
#4880 = B_SPLINE_CURVE_WITH_KNOTS('',3,(#4881,#4882,#4883,#4884),
  .UNSPECIFIED.,.F.,.F.,(4,4),(12.,13.),.PIECEWISE_BEZIER_KNOTS.);
#4881 = CARTESIAN_POINT('',(0.81715462481,4.333134129072,9.705085462068)
  );
#4882 = CARTESIAN_POINT('',(0.799305855807,4.32227508779,9.705085462068)
  );
#4883 = CARTESIAN_POINT('',(0.77827426436,4.316783158866,9.705085462068)
  );
#4884 = CARTESIAN_POINT('',(0.754122258752,4.316783158866,9.705085462068
    ));
#4885 = ORIENTED_EDGE('',*,*,#4886,.T.);
#4886 = EDGE_CURVE('',#4878,#1293,#4887,.T.);
#4887 = B_SPLINE_CURVE_WITH_KNOTS('',1,(#4888,#4889),.UNSPECIFIED.,.F.,
  .F.,(2,2),(-0.,9.234144017191E-03),.PIECEWISE_BEZIER_KNOTS.);
#4888 = CARTESIAN_POINT('',(0.754122258752,4.316783158866,9.705085462068
    ));
#4889 = CARTESIAN_POINT('',(0.754122258752,4.316783158866,9.695851318051
    ));
#4890 = ORIENTED_EDGE('',*,*,#1301,.F.);
#4891 = B_SPLINE_SURFACE_WITH_KNOTS('',3,1,(
    (#4892,#4893)
    ,(#4894,#4895)
    ,(#4896,#4897)
    ,(#4898,#4899
    )),.UNSPECIFIED.,.F.,.F.,.F.,(4,4),(2,2),(12.,13.),(0.,1.),
  .PIECEWISE_BEZIER_KNOTS.);
#4892 = CARTESIAN_POINT('',(0.81715462481,4.333134129072,9.705085462068)
  );
#4893 = CARTESIAN_POINT('',(0.81715462481,4.333134129072,9.695851318051)
  );
#4894 = CARTESIAN_POINT('',(0.799305855807,4.32227508779,9.705085462068)
  );
#4895 = CARTESIAN_POINT('',(0.799305855807,4.32227508779,9.695851318051)
  );
#4896 = CARTESIAN_POINT('',(0.77827426436,4.316783158866,9.705085462068)
  );
#4897 = CARTESIAN_POINT('',(0.77827426436,4.316783158866,9.695851318051)
  );
#4898 = CARTESIAN_POINT('',(0.754122258752,4.316783158866,9.705085462068
    ));
#4899 = CARTESIAN_POINT('',(0.754122258752,4.316783158866,9.695851318051
    ));
#4900 = ADVANCED_FACE('',(#4901),#4919,.F.);
#4901 = FACE_BOUND('',#4902,.F.);
#4902 = EDGE_LOOP('',(#4903,#4904,#4913,#4918));
#4903 = ORIENTED_EDGE('',*,*,#4886,.F.);
#4904 = ORIENTED_EDGE('',*,*,#4905,.T.);
#4905 = EDGE_CURVE('',#4878,#4906,#4908,.T.);
#4906 = VERTEX_POINT('',#4907);
#4907 = CARTESIAN_POINT('',(0.691401934111,4.342495371555,9.705085462068
    ));
#4908 = B_SPLINE_CURVE_WITH_KNOTS('',3,(#4909,#4910,#4911,#4912),
  .UNSPECIFIED.,.F.,.F.,(4,4),(11.,12.),.PIECEWISE_BEZIER_KNOTS.);
#4909 = CARTESIAN_POINT('',(0.754122258752,4.316783158866,9.705085462068
    ));
#4910 = CARTESIAN_POINT('',(0.728285229498,4.316783158866,9.705085462068
    ));
#4911 = CARTESIAN_POINT('',(0.707378454617,4.325395501951,9.705085462068
    ));
#4912 = CARTESIAN_POINT('',(0.691401934111,4.342495371555,9.705085462068
    ));
#4913 = ORIENTED_EDGE('',*,*,#4914,.T.);
#4914 = EDGE_CURVE('',#4906,#1284,#4915,.T.);
#4915 = B_SPLINE_CURVE_WITH_KNOTS('',1,(#4916,#4917),.UNSPECIFIED.,.F.,
  .F.,(2,2),(-0.,9.234144017191E-03),.PIECEWISE_BEZIER_KNOTS.);
#4916 = CARTESIAN_POINT('',(0.691401934111,4.342495371555,9.705085462068
    ));
#4917 = CARTESIAN_POINT('',(0.691401934111,4.342495371555,9.695851318051
    ));
#4918 = ORIENTED_EDGE('',*,*,#1292,.F.);
#4919 = B_SPLINE_SURFACE_WITH_KNOTS('',3,1,(
    (#4920,#4921)
    ,(#4922,#4923)
    ,(#4924,#4925)
    ,(#4926,#4927
    )),.UNSPECIFIED.,.F.,.F.,.F.,(4,4),(2,2),(11.,12.),(0.,1.),
  .PIECEWISE_BEZIER_KNOTS.);
#4920 = CARTESIAN_POINT('',(0.754122258752,4.316783158866,9.705085462068
    ));
#4921 = CARTESIAN_POINT('',(0.754122258752,4.316783158866,9.695851318051
    ));
#4922 = CARTESIAN_POINT('',(0.728285229498,4.316783158866,9.705085462068
    ));
#4923 = CARTESIAN_POINT('',(0.728285229498,4.316783158866,9.695851318051
    ));
#4924 = CARTESIAN_POINT('',(0.707378454617,4.325395501951,9.705085462068
    ));
#4925 = CARTESIAN_POINT('',(0.707378454617,4.325395501951,9.695851318051
    ));
#4926 = CARTESIAN_POINT('',(0.691401934111,4.342495371555,9.705085462068
    ));
#4927 = CARTESIAN_POINT('',(0.691401934111,4.342495371555,9.695851318051
    ));
#4928 = ADVANCED_FACE('',(#4929),#4947,.F.);
#4929 = FACE_BOUND('',#4930,.F.);
#4930 = EDGE_LOOP('',(#4931,#4932,#4941,#4946));
#4931 = ORIENTED_EDGE('',*,*,#4914,.F.);
#4932 = ORIENTED_EDGE('',*,*,#4933,.T.);
#4933 = EDGE_CURVE('',#4906,#4934,#4936,.T.);
#4934 = VERTEX_POINT('',#4935);
#4935 = CARTESIAN_POINT('',(0.667437153354,4.412143015635,9.705085462068
    ));
#4936 = B_SPLINE_CURVE_WITH_KNOTS('',3,(#4937,#4938,#4939,#4940),
  .UNSPECIFIED.,.F.,.F.,(4,4),(10.,11.),.PIECEWISE_BEZIER_KNOTS.);
#4937 = CARTESIAN_POINT('',(0.691401934111,4.342495371555,9.705085462068
    ));
#4938 = CARTESIAN_POINT('',(0.675425413606,4.359720057726,9.705085462068
    ));
#4939 = CARTESIAN_POINT('',(0.667437153354,4.382935939086,9.705085462068
    ));
#4940 = CARTESIAN_POINT('',(0.667437153354,4.412143015635,9.705085462068
    ));
#4941 = ORIENTED_EDGE('',*,*,#4942,.T.);
#4942 = EDGE_CURVE('',#4934,#1275,#4943,.T.);
#4943 = B_SPLINE_CURVE_WITH_KNOTS('',1,(#4944,#4945),.UNSPECIFIED.,.F.,
  .F.,(2,2),(-0.,9.234144017191E-03),.PIECEWISE_BEZIER_KNOTS.);
#4944 = CARTESIAN_POINT('',(0.667437153354,4.412143015635,9.705085462068
    ));
#4945 = CARTESIAN_POINT('',(0.667437153354,4.412143015635,9.695851318051
    ));
#4946 = ORIENTED_EDGE('',*,*,#1283,.F.);
#4947 = B_SPLINE_SURFACE_WITH_KNOTS('',3,1,(
    (#4948,#4949)
    ,(#4950,#4951)
    ,(#4952,#4953)
    ,(#4954,#4955
    )),.UNSPECIFIED.,.F.,.F.,.F.,(4,4),(2,2),(10.,11.),(0.,1.),
  .PIECEWISE_BEZIER_KNOTS.);
#4948 = CARTESIAN_POINT('',(0.691401934111,4.342495371555,9.705085462068
    ));
#4949 = CARTESIAN_POINT('',(0.691401934111,4.342495371555,9.695851318051
    ));
#4950 = CARTESIAN_POINT('',(0.675425413606,4.359720057726,9.705085462068
    ));
#4951 = CARTESIAN_POINT('',(0.675425413606,4.359720057726,9.695851318051
    ));
#4952 = CARTESIAN_POINT('',(0.667437153354,4.382935939086,9.705085462068
    ));
#4953 = CARTESIAN_POINT('',(0.667437153354,4.382935939086,9.695851318051
    ));
#4954 = CARTESIAN_POINT('',(0.667437153354,4.412143015635,9.705085462068
    ));
#4955 = CARTESIAN_POINT('',(0.667437153354,4.412143015635,9.695851318051
    ));
#4956 = ADVANCED_FACE('',(#4957),#4975,.F.);
#4957 = FACE_BOUND('',#4958,.F.);
#4958 = EDGE_LOOP('',(#4959,#4960,#4969,#4974));
#4959 = ORIENTED_EDGE('',*,*,#4942,.F.);
#4960 = ORIENTED_EDGE('',*,*,#4961,.T.);
#4961 = EDGE_CURVE('',#4934,#4962,#4964,.T.);
#4962 = VERTEX_POINT('',#4963);
#4963 = CARTESIAN_POINT('',(0.693086957759,4.485535156707,9.705085462068
    ));
#4964 = B_SPLINE_CURVE_WITH_KNOTS('',3,(#4965,#4966,#4967,#4968),
  .UNSPECIFIED.,.F.,.F.,(4,4),(9.,10.),.PIECEWISE_BEZIER_KNOTS.);
#4965 = CARTESIAN_POINT('',(0.667437153354,4.412143015635,9.705085462068
    ));
#4966 = CARTESIAN_POINT('',(0.667437153354,4.442847890981,9.705085462068
    ));
#4967 = CARTESIAN_POINT('',(0.675987088155,4.467311938004,9.705085462068
    ));
#4968 = CARTESIAN_POINT('',(0.693086957759,4.485535156707,9.705085462068
    ));
#4969 = ORIENTED_EDGE('',*,*,#4970,.T.);
#4970 = EDGE_CURVE('',#4962,#1266,#4971,.T.);
#4971 = B_SPLINE_CURVE_WITH_KNOTS('',1,(#4972,#4973),.UNSPECIFIED.,.F.,
  .F.,(2,2),(-0.,9.234144017191E-03),.PIECEWISE_BEZIER_KNOTS.);
#4972 = CARTESIAN_POINT('',(0.693086957759,4.485535156707,9.705085462068
    ));
#4973 = CARTESIAN_POINT('',(0.693086957759,4.485535156707,9.695851318051
    ));
#4974 = ORIENTED_EDGE('',*,*,#1274,.F.);
#4975 = B_SPLINE_SURFACE_WITH_KNOTS('',3,1,(
    (#4976,#4977)
    ,(#4978,#4979)
    ,(#4980,#4981)
    ,(#4982,#4983
    )),.UNSPECIFIED.,.F.,.F.,.F.,(4,4),(2,2),(9.,10.),(0.,1.),
  .PIECEWISE_BEZIER_KNOTS.);
#4976 = CARTESIAN_POINT('',(0.667437153354,4.412143015635,9.705085462068
    ));
#4977 = CARTESIAN_POINT('',(0.667437153354,4.412143015635,9.695851318051
    ));
#4978 = CARTESIAN_POINT('',(0.667437153354,4.442847890981,9.705085462068
    ));
#4979 = CARTESIAN_POINT('',(0.667437153354,4.442847890981,9.695851318051
    ));
#4980 = CARTESIAN_POINT('',(0.675987088155,4.467311938004,9.705085462068
    ));
#4981 = CARTESIAN_POINT('',(0.675987088155,4.467311938004,9.695851318051
    ));
#4982 = CARTESIAN_POINT('',(0.693086957759,4.485535156707,9.705085462068
    ));
#4983 = CARTESIAN_POINT('',(0.693086957759,4.485535156707,9.695851318051
    ));
#4984 = ADVANCED_FACE('',(#4985),#5003,.F.);
#4985 = FACE_BOUND('',#4986,.F.);
#4986 = EDGE_LOOP('',(#4987,#4988,#4997,#5002));
#4987 = ORIENTED_EDGE('',*,*,#4970,.F.);
#4988 = ORIENTED_EDGE('',*,*,#4989,.T.);
#4989 = EDGE_CURVE('',#4962,#4990,#4992,.T.);
#4990 = VERTEX_POINT('',#4991);
#4991 = CARTESIAN_POINT('',(0.759614187677,4.512620351626,9.705085462068
    ));
#4992 = B_SPLINE_CURVE_WITH_KNOTS('',3,(#4993,#4994,#4995,#4996),
  .UNSPECIFIED.,.F.,.F.,(4,4),(8.,9.),.PIECEWISE_BEZIER_KNOTS.);
#4993 = CARTESIAN_POINT('',(0.693086957759,4.485535156707,9.705085462068
    ));
#4994 = CARTESIAN_POINT('',(0.710249235645,4.503633558841,9.705085462068
    ));
#4995 = CARTESIAN_POINT('',(0.732404176191,4.512620351626,9.705085462068
    ));
#4996 = CARTESIAN_POINT('',(0.759614187677,4.512620351626,9.705085462068
    ));
#4997 = ORIENTED_EDGE('',*,*,#4998,.T.);
#4998 = EDGE_CURVE('',#4990,#1257,#4999,.T.);
#4999 = B_SPLINE_CURVE_WITH_KNOTS('',1,(#5000,#5001),.UNSPECIFIED.,.F.,
  .F.,(2,2),(-0.,9.234144017191E-03),.PIECEWISE_BEZIER_KNOTS.);
#5000 = CARTESIAN_POINT('',(0.759614187677,4.512620351626,9.705085462068
    ));
#5001 = CARTESIAN_POINT('',(0.759614187677,4.512620351626,9.695851318051
    ));
#5002 = ORIENTED_EDGE('',*,*,#1265,.F.);
#5003 = B_SPLINE_SURFACE_WITH_KNOTS('',3,1,(
    (#5004,#5005)
    ,(#5006,#5007)
    ,(#5008,#5009)
    ,(#5010,#5011
    )),.UNSPECIFIED.,.F.,.F.,.F.,(4,4),(2,2),(8.,9.),(0.,1.),
  .PIECEWISE_BEZIER_KNOTS.);
#5004 = CARTESIAN_POINT('',(0.693086957759,4.485535156707,9.705085462068
    ));
#5005 = CARTESIAN_POINT('',(0.693086957759,4.485535156707,9.695851318051
    ));
#5006 = CARTESIAN_POINT('',(0.710249235645,4.503633558841,9.705085462068
    ));
#5007 = CARTESIAN_POINT('',(0.710249235645,4.503633558841,9.695851318051
    ));
#5008 = CARTESIAN_POINT('',(0.732404176191,4.512620351626,9.705085462068
    ));
#5009 = CARTESIAN_POINT('',(0.732404176191,4.512620351626,9.695851318051
    ));
#5010 = CARTESIAN_POINT('',(0.759614187677,4.512620351626,9.705085462068
    ));
#5011 = CARTESIAN_POINT('',(0.759614187677,4.512620351626,9.695851318051
    ));
#5012 = ADVANCED_FACE('',(#5013),#5031,.F.);
#5013 = FACE_BOUND('',#5014,.F.);
#5014 = EDGE_LOOP('',(#5015,#5016,#5025,#5030));
#5015 = ORIENTED_EDGE('',*,*,#4998,.F.);
#5016 = ORIENTED_EDGE('',*,*,#5017,.T.);
#5017 = EDGE_CURVE('',#4990,#5018,#5020,.T.);
#5018 = VERTEX_POINT('',#5019);
#5019 = CARTESIAN_POINT('',(0.81715462481,4.498141629919,9.705085462068)
  );
#5020 = B_SPLINE_CURVE_WITH_KNOTS('',3,(#5021,#5022,#5023,#5024),
  .UNSPECIFIED.,.F.,.F.,(4,4),(7.,8.),.PIECEWISE_BEZIER_KNOTS.);
#5021 = CARTESIAN_POINT('',(0.759614187677,4.512620351626,9.705085462068
    ));
#5022 = CARTESIAN_POINT('',(0.780520962556,4.512620351626,9.705085462068
    ));
#5023 = CARTESIAN_POINT('',(0.799680305507,4.507877322101,9.705085462068
    ));
#5024 = CARTESIAN_POINT('',(0.81715462481,4.498141629919,9.705085462068)
  );
#5025 = ORIENTED_EDGE('',*,*,#5026,.T.);
#5026 = EDGE_CURVE('',#5018,#1250,#5027,.T.);
#5027 = B_SPLINE_CURVE_WITH_KNOTS('',1,(#5028,#5029),.UNSPECIFIED.,.F.,
  .F.,(2,2),(-0.,9.234144017191E-03),.PIECEWISE_BEZIER_KNOTS.);
#5028 = CARTESIAN_POINT('',(0.81715462481,4.498141629919,9.705085462068)
  );
#5029 = CARTESIAN_POINT('',(0.81715462481,4.498141629919,9.695851318051)
  );
#5030 = ORIENTED_EDGE('',*,*,#1256,.F.);
#5031 = B_SPLINE_SURFACE_WITH_KNOTS('',3,1,(
    (#5032,#5033)
    ,(#5034,#5035)
    ,(#5036,#5037)
    ,(#5038,#5039
    )),.UNSPECIFIED.,.F.,.F.,.F.,(4,4),(2,2),(7.,8.),(0.,1.),
  .PIECEWISE_BEZIER_KNOTS.);
#5032 = CARTESIAN_POINT('',(0.759614187677,4.512620351626,9.705085462068
    ));
#5033 = CARTESIAN_POINT('',(0.759614187677,4.512620351626,9.695851318051
    ));
#5034 = CARTESIAN_POINT('',(0.780520962556,4.512620351626,9.705085462068
    ));
#5035 = CARTESIAN_POINT('',(0.780520962556,4.512620351626,9.695851318051
    ));
#5036 = CARTESIAN_POINT('',(0.799680305507,4.507877322101,9.705085462068
    ));
#5037 = CARTESIAN_POINT('',(0.799680305507,4.507877322101,9.695851318051
    ));
#5038 = CARTESIAN_POINT('',(0.81715462481,4.498141629919,9.705085462068)
  );
#5039 = CARTESIAN_POINT('',(0.81715462481,4.498141629919,9.695851318051)
  );
#5040 = ADVANCED_FACE('',(#5041),#5057,.F.);
#5041 = FACE_BOUND('',#5042,.T.);
#5042 = EDGE_LOOP('',(#5043,#5044,#5051,#5056));
#5043 = ORIENTED_EDGE('',*,*,#1249,.T.);
#5044 = ORIENTED_EDGE('',*,*,#5045,.F.);
#5045 = EDGE_CURVE('',#5046,#1241,#5048,.T.);
#5046 = VERTEX_POINT('',#5047);
#5047 = CARTESIAN_POINT('',(0.81715462481,4.531093203461,9.705085462068)
  );
#5048 = B_SPLINE_CURVE_WITH_KNOTS('',1,(#5049,#5050),.UNSPECIFIED.,.F.,
  .F.,(2,2),(-0.,9.234144017191E-03),.PIECEWISE_BEZIER_KNOTS.);
#5049 = CARTESIAN_POINT('',(0.81715462481,4.531093203461,9.705085462068)
  );
#5050 = CARTESIAN_POINT('',(0.81715462481,4.531093203461,9.695851318051)
  );
#5051 = ORIENTED_EDGE('',*,*,#5052,.F.);
#5052 = EDGE_CURVE('',#5018,#5046,#5053,.T.);
#5053 = B_SPLINE_CURVE_WITH_KNOTS('',1,(#5054,#5055),.UNSPECIFIED.,.F.,
  .F.,(2,2),(-3.295157354178E-02,0.),.PIECEWISE_BEZIER_KNOTS.);
#5054 = CARTESIAN_POINT('',(0.81715462481,4.498141629919,9.705085462068)
  );
#5055 = CARTESIAN_POINT('',(0.81715462481,4.531093203461,9.705085462068)
  );
#5056 = ORIENTED_EDGE('',*,*,#5026,.T.);
#5057 = B_SPLINE_SURFACE_WITH_KNOTS('',1,1,(
    (#5058,#5059)
    ,(#5060,#5061
    )),.UNSPECIFIED.,.F.,.F.,.F.,(2,2),(2,2),(-9.234144017191E-03,0.),(
    -3.295157354178E-02,0.),.PIECEWISE_BEZIER_KNOTS.);
#5058 = CARTESIAN_POINT('',(0.81715462481,4.498141629919,9.695851318051)
  );
#5059 = CARTESIAN_POINT('',(0.81715462481,4.531093203461,9.695851318051)
  );
#5060 = CARTESIAN_POINT('',(0.81715462481,4.498141629919,9.705085462068)
  );
#5061 = CARTESIAN_POINT('',(0.81715462481,4.531093203461,9.705085462068)
  );
#5062 = ADVANCED_FACE('',(#5063),#5081,.F.);
#5063 = FACE_BOUND('',#5064,.F.);
#5064 = EDGE_LOOP('',(#5065,#5066,#5075,#5080));
#5065 = ORIENTED_EDGE('',*,*,#5045,.F.);
#5066 = ORIENTED_EDGE('',*,*,#5067,.T.);
#5067 = EDGE_CURVE('',#5046,#5068,#5070,.T.);
#5068 = VERTEX_POINT('',#5069);
#5069 = CARTESIAN_POINT('',(0.75930214626,4.541078528777,9.705085462068)
  );
#5070 = B_SPLINE_CURVE_WITH_KNOTS('',3,(#5071,#5072,#5073,#5074),
  .UNSPECIFIED.,.F.,.F.,(4,4),(5.,6.),.PIECEWISE_BEZIER_KNOTS.);
#5071 = CARTESIAN_POINT('',(0.81715462481,4.531093203461,9.705085462068)
  );
#5072 = CARTESIAN_POINT('',(0.801927003703,4.537708481483,9.705085462068
    ));
#5073 = CARTESIAN_POINT('',(0.782642844186,4.541078528777,9.705085462068
    ));
#5074 = CARTESIAN_POINT('',(0.75930214626,4.541078528777,9.705085462068)
  );
#5075 = ORIENTED_EDGE('',*,*,#5076,.T.);
#5076 = EDGE_CURVE('',#5068,#1232,#5077,.T.);
#5077 = B_SPLINE_CURVE_WITH_KNOTS('',1,(#5078,#5079),.UNSPECIFIED.,.F.,
  .F.,(2,2),(-0.,9.234144017191E-03),.PIECEWISE_BEZIER_KNOTS.);
#5078 = CARTESIAN_POINT('',(0.75930214626,4.541078528777,9.705085462068)
  );
#5079 = CARTESIAN_POINT('',(0.75930214626,4.541078528777,9.695851318051)
  );
#5080 = ORIENTED_EDGE('',*,*,#1240,.F.);
#5081 = B_SPLINE_SURFACE_WITH_KNOTS('',3,1,(
    (#5082,#5083)
    ,(#5084,#5085)
    ,(#5086,#5087)
    ,(#5088,#5089
    )),.UNSPECIFIED.,.F.,.F.,.F.,(4,4),(2,2),(5.,6.),(0.,1.),
  .PIECEWISE_BEZIER_KNOTS.);
#5082 = CARTESIAN_POINT('',(0.81715462481,4.531093203461,9.705085462068)
  );
#5083 = CARTESIAN_POINT('',(0.81715462481,4.531093203461,9.695851318051)
  );
#5084 = CARTESIAN_POINT('',(0.801927003703,4.537708481483,9.705085462068
    ));
#5085 = CARTESIAN_POINT('',(0.801927003703,4.537708481483,9.695851318051
    ));
#5086 = CARTESIAN_POINT('',(0.782642844186,4.541078528777,9.705085462068
    ));
#5087 = CARTESIAN_POINT('',(0.782642844186,4.541078528777,9.695851318051
    ));
#5088 = CARTESIAN_POINT('',(0.75930214626,4.541078528777,9.705085462068)
  );
#5089 = CARTESIAN_POINT('',(0.75930214626,4.541078528777,9.695851318051)
  );
#5090 = ADVANCED_FACE('',(#5091),#5109,.F.);
#5091 = FACE_BOUND('',#5092,.F.);
#5092 = EDGE_LOOP('',(#5093,#5094,#5103,#5108));
#5093 = ORIENTED_EDGE('',*,*,#5076,.F.);
#5094 = ORIENTED_EDGE('',*,*,#5095,.T.);
#5095 = EDGE_CURVE('',#5068,#5096,#5098,.T.);
#5096 = VERTEX_POINT('',#5097);
#5097 = CARTESIAN_POINT('',(0.669621443266,4.505131357639,9.705085462068
    ));
#5098 = B_SPLINE_CURVE_WITH_KNOTS('',3,(#5099,#5100,#5101,#5102),
  .UNSPECIFIED.,.F.,.F.,(4,4),(4.,5.),.PIECEWISE_BEZIER_KNOTS.);
#5099 = CARTESIAN_POINT('',(0.75930214626,4.541078528777,9.705085462068)
  );
#5100 = CARTESIAN_POINT('',(0.723042933707,4.541078528777,9.705085462068
    ));
#5101 = CARTESIAN_POINT('',(0.693149366042,4.529096138398,9.705085462068
    ));
#5102 = CARTESIAN_POINT('',(0.669621443266,4.505131357639,9.705085462068
    ));
#5103 = ORIENTED_EDGE('',*,*,#5104,.T.);
#5104 = EDGE_CURVE('',#5096,#1223,#5105,.T.);
#5105 = B_SPLINE_CURVE_WITH_KNOTS('',1,(#5106,#5107),.UNSPECIFIED.,.F.,
  .F.,(2,2),(-0.,9.234144017191E-03),.PIECEWISE_BEZIER_KNOTS.);
#5106 = CARTESIAN_POINT('',(0.669621443266,4.505131357639,9.705085462068
    ));
#5107 = CARTESIAN_POINT('',(0.669621443266,4.505131357639,9.695851318051
    ));
#5108 = ORIENTED_EDGE('',*,*,#1231,.F.);
#5109 = B_SPLINE_SURFACE_WITH_KNOTS('',3,1,(
    (#5110,#5111)
    ,(#5112,#5113)
    ,(#5114,#5115)
    ,(#5116,#5117
    )),.UNSPECIFIED.,.F.,.F.,.F.,(4,4),(2,2),(4.,5.),(0.,1.),
  .PIECEWISE_BEZIER_KNOTS.);
#5110 = CARTESIAN_POINT('',(0.75930214626,4.541078528777,9.705085462068)
  );
#5111 = CARTESIAN_POINT('',(0.75930214626,4.541078528777,9.695851318051)
  );
#5112 = CARTESIAN_POINT('',(0.723042933707,4.541078528777,9.705085462068
    ));
#5113 = CARTESIAN_POINT('',(0.723042933707,4.541078528777,9.695851318051
    ));
#5114 = CARTESIAN_POINT('',(0.693149366042,4.529096138398,9.705085462068
    ));
#5115 = CARTESIAN_POINT('',(0.693149366042,4.529096138398,9.695851318051
    ));
#5116 = CARTESIAN_POINT('',(0.669621443266,4.505131357639,9.705085462068
    ));
#5117 = CARTESIAN_POINT('',(0.669621443266,4.505131357639,9.695851318051
    ));
#5118 = ADVANCED_FACE('',(#5119),#5137,.F.);
#5119 = FACE_BOUND('',#5120,.F.);
#5120 = EDGE_LOOP('',(#5121,#5122,#5131,#5136));
#5121 = ORIENTED_EDGE('',*,*,#5104,.F.);
#5122 = ORIENTED_EDGE('',*,*,#5123,.T.);
#5123 = EDGE_CURVE('',#5096,#5124,#5126,.T.);
#5124 = VERTEX_POINT('',#5125);
#5125 = CARTESIAN_POINT('',(0.634360763244,4.410270767137,9.705085462068
    ));
#5126 = B_SPLINE_CURVE_WITH_KNOTS('',3,(#5127,#5128,#5129,#5130),
  .UNSPECIFIED.,.F.,.F.,(4,4),(3.,4.),.PIECEWISE_BEZIER_KNOTS.);
#5127 = CARTESIAN_POINT('',(0.669621443266,4.505131357639,9.705085462068
    ));
#5128 = CARTESIAN_POINT('',(0.64609352049,4.481166576881,9.705085462068)
  );
#5129 = CARTESIAN_POINT('',(0.634360763244,4.449587985569,9.705085462068
    ));
#5130 = CARTESIAN_POINT('',(0.634360763244,4.410270767137,9.705085462068
    ));
#5131 = ORIENTED_EDGE('',*,*,#5132,.T.);
#5132 = EDGE_CURVE('',#5124,#1214,#5133,.T.);
#5133 = B_SPLINE_CURVE_WITH_KNOTS('',1,(#5134,#5135),.UNSPECIFIED.,.F.,
  .F.,(2,2),(-0.,9.234144017191E-03),.PIECEWISE_BEZIER_KNOTS.);
#5134 = CARTESIAN_POINT('',(0.634360763244,4.410270767137,9.705085462068
    ));
#5135 = CARTESIAN_POINT('',(0.634360763244,4.410270767137,9.695851318051
    ));
#5136 = ORIENTED_EDGE('',*,*,#1222,.F.);
#5137 = B_SPLINE_SURFACE_WITH_KNOTS('',3,1,(
    (#5138,#5139)
    ,(#5140,#5141)
    ,(#5142,#5143)
    ,(#5144,#5145
    )),.UNSPECIFIED.,.F.,.F.,.F.,(4,4),(2,2),(3.,4.),(0.,1.),
  .PIECEWISE_BEZIER_KNOTS.);
#5138 = CARTESIAN_POINT('',(0.669621443266,4.505131357639,9.705085462068
    ));
#5139 = CARTESIAN_POINT('',(0.669621443266,4.505131357639,9.695851318051
    ));
#5140 = CARTESIAN_POINT('',(0.64609352049,4.481166576881,9.705085462068)
  );
#5141 = CARTESIAN_POINT('',(0.64609352049,4.481166576881,9.695851318051)
  );
#5142 = CARTESIAN_POINT('',(0.634360763244,4.449587985569,9.705085462068
    ));
#5143 = CARTESIAN_POINT('',(0.634360763244,4.449587985569,9.695851318051
    ));
#5144 = CARTESIAN_POINT('',(0.634360763244,4.410270767137,9.705085462068
    ));
#5145 = CARTESIAN_POINT('',(0.634360763244,4.410270767137,9.695851318051
    ));
#5146 = ADVANCED_FACE('',(#5147),#5165,.F.);
#5147 = FACE_BOUND('',#5148,.F.);
#5148 = EDGE_LOOP('',(#5149,#5150,#5159,#5164));
#5149 = ORIENTED_EDGE('',*,*,#5132,.F.);
#5150 = ORIENTED_EDGE('',*,*,#5151,.T.);
#5151 = EDGE_CURVE('',#5124,#5152,#5154,.T.);
#5152 = VERTEX_POINT('',#5153);
#5153 = CARTESIAN_POINT('',(0.665689721423,4.322025454658,9.705085462068
    ));
#5154 = B_SPLINE_CURVE_WITH_KNOTS('',3,(#5155,#5156,#5157,#5158),
  .UNSPECIFIED.,.F.,.F.,(4,4),(2.,3.),.PIECEWISE_BEZIER_KNOTS.);
#5155 = CARTESIAN_POINT('',(0.634360763244,4.410270767137,9.705085462068
    ));
#5156 = CARTESIAN_POINT('',(0.634360763244,4.373699513167,9.705085462068
    ));
#5157 = CARTESIAN_POINT('',(0.644782946542,4.344242803485,9.705085462068
    ));
#5158 = CARTESIAN_POINT('',(0.665689721423,4.322025454658,9.705085462068
    ));
#5159 = ORIENTED_EDGE('',*,*,#5160,.T.);
#5160 = EDGE_CURVE('',#5152,#1205,#5161,.T.);
#5161 = B_SPLINE_CURVE_WITH_KNOTS('',1,(#5162,#5163),.UNSPECIFIED.,.F.,
  .F.,(2,2),(-0.,9.234144017191E-03),.PIECEWISE_BEZIER_KNOTS.);
#5162 = CARTESIAN_POINT('',(0.665689721423,4.322025454658,9.705085462068
    ));
#5163 = CARTESIAN_POINT('',(0.665689721423,4.322025454658,9.695851318051
    ));
#5164 = ORIENTED_EDGE('',*,*,#1213,.F.);
#5165 = B_SPLINE_SURFACE_WITH_KNOTS('',3,1,(
    (#5166,#5167)
    ,(#5168,#5169)
    ,(#5170,#5171)
    ,(#5172,#5173
    )),.UNSPECIFIED.,.F.,.F.,.F.,(4,4),(2,2),(2.,3.),(0.,1.),
  .PIECEWISE_BEZIER_KNOTS.);
#5166 = CARTESIAN_POINT('',(0.634360763244,4.410270767137,9.705085462068
    ));
#5167 = CARTESIAN_POINT('',(0.634360763244,4.410270767137,9.695851318051
    ));
#5168 = CARTESIAN_POINT('',(0.634360763244,4.373699513167,9.705085462068
    ));
#5169 = CARTESIAN_POINT('',(0.634360763244,4.373699513167,9.695851318051
    ));
#5170 = CARTESIAN_POINT('',(0.644782946542,4.344242803485,9.705085462068
    ));
#5171 = CARTESIAN_POINT('',(0.644782946542,4.344242803485,9.695851318051
    ));
#5172 = CARTESIAN_POINT('',(0.665689721423,4.322025454658,9.705085462068
    ));
#5173 = CARTESIAN_POINT('',(0.665689721423,4.322025454658,9.695851318051
    ));
#5174 = ADVANCED_FACE('',(#5175),#5187,.F.);
#5175 = FACE_BOUND('',#5176,.F.);
#5176 = EDGE_LOOP('',(#5177,#5178,#5185,#5186));
#5177 = ORIENTED_EDGE('',*,*,#5160,.F.);
#5178 = ORIENTED_EDGE('',*,*,#5179,.T.);
#5179 = EDGE_CURVE('',#5152,#4821,#5180,.T.);
#5180 = B_SPLINE_CURVE_WITH_KNOTS('',3,(#5181,#5182,#5183,#5184),
  .UNSPECIFIED.,.F.,.F.,(4,4),(1.,2.),.PIECEWISE_BEZIER_KNOTS.);
#5181 = CARTESIAN_POINT('',(0.665689721423,4.322025454658,9.705085462068
    ));
#5182 = CARTESIAN_POINT('',(0.686596496304,4.29980810583,9.705085462068)
  );
#5183 = CARTESIAN_POINT('',(0.714555407188,4.288699431415,9.705085462068
    ));
#5184 = CARTESIAN_POINT('',(0.749566454077,4.288699431415,9.705085462068
    ));
#5185 = ORIENTED_EDGE('',*,*,#4820,.T.);
#5186 = ORIENTED_EDGE('',*,*,#1204,.F.);
#5187 = B_SPLINE_SURFACE_WITH_KNOTS('',3,1,(
    (#5188,#5189)
    ,(#5190,#5191)
    ,(#5192,#5193)
    ,(#5194,#5195
    )),.UNSPECIFIED.,.F.,.F.,.F.,(4,4),(2,2),(1.,2.),(0.,1.),
  .PIECEWISE_BEZIER_KNOTS.);
#5188 = CARTESIAN_POINT('',(0.665689721423,4.322025454658,9.705085462068
    ));
#5189 = CARTESIAN_POINT('',(0.665689721423,4.322025454658,9.695851318051
    ));
#5190 = CARTESIAN_POINT('',(0.686596496304,4.29980810583,9.705085462068)
  );
#5191 = CARTESIAN_POINT('',(0.686596496304,4.29980810583,9.695851318051)
  );
#5192 = CARTESIAN_POINT('',(0.714555407188,4.288699431415,9.705085462068
    ));
#5193 = CARTESIAN_POINT('',(0.714555407188,4.288699431415,9.695851318051
    ));
#5194 = CARTESIAN_POINT('',(0.749566454077,4.288699431415,9.705085462068
    ));
#5195 = CARTESIAN_POINT('',(0.749566454077,4.288699431415,9.695851318051
    ));
#5196 = ADVANCED_FACE('',(#5197),#5213,.T.);
#5197 = FACE_BOUND('',#5198,.T.);
#5198 = EDGE_LOOP('',(#5199,#5200,#5201,#5202,#5203,#5204,#5205,#5206,
    #5207,#5208,#5209,#5210,#5211,#5212));
#5199 = ORIENTED_EDGE('',*,*,#4827,.T.);
#5200 = ORIENTED_EDGE('',*,*,#4862,.T.);
#5201 = ORIENTED_EDGE('',*,*,#4877,.T.);
#5202 = ORIENTED_EDGE('',*,*,#4905,.T.);
#5203 = ORIENTED_EDGE('',*,*,#4933,.T.);
#5204 = ORIENTED_EDGE('',*,*,#4961,.T.);
#5205 = ORIENTED_EDGE('',*,*,#4989,.T.);
#5206 = ORIENTED_EDGE('',*,*,#5017,.T.);
#5207 = ORIENTED_EDGE('',*,*,#5052,.T.);
#5208 = ORIENTED_EDGE('',*,*,#5067,.T.);
#5209 = ORIENTED_EDGE('',*,*,#5095,.T.);
#5210 = ORIENTED_EDGE('',*,*,#5123,.T.);
#5211 = ORIENTED_EDGE('',*,*,#5151,.T.);
#5212 = ORIENTED_EDGE('',*,*,#5179,.T.);
#5213 = B_SPLINE_SURFACE_WITH_KNOTS('',1,1,(
    (#5214,#5215)
    ,(#5216,#5217
    )),.UNSPECIFIED.,.F.,.F.,.F.,(2,2),(2,2),(-0.152416629706,
    3.037723186003E-02),(-3.557272143716E-03,0.248821825218),
  .PIECEWISE_BEZIER_KNOTS.);
#5214 = CARTESIAN_POINT('',(0.634360763244,4.288699431415,9.705085462068
    ));
#5215 = CARTESIAN_POINT('',(0.634360763244,4.541078528777,9.705085462068
    ));
#5216 = CARTESIAN_POINT('',(0.81715462481,4.288699431415,9.705085462068)
  );
#5217 = CARTESIAN_POINT('',(0.81715462481,4.541078528777,9.705085462068)
  );
#5218 = ADVANCED_FACE('',(#5219),#5241,.F.);
#5219 = FACE_BOUND('',#5220,.T.);
#5220 = EDGE_LOOP('',(#5221,#5222,#5229,#5236));
#5221 = ORIENTED_EDGE('',*,*,#1319,.T.);
#5222 = ORIENTED_EDGE('',*,*,#5223,.F.);
#5223 = EDGE_CURVE('',#5224,#1311,#5226,.T.);
#5224 = VERTEX_POINT('',#5225);
#5225 = CARTESIAN_POINT('',(0.99732733848,4.320652472427,9.705085462068)
  );
#5226 = B_SPLINE_CURVE_WITH_KNOTS('',1,(#5227,#5228),.UNSPECIFIED.,.F.,
  .F.,(2,2),(-0.,9.234144017191E-03),.PIECEWISE_BEZIER_KNOTS.);
#5227 = CARTESIAN_POINT('',(0.99732733848,4.320652472427,9.705085462068)
  );
#5228 = CARTESIAN_POINT('',(0.99732733848,4.320652472427,9.695851318051)
  );
#5229 = ORIENTED_EDGE('',*,*,#5230,.F.);
#5230 = EDGE_CURVE('',#5231,#5224,#5233,.T.);
#5231 = VERTEX_POINT('',#5232);
#5232 = CARTESIAN_POINT('',(0.99732733848,4.292818378108,9.705085462068)
  );
#5233 = B_SPLINE_CURVE_WITH_KNOTS('',1,(#5234,#5235),.UNSPECIFIED.,.F.,
  .F.,(2,2),(-2.783409431819E-02,0.),.PIECEWISE_BEZIER_KNOTS.);
#5234 = CARTESIAN_POINT('',(0.99732733848,4.292818378108,9.705085462068)
  );
#5235 = CARTESIAN_POINT('',(0.99732733848,4.320652472427,9.705085462068)
  );
#5236 = ORIENTED_EDGE('',*,*,#5237,.T.);
#5237 = EDGE_CURVE('',#5231,#1320,#5238,.T.);
#5238 = B_SPLINE_CURVE_WITH_KNOTS('',1,(#5239,#5240),.UNSPECIFIED.,.F.,
  .F.,(2,2),(-0.,9.234144017191E-03),.PIECEWISE_BEZIER_KNOTS.);
#5239 = CARTESIAN_POINT('',(0.99732733848,4.292818378108,9.705085462068)
  );
#5240 = CARTESIAN_POINT('',(0.99732733848,4.292818378108,9.695851318051)
  );
#5241 = B_SPLINE_SURFACE_WITH_KNOTS('',1,1,(
    (#5242,#5243)
    ,(#5244,#5245
    )),.UNSPECIFIED.,.F.,.F.,.F.,(2,2),(2,2),(-9.234144017191E-03,0.),(
    -2.783409431819E-02,0.),.PIECEWISE_BEZIER_KNOTS.);
#5242 = CARTESIAN_POINT('',(0.99732733848,4.292818378108,9.695851318051)
  );
#5243 = CARTESIAN_POINT('',(0.99732733848,4.320652472427,9.695851318051)
  );
#5244 = CARTESIAN_POINT('',(0.99732733848,4.292818378108,9.705085462068)
  );
#5245 = CARTESIAN_POINT('',(0.99732733848,4.320652472427,9.705085462068)
  );
#5246 = ADVANCED_FACE('',(#5247),#5263,.F.);
#5247 = FACE_BOUND('',#5248,.T.);
#5248 = EDGE_LOOP('',(#5249,#5250,#5257,#5262));
#5249 = ORIENTED_EDGE('',*,*,#1310,.T.);
#5250 = ORIENTED_EDGE('',*,*,#5251,.F.);
#5251 = EDGE_CURVE('',#5252,#1313,#5254,.T.);
#5252 = VERTEX_POINT('',#5253);
#5253 = CARTESIAN_POINT('',(0.897536493604,4.320652472427,9.705085462068
    ));
#5254 = B_SPLINE_CURVE_WITH_KNOTS('',1,(#5255,#5256),.UNSPECIFIED.,.F.,
  .F.,(2,2),(-0.,9.234144017191E-03),.PIECEWISE_BEZIER_KNOTS.);
#5255 = CARTESIAN_POINT('',(0.897536493604,4.320652472427,9.705085462068
    ));
#5256 = CARTESIAN_POINT('',(0.897536493604,4.320652472427,9.695851318051
    ));
#5257 = ORIENTED_EDGE('',*,*,#5258,.F.);
#5258 = EDGE_CURVE('',#5224,#5252,#5259,.T.);
#5259 = B_SPLINE_CURVE_WITH_KNOTS('',1,(#5260,#5261),.UNSPECIFIED.,.F.,
  .F.,(2,2),(-9.979084487599E-02,-0.),.PIECEWISE_BEZIER_KNOTS.);
#5260 = CARTESIAN_POINT('',(0.99732733848,4.320652472427,9.705085462068)
  );
#5261 = CARTESIAN_POINT('',(0.897536493604,4.320652472427,9.705085462068
    ));
#5262 = ORIENTED_EDGE('',*,*,#5223,.T.);
#5263 = B_SPLINE_SURFACE_WITH_KNOTS('',1,1,(
    (#5264,#5265)
    ,(#5266,#5267
    )),.UNSPECIFIED.,.F.,.F.,.F.,(2,2),(2,2),(0.,9.234144017191E-03),(0.
    ,9.979084487599E-02),.PIECEWISE_BEZIER_KNOTS.);
#5264 = CARTESIAN_POINT('',(0.897536493604,4.320652472427,9.705085462068
    ));
#5265 = CARTESIAN_POINT('',(0.99732733848,4.320652472427,9.705085462068)
  );
#5266 = CARTESIAN_POINT('',(0.897536493604,4.320652472427,9.695851318051
    ));
#5267 = CARTESIAN_POINT('',(0.99732733848,4.320652472427,9.695851318051)
  );
#5268 = ADVANCED_FACE('',(#5269),#5285,.F.);
#5269 = FACE_BOUND('',#5270,.T.);
#5270 = EDGE_LOOP('',(#5271,#5272,#5279,#5284));
#5271 = ORIENTED_EDGE('',*,*,#1389,.T.);
#5272 = ORIENTED_EDGE('',*,*,#5273,.F.);
#5273 = EDGE_CURVE('',#5274,#1383,#5276,.T.);
#5274 = VERTEX_POINT('',#5275);
#5275 = CARTESIAN_POINT('',(0.897536493604,4.40278177315,9.705085462068)
  );
#5276 = B_SPLINE_CURVE_WITH_KNOTS('',1,(#5277,#5278),.UNSPECIFIED.,.F.,
  .F.,(2,2),(-0.,9.234144017191E-03),.PIECEWISE_BEZIER_KNOTS.);
#5277 = CARTESIAN_POINT('',(0.897536493604,4.40278177315,9.705085462068)
  );
#5278 = CARTESIAN_POINT('',(0.897536493604,4.40278177315,9.695851318051)
  );
#5279 = ORIENTED_EDGE('',*,*,#5280,.F.);
#5280 = EDGE_CURVE('',#5252,#5274,#5281,.T.);
#5281 = B_SPLINE_CURVE_WITH_KNOTS('',1,(#5282,#5283),.UNSPECIFIED.,.F.,
  .F.,(2,2),(-8.212930072351E-02,0.),.PIECEWISE_BEZIER_KNOTS.);
#5282 = CARTESIAN_POINT('',(0.897536493604,4.320652472427,9.705085462068
    ));
#5283 = CARTESIAN_POINT('',(0.897536493604,4.40278177315,9.705085462068)
  );
#5284 = ORIENTED_EDGE('',*,*,#5251,.T.);
#5285 = B_SPLINE_SURFACE_WITH_KNOTS('',1,1,(
    (#5286,#5287)
    ,(#5288,#5289
    )),.UNSPECIFIED.,.F.,.F.,.F.,(2,2),(2,2),(-9.234144017191E-03,0.),(
    -8.212930072351E-02,0.),.PIECEWISE_BEZIER_KNOTS.);
#5286 = CARTESIAN_POINT('',(0.897536493604,4.320652472427,9.695851318051
    ));
#5287 = CARTESIAN_POINT('',(0.897536493604,4.40278177315,9.695851318051)
  );
#5288 = CARTESIAN_POINT('',(0.897536493604,4.320652472427,9.705085462068
    ));
#5289 = CARTESIAN_POINT('',(0.897536493604,4.40278177315,9.705085462068)
  );
#5290 = ADVANCED_FACE('',(#5291),#5307,.F.);
#5291 = FACE_BOUND('',#5292,.T.);
#5292 = EDGE_LOOP('',(#5293,#5294,#5301,#5306));
#5293 = ORIENTED_EDGE('',*,*,#1382,.T.);
#5294 = ORIENTED_EDGE('',*,*,#5295,.F.);
#5295 = EDGE_CURVE('',#5296,#1376,#5298,.T.);
#5296 = VERTEX_POINT('',#5297);
#5297 = CARTESIAN_POINT('',(0.984845681835,4.40278177315,9.705085462068)
  );
#5298 = B_SPLINE_CURVE_WITH_KNOTS('',1,(#5299,#5300),.UNSPECIFIED.,.F.,
  .F.,(2,2),(-0.,9.234144017191E-03),.PIECEWISE_BEZIER_KNOTS.);
#5299 = CARTESIAN_POINT('',(0.984845681835,4.40278177315,9.705085462068)
  );
#5300 = CARTESIAN_POINT('',(0.984845681835,4.40278177315,9.695851318051)
  );
#5301 = ORIENTED_EDGE('',*,*,#5302,.F.);
#5302 = EDGE_CURVE('',#5274,#5296,#5303,.T.);
#5303 = B_SPLINE_CURVE_WITH_KNOTS('',1,(#5304,#5305),.UNSPECIFIED.,.F.,
  .F.,(2,2),(-8.73091882311E-02,0.),.PIECEWISE_BEZIER_KNOTS.);
#5304 = CARTESIAN_POINT('',(0.897536493604,4.40278177315,9.705085462068)
  );
#5305 = CARTESIAN_POINT('',(0.984845681835,4.40278177315,9.705085462068)
  );
#5306 = ORIENTED_EDGE('',*,*,#5273,.T.);
#5307 = B_SPLINE_SURFACE_WITH_KNOTS('',1,1,(
    (#5308,#5309)
    ,(#5310,#5311
    )),.UNSPECIFIED.,.F.,.F.,.F.,(2,2),(2,2),(-9.234144017191E-03,0.),(
    -8.73091882311E-02,0.),.PIECEWISE_BEZIER_KNOTS.);
#5308 = CARTESIAN_POINT('',(0.897536493604,4.40278177315,9.695851318051)
  );
#5309 = CARTESIAN_POINT('',(0.984845681835,4.40278177315,9.695851318051)
  );
#5310 = CARTESIAN_POINT('',(0.897536493604,4.40278177315,9.705085462068)
  );
#5311 = CARTESIAN_POINT('',(0.984845681835,4.40278177315,9.705085462068)
  );
#5312 = ADVANCED_FACE('',(#5313),#5329,.F.);
#5313 = FACE_BOUND('',#5314,.T.);
#5314 = EDGE_LOOP('',(#5315,#5316,#5323,#5328));
#5315 = ORIENTED_EDGE('',*,*,#1375,.T.);
#5316 = ORIENTED_EDGE('',*,*,#5317,.F.);
#5317 = EDGE_CURVE('',#5318,#1369,#5320,.T.);
#5318 = VERTEX_POINT('',#5319);
#5319 = CARTESIAN_POINT('',(0.984845681835,4.430740684035,9.705085462068
    ));
#5320 = B_SPLINE_CURVE_WITH_KNOTS('',1,(#5321,#5322),.UNSPECIFIED.,.F.,
  .F.,(2,2),(-0.,9.234144017191E-03),.PIECEWISE_BEZIER_KNOTS.);
#5321 = CARTESIAN_POINT('',(0.984845681835,4.430740684035,9.705085462068
    ));
#5322 = CARTESIAN_POINT('',(0.984845681835,4.430740684035,9.695851318051
    ));
#5323 = ORIENTED_EDGE('',*,*,#5324,.F.);
#5324 = EDGE_CURVE('',#5296,#5318,#5325,.T.);
#5325 = B_SPLINE_CURVE_WITH_KNOTS('',1,(#5326,#5327),.UNSPECIFIED.,.F.,
  .F.,(2,2),(-2.795891088449E-02,0.),.PIECEWISE_BEZIER_KNOTS.);
#5326 = CARTESIAN_POINT('',(0.984845681835,4.40278177315,9.705085462068)
  );
#5327 = CARTESIAN_POINT('',(0.984845681835,4.430740684035,9.705085462068
    ));
#5328 = ORIENTED_EDGE('',*,*,#5295,.T.);
#5329 = B_SPLINE_SURFACE_WITH_KNOTS('',1,1,(
    (#5330,#5331)
    ,(#5332,#5333
    )),.UNSPECIFIED.,.F.,.F.,.F.,(2,2),(2,2),(-9.234144017191E-03,0.),(
    -2.795891088449E-02,0.),.PIECEWISE_BEZIER_KNOTS.);
#5330 = CARTESIAN_POINT('',(0.984845681835,4.40278177315,9.695851318051)
  );
#5331 = CARTESIAN_POINT('',(0.984845681835,4.430740684035,9.695851318051
    ));
#5332 = CARTESIAN_POINT('',(0.984845681835,4.40278177315,9.705085462068)
  );
#5333 = CARTESIAN_POINT('',(0.984845681835,4.430740684035,9.705085462068
    ));
#5334 = ADVANCED_FACE('',(#5335),#5351,.F.);
#5335 = FACE_BOUND('',#5336,.T.);
#5336 = EDGE_LOOP('',(#5337,#5338,#5345,#5350));
#5337 = ORIENTED_EDGE('',*,*,#1368,.T.);
#5338 = ORIENTED_EDGE('',*,*,#5339,.F.);
#5339 = EDGE_CURVE('',#5340,#1362,#5342,.T.);
#5340 = VERTEX_POINT('',#5341);
#5341 = CARTESIAN_POINT('',(0.897536493604,4.430740684035,9.705085462068
    ));
#5342 = B_SPLINE_CURVE_WITH_KNOTS('',1,(#5343,#5344),.UNSPECIFIED.,.F.,
  .F.,(2,2),(-0.,9.234144017191E-03),.PIECEWISE_BEZIER_KNOTS.);
#5343 = CARTESIAN_POINT('',(0.897536493604,4.430740684035,9.705085462068
    ));
#5344 = CARTESIAN_POINT('',(0.897536493604,4.430740684035,9.695851318051
    ));
#5345 = ORIENTED_EDGE('',*,*,#5346,.F.);
#5346 = EDGE_CURVE('',#5318,#5340,#5347,.T.);
#5347 = B_SPLINE_CURVE_WITH_KNOTS('',1,(#5348,#5349),.UNSPECIFIED.,.F.,
  .F.,(2,2),(-8.73091882311E-02,-0.),.PIECEWISE_BEZIER_KNOTS.);
#5348 = CARTESIAN_POINT('',(0.984845681835,4.430740684035,9.705085462068
    ));
#5349 = CARTESIAN_POINT('',(0.897536493604,4.430740684035,9.705085462068
    ));
#5350 = ORIENTED_EDGE('',*,*,#5317,.T.);
#5351 = B_SPLINE_SURFACE_WITH_KNOTS('',1,1,(
    (#5352,#5353)
    ,(#5354,#5355
    )),.UNSPECIFIED.,.F.,.F.,.F.,(2,2),(2,2),(0.,9.234144017191E-03),(0.
    ,8.73091882311E-02),.PIECEWISE_BEZIER_KNOTS.);
#5352 = CARTESIAN_POINT('',(0.897536493604,4.430740684035,9.705085462068
    ));
#5353 = CARTESIAN_POINT('',(0.984845681835,4.430740684035,9.705085462068
    ));
#5354 = CARTESIAN_POINT('',(0.897536493604,4.430740684035,9.695851318051
    ));
#5355 = CARTESIAN_POINT('',(0.984845681835,4.430740684035,9.695851318051
    ));
#5356 = ADVANCED_FACE('',(#5357),#5373,.F.);
#5357 = FACE_BOUND('',#5358,.T.);
#5358 = EDGE_LOOP('',(#5359,#5360,#5367,#5372));
#5359 = ORIENTED_EDGE('',*,*,#1361,.T.);
#5360 = ORIENTED_EDGE('',*,*,#5361,.F.);
#5361 = EDGE_CURVE('',#5362,#1355,#5364,.T.);
#5362 = VERTEX_POINT('',#5363);
#5363 = CARTESIAN_POINT('',(0.897536493604,4.508875854633,9.705085462068
    ));
#5364 = B_SPLINE_CURVE_WITH_KNOTS('',1,(#5365,#5366),.UNSPECIFIED.,.F.,
  .F.,(2,2),(-0.,9.234144017191E-03),.PIECEWISE_BEZIER_KNOTS.);
#5365 = CARTESIAN_POINT('',(0.897536493604,4.508875854633,9.705085462068
    ));
#5366 = CARTESIAN_POINT('',(0.897536493604,4.508875854633,9.695851318051
    ));
#5367 = ORIENTED_EDGE('',*,*,#5368,.F.);
#5368 = EDGE_CURVE('',#5340,#5362,#5369,.T.);
#5369 = B_SPLINE_CURVE_WITH_KNOTS('',1,(#5370,#5371),.UNSPECIFIED.,.F.,
  .F.,(2,2),(-7.813517059834E-02,0.),.PIECEWISE_BEZIER_KNOTS.);
#5370 = CARTESIAN_POINT('',(0.897536493604,4.430740684035,9.705085462068
    ));
#5371 = CARTESIAN_POINT('',(0.897536493604,4.508875854633,9.705085462068
    ));
#5372 = ORIENTED_EDGE('',*,*,#5339,.T.);
#5373 = B_SPLINE_SURFACE_WITH_KNOTS('',1,1,(
    (#5374,#5375)
    ,(#5376,#5377
    )),.UNSPECIFIED.,.F.,.F.,.F.,(2,2),(2,2),(-9.234144017191E-03,0.),(
    -7.813517059834E-02,0.),.PIECEWISE_BEZIER_KNOTS.);
#5374 = CARTESIAN_POINT('',(0.897536493604,4.430740684035,9.695851318051
    ));
#5375 = CARTESIAN_POINT('',(0.897536493604,4.508875854633,9.695851318051
    ));
#5376 = CARTESIAN_POINT('',(0.897536493604,4.430740684035,9.705085462068
    ));
#5377 = CARTESIAN_POINT('',(0.897536493604,4.508875854633,9.705085462068
    ));
#5378 = ADVANCED_FACE('',(#5379),#5395,.F.);
#5379 = FACE_BOUND('',#5380,.T.);
#5380 = EDGE_LOOP('',(#5381,#5382,#5389,#5394));
#5381 = ORIENTED_EDGE('',*,*,#1354,.T.);
#5382 = ORIENTED_EDGE('',*,*,#5383,.F.);
#5383 = EDGE_CURVE('',#5384,#1348,#5386,.T.);
#5384 = VERTEX_POINT('',#5385);
#5385 = CARTESIAN_POINT('',(0.991773001273,4.508875854633,9.705085462068
    ));
#5386 = B_SPLINE_CURVE_WITH_KNOTS('',1,(#5387,#5388),.UNSPECIFIED.,.F.,
  .F.,(2,2),(-0.,9.234144017191E-03),.PIECEWISE_BEZIER_KNOTS.);
#5387 = CARTESIAN_POINT('',(0.991773001273,4.508875854633,9.705085462068
    ));
#5388 = CARTESIAN_POINT('',(0.991773001273,4.508875854633,9.695851318051
    ));
#5389 = ORIENTED_EDGE('',*,*,#5390,.F.);
#5390 = EDGE_CURVE('',#5362,#5384,#5391,.T.);
#5391 = B_SPLINE_CURVE_WITH_KNOTS('',1,(#5392,#5393),.UNSPECIFIED.,.F.,
  .F.,(2,2),(-9.423650766949E-02,0.),.PIECEWISE_BEZIER_KNOTS.);
#5392 = CARTESIAN_POINT('',(0.897536493604,4.508875854633,9.705085462068
    ));
#5393 = CARTESIAN_POINT('',(0.991773001273,4.508875854633,9.705085462068
    ));
#5394 = ORIENTED_EDGE('',*,*,#5361,.T.);
#5395 = B_SPLINE_SURFACE_WITH_KNOTS('',1,1,(
    (#5396,#5397)
    ,(#5398,#5399
    )),.UNSPECIFIED.,.F.,.F.,.F.,(2,2),(2,2),(-9.234144017191E-03,0.),(
    -9.423650766949E-02,0.),.PIECEWISE_BEZIER_KNOTS.);
#5396 = CARTESIAN_POINT('',(0.897536493604,4.508875854633,9.695851318051
    ));
#5397 = CARTESIAN_POINT('',(0.991773001273,4.508875854633,9.695851318051
    ));
#5398 = CARTESIAN_POINT('',(0.897536493604,4.508875854633,9.705085462068
    ));
#5399 = CARTESIAN_POINT('',(0.991773001273,4.508875854633,9.705085462068
    ));
#5400 = ADVANCED_FACE('',(#5401),#5417,.F.);
#5401 = FACE_BOUND('',#5402,.T.);
#5402 = EDGE_LOOP('',(#5403,#5404,#5411,#5416));
#5403 = ORIENTED_EDGE('',*,*,#1347,.T.);
#5404 = ORIENTED_EDGE('',*,*,#5405,.F.);
#5405 = EDGE_CURVE('',#5406,#1341,#5408,.T.);
#5406 = VERTEX_POINT('',#5407);
#5407 = CARTESIAN_POINT('',(0.991773001273,4.536959582084,9.705085462068
    ));
#5408 = B_SPLINE_CURVE_WITH_KNOTS('',1,(#5409,#5410),.UNSPECIFIED.,.F.,
  .F.,(2,2),(-0.,9.234144017191E-03),.PIECEWISE_BEZIER_KNOTS.);
#5409 = CARTESIAN_POINT('',(0.991773001273,4.536959582084,9.705085462068
    ));
#5410 = CARTESIAN_POINT('',(0.991773001273,4.536959582084,9.695851318051
    ));
#5411 = ORIENTED_EDGE('',*,*,#5412,.F.);
#5412 = EDGE_CURVE('',#5384,#5406,#5413,.T.);
#5413 = B_SPLINE_CURVE_WITH_KNOTS('',1,(#5414,#5415),.UNSPECIFIED.,.F.,
  .F.,(2,2),(-2.80837274508E-02,0.),.PIECEWISE_BEZIER_KNOTS.);
#5414 = CARTESIAN_POINT('',(0.991773001273,4.508875854633,9.705085462068
    ));
#5415 = CARTESIAN_POINT('',(0.991773001273,4.536959582084,9.705085462068
    ));
#5416 = ORIENTED_EDGE('',*,*,#5383,.T.);
#5417 = B_SPLINE_SURFACE_WITH_KNOTS('',1,1,(
    (#5418,#5419)
    ,(#5420,#5421
    )),.UNSPECIFIED.,.F.,.F.,.F.,(2,2),(2,2),(-9.234144017191E-03,0.),(
    -2.80837274508E-02,0.),.PIECEWISE_BEZIER_KNOTS.);
#5418 = CARTESIAN_POINT('',(0.991773001273,4.508875854633,9.695851318051
    ));
#5419 = CARTESIAN_POINT('',(0.991773001273,4.536959582084,9.695851318051
    ));
#5420 = CARTESIAN_POINT('',(0.991773001273,4.508875854633,9.705085462068
    ));
#5421 = CARTESIAN_POINT('',(0.991773001273,4.536959582084,9.705085462068
    ));
#5422 = ADVANCED_FACE('',(#5423),#5439,.F.);
#5423 = FACE_BOUND('',#5424,.T.);
#5424 = EDGE_LOOP('',(#5425,#5426,#5433,#5438));
#5425 = ORIENTED_EDGE('',*,*,#1340,.T.);
#5426 = ORIENTED_EDGE('',*,*,#5427,.F.);
#5427 = EDGE_CURVE('',#5428,#1334,#5430,.T.);
#5428 = VERTEX_POINT('',#5429);
#5429 = CARTESIAN_POINT('',(0.866020310575,4.536959582084,9.705085462068
    ));
#5430 = B_SPLINE_CURVE_WITH_KNOTS('',1,(#5431,#5432),.UNSPECIFIED.,.F.,
  .F.,(2,2),(-0.,9.234144017191E-03),.PIECEWISE_BEZIER_KNOTS.);
#5431 = CARTESIAN_POINT('',(0.866020310575,4.536959582084,9.705085462068
    ));
#5432 = CARTESIAN_POINT('',(0.866020310575,4.536959582084,9.695851318051
    ));
#5433 = ORIENTED_EDGE('',*,*,#5434,.F.);
#5434 = EDGE_CURVE('',#5406,#5428,#5435,.T.);
#5435 = B_SPLINE_CURVE_WITH_KNOTS('',1,(#5436,#5437),.UNSPECIFIED.,.F.,
  .F.,(2,2),(-0.125752690698,-0.),.PIECEWISE_BEZIER_KNOTS.);
#5436 = CARTESIAN_POINT('',(0.991773001273,4.536959582084,9.705085462068
    ));
#5437 = CARTESIAN_POINT('',(0.866020310575,4.536959582084,9.705085462068
    ));
#5438 = ORIENTED_EDGE('',*,*,#5405,.T.);
#5439 = B_SPLINE_SURFACE_WITH_KNOTS('',1,1,(
    (#5440,#5441)
    ,(#5442,#5443
    )),.UNSPECIFIED.,.F.,.F.,.F.,(2,2),(2,2),(0.,9.234144017191E-03),(0.
    ,0.125752690698),.PIECEWISE_BEZIER_KNOTS.);
#5440 = CARTESIAN_POINT('',(0.866020310575,4.536959582084,9.705085462068
    ));
#5441 = CARTESIAN_POINT('',(0.991773001273,4.536959582084,9.705085462068
    ));
#5442 = CARTESIAN_POINT('',(0.866020310575,4.536959582084,9.695851318051
    ));
#5443 = CARTESIAN_POINT('',(0.991773001273,4.536959582084,9.695851318051
    ));
#5444 = ADVANCED_FACE('',(#5445),#5461,.F.);
#5445 = FACE_BOUND('',#5446,.T.);
#5446 = EDGE_LOOP('',(#5447,#5448,#5455,#5460));
#5447 = ORIENTED_EDGE('',*,*,#1333,.T.);
#5448 = ORIENTED_EDGE('',*,*,#5449,.F.);
#5449 = EDGE_CURVE('',#5450,#1327,#5452,.T.);
#5450 = VERTEX_POINT('',#5451);
#5451 = CARTESIAN_POINT('',(0.866020310575,4.292818378108,9.705085462068
    ));
#5452 = B_SPLINE_CURVE_WITH_KNOTS('',1,(#5453,#5454),.UNSPECIFIED.,.F.,
  .F.,(2,2),(-0.,9.234144017191E-03),.PIECEWISE_BEZIER_KNOTS.);
#5453 = CARTESIAN_POINT('',(0.866020310575,4.292818378108,9.705085462068
    ));
#5454 = CARTESIAN_POINT('',(0.866020310575,4.292818378108,9.695851318051
    ));
#5455 = ORIENTED_EDGE('',*,*,#5456,.F.);
#5456 = EDGE_CURVE('',#5428,#5450,#5457,.T.);
#5457 = B_SPLINE_CURVE_WITH_KNOTS('',1,(#5458,#5459),.UNSPECIFIED.,.F.,
  .F.,(2,2),(-0.244141203975,-0.),.PIECEWISE_BEZIER_KNOTS.);
#5458 = CARTESIAN_POINT('',(0.866020310575,4.536959582084,9.705085462068
    ));
#5459 = CARTESIAN_POINT('',(0.866020310575,4.292818378108,9.705085462068
    ));
#5460 = ORIENTED_EDGE('',*,*,#5427,.T.);
#5461 = B_SPLINE_SURFACE_WITH_KNOTS('',1,1,(
    (#5462,#5463)
    ,(#5464,#5465
    )),.UNSPECIFIED.,.F.,.F.,.F.,(2,2),(2,2),(0.,9.234144017191E-03),(0.
    ,0.244141203975),.PIECEWISE_BEZIER_KNOTS.);
#5462 = CARTESIAN_POINT('',(0.866020310575,4.292818378108,9.705085462068
    ));
#5463 = CARTESIAN_POINT('',(0.866020310575,4.536959582084,9.705085462068
    ));
#5464 = CARTESIAN_POINT('',(0.866020310575,4.292818378108,9.695851318051
    ));
#5465 = CARTESIAN_POINT('',(0.866020310575,4.536959582084,9.695851318051
    ));
#5466 = ADVANCED_FACE('',(#5467),#5477,.F.);
#5467 = FACE_BOUND('',#5468,.T.);
#5468 = EDGE_LOOP('',(#5469,#5470,#5471,#5476));
#5469 = ORIENTED_EDGE('',*,*,#1326,.T.);
#5470 = ORIENTED_EDGE('',*,*,#5237,.F.);
#5471 = ORIENTED_EDGE('',*,*,#5472,.F.);
#5472 = EDGE_CURVE('',#5450,#5231,#5473,.T.);
#5473 = B_SPLINE_CURVE_WITH_KNOTS('',1,(#5474,#5475),.UNSPECIFIED.,.F.,
  .F.,(2,2),(-0.131307027904,0.),.PIECEWISE_BEZIER_KNOTS.);
#5474 = CARTESIAN_POINT('',(0.866020310575,4.292818378108,9.705085462068
    ));
#5475 = CARTESIAN_POINT('',(0.99732733848,4.292818378108,9.705085462068)
  );
#5476 = ORIENTED_EDGE('',*,*,#5449,.T.);
#5477 = B_SPLINE_SURFACE_WITH_KNOTS('',1,1,(
    (#5478,#5479)
    ,(#5480,#5481
    )),.UNSPECIFIED.,.F.,.F.,.F.,(2,2),(2,2),(-9.234144017191E-03,0.),(
    -0.131307027904,0.),.PIECEWISE_BEZIER_KNOTS.);
#5478 = CARTESIAN_POINT('',(0.866020310575,4.292818378108,9.695851318051
    ));
#5479 = CARTESIAN_POINT('',(0.99732733848,4.292818378108,9.695851318051)
  );
#5480 = CARTESIAN_POINT('',(0.866020310575,4.292818378108,9.705085462068
    ));
#5481 = CARTESIAN_POINT('',(0.99732733848,4.292818378108,9.705085462068)
  );
#5482 = ADVANCED_FACE('',(#5483),#5497,.F.);
#5483 = FACE_BOUND('',#5484,.T.);
#5484 = EDGE_LOOP('',(#5485,#5486,#5487,#5488,#5489,#5490,#5491,#5492,
    #5493,#5494,#5495,#5496));
#5485 = ORIENTED_EDGE('',*,*,#5230,.T.);
#5486 = ORIENTED_EDGE('',*,*,#5258,.T.);
#5487 = ORIENTED_EDGE('',*,*,#5280,.T.);
#5488 = ORIENTED_EDGE('',*,*,#5302,.T.);
#5489 = ORIENTED_EDGE('',*,*,#5324,.T.);
#5490 = ORIENTED_EDGE('',*,*,#5346,.T.);
#5491 = ORIENTED_EDGE('',*,*,#5368,.T.);
#5492 = ORIENTED_EDGE('',*,*,#5390,.T.);
#5493 = ORIENTED_EDGE('',*,*,#5412,.T.);
#5494 = ORIENTED_EDGE('',*,*,#5434,.T.);
#5495 = ORIENTED_EDGE('',*,*,#5456,.T.);
#5496 = ORIENTED_EDGE('',*,*,#5472,.T.);
#5497 = B_SPLINE_SURFACE_WITH_KNOTS('',1,1,(
    (#5498,#5499)
    ,(#5500,#5501
    )),.UNSPECIFIED.,.F.,.F.,.F.,(2,2),(2,2),(-0.99732733848,
    -0.866020310575),(4.292818378108,4.536959582084),
  .PIECEWISE_BEZIER_KNOTS.);
#5498 = CARTESIAN_POINT('',(0.99732733848,4.292818378108,9.705085462068)
  );
#5499 = CARTESIAN_POINT('',(0.99732733848,4.536959582084,9.705085462068)
  );
#5500 = CARTESIAN_POINT('',(0.866020310575,4.292818378108,9.705085462068
    ));
#5501 = CARTESIAN_POINT('',(0.866020310575,4.536959582084,9.705085462068
    ));
#5502 = ADVANCED_FACE('',(#5503,#5562),#5621,.T.);
#5503 = FACE_BOUND('',#5504,.T.);
#5504 = EDGE_LOOP('',(#5505,#5514,#5523,#5532,#5541,#5550,#5557));
#5505 = ORIENTED_EDGE('',*,*,#5506,.T.);
#5506 = EDGE_CURVE('',#5507,#5509,#5511,.T.);
#5507 = VERTEX_POINT('',#5508);
#5508 = CARTESIAN_POINT('',(1.043447059784,4.292818378108,9.705085462068
    ));
#5509 = VERTEX_POINT('',#5510);
#5510 = CARTESIAN_POINT('',(1.110598372533,4.292818378108,9.705085462068
    ));
#5511 = B_SPLINE_CURVE_WITH_KNOTS('',1,(#5512,#5513),.UNSPECIFIED.,.F.,
  .F.,(2,2),(-6.715131274997E-02,0.),.PIECEWISE_BEZIER_KNOTS.);
#5512 = CARTESIAN_POINT('',(1.043447059784,4.292818378108,9.705085462068
    ));
#5513 = CARTESIAN_POINT('',(1.110598372533,4.292818378108,9.705085462068
    ));
#5514 = ORIENTED_EDGE('',*,*,#5515,.T.);
#5515 = EDGE_CURVE('',#5509,#5516,#5518,.T.);
#5516 = VERTEX_POINT('',#5517);
#5517 = CARTESIAN_POINT('',(1.205396554752,4.327018117315,9.705085462068
    ));
#5518 = B_SPLINE_CURVE_WITH_KNOTS('',3,(#5519,#5520,#5521,#5522),
  .UNSPECIFIED.,.F.,.F.,(4,4),(5.,6.),.PIECEWISE_BEZIER_KNOTS.);
#5519 = CARTESIAN_POINT('',(1.110598372533,4.292818378108,9.705085462068
    ));
#5520 = CARTESIAN_POINT('',(1.149229099849,4.292818378108,9.705085462068
    ));
#5521 = CARTESIAN_POINT('',(1.180870099444,4.304176685656,9.705085462068
    ));
#5522 = CARTESIAN_POINT('',(1.205396554752,4.327018117315,9.705085462068
    ));
#5523 = ORIENTED_EDGE('',*,*,#5524,.T.);
#5524 = EDGE_CURVE('',#5516,#5525,#5527,.T.);
#5525 = VERTEX_POINT('',#5526);
#5526 = CARTESIAN_POINT('',(1.242217441855,4.418009394258,9.705085462068
    ));
#5527 = B_SPLINE_CURVE_WITH_KNOTS('',3,(#5528,#5529,#5530,#5531),
  .UNSPECIFIED.,.F.,.F.,(4,4),(4.,5.),.PIECEWISE_BEZIER_KNOTS.);
#5528 = CARTESIAN_POINT('',(1.205396554752,4.327018117315,9.705085462068
    ));
#5529 = CARTESIAN_POINT('',(1.22992301006,4.349859548976,9.705085462068)
  );
#5530 = CARTESIAN_POINT('',(1.242217441855,4.380189974624,9.705085462068
    ));
#5531 = CARTESIAN_POINT('',(1.242217441855,4.418009394258,9.705085462068
    ));
#5532 = ORIENTED_EDGE('',*,*,#5533,.T.);
#5533 = EDGE_CURVE('',#5525,#5534,#5536,.T.);
#5534 = VERTEX_POINT('',#5535);
#5535 = CARTESIAN_POINT('',(1.205396554752,4.504632091374,9.705085462068
    ));
#5536 = B_SPLINE_CURVE_WITH_KNOTS('',3,(#5537,#5538,#5539,#5540),
  .UNSPECIFIED.,.F.,.F.,(4,4),(3.,4.),.PIECEWISE_BEZIER_KNOTS.);
#5537 = CARTESIAN_POINT('',(1.242217441855,4.418009394258,9.705085462068
    ));
#5538 = CARTESIAN_POINT('',(1.242217441855,4.454206198527,9.705085462068
    ));
#5539 = CARTESIAN_POINT('',(1.22992301006,4.483038825377,9.705085462068)
  );
#5540 = CARTESIAN_POINT('',(1.205396554752,4.504632091374,9.705085462068
    ));
#5541 = ORIENTED_EDGE('',*,*,#5542,.T.);
#5542 = EDGE_CURVE('',#5534,#5543,#5545,.T.);
#5543 = VERTEX_POINT('',#5544);
#5544 = CARTESIAN_POINT('',(1.113094703863,4.536959582084,9.705085462068
    ));
#5545 = B_SPLINE_CURVE_WITH_KNOTS('',3,(#5546,#5547,#5548,#5549),
  .UNSPECIFIED.,.F.,.F.,(4,4),(2.,3.),.PIECEWISE_BEZIER_KNOTS.);
#5546 = CARTESIAN_POINT('',(1.205396554752,4.504632091374,9.705085462068
    ));
#5547 = CARTESIAN_POINT('',(1.180870099444,4.52622535737,9.705085462068)
  );
#5548 = CARTESIAN_POINT('',(1.150102815815,4.536959582084,9.705085462068
    ));
#5549 = CARTESIAN_POINT('',(1.113094703863,4.536959582084,9.705085462068
    ));
#5550 = ORIENTED_EDGE('',*,*,#5551,.T.);
#5551 = EDGE_CURVE('',#5543,#5552,#5554,.T.);
#5552 = VERTEX_POINT('',#5553);
#5553 = CARTESIAN_POINT('',(1.043447059784,4.536959582084,9.705085462068
    ));
#5554 = B_SPLINE_CURVE_WITH_KNOTS('',1,(#5555,#5556),.UNSPECIFIED.,.F.,
  .F.,(2,2),(-6.964764407945E-02,-0.),.PIECEWISE_BEZIER_KNOTS.);
#5555 = CARTESIAN_POINT('',(1.113094703863,4.536959582084,9.705085462068
    ));
#5556 = CARTESIAN_POINT('',(1.043447059784,4.536959582084,9.705085462068
    ));
#5557 = ORIENTED_EDGE('',*,*,#5558,.T.);
#5558 = EDGE_CURVE('',#5552,#5507,#5559,.T.);
#5559 = B_SPLINE_CURVE_WITH_KNOTS('',1,(#5560,#5561),.UNSPECIFIED.,.F.,
  .F.,(2,2),(-0.244141203975,-0.),.PIECEWISE_BEZIER_KNOTS.);
#5560 = CARTESIAN_POINT('',(1.043447059784,4.536959582084,9.705085462068
    ));
#5561 = CARTESIAN_POINT('',(1.043447059784,4.292818378108,9.705085462068
    ));
#5562 = FACE_BOUND('',#5563,.T.);
#5563 = EDGE_LOOP('',(#5564,#5573,#5580,#5589,#5598,#5607,#5616));
#5564 = ORIENTED_EDGE('',*,*,#5565,.F.);
#5565 = EDGE_CURVE('',#5566,#5568,#5570,.T.);
#5566 = VERTEX_POINT('',#5567);
#5567 = CARTESIAN_POINT('',(1.074963242813,4.508875854633,9.705085462068
    ));
#5568 = VERTEX_POINT('',#5569);
#5569 = CARTESIAN_POINT('',(1.074963242813,4.320652472427,9.705085462068
    ));
#5570 = B_SPLINE_CURVE_WITH_KNOTS('',1,(#5571,#5572),.UNSPECIFIED.,.F.,
  .F.,(2,2),(0.,0.188223382206),.PIECEWISE_BEZIER_KNOTS.);
#5571 = CARTESIAN_POINT('',(1.074963242813,4.508875854633,9.705085462068
    ));
#5572 = CARTESIAN_POINT('',(1.074963242813,4.320652472427,9.705085462068
    ));
#5573 = ORIENTED_EDGE('',*,*,#5574,.F.);
#5574 = EDGE_CURVE('',#5575,#5566,#5577,.T.);
#5575 = VERTEX_POINT('',#5576);
#5576 = CARTESIAN_POINT('',(1.111846538197,4.508875854633,9.705085462068
    ));
#5577 = B_SPLINE_CURVE_WITH_KNOTS('',1,(#5578,#5579),.UNSPECIFIED.,.F.,
  .F.,(2,2),(0.,3.68832953838E-02),.PIECEWISE_BEZIER_KNOTS.);
#5578 = CARTESIAN_POINT('',(1.111846538197,4.508875854633,9.705085462068
    ));
#5579 = CARTESIAN_POINT('',(1.074963242813,4.508875854633,9.705085462068
    ));
#5580 = ORIENTED_EDGE('',*,*,#5581,.F.);
#5581 = EDGE_CURVE('',#5582,#5575,#5584,.T.);
#5582 = VERTEX_POINT('',#5583);
#5583 = CARTESIAN_POINT('',(1.182305489959,4.485909606406,9.705085462068
    ));
#5584 = B_SPLINE_CURVE_WITH_KNOTS('',3,(#5585,#5586,#5587,#5588),
  .UNSPECIFIED.,.F.,.F.,(4,4),(5.,6.),.PIECEWISE_BEZIER_KNOTS.);
#5585 = CARTESIAN_POINT('',(1.182305489959,4.485909606406,9.705085462068
    ));
#5586 = CARTESIAN_POINT('',(1.164456720955,4.50126204408,9.705085462068)
  );
#5587 = CARTESIAN_POINT('',(1.140928798179,4.508875854633,9.705085462068
    ));
#5588 = CARTESIAN_POINT('',(1.111846538197,4.508875854633,9.705085462068
    ));
#5589 = ORIENTED_EDGE('',*,*,#5590,.F.);
#5590 = EDGE_CURVE('',#5591,#5582,#5593,.T.);
#5591 = VERTEX_POINT('',#5592);
#5592 = CARTESIAN_POINT('',(1.209078643463,4.417135678292,9.705085462068
    ));
#5593 = B_SPLINE_CURVE_WITH_KNOTS('',3,(#5594,#5595,#5596,#5597),
  .UNSPECIFIED.,.F.,.F.,(4,4),(4.,5.),.PIECEWISE_BEZIER_KNOTS.);
#5594 = CARTESIAN_POINT('',(1.209078643463,4.417135678292,9.705085462068
    ));
#5595 = CARTESIAN_POINT('',(1.209078643463,4.447590920506,9.705085462068
    ));
#5596 = CARTESIAN_POINT('',(1.200154258961,4.470557168733,9.705085462068
    ));
#5597 = CARTESIAN_POINT('',(1.182305489959,4.485909606406,9.705085462068
    ));
#5598 = ORIENTED_EDGE('',*,*,#5599,.F.);
#5599 = EDGE_CURVE('',#5600,#5591,#5602,.T.);
#5600 = VERTEX_POINT('',#5601);
#5601 = CARTESIAN_POINT('',(1.182991981075,4.346115051982,9.705085462068
    ));
#5602 = B_SPLINE_CURVE_WITH_KNOTS('',3,(#5603,#5604,#5605,#5606),
  .UNSPECIFIED.,.F.,.F.,(4,4),(3.,4.),.PIECEWISE_BEZIER_KNOTS.);
#5603 = CARTESIAN_POINT('',(1.182991981075,4.346115051982,9.705085462068
    ));
#5604 = CARTESIAN_POINT('',(1.200403892095,4.362965288453,9.705085462068
    ));
#5605 = CARTESIAN_POINT('',(1.209078643463,4.386680436078,9.705085462068
    ));
#5606 = CARTESIAN_POINT('',(1.209078643463,4.417135678292,9.705085462068
    ));
#5607 = ORIENTED_EDGE('',*,*,#5608,.F.);
#5608 = EDGE_CURVE('',#5609,#5600,#5611,.T.);
#5609 = VERTEX_POINT('',#5610);
#5610 = CARTESIAN_POINT('',(1.110411147684,4.320652472427,9.705085462068
    ));
#5611 = B_SPLINE_CURVE_WITH_KNOTS('',3,(#5612,#5613,#5614,#5615),
  .UNSPECIFIED.,.F.,.F.,(4,4),(2.,3.),.PIECEWISE_BEZIER_KNOTS.);
#5612 = CARTESIAN_POINT('',(1.110411147684,4.320652472427,9.705085462068
    ));
#5613 = CARTESIAN_POINT('',(1.141428064446,4.320652472427,9.705085462068
    ));
#5614 = CARTESIAN_POINT('',(1.165642478338,4.329139998946,9.705085462068
    ));
#5615 = CARTESIAN_POINT('',(1.182991981075,4.346115051982,9.705085462068
    ));
#5616 = ORIENTED_EDGE('',*,*,#5617,.F.);
#5617 = EDGE_CURVE('',#5568,#5609,#5618,.T.);
#5618 = B_SPLINE_CURVE_WITH_KNOTS('',1,(#5619,#5620),.UNSPECIFIED.,.F.,
  .F.,(2,2),(0.,3.544790487126E-02),.PIECEWISE_BEZIER_KNOTS.);
#5619 = CARTESIAN_POINT('',(1.074963242813,4.320652472427,9.705085462068
    ));
#5620 = CARTESIAN_POINT('',(1.110411147684,4.320652472427,9.705085462068
    ));
#5621 = B_SPLINE_SURFACE_WITH_KNOTS('',1,1,(
    (#5622,#5623)
    ,(#5624,#5625
    )),.UNSPECIFIED.,.F.,.F.,.F.,(2,2),(2,2),(-0.120479190766,
    7.829119130539E-02),(-0.236074933369,8.066270606566E-03),
  .PIECEWISE_BEZIER_KNOTS.);
#5622 = CARTESIAN_POINT('',(1.043447059784,4.292818378108,9.705085462068
    ));
#5623 = CARTESIAN_POINT('',(1.043447059784,4.536959582084,9.705085462068
    ));
#5624 = CARTESIAN_POINT('',(1.242217441855,4.292818378108,9.705085462068
    ));
#5625 = CARTESIAN_POINT('',(1.242217441855,4.536959582084,9.705085462068
    ));
#5626 = ADVANCED_FACE('',(#5627),#5641,.F.);
#5627 = FACE_BOUND('',#5628,.T.);
#5628 = EDGE_LOOP('',(#5629,#5630,#5635,#5636));
#5629 = ORIENTED_EDGE('',*,*,#1072,.T.);
#5630 = ORIENTED_EDGE('',*,*,#5631,.F.);
#5631 = EDGE_CURVE('',#5509,#1062,#5632,.T.);
#5632 = B_SPLINE_CURVE_WITH_KNOTS('',1,(#5633,#5634),.UNSPECIFIED.,.F.,
  .F.,(2,2),(-0.,9.234144017191E-03),.PIECEWISE_BEZIER_KNOTS.);
#5633 = CARTESIAN_POINT('',(1.110598372533,4.292818378108,9.705085462068
    ));
#5634 = CARTESIAN_POINT('',(1.110598372533,4.292818378108,9.695851318051
    ));
#5635 = ORIENTED_EDGE('',*,*,#5506,.F.);
#5636 = ORIENTED_EDGE('',*,*,#5637,.T.);
#5637 = EDGE_CURVE('',#5507,#1073,#5638,.T.);
#5638 = B_SPLINE_CURVE_WITH_KNOTS('',1,(#5639,#5640),.UNSPECIFIED.,.F.,
  .F.,(2,2),(-0.,9.234144017191E-03),.PIECEWISE_BEZIER_KNOTS.);
#5639 = CARTESIAN_POINT('',(1.043447059784,4.292818378108,9.705085462068
    ));
#5640 = CARTESIAN_POINT('',(1.043447059784,4.292818378108,9.695851318051
    ));
#5641 = B_SPLINE_SURFACE_WITH_KNOTS('',1,1,(
    (#5642,#5643)
    ,(#5644,#5645
    )),.UNSPECIFIED.,.F.,.F.,.F.,(2,2),(2,2),(-9.234144017191E-03,0.),(
    -6.715131274997E-02,0.),.PIECEWISE_BEZIER_KNOTS.);
#5642 = CARTESIAN_POINT('',(1.043447059784,4.292818378108,9.695851318051
    ));
#5643 = CARTESIAN_POINT('',(1.110598372533,4.292818378108,9.695851318051
    ));
#5644 = CARTESIAN_POINT('',(1.043447059784,4.292818378108,9.705085462068
    ));
#5645 = CARTESIAN_POINT('',(1.110598372533,4.292818378108,9.705085462068
    ));
#5646 = ADVANCED_FACE('',(#5647),#5657,.F.);
#5647 = FACE_BOUND('',#5648,.F.);
#5648 = EDGE_LOOP('',(#5649,#5650,#5651,#5656));
#5649 = ORIENTED_EDGE('',*,*,#5631,.F.);
#5650 = ORIENTED_EDGE('',*,*,#5515,.T.);
#5651 = ORIENTED_EDGE('',*,*,#5652,.T.);
#5652 = EDGE_CURVE('',#5516,#1064,#5653,.T.);
#5653 = B_SPLINE_CURVE_WITH_KNOTS('',1,(#5654,#5655),.UNSPECIFIED.,.F.,
  .F.,(2,2),(-0.,9.234144017191E-03),.PIECEWISE_BEZIER_KNOTS.);
#5654 = CARTESIAN_POINT('',(1.205396554752,4.327018117315,9.705085462068
    ));
#5655 = CARTESIAN_POINT('',(1.205396554752,4.327018117315,9.695851318051
    ));
#5656 = ORIENTED_EDGE('',*,*,#1061,.F.);
#5657 = B_SPLINE_SURFACE_WITH_KNOTS('',3,1,(
    (#5658,#5659)
    ,(#5660,#5661)
    ,(#5662,#5663)
    ,(#5664,#5665
    )),.UNSPECIFIED.,.F.,.F.,.F.,(4,4),(2,2),(5.,6.),(0.,1.),
  .PIECEWISE_BEZIER_KNOTS.);
#5658 = CARTESIAN_POINT('',(1.110598372533,4.292818378108,9.705085462068
    ));
#5659 = CARTESIAN_POINT('',(1.110598372533,4.292818378108,9.695851318051
    ));
#5660 = CARTESIAN_POINT('',(1.149229099849,4.292818378108,9.705085462068
    ));
#5661 = CARTESIAN_POINT('',(1.149229099849,4.292818378108,9.695851318051
    ));
#5662 = CARTESIAN_POINT('',(1.180870099444,4.304176685656,9.705085462068
    ));
#5663 = CARTESIAN_POINT('',(1.180870099444,4.304176685656,9.695851318051
    ));
#5664 = CARTESIAN_POINT('',(1.205396554752,4.327018117315,9.705085462068
    ));
#5665 = CARTESIAN_POINT('',(1.205396554752,4.327018117315,9.695851318051
    ));
#5666 = ADVANCED_FACE('',(#5667),#5677,.F.);
#5667 = FACE_BOUND('',#5668,.F.);
#5668 = EDGE_LOOP('',(#5669,#5670,#5671,#5676));
#5669 = ORIENTED_EDGE('',*,*,#5652,.F.);
#5670 = ORIENTED_EDGE('',*,*,#5524,.T.);
#5671 = ORIENTED_EDGE('',*,*,#5672,.T.);
#5672 = EDGE_CURVE('',#5525,#1103,#5673,.T.);
#5673 = B_SPLINE_CURVE_WITH_KNOTS('',1,(#5674,#5675),.UNSPECIFIED.,.F.,
  .F.,(2,2),(-0.,9.234144017191E-03),.PIECEWISE_BEZIER_KNOTS.);
#5674 = CARTESIAN_POINT('',(1.242217441855,4.418009394258,9.705085462068
    ));
#5675 = CARTESIAN_POINT('',(1.242217441855,4.418009394258,9.695851318051
    ));
#5676 = ORIENTED_EDGE('',*,*,#1111,.F.);
#5677 = B_SPLINE_SURFACE_WITH_KNOTS('',3,1,(
    (#5678,#5679)
    ,(#5680,#5681)
    ,(#5682,#5683)
    ,(#5684,#5685
    )),.UNSPECIFIED.,.F.,.F.,.F.,(4,4),(2,2),(4.,5.),(0.,1.),
  .PIECEWISE_BEZIER_KNOTS.);
#5678 = CARTESIAN_POINT('',(1.205396554752,4.327018117315,9.705085462068
    ));
#5679 = CARTESIAN_POINT('',(1.205396554752,4.327018117315,9.695851318051
    ));
#5680 = CARTESIAN_POINT('',(1.22992301006,4.349859548976,9.705085462068)
  );
#5681 = CARTESIAN_POINT('',(1.22992301006,4.349859548976,9.695851318051)
  );
#5682 = CARTESIAN_POINT('',(1.242217441855,4.380189974624,9.705085462068
    ));
#5683 = CARTESIAN_POINT('',(1.242217441855,4.380189974624,9.695851318051
    ));
#5684 = CARTESIAN_POINT('',(1.242217441855,4.418009394258,9.705085462068
    ));
#5685 = CARTESIAN_POINT('',(1.242217441855,4.418009394258,9.695851318051
    ));
#5686 = ADVANCED_FACE('',(#5687),#5697,.F.);
#5687 = FACE_BOUND('',#5688,.F.);
#5688 = EDGE_LOOP('',(#5689,#5690,#5691,#5696));
#5689 = ORIENTED_EDGE('',*,*,#5672,.F.);
#5690 = ORIENTED_EDGE('',*,*,#5533,.T.);
#5691 = ORIENTED_EDGE('',*,*,#5692,.T.);
#5692 = EDGE_CURVE('',#5534,#1094,#5693,.T.);
#5693 = B_SPLINE_CURVE_WITH_KNOTS('',1,(#5694,#5695),.UNSPECIFIED.,.F.,
  .F.,(2,2),(-0.,9.234144017191E-03),.PIECEWISE_BEZIER_KNOTS.);
#5694 = CARTESIAN_POINT('',(1.205396554752,4.504632091374,9.705085462068
    ));
#5695 = CARTESIAN_POINT('',(1.205396554752,4.504632091374,9.695851318051
    ));
#5696 = ORIENTED_EDGE('',*,*,#1102,.F.);
#5697 = B_SPLINE_SURFACE_WITH_KNOTS('',3,1,(
    (#5698,#5699)
    ,(#5700,#5701)
    ,(#5702,#5703)
    ,(#5704,#5705
    )),.UNSPECIFIED.,.F.,.F.,.F.,(4,4),(2,2),(3.,4.),(0.,1.),
  .PIECEWISE_BEZIER_KNOTS.);
#5698 = CARTESIAN_POINT('',(1.242217441855,4.418009394258,9.705085462068
    ));
#5699 = CARTESIAN_POINT('',(1.242217441855,4.418009394258,9.695851318051
    ));
#5700 = CARTESIAN_POINT('',(1.242217441855,4.454206198527,9.705085462068
    ));
#5701 = CARTESIAN_POINT('',(1.242217441855,4.454206198527,9.695851318051
    ));
#5702 = CARTESIAN_POINT('',(1.22992301006,4.483038825377,9.705085462068)
  );
#5703 = CARTESIAN_POINT('',(1.22992301006,4.483038825377,9.695851318051)
  );
#5704 = CARTESIAN_POINT('',(1.205396554752,4.504632091374,9.705085462068
    ));
#5705 = CARTESIAN_POINT('',(1.205396554752,4.504632091374,9.695851318051
    ));
#5706 = ADVANCED_FACE('',(#5707),#5717,.F.);
#5707 = FACE_BOUND('',#5708,.F.);
#5708 = EDGE_LOOP('',(#5709,#5710,#5711,#5716));
#5709 = ORIENTED_EDGE('',*,*,#5692,.F.);
#5710 = ORIENTED_EDGE('',*,*,#5542,.T.);
#5711 = ORIENTED_EDGE('',*,*,#5712,.T.);
#5712 = EDGE_CURVE('',#5543,#1087,#5713,.T.);
#5713 = B_SPLINE_CURVE_WITH_KNOTS('',1,(#5714,#5715),.UNSPECIFIED.,.F.,
  .F.,(2,2),(-0.,9.234144017191E-03),.PIECEWISE_BEZIER_KNOTS.);
#5714 = CARTESIAN_POINT('',(1.113094703863,4.536959582084,9.705085462068
    ));
#5715 = CARTESIAN_POINT('',(1.113094703863,4.536959582084,9.695851318051
    ));
#5716 = ORIENTED_EDGE('',*,*,#1093,.F.);
#5717 = B_SPLINE_SURFACE_WITH_KNOTS('',3,1,(
    (#5718,#5719)
    ,(#5720,#5721)
    ,(#5722,#5723)
    ,(#5724,#5725
    )),.UNSPECIFIED.,.F.,.F.,.F.,(4,4),(2,2),(2.,3.),(0.,1.),
  .PIECEWISE_BEZIER_KNOTS.);
#5718 = CARTESIAN_POINT('',(1.205396554752,4.504632091374,9.705085462068
    ));
#5719 = CARTESIAN_POINT('',(1.205396554752,4.504632091374,9.695851318051
    ));
#5720 = CARTESIAN_POINT('',(1.180870099444,4.52622535737,9.705085462068)
  );
#5721 = CARTESIAN_POINT('',(1.180870099444,4.52622535737,9.695851318051)
  );
#5722 = CARTESIAN_POINT('',(1.150102815815,4.536959582084,9.705085462068
    ));
#5723 = CARTESIAN_POINT('',(1.150102815815,4.536959582084,9.695851318051
    ));
#5724 = CARTESIAN_POINT('',(1.113094703863,4.536959582084,9.705085462068
    ));
#5725 = CARTESIAN_POINT('',(1.113094703863,4.536959582084,9.695851318051
    ));
#5726 = ADVANCED_FACE('',(#5727),#5737,.F.);
#5727 = FACE_BOUND('',#5728,.T.);
#5728 = EDGE_LOOP('',(#5729,#5730,#5735,#5736));
#5729 = ORIENTED_EDGE('',*,*,#1086,.T.);
#5730 = ORIENTED_EDGE('',*,*,#5731,.F.);
#5731 = EDGE_CURVE('',#5552,#1080,#5732,.T.);
#5732 = B_SPLINE_CURVE_WITH_KNOTS('',1,(#5733,#5734),.UNSPECIFIED.,.F.,
  .F.,(2,2),(-0.,9.234144017191E-03),.PIECEWISE_BEZIER_KNOTS.);
#5733 = CARTESIAN_POINT('',(1.043447059784,4.536959582084,9.705085462068
    ));
#5734 = CARTESIAN_POINT('',(1.043447059784,4.536959582084,9.695851318051
    ));
#5735 = ORIENTED_EDGE('',*,*,#5551,.F.);
#5736 = ORIENTED_EDGE('',*,*,#5712,.T.);
#5737 = B_SPLINE_SURFACE_WITH_KNOTS('',1,1,(
    (#5738,#5739)
    ,(#5740,#5741
    )),.UNSPECIFIED.,.F.,.F.,.F.,(2,2),(2,2),(0.,9.234144017191E-03),(0.
    ,6.964764407945E-02),.PIECEWISE_BEZIER_KNOTS.);
#5738 = CARTESIAN_POINT('',(1.043447059784,4.536959582084,9.705085462068
    ));
#5739 = CARTESIAN_POINT('',(1.113094703863,4.536959582084,9.705085462068
    ));
#5740 = CARTESIAN_POINT('',(1.043447059784,4.536959582084,9.695851318051
    ));
#5741 = CARTESIAN_POINT('',(1.113094703863,4.536959582084,9.695851318051
    ));
#5742 = ADVANCED_FACE('',(#5743),#5749,.F.);
#5743 = FACE_BOUND('',#5744,.T.);
#5744 = EDGE_LOOP('',(#5745,#5746,#5747,#5748));
#5745 = ORIENTED_EDGE('',*,*,#1079,.T.);
#5746 = ORIENTED_EDGE('',*,*,#5637,.F.);
#5747 = ORIENTED_EDGE('',*,*,#5558,.F.);
#5748 = ORIENTED_EDGE('',*,*,#5731,.T.);
#5749 = B_SPLINE_SURFACE_WITH_KNOTS('',1,1,(
    (#5750,#5751)
    ,(#5752,#5753
    )),.UNSPECIFIED.,.F.,.F.,.F.,(2,2),(2,2),(0.,9.234144017191E-03),(0.
    ,0.244141203975),.PIECEWISE_BEZIER_KNOTS.);
#5750 = CARTESIAN_POINT('',(1.043447059784,4.292818378108,9.705085462068
    ));
#5751 = CARTESIAN_POINT('',(1.043447059784,4.536959582084,9.705085462068
    ));
#5752 = CARTESIAN_POINT('',(1.043447059784,4.292818378108,9.695851318051
    ));
#5753 = CARTESIAN_POINT('',(1.043447059784,4.536959582084,9.695851318051
    ));
#5754 = ADVANCED_FACE('',(#5755),#5777,.T.);
#5755 = FACE_BOUND('',#5756,.T.);
#5756 = EDGE_LOOP('',(#5757,#5766,#5771,#5772));
#5757 = ORIENTED_EDGE('',*,*,#5758,.F.);
#5758 = EDGE_CURVE('',#5759,#5761,#5763,.T.);
#5759 = VERTEX_POINT('',#5760);
#5760 = CARTESIAN_POINT('',(1.111846538197,4.508875854633,9.695851318051
    ));
#5761 = VERTEX_POINT('',#5762);
#5762 = CARTESIAN_POINT('',(1.074963242813,4.508875854633,9.695851318051
    ));
#5763 = B_SPLINE_CURVE_WITH_KNOTS('',1,(#5764,#5765),.UNSPECIFIED.,.F.,
  .F.,(2,2),(0.,3.68832953838E-02),.PIECEWISE_BEZIER_KNOTS.);
#5764 = CARTESIAN_POINT('',(1.111846538197,4.508875854633,9.695851318051
    ));
#5765 = CARTESIAN_POINT('',(1.074963242813,4.508875854633,9.695851318051
    ));
#5766 = ORIENTED_EDGE('',*,*,#5767,.F.);
#5767 = EDGE_CURVE('',#5575,#5759,#5768,.T.);
#5768 = B_SPLINE_CURVE_WITH_KNOTS('',1,(#5769,#5770),.UNSPECIFIED.,.F.,
  .F.,(2,2),(-0.,9.234144017191E-03),.PIECEWISE_BEZIER_KNOTS.);
#5769 = CARTESIAN_POINT('',(1.111846538197,4.508875854633,9.705085462068
    ));
#5770 = CARTESIAN_POINT('',(1.111846538197,4.508875854633,9.695851318051
    ));
#5771 = ORIENTED_EDGE('',*,*,#5574,.T.);
#5772 = ORIENTED_EDGE('',*,*,#5773,.T.);
#5773 = EDGE_CURVE('',#5566,#5761,#5774,.T.);
#5774 = B_SPLINE_CURVE_WITH_KNOTS('',1,(#5775,#5776),.UNSPECIFIED.,.F.,
  .F.,(2,2),(-0.,9.234144017191E-03),.PIECEWISE_BEZIER_KNOTS.);
#5775 = CARTESIAN_POINT('',(1.074963242813,4.508875854633,9.705085462068
    ));
#5776 = CARTESIAN_POINT('',(1.074963242813,4.508875854633,9.695851318051
    ));
#5777 = B_SPLINE_SURFACE_WITH_KNOTS('',1,1,(
    (#5778,#5779)
    ,(#5780,#5781
    )),.UNSPECIFIED.,.F.,.F.,.F.,(2,2),(2,2),(0.,9.234144017191E-03),(
    -3.68832953838E-02,0.),.PIECEWISE_BEZIER_KNOTS.);
#5778 = CARTESIAN_POINT('',(1.074963242813,4.508875854633,9.705085462068
    ));
#5779 = CARTESIAN_POINT('',(1.111846538197,4.508875854633,9.705085462068
    ));
#5780 = CARTESIAN_POINT('',(1.074963242813,4.508875854633,9.695851318051
    ));
#5781 = CARTESIAN_POINT('',(1.111846538197,4.508875854633,9.695851318051
    ));
#5782 = ADVANCED_FACE('',(#5783),#5799,.T.);
#5783 = FACE_BOUND('',#5784,.T.);
#5784 = EDGE_LOOP('',(#5785,#5792,#5793,#5794));
#5785 = ORIENTED_EDGE('',*,*,#5786,.F.);
#5786 = EDGE_CURVE('',#5761,#5787,#5789,.T.);
#5787 = VERTEX_POINT('',#5788);
#5788 = CARTESIAN_POINT('',(1.074963242813,4.320652472427,9.695851318051
    ));
#5789 = B_SPLINE_CURVE_WITH_KNOTS('',1,(#5790,#5791),.UNSPECIFIED.,.F.,
  .F.,(2,2),(0.,0.188223382206),.PIECEWISE_BEZIER_KNOTS.);
#5790 = CARTESIAN_POINT('',(1.074963242813,4.508875854633,9.695851318051
    ));
#5791 = CARTESIAN_POINT('',(1.074963242813,4.320652472427,9.695851318051
    ));
#5792 = ORIENTED_EDGE('',*,*,#5773,.F.);
#5793 = ORIENTED_EDGE('',*,*,#5565,.T.);
#5794 = ORIENTED_EDGE('',*,*,#5795,.T.);
#5795 = EDGE_CURVE('',#5568,#5787,#5796,.T.);
#5796 = B_SPLINE_CURVE_WITH_KNOTS('',1,(#5797,#5798),.UNSPECIFIED.,.F.,
  .F.,(2,2),(-0.,9.234144017191E-03),.PIECEWISE_BEZIER_KNOTS.);
#5797 = CARTESIAN_POINT('',(1.074963242813,4.320652472427,9.705085462068
    ));
#5798 = CARTESIAN_POINT('',(1.074963242813,4.320652472427,9.695851318051
    ));
#5799 = B_SPLINE_SURFACE_WITH_KNOTS('',1,1,(
    (#5800,#5801)
    ,(#5802,#5803
    )),.UNSPECIFIED.,.F.,.F.,.F.,(2,2),(2,2),(0.,9.234144017191E-03),(
    -0.188223382206,0.),.PIECEWISE_BEZIER_KNOTS.);
#5800 = CARTESIAN_POINT('',(1.074963242813,4.320652472427,9.705085462068
    ));
#5801 = CARTESIAN_POINT('',(1.074963242813,4.508875854633,9.705085462068
    ));
#5802 = CARTESIAN_POINT('',(1.074963242813,4.320652472427,9.695851318051
    ));
#5803 = CARTESIAN_POINT('',(1.074963242813,4.508875854633,9.695851318051
    ));
#5804 = ADVANCED_FACE('',(#5805),#5821,.T.);
#5805 = FACE_BOUND('',#5806,.T.);
#5806 = EDGE_LOOP('',(#5807,#5814,#5815,#5816));
#5807 = ORIENTED_EDGE('',*,*,#5808,.F.);
#5808 = EDGE_CURVE('',#5787,#5809,#5811,.T.);
#5809 = VERTEX_POINT('',#5810);
#5810 = CARTESIAN_POINT('',(1.110411147684,4.320652472427,9.695851318051
    ));
#5811 = B_SPLINE_CURVE_WITH_KNOTS('',1,(#5812,#5813),.UNSPECIFIED.,.F.,
  .F.,(2,2),(0.,3.544790487126E-02),.PIECEWISE_BEZIER_KNOTS.);
#5812 = CARTESIAN_POINT('',(1.074963242813,4.320652472427,9.695851318051
    ));
#5813 = CARTESIAN_POINT('',(1.110411147684,4.320652472427,9.695851318051
    ));
#5814 = ORIENTED_EDGE('',*,*,#5795,.F.);
#5815 = ORIENTED_EDGE('',*,*,#5617,.T.);
#5816 = ORIENTED_EDGE('',*,*,#5817,.T.);
#5817 = EDGE_CURVE('',#5609,#5809,#5818,.T.);
#5818 = B_SPLINE_CURVE_WITH_KNOTS('',1,(#5819,#5820),.UNSPECIFIED.,.F.,
  .F.,(2,2),(-0.,9.234144017191E-03),.PIECEWISE_BEZIER_KNOTS.);
#5819 = CARTESIAN_POINT('',(1.110411147684,4.320652472427,9.705085462068
    ));
#5820 = CARTESIAN_POINT('',(1.110411147684,4.320652472427,9.695851318051
    ));
#5821 = B_SPLINE_SURFACE_WITH_KNOTS('',1,1,(
    (#5822,#5823)
    ,(#5824,#5825
    )),.UNSPECIFIED.,.F.,.F.,.F.,(2,2),(2,2),(-9.234144017191E-03,0.),(
    0.,3.544790487126E-02),.PIECEWISE_BEZIER_KNOTS.);
#5822 = CARTESIAN_POINT('',(1.074963242813,4.320652472427,9.695851318051
    ));
#5823 = CARTESIAN_POINT('',(1.110411147684,4.320652472427,9.695851318051
    ));
#5824 = CARTESIAN_POINT('',(1.074963242813,4.320652472427,9.705085462068
    ));
#5825 = CARTESIAN_POINT('',(1.110411147684,4.320652472427,9.705085462068
    ));
#5826 = ADVANCED_FACE('',(#5827),#5845,.T.);
#5827 = FACE_BOUND('',#5828,.T.);
#5828 = EDGE_LOOP('',(#5829,#5838,#5839,#5840));
#5829 = ORIENTED_EDGE('',*,*,#5830,.F.);
#5830 = EDGE_CURVE('',#5809,#5831,#5833,.T.);
#5831 = VERTEX_POINT('',#5832);
#5832 = CARTESIAN_POINT('',(1.182991981075,4.346115051982,9.695851318051
    ));
#5833 = B_SPLINE_CURVE_WITH_KNOTS('',3,(#5834,#5835,#5836,#5837),
  .UNSPECIFIED.,.F.,.F.,(4,4),(2.,3.),.PIECEWISE_BEZIER_KNOTS.);
#5834 = CARTESIAN_POINT('',(1.110411147684,4.320652472427,9.695851318051
    ));
#5835 = CARTESIAN_POINT('',(1.141428064446,4.320652472427,9.695851318051
    ));
#5836 = CARTESIAN_POINT('',(1.165642478338,4.329139998946,9.695851318051
    ));
#5837 = CARTESIAN_POINT('',(1.182991981075,4.346115051982,9.695851318051
    ));
#5838 = ORIENTED_EDGE('',*,*,#5817,.F.);
#5839 = ORIENTED_EDGE('',*,*,#5608,.T.);
#5840 = ORIENTED_EDGE('',*,*,#5841,.T.);
#5841 = EDGE_CURVE('',#5600,#5831,#5842,.T.);
#5842 = B_SPLINE_CURVE_WITH_KNOTS('',1,(#5843,#5844),.UNSPECIFIED.,.F.,
  .F.,(2,2),(-0.,9.234144017191E-03),.PIECEWISE_BEZIER_KNOTS.);
#5843 = CARTESIAN_POINT('',(1.182991981075,4.346115051982,9.705085462068
    ));
#5844 = CARTESIAN_POINT('',(1.182991981075,4.346115051982,9.695851318051
    ));
#5845 = B_SPLINE_SURFACE_WITH_KNOTS('',3,1,(
    (#5846,#5847)
    ,(#5848,#5849)
    ,(#5850,#5851)
    ,(#5852,#5853
    )),.UNSPECIFIED.,.F.,.F.,.F.,(4,4),(2,2),(2.,3.),(0.,1.),
  .PIECEWISE_BEZIER_KNOTS.);
#5846 = CARTESIAN_POINT('',(1.110411147684,4.320652472427,9.705085462068
    ));
#5847 = CARTESIAN_POINT('',(1.110411147684,4.320652472427,9.695851318051
    ));
#5848 = CARTESIAN_POINT('',(1.141428064446,4.320652472427,9.705085462068
    ));
#5849 = CARTESIAN_POINT('',(1.141428064446,4.320652472427,9.695851318051
    ));
#5850 = CARTESIAN_POINT('',(1.165642478338,4.329139998946,9.705085462068
    ));
#5851 = CARTESIAN_POINT('',(1.165642478338,4.329139998946,9.695851318051
    ));
#5852 = CARTESIAN_POINT('',(1.182991981075,4.346115051982,9.705085462068
    ));
#5853 = CARTESIAN_POINT('',(1.182991981075,4.346115051982,9.695851318051
    ));
#5854 = ADVANCED_FACE('',(#5855),#5873,.T.);
#5855 = FACE_BOUND('',#5856,.T.);
#5856 = EDGE_LOOP('',(#5857,#5866,#5867,#5868));
#5857 = ORIENTED_EDGE('',*,*,#5858,.F.);
#5858 = EDGE_CURVE('',#5831,#5859,#5861,.T.);
#5859 = VERTEX_POINT('',#5860);
#5860 = CARTESIAN_POINT('',(1.209078643463,4.417135678292,9.695851318051
    ));
#5861 = B_SPLINE_CURVE_WITH_KNOTS('',3,(#5862,#5863,#5864,#5865),
  .UNSPECIFIED.,.F.,.F.,(4,4),(3.,4.),.PIECEWISE_BEZIER_KNOTS.);
#5862 = CARTESIAN_POINT('',(1.182991981075,4.346115051982,9.695851318051
    ));
#5863 = CARTESIAN_POINT('',(1.200403892095,4.362965288453,9.695851318051
    ));
#5864 = CARTESIAN_POINT('',(1.209078643463,4.386680436078,9.695851318051
    ));
#5865 = CARTESIAN_POINT('',(1.209078643463,4.417135678292,9.695851318051
    ));
#5866 = ORIENTED_EDGE('',*,*,#5841,.F.);
#5867 = ORIENTED_EDGE('',*,*,#5599,.T.);
#5868 = ORIENTED_EDGE('',*,*,#5869,.T.);
#5869 = EDGE_CURVE('',#5591,#5859,#5870,.T.);
#5870 = B_SPLINE_CURVE_WITH_KNOTS('',1,(#5871,#5872),.UNSPECIFIED.,.F.,
  .F.,(2,2),(-0.,9.234144017191E-03),.PIECEWISE_BEZIER_KNOTS.);
#5871 = CARTESIAN_POINT('',(1.209078643463,4.417135678292,9.705085462068
    ));
#5872 = CARTESIAN_POINT('',(1.209078643463,4.417135678292,9.695851318051
    ));
#5873 = B_SPLINE_SURFACE_WITH_KNOTS('',3,1,(
    (#5874,#5875)
    ,(#5876,#5877)
    ,(#5878,#5879)
    ,(#5880,#5881
    )),.UNSPECIFIED.,.F.,.F.,.F.,(4,4),(2,2),(3.,4.),(0.,1.),
  .PIECEWISE_BEZIER_KNOTS.);
#5874 = CARTESIAN_POINT('',(1.182991981075,4.346115051982,9.705085462068
    ));
#5875 = CARTESIAN_POINT('',(1.182991981075,4.346115051982,9.695851318051
    ));
#5876 = CARTESIAN_POINT('',(1.200403892095,4.362965288453,9.705085462068
    ));
#5877 = CARTESIAN_POINT('',(1.200403892095,4.362965288453,9.695851318051
    ));
#5878 = CARTESIAN_POINT('',(1.209078643463,4.386680436078,9.705085462068
    ));
#5879 = CARTESIAN_POINT('',(1.209078643463,4.386680436078,9.695851318051
    ));
#5880 = CARTESIAN_POINT('',(1.209078643463,4.417135678292,9.705085462068
    ));
#5881 = CARTESIAN_POINT('',(1.209078643463,4.417135678292,9.695851318051
    ));
#5882 = ADVANCED_FACE('',(#5883),#5901,.T.);
#5883 = FACE_BOUND('',#5884,.T.);
#5884 = EDGE_LOOP('',(#5885,#5894,#5895,#5896));
#5885 = ORIENTED_EDGE('',*,*,#5886,.F.);
#5886 = EDGE_CURVE('',#5859,#5887,#5889,.T.);
#5887 = VERTEX_POINT('',#5888);
#5888 = CARTESIAN_POINT('',(1.182305489959,4.485909606406,9.695851318051
    ));
#5889 = B_SPLINE_CURVE_WITH_KNOTS('',3,(#5890,#5891,#5892,#5893),
  .UNSPECIFIED.,.F.,.F.,(4,4),(4.,5.),.PIECEWISE_BEZIER_KNOTS.);
#5890 = CARTESIAN_POINT('',(1.209078643463,4.417135678292,9.695851318051
    ));
#5891 = CARTESIAN_POINT('',(1.209078643463,4.447590920506,9.695851318051
    ));
#5892 = CARTESIAN_POINT('',(1.200154258961,4.470557168733,9.695851318051
    ));
#5893 = CARTESIAN_POINT('',(1.182305489959,4.485909606406,9.695851318051
    ));
#5894 = ORIENTED_EDGE('',*,*,#5869,.F.);
#5895 = ORIENTED_EDGE('',*,*,#5590,.T.);
#5896 = ORIENTED_EDGE('',*,*,#5897,.T.);
#5897 = EDGE_CURVE('',#5582,#5887,#5898,.T.);
#5898 = B_SPLINE_CURVE_WITH_KNOTS('',1,(#5899,#5900),.UNSPECIFIED.,.F.,
  .F.,(2,2),(-0.,9.234144017191E-03),.PIECEWISE_BEZIER_KNOTS.);
#5899 = CARTESIAN_POINT('',(1.182305489959,4.485909606406,9.705085462068
    ));
#5900 = CARTESIAN_POINT('',(1.182305489959,4.485909606406,9.695851318051
    ));
#5901 = B_SPLINE_SURFACE_WITH_KNOTS('',3,1,(
    (#5902,#5903)
    ,(#5904,#5905)
    ,(#5906,#5907)
    ,(#5908,#5909
    )),.UNSPECIFIED.,.F.,.F.,.F.,(4,4),(2,2),(4.,5.),(0.,1.),
  .PIECEWISE_BEZIER_KNOTS.);
#5902 = CARTESIAN_POINT('',(1.209078643463,4.417135678292,9.705085462068
    ));
#5903 = CARTESIAN_POINT('',(1.209078643463,4.417135678292,9.695851318051
    ));
#5904 = CARTESIAN_POINT('',(1.209078643463,4.447590920506,9.705085462068
    ));
#5905 = CARTESIAN_POINT('',(1.209078643463,4.447590920506,9.695851318051
    ));
#5906 = CARTESIAN_POINT('',(1.200154258961,4.470557168733,9.705085462068
    ));
#5907 = CARTESIAN_POINT('',(1.200154258961,4.470557168733,9.695851318051
    ));
#5908 = CARTESIAN_POINT('',(1.182305489959,4.485909606406,9.705085462068
    ));
#5909 = CARTESIAN_POINT('',(1.182305489959,4.485909606406,9.695851318051
    ));
#5910 = ADVANCED_FACE('',(#5911),#5923,.T.);
#5911 = FACE_BOUND('',#5912,.T.);
#5912 = EDGE_LOOP('',(#5913,#5920,#5921,#5922));
#5913 = ORIENTED_EDGE('',*,*,#5914,.F.);
#5914 = EDGE_CURVE('',#5887,#5759,#5915,.T.);
#5915 = B_SPLINE_CURVE_WITH_KNOTS('',3,(#5916,#5917,#5918,#5919),
  .UNSPECIFIED.,.F.,.F.,(4,4),(5.,6.),.PIECEWISE_BEZIER_KNOTS.);
#5916 = CARTESIAN_POINT('',(1.182305489959,4.485909606406,9.695851318051
    ));
#5917 = CARTESIAN_POINT('',(1.164456720955,4.50126204408,9.695851318051)
  );
#5918 = CARTESIAN_POINT('',(1.140928798179,4.508875854633,9.695851318051
    ));
#5919 = CARTESIAN_POINT('',(1.111846538197,4.508875854633,9.695851318051
    ));
#5920 = ORIENTED_EDGE('',*,*,#5897,.F.);
#5921 = ORIENTED_EDGE('',*,*,#5581,.T.);
#5922 = ORIENTED_EDGE('',*,*,#5767,.T.);
#5923 = B_SPLINE_SURFACE_WITH_KNOTS('',3,1,(
    (#5924,#5925)
    ,(#5926,#5927)
    ,(#5928,#5929)
    ,(#5930,#5931
    )),.UNSPECIFIED.,.F.,.F.,.F.,(4,4),(2,2),(5.,6.),(0.,1.),
  .PIECEWISE_BEZIER_KNOTS.);
#5924 = CARTESIAN_POINT('',(1.182305489959,4.485909606406,9.705085462068
    ));
#5925 = CARTESIAN_POINT('',(1.182305489959,4.485909606406,9.695851318051
    ));
#5926 = CARTESIAN_POINT('',(1.164456720955,4.50126204408,9.705085462068)
  );
#5927 = CARTESIAN_POINT('',(1.164456720955,4.50126204408,9.695851318051)
  );
#5928 = CARTESIAN_POINT('',(1.140928798179,4.508875854633,9.705085462068
    ));
#5929 = CARTESIAN_POINT('',(1.140928798179,4.508875854633,9.695851318051
    ));
#5930 = CARTESIAN_POINT('',(1.111846538197,4.508875854633,9.705085462068
    ));
#5931 = CARTESIAN_POINT('',(1.111846538197,4.508875854633,9.695851318051
    ));
#5932 = ADVANCED_FACE('',(#5933),#5942,.T.);
#5933 = FACE_BOUND('',#5934,.T.);
#5934 = EDGE_LOOP('',(#5935,#5936,#5937,#5938,#5939,#5940,#5941));
#5935 = ORIENTED_EDGE('',*,*,#5758,.T.);
#5936 = ORIENTED_EDGE('',*,*,#5786,.T.);
#5937 = ORIENTED_EDGE('',*,*,#5808,.T.);
#5938 = ORIENTED_EDGE('',*,*,#5830,.T.);
#5939 = ORIENTED_EDGE('',*,*,#5858,.T.);
#5940 = ORIENTED_EDGE('',*,*,#5886,.T.);
#5941 = ORIENTED_EDGE('',*,*,#5914,.T.);
#5942 = B_SPLINE_SURFACE_WITH_KNOTS('',1,1,(
    (#5943,#5944)
    ,(#5945,#5946
    )),.UNSPECIFIED.,.F.,.F.,.F.,(2,2),(2,2),(1.074963242813,
    1.209078643463),(4.320652472427,4.508875854633),
  .PIECEWISE_BEZIER_KNOTS.);
#5943 = CARTESIAN_POINT('',(1.074963242813,4.320652472427,9.695851318051
    ));
#5944 = CARTESIAN_POINT('',(1.074963242813,4.508875854633,9.695851318051
    ));
#5945 = CARTESIAN_POINT('',(1.209078643463,4.320652472427,9.695851318051
    ));
#5946 = CARTESIAN_POINT('',(1.209078643463,4.508875854633,9.695851318051
    ));
#5947 = ADVANCED_FACE('',(#5948,#6006),#6054,.F.);
#5948 = FACE_BOUND('',#5949,.T.);
#5949 = EDGE_LOOP('',(#5950,#5959,#5966,#5973,#5980,#5987,#5994,#6001));
#5950 = ORIENTED_EDGE('',*,*,#5951,.T.);
#5951 = EDGE_CURVE('',#5952,#5954,#5956,.T.);
#5952 = VERTEX_POINT('',#5953);
#5953 = CARTESIAN_POINT('',(1.475437196266,4.292818378108,9.705085462068
    ));
#5954 = VERTEX_POINT('',#5955);
#5955 = CARTESIAN_POINT('',(1.382448854261,4.536959582084,9.705085462068
    ));
#5956 = B_SPLINE_CURVE_WITH_KNOTS('',1,(#5957,#5958),.UNSPECIFIED.,.F.,
  .F.,(2,2),(-0.261250376512,0.),.PIECEWISE_BEZIER_KNOTS.);
#5957 = CARTESIAN_POINT('',(1.475437196266,4.292818378108,9.705085462068
    ));
#5958 = CARTESIAN_POINT('',(1.382448854261,4.536959582084,9.705085462068
    ));
#5959 = ORIENTED_EDGE('',*,*,#5960,.T.);
#5960 = EDGE_CURVE('',#5954,#5961,#5963,.T.);
#5961 = VERTEX_POINT('',#5962);
#5962 = CARTESIAN_POINT('',(1.348748381319,4.536959582084,9.705085462068
    ));
#5963 = B_SPLINE_CURVE_WITH_KNOTS('',1,(#5964,#5965),.UNSPECIFIED.,.F.,
  .F.,(2,2),(-3.370047294129E-02,-0.),.PIECEWISE_BEZIER_KNOTS.);
#5964 = CARTESIAN_POINT('',(1.382448854261,4.536959582084,9.705085462068
    ));
#5965 = CARTESIAN_POINT('',(1.348748381319,4.536959582084,9.705085462068
    ));
#5966 = ORIENTED_EDGE('',*,*,#5967,.T.);
#5967 = EDGE_CURVE('',#5961,#5968,#5970,.T.);
#5968 = VERTEX_POINT('',#5969);
#5969 = CARTESIAN_POINT('',(1.255760039316,4.292818378108,9.705085462068
    ));
#5970 = B_SPLINE_CURVE_WITH_KNOTS('',1,(#5971,#5972),.UNSPECIFIED.,.F.,
  .F.,(2,2),(-0.261250376511,-0.),.PIECEWISE_BEZIER_KNOTS.);
#5971 = CARTESIAN_POINT('',(1.348748381319,4.536959582084,9.705085462068
    ));
#5972 = CARTESIAN_POINT('',(1.255760039316,4.292818378108,9.705085462068
    ));
#5973 = ORIENTED_EDGE('',*,*,#5974,.T.);
#5974 = EDGE_CURVE('',#5968,#5975,#5977,.T.);
#5975 = VERTEX_POINT('',#5976);
#5976 = CARTESIAN_POINT('',(1.290583861354,4.292818378108,9.705085462068
    ));
#5977 = B_SPLINE_CURVE_WITH_KNOTS('',1,(#5978,#5979),.UNSPECIFIED.,.F.,
  .F.,(2,2),(-3.482382203806E-02,0.),.PIECEWISE_BEZIER_KNOTS.);
#5978 = CARTESIAN_POINT('',(1.255760039316,4.292818378108,9.705085462068
    ));
#5979 = CARTESIAN_POINT('',(1.290583861354,4.292818378108,9.705085462068
    ));
#5980 = ORIENTED_EDGE('',*,*,#5981,.T.);
#5981 = EDGE_CURVE('',#5975,#5982,#5984,.T.);
#5982 = VERTEX_POINT('',#5983);
#5983 = CARTESIAN_POINT('',(1.314049375846,4.35959524116,9.705085462068)
  );
#5984 = B_SPLINE_CURVE_WITH_KNOTS('',1,(#5985,#5986),.UNSPECIFIED.,.F.,
  .F.,(2,2),(-7.077979803117E-02,0.),.PIECEWISE_BEZIER_KNOTS.);
#5985 = CARTESIAN_POINT('',(1.290583861354,4.292818378108,9.705085462068
    ));
#5986 = CARTESIAN_POINT('',(1.314049375846,4.35959524116,9.705085462068)
  );
#5987 = ORIENTED_EDGE('',*,*,#5988,.T.);
#5988 = EDGE_CURVE('',#5982,#5989,#5991,.T.);
#5989 = VERTEX_POINT('',#5990);
#5990 = CARTESIAN_POINT('',(1.41571246922,4.35959524116,9.705085462068)
  );
#5991 = B_SPLINE_CURVE_WITH_KNOTS('',1,(#5992,#5993),.UNSPECIFIED.,.F.,
  .F.,(2,2),(-0.101663093374,0.),.PIECEWISE_BEZIER_KNOTS.);
#5992 = CARTESIAN_POINT('',(1.314049375846,4.35959524116,9.705085462068)
  );
#5993 = CARTESIAN_POINT('',(1.41571246922,4.35959524116,9.705085462068)
  );
#5994 = ORIENTED_EDGE('',*,*,#5995,.T.);
#5995 = EDGE_CURVE('',#5989,#5996,#5998,.T.);
#5996 = VERTEX_POINT('',#5997);
#5997 = CARTESIAN_POINT('',(1.440613374227,4.292818378108,9.705085462068
    ));
#5998 = B_SPLINE_CURVE_WITH_KNOTS('',1,(#5999,#6000),.UNSPECIFIED.,.F.,
  .F.,(2,2),(-7.126853800302E-02,0.),.PIECEWISE_BEZIER_KNOTS.);
#5999 = CARTESIAN_POINT('',(1.41571246922,4.35959524116,9.705085462068)
  );
#6000 = CARTESIAN_POINT('',(1.440613374227,4.292818378108,9.705085462068
    ));
#6001 = ORIENTED_EDGE('',*,*,#6002,.T.);
#6002 = EDGE_CURVE('',#5996,#5952,#6003,.T.);
#6003 = B_SPLINE_CURVE_WITH_KNOTS('',1,(#6004,#6005),.UNSPECIFIED.,.F.,
  .F.,(2,2),(-3.482382203972E-02,0.),.PIECEWISE_BEZIER_KNOTS.);
#6004 = CARTESIAN_POINT('',(1.440613374227,4.292818378108,9.705085462068
    ));
#6005 = CARTESIAN_POINT('',(1.475437196266,4.292818378108,9.705085462068
    ));
#6006 = FACE_BOUND('',#6007,.T.);
#6007 = EDGE_LOOP('',(#6008,#6017,#6024,#6033,#6040,#6049));
#6008 = ORIENTED_EDGE('',*,*,#6009,.F.);
#6009 = EDGE_CURVE('',#6010,#6012,#6014,.T.);
#6010 = VERTEX_POINT('',#6011);
#6011 = CARTESIAN_POINT('',(1.324034701162,4.387179702345,9.705085462068
    ));
#6012 = VERTEX_POINT('',#6013);
#6013 = CARTESIAN_POINT('',(1.405976777036,4.387179702345,9.705085462068
    ));
#6014 = B_SPLINE_CURVE_WITH_KNOTS('',1,(#6015,#6016),.UNSPECIFIED.,.F.,
  .F.,(2,2),(0.,8.194207587405E-02),.PIECEWISE_BEZIER_KNOTS.);
#6015 = CARTESIAN_POINT('',(1.324034701162,4.387179702345,9.705085462068
    ));
#6016 = CARTESIAN_POINT('',(1.405976777036,4.387179702345,9.705085462068
    ));
#6017 = ORIENTED_EDGE('',*,*,#6018,.F.);
#6018 = EDGE_CURVE('',#6019,#6010,#6021,.T.);
#6019 = VERTEX_POINT('',#6020);
#6020 = CARTESIAN_POINT('',(1.360543546849,4.488655570868,9.705085462068
    ));
#6021 = B_SPLINE_CURVE_WITH_KNOTS('',1,(#6022,#6023),.UNSPECIFIED.,.F.,
  .F.,(2,2),(-0.,0.107843626172),.PIECEWISE_BEZIER_KNOTS.);
#6022 = CARTESIAN_POINT('',(1.360543546849,4.488655570868,9.705085462068
    ));
#6023 = CARTESIAN_POINT('',(1.324034701162,4.387179702345,9.705085462068
    ));
#6024 = ORIENTED_EDGE('',*,*,#6025,.F.);
#6025 = EDGE_CURVE('',#6026,#6019,#6028,.T.);
#6026 = VERTEX_POINT('',#6027);
#6027 = CARTESIAN_POINT('',(1.364537676976,4.505755440472,9.705085462068
    ));
#6028 = B_SPLINE_CURVE_WITH_KNOTS('',3,(#6029,#6030,#6031,#6032),
  .UNSPECIFIED.,.F.,.F.,(4,4),(3.,4.),.PIECEWISE_BEZIER_KNOTS.);
#6029 = CARTESIAN_POINT('',(1.364537676976,4.505755440472,9.705085462068
    ));
#6030 = CARTESIAN_POINT('',(1.363351919594,4.498391263052,9.705085462068
    ));
#6031 = CARTESIAN_POINT('',(1.362041345646,4.492649700995,9.705085462068
    ));
#6032 = CARTESIAN_POINT('',(1.360543546849,4.488655570868,9.705085462068
    ));
#6033 = ORIENTED_EDGE('',*,*,#6034,.F.);
#6034 = EDGE_CURVE('',#6035,#6026,#6037,.T.);
#6035 = VERTEX_POINT('',#6036);
#6036 = CARTESIAN_POINT('',(1.365286576373,4.505755440472,9.705085462068
    ));
#6037 = B_SPLINE_CURVE_WITH_KNOTS('',1,(#6038,#6039),.UNSPECIFIED.,.F.,
  .F.,(2,2),(2.050391860118E-16,7.488993978448E-04),
  .PIECEWISE_BEZIER_KNOTS.);
#6038 = CARTESIAN_POINT('',(1.365286576373,4.505755440472,9.705085462068
    ));
#6039 = CARTESIAN_POINT('',(1.364537676976,4.505755440472,9.705085462068
    ));
#6040 = ORIENTED_EDGE('',*,*,#6041,.F.);
#6041 = EDGE_CURVE('',#6042,#6035,#6044,.T.);
#6042 = VERTEX_POINT('',#6043);
#6043 = CARTESIAN_POINT('',(1.369093481651,4.488655570868,9.705085462068
    ));
#6044 = B_SPLINE_CURVE_WITH_KNOTS('',3,(#6045,#6046,#6047,#6048),
  .UNSPECIFIED.,.F.,.F.,(4,4),(1.,2.),.PIECEWISE_BEZIER_KNOTS.);
#6045 = CARTESIAN_POINT('',(1.369093481651,4.488655570868,9.705085462068
    ));
#6046 = CARTESIAN_POINT('',(1.367907724269,4.492025618162,9.705085462068
    ));
#6047 = CARTESIAN_POINT('',(1.366659558605,4.497642363652,9.705085462068
    ));
#6048 = CARTESIAN_POINT('',(1.365286576373,4.505755440472,9.705085462068
    ));
#6049 = ORIENTED_EDGE('',*,*,#6050,.F.);
#6050 = EDGE_CURVE('',#6012,#6042,#6051,.T.);
#6051 = B_SPLINE_CURVE_WITH_KNOTS('',1,(#6052,#6053),.UNSPECIFIED.,.F.,
  .F.,(2,2),(0.,0.107970965407),.PIECEWISE_BEZIER_KNOTS.);
#6052 = CARTESIAN_POINT('',(1.405976777036,4.387179702345,9.705085462068
    ));
#6053 = CARTESIAN_POINT('',(1.369093481651,4.488655570868,9.705085462068
    ));
#6054 = B_SPLINE_SURFACE_WITH_KNOTS('',1,1,(
    (#6055,#6056)
    ,(#6057,#6058
    )),.UNSPECIFIED.,.F.,.F.,.F.,(2,2),(2,2),(-1.475437196266,
    -1.255760039316),(4.292818378108,4.536959582084),
  .PIECEWISE_BEZIER_KNOTS.);
#6055 = CARTESIAN_POINT('',(1.475437196266,4.292818378108,9.705085462068
    ));
#6056 = CARTESIAN_POINT('',(1.475437196266,4.536959582084,9.705085462068
    ));
#6057 = CARTESIAN_POINT('',(1.255760039316,4.292818378108,9.705085462068
    ));
#6058 = CARTESIAN_POINT('',(1.255760039316,4.536959582084,9.705085462068
    ));
#6059 = ADVANCED_FACE('',(#6060),#6074,.F.);
#6060 = FACE_BOUND('',#6061,.T.);
#6061 = EDGE_LOOP('',(#6062,#6063,#6068,#6069));
#6062 = ORIENTED_EDGE('',*,*,#1405,.T.);
#6063 = ORIENTED_EDGE('',*,*,#6064,.F.);
#6064 = EDGE_CURVE('',#5954,#1397,#6065,.T.);
#6065 = B_SPLINE_CURVE_WITH_KNOTS('',1,(#6066,#6067),.UNSPECIFIED.,.F.,
  .F.,(2,2),(-0.,9.234144017191E-03),.PIECEWISE_BEZIER_KNOTS.);
#6066 = CARTESIAN_POINT('',(1.382448854261,4.536959582084,9.705085462068
    ));
#6067 = CARTESIAN_POINT('',(1.382448854261,4.536959582084,9.695851318051
    ));
#6068 = ORIENTED_EDGE('',*,*,#5951,.F.);
#6069 = ORIENTED_EDGE('',*,*,#6070,.T.);
#6070 = EDGE_CURVE('',#5952,#1406,#6071,.T.);
#6071 = B_SPLINE_CURVE_WITH_KNOTS('',1,(#6072,#6073),.UNSPECIFIED.,.F.,
  .F.,(2,2),(-0.,9.234144017191E-03),.PIECEWISE_BEZIER_KNOTS.);
#6072 = CARTESIAN_POINT('',(1.475437196266,4.292818378108,9.705085462068
    ));
#6073 = CARTESIAN_POINT('',(1.475437196266,4.292818378108,9.695851318051
    ));
#6074 = B_SPLINE_SURFACE_WITH_KNOTS('',1,1,(
    (#6075,#6076)
    ,(#6077,#6078
    )),.UNSPECIFIED.,.F.,.F.,.F.,(2,2),(2,2),(0.,0.261250376512),(
    -9.234144017191E-03,0.),.PIECEWISE_BEZIER_KNOTS.);
#6075 = CARTESIAN_POINT('',(1.382448854261,4.536959582084,9.695851318051
    ));
#6076 = CARTESIAN_POINT('',(1.382448854261,4.536959582084,9.705085462068
    ));
#6077 = CARTESIAN_POINT('',(1.475437196266,4.292818378108,9.695851318051
    ));
#6078 = CARTESIAN_POINT('',(1.475437196266,4.292818378108,9.705085462068
    ));
#6079 = ADVANCED_FACE('',(#6080),#6090,.F.);
#6080 = FACE_BOUND('',#6081,.T.);
#6081 = EDGE_LOOP('',(#6082,#6083,#6088,#6089));
#6082 = ORIENTED_EDGE('',*,*,#1396,.T.);
#6083 = ORIENTED_EDGE('',*,*,#6084,.F.);
#6084 = EDGE_CURVE('',#5961,#1399,#6085,.T.);
#6085 = B_SPLINE_CURVE_WITH_KNOTS('',1,(#6086,#6087),.UNSPECIFIED.,.F.,
  .F.,(2,2),(-0.,9.234144017191E-03),.PIECEWISE_BEZIER_KNOTS.);
#6086 = CARTESIAN_POINT('',(1.348748381319,4.536959582084,9.705085462068
    ));
#6087 = CARTESIAN_POINT('',(1.348748381319,4.536959582084,9.695851318051
    ));
#6088 = ORIENTED_EDGE('',*,*,#5960,.F.);
#6089 = ORIENTED_EDGE('',*,*,#6064,.T.);
#6090 = B_SPLINE_SURFACE_WITH_KNOTS('',1,1,(
    (#6091,#6092)
    ,(#6093,#6094
    )),.UNSPECIFIED.,.F.,.F.,.F.,(2,2),(2,2),(0.,9.234144017191E-03),(0.
    ,3.370047294129E-02),.PIECEWISE_BEZIER_KNOTS.);
#6091 = CARTESIAN_POINT('',(1.348748381319,4.536959582084,9.705085462068
    ));
#6092 = CARTESIAN_POINT('',(1.382448854261,4.536959582084,9.705085462068
    ));
#6093 = CARTESIAN_POINT('',(1.348748381319,4.536959582084,9.695851318051
    ));
#6094 = CARTESIAN_POINT('',(1.382448854261,4.536959582084,9.695851318051
    ));
#6095 = ADVANCED_FACE('',(#6096),#6106,.F.);
#6096 = FACE_BOUND('',#6097,.T.);
#6097 = EDGE_LOOP('',(#6098,#6099,#6104,#6105));
#6098 = ORIENTED_EDGE('',*,*,#1447,.T.);
#6099 = ORIENTED_EDGE('',*,*,#6100,.F.);
#6100 = EDGE_CURVE('',#5968,#1441,#6101,.T.);
#6101 = B_SPLINE_CURVE_WITH_KNOTS('',1,(#6102,#6103),.UNSPECIFIED.,.F.,
  .F.,(2,2),(-0.,9.234144017191E-03),.PIECEWISE_BEZIER_KNOTS.);
#6102 = CARTESIAN_POINT('',(1.255760039316,4.292818378108,9.705085462068
    ));
#6103 = CARTESIAN_POINT('',(1.255760039316,4.292818378108,9.695851318051
    ));
#6104 = ORIENTED_EDGE('',*,*,#5967,.F.);
#6105 = ORIENTED_EDGE('',*,*,#6084,.T.);
#6106 = B_SPLINE_SURFACE_WITH_KNOTS('',1,1,(
    (#6107,#6108)
    ,(#6109,#6110
    )),.UNSPECIFIED.,.F.,.F.,.F.,(2,2),(2,2),(0.,0.261250376511),(
    -9.234144017191E-03,0.),.PIECEWISE_BEZIER_KNOTS.);
#6107 = CARTESIAN_POINT('',(1.255760039316,4.292818378108,9.695851318051
    ));
#6108 = CARTESIAN_POINT('',(1.255760039316,4.292818378108,9.705085462068
    ));
#6109 = CARTESIAN_POINT('',(1.348748381319,4.536959582084,9.695851318051
    ));
#6110 = CARTESIAN_POINT('',(1.348748381319,4.536959582084,9.705085462068
    ));
#6111 = ADVANCED_FACE('',(#6112),#6122,.F.);
#6112 = FACE_BOUND('',#6113,.T.);
#6113 = EDGE_LOOP('',(#6114,#6115,#6120,#6121));
#6114 = ORIENTED_EDGE('',*,*,#1440,.T.);
#6115 = ORIENTED_EDGE('',*,*,#6116,.F.);
#6116 = EDGE_CURVE('',#5975,#1434,#6117,.T.);
#6117 = B_SPLINE_CURVE_WITH_KNOTS('',1,(#6118,#6119),.UNSPECIFIED.,.F.,
  .F.,(2,2),(-0.,9.234144017191E-03),.PIECEWISE_BEZIER_KNOTS.);
#6118 = CARTESIAN_POINT('',(1.290583861354,4.292818378108,9.705085462068
    ));
#6119 = CARTESIAN_POINT('',(1.290583861354,4.292818378108,9.695851318051
    ));
#6120 = ORIENTED_EDGE('',*,*,#5974,.F.);
#6121 = ORIENTED_EDGE('',*,*,#6100,.T.);
#6122 = B_SPLINE_SURFACE_WITH_KNOTS('',1,1,(
    (#6123,#6124)
    ,(#6125,#6126
    )),.UNSPECIFIED.,.F.,.F.,.F.,(2,2),(2,2),(-9.234144017191E-03,0.),(
    -3.482382203806E-02,0.),.PIECEWISE_BEZIER_KNOTS.);
#6123 = CARTESIAN_POINT('',(1.255760039316,4.292818378108,9.695851318051
    ));
#6124 = CARTESIAN_POINT('',(1.290583861354,4.292818378108,9.695851318051
    ));
#6125 = CARTESIAN_POINT('',(1.255760039316,4.292818378108,9.705085462068
    ));
#6126 = CARTESIAN_POINT('',(1.290583861354,4.292818378108,9.705085462068
    ));
#6127 = ADVANCED_FACE('',(#6128),#6138,.F.);
#6128 = FACE_BOUND('',#6129,.T.);
#6129 = EDGE_LOOP('',(#6130,#6131,#6136,#6137));
#6130 = ORIENTED_EDGE('',*,*,#1433,.T.);
#6131 = ORIENTED_EDGE('',*,*,#6132,.F.);
#6132 = EDGE_CURVE('',#5982,#1427,#6133,.T.);
#6133 = B_SPLINE_CURVE_WITH_KNOTS('',1,(#6134,#6135),.UNSPECIFIED.,.F.,
  .F.,(2,2),(-0.,9.234144017191E-03),.PIECEWISE_BEZIER_KNOTS.);
#6134 = CARTESIAN_POINT('',(1.314049375846,4.35959524116,9.705085462068)
  );
#6135 = CARTESIAN_POINT('',(1.314049375846,4.35959524116,9.695851318051)
  );
#6136 = ORIENTED_EDGE('',*,*,#5981,.F.);
#6137 = ORIENTED_EDGE('',*,*,#6116,.T.);
#6138 = B_SPLINE_SURFACE_WITH_KNOTS('',1,1,(
    (#6139,#6140)
    ,(#6141,#6142
    )),.UNSPECIFIED.,.F.,.F.,.F.,(2,2),(2,2),(-0.,7.077979803117E-02),(
    -9.234144017191E-03,0.),.PIECEWISE_BEZIER_KNOTS.);
#6139 = CARTESIAN_POINT('',(1.314049375846,4.35959524116,9.695851318051)
  );
#6140 = CARTESIAN_POINT('',(1.314049375846,4.35959524116,9.705085462068)
  );
#6141 = CARTESIAN_POINT('',(1.290583861354,4.292818378108,9.695851318051
    ));
#6142 = CARTESIAN_POINT('',(1.290583861354,4.292818378108,9.705085462068
    ));
#6143 = ADVANCED_FACE('',(#6144),#6154,.F.);
#6144 = FACE_BOUND('',#6145,.T.);
#6145 = EDGE_LOOP('',(#6146,#6147,#6152,#6153));
#6146 = ORIENTED_EDGE('',*,*,#1426,.T.);
#6147 = ORIENTED_EDGE('',*,*,#6148,.F.);
#6148 = EDGE_CURVE('',#5989,#1420,#6149,.T.);
#6149 = B_SPLINE_CURVE_WITH_KNOTS('',1,(#6150,#6151),.UNSPECIFIED.,.F.,
  .F.,(2,2),(-0.,9.234144017191E-03),.PIECEWISE_BEZIER_KNOTS.);
#6150 = CARTESIAN_POINT('',(1.41571246922,4.35959524116,9.705085462068)
  );
#6151 = CARTESIAN_POINT('',(1.41571246922,4.35959524116,9.695851318051)
  );
#6152 = ORIENTED_EDGE('',*,*,#5988,.F.);
#6153 = ORIENTED_EDGE('',*,*,#6132,.T.);
#6154 = B_SPLINE_SURFACE_WITH_KNOTS('',1,1,(
    (#6155,#6156)
    ,(#6157,#6158
    )),.UNSPECIFIED.,.F.,.F.,.F.,(2,2),(2,2),(-9.234144017191E-03,0.),(
    -0.101663093374,0.),.PIECEWISE_BEZIER_KNOTS.);
#6155 = CARTESIAN_POINT('',(1.314049375846,4.35959524116,9.695851318051)
  );
#6156 = CARTESIAN_POINT('',(1.41571246922,4.35959524116,9.695851318051)
  );
#6157 = CARTESIAN_POINT('',(1.314049375846,4.35959524116,9.705085462068)
  );
#6158 = CARTESIAN_POINT('',(1.41571246922,4.35959524116,9.705085462068)
  );
#6159 = ADVANCED_FACE('',(#6160),#6170,.F.);
#6160 = FACE_BOUND('',#6161,.T.);
#6161 = EDGE_LOOP('',(#6162,#6163,#6168,#6169));
#6162 = ORIENTED_EDGE('',*,*,#1419,.T.);
#6163 = ORIENTED_EDGE('',*,*,#6164,.F.);
#6164 = EDGE_CURVE('',#5996,#1413,#6165,.T.);
#6165 = B_SPLINE_CURVE_WITH_KNOTS('',1,(#6166,#6167),.UNSPECIFIED.,.F.,
  .F.,(2,2),(-0.,9.234144017191E-03),.PIECEWISE_BEZIER_KNOTS.);
#6166 = CARTESIAN_POINT('',(1.440613374227,4.292818378108,9.705085462068
    ));
#6167 = CARTESIAN_POINT('',(1.440613374227,4.292818378108,9.695851318051
    ));
#6168 = ORIENTED_EDGE('',*,*,#5995,.F.);
#6169 = ORIENTED_EDGE('',*,*,#6148,.T.);
#6170 = B_SPLINE_SURFACE_WITH_KNOTS('',1,1,(
    (#6171,#6172)
    ,(#6173,#6174
    )),.UNSPECIFIED.,.F.,.F.,.F.,(2,2),(2,2),(0.,7.126853800302E-02),(
    -9.234144017191E-03,0.),.PIECEWISE_BEZIER_KNOTS.);
#6171 = CARTESIAN_POINT('',(1.440613374227,4.292818378108,9.695851318051
    ));
#6172 = CARTESIAN_POINT('',(1.440613374227,4.292818378108,9.705085462068
    ));
#6173 = CARTESIAN_POINT('',(1.41571246922,4.35959524116,9.695851318051)
  );
#6174 = CARTESIAN_POINT('',(1.41571246922,4.35959524116,9.705085462068)
  );
#6175 = ADVANCED_FACE('',(#6176),#6182,.F.);
#6176 = FACE_BOUND('',#6177,.T.);
#6177 = EDGE_LOOP('',(#6178,#6179,#6180,#6181));
#6178 = ORIENTED_EDGE('',*,*,#1412,.T.);
#6179 = ORIENTED_EDGE('',*,*,#6070,.F.);
#6180 = ORIENTED_EDGE('',*,*,#6002,.F.);
#6181 = ORIENTED_EDGE('',*,*,#6164,.T.);
#6182 = B_SPLINE_SURFACE_WITH_KNOTS('',1,1,(
    (#6183,#6184)
    ,(#6185,#6186
    )),.UNSPECIFIED.,.F.,.F.,.F.,(2,2),(2,2),(-9.234144017191E-03,0.),(
    -3.482382203972E-02,0.),.PIECEWISE_BEZIER_KNOTS.);
#6183 = CARTESIAN_POINT('',(1.440613374227,4.292818378108,9.695851318051
    ));
#6184 = CARTESIAN_POINT('',(1.475437196266,4.292818378108,9.695851318051
    ));
#6185 = CARTESIAN_POINT('',(1.440613374227,4.292818378108,9.705085462068
    ));
#6186 = CARTESIAN_POINT('',(1.475437196266,4.292818378108,9.705085462068
    ));
#6187 = ADVANCED_FACE('',(#6188),#6210,.T.);
#6188 = FACE_BOUND('',#6189,.T.);
#6189 = EDGE_LOOP('',(#6190,#6199,#6204,#6205));
#6190 = ORIENTED_EDGE('',*,*,#6191,.F.);
#6191 = EDGE_CURVE('',#6192,#6194,#6196,.T.);
#6192 = VERTEX_POINT('',#6193);
#6193 = CARTESIAN_POINT('',(1.324034701162,4.387179702345,9.695851318051
    ));
#6194 = VERTEX_POINT('',#6195);
#6195 = CARTESIAN_POINT('',(1.405976777036,4.387179702345,9.695851318051
    ));
#6196 = B_SPLINE_CURVE_WITH_KNOTS('',1,(#6197,#6198),.UNSPECIFIED.,.F.,
  .F.,(2,2),(2.050391860118E-16,8.194207587405E-02),
  .PIECEWISE_BEZIER_KNOTS.);
#6197 = CARTESIAN_POINT('',(1.324034701162,4.387179702345,9.695851318051
    ));
#6198 = CARTESIAN_POINT('',(1.405976777036,4.387179702345,9.695851318051
    ));
#6199 = ORIENTED_EDGE('',*,*,#6200,.F.);
#6200 = EDGE_CURVE('',#6010,#6192,#6201,.T.);
#6201 = B_SPLINE_CURVE_WITH_KNOTS('',1,(#6202,#6203),.UNSPECIFIED.,.F.,
  .F.,(2,2),(-0.,9.234144017191E-03),.PIECEWISE_BEZIER_KNOTS.);
#6202 = CARTESIAN_POINT('',(1.324034701162,4.387179702345,9.705085462068
    ));
#6203 = CARTESIAN_POINT('',(1.324034701162,4.387179702345,9.695851318051
    ));
#6204 = ORIENTED_EDGE('',*,*,#6009,.T.);
#6205 = ORIENTED_EDGE('',*,*,#6206,.T.);
#6206 = EDGE_CURVE('',#6012,#6194,#6207,.T.);
#6207 = B_SPLINE_CURVE_WITH_KNOTS('',1,(#6208,#6209),.UNSPECIFIED.,.F.,
  .F.,(2,2),(-0.,9.234144017191E-03),.PIECEWISE_BEZIER_KNOTS.);
#6208 = CARTESIAN_POINT('',(1.405976777036,4.387179702345,9.705085462068
    ));
#6209 = CARTESIAN_POINT('',(1.405976777036,4.387179702345,9.695851318051
    ));
#6210 = B_SPLINE_SURFACE_WITH_KNOTS('',1,1,(
    (#6211,#6212)
    ,(#6213,#6214
    )),.UNSPECIFIED.,.F.,.F.,.F.,(2,2),(2,2),(-9.234144017191E-03,0.),(
    0.,8.194207587405E-02),.PIECEWISE_BEZIER_KNOTS.);
#6211 = CARTESIAN_POINT('',(1.324034701162,4.387179702345,9.695851318051
    ));
#6212 = CARTESIAN_POINT('',(1.405976777036,4.387179702345,9.695851318051
    ));
#6213 = CARTESIAN_POINT('',(1.324034701162,4.387179702345,9.705085462068
    ));
#6214 = CARTESIAN_POINT('',(1.405976777036,4.387179702345,9.705085462068
    ));
#6215 = ADVANCED_FACE('',(#6216),#6232,.T.);
#6216 = FACE_BOUND('',#6217,.T.);
#6217 = EDGE_LOOP('',(#6218,#6225,#6226,#6227));
#6218 = ORIENTED_EDGE('',*,*,#6219,.F.);
#6219 = EDGE_CURVE('',#6194,#6220,#6222,.T.);
#6220 = VERTEX_POINT('',#6221);
#6221 = CARTESIAN_POINT('',(1.369093481651,4.488655570868,9.695851318051
    ));
#6222 = B_SPLINE_CURVE_WITH_KNOTS('',1,(#6223,#6224),.UNSPECIFIED.,.F.,
  .F.,(2,2),(1.400843427629E-16,0.107970965407),
  .PIECEWISE_BEZIER_KNOTS.);
#6223 = CARTESIAN_POINT('',(1.405976777036,4.387179702345,9.695851318051
    ));
#6224 = CARTESIAN_POINT('',(1.369093481651,4.488655570868,9.695851318051
    ));
#6225 = ORIENTED_EDGE('',*,*,#6206,.F.);
#6226 = ORIENTED_EDGE('',*,*,#6050,.T.);
#6227 = ORIENTED_EDGE('',*,*,#6228,.T.);
#6228 = EDGE_CURVE('',#6042,#6220,#6229,.T.);
#6229 = B_SPLINE_CURVE_WITH_KNOTS('',1,(#6230,#6231),.UNSPECIFIED.,.F.,
  .F.,(2,2),(-0.,9.234144017191E-03),.PIECEWISE_BEZIER_KNOTS.);
#6230 = CARTESIAN_POINT('',(1.369093481651,4.488655570868,9.705085462068
    ));
#6231 = CARTESIAN_POINT('',(1.369093481651,4.488655570868,9.695851318051
    ));
#6232 = B_SPLINE_SURFACE_WITH_KNOTS('',1,1,(
    (#6233,#6234)
    ,(#6235,#6236
    )),.UNSPECIFIED.,.F.,.F.,.F.,(2,2),(2,2),(-0.107970965407,0.),(
    -9.234144017191E-03,0.),.PIECEWISE_BEZIER_KNOTS.);
#6233 = CARTESIAN_POINT('',(1.369093481651,4.488655570868,9.695851318051
    ));
#6234 = CARTESIAN_POINT('',(1.369093481651,4.488655570868,9.705085462068
    ));
#6235 = CARTESIAN_POINT('',(1.405976777036,4.387179702345,9.695851318051
    ));
#6236 = CARTESIAN_POINT('',(1.405976777036,4.387179702345,9.705085462068
    ));
#6237 = ADVANCED_FACE('',(#6238),#6256,.T.);
#6238 = FACE_BOUND('',#6239,.T.);
#6239 = EDGE_LOOP('',(#6240,#6249,#6250,#6251));
#6240 = ORIENTED_EDGE('',*,*,#6241,.F.);
#6241 = EDGE_CURVE('',#6220,#6242,#6244,.T.);
#6242 = VERTEX_POINT('',#6243);
#6243 = CARTESIAN_POINT('',(1.365286576373,4.505755440472,9.695851318051
    ));
#6244 = B_SPLINE_CURVE_WITH_KNOTS('',3,(#6245,#6246,#6247,#6248),
  .UNSPECIFIED.,.F.,.F.,(4,4),(1.,2.),.PIECEWISE_BEZIER_KNOTS.);
#6245 = CARTESIAN_POINT('',(1.369093481651,4.488655570868,9.695851318051
    ));
#6246 = CARTESIAN_POINT('',(1.367907724269,4.492025618162,9.695851318051
    ));
#6247 = CARTESIAN_POINT('',(1.366659558605,4.497642363652,9.695851318051
    ));
#6248 = CARTESIAN_POINT('',(1.365286576373,4.505755440472,9.695851318051
    ));
#6249 = ORIENTED_EDGE('',*,*,#6228,.F.);
#6250 = ORIENTED_EDGE('',*,*,#6041,.T.);
#6251 = ORIENTED_EDGE('',*,*,#6252,.T.);
#6252 = EDGE_CURVE('',#6035,#6242,#6253,.T.);
#6253 = B_SPLINE_CURVE_WITH_KNOTS('',1,(#6254,#6255),.UNSPECIFIED.,.F.,
  .F.,(2,2),(-0.,9.234144017191E-03),.PIECEWISE_BEZIER_KNOTS.);
#6254 = CARTESIAN_POINT('',(1.365286576373,4.505755440472,9.705085462068
    ));
#6255 = CARTESIAN_POINT('',(1.365286576373,4.505755440472,9.695851318051
    ));
#6256 = B_SPLINE_SURFACE_WITH_KNOTS('',3,1,(
    (#6257,#6258)
    ,(#6259,#6260)
    ,(#6261,#6262)
    ,(#6263,#6264
    )),.UNSPECIFIED.,.F.,.F.,.F.,(4,4),(2,2),(1.,2.),(0.,1.),
  .PIECEWISE_BEZIER_KNOTS.);
#6257 = CARTESIAN_POINT('',(1.369093481651,4.488655570868,9.705085462068
    ));
#6258 = CARTESIAN_POINT('',(1.369093481651,4.488655570868,9.695851318051
    ));
#6259 = CARTESIAN_POINT('',(1.367907724269,4.492025618162,9.705085462068
    ));
#6260 = CARTESIAN_POINT('',(1.367907724269,4.492025618162,9.695851318051
    ));
#6261 = CARTESIAN_POINT('',(1.366659558605,4.497642363652,9.705085462068
    ));
#6262 = CARTESIAN_POINT('',(1.366659558605,4.497642363652,9.695851318051
    ));
#6263 = CARTESIAN_POINT('',(1.365286576373,4.505755440472,9.705085462068
    ));
#6264 = CARTESIAN_POINT('',(1.365286576373,4.505755440472,9.695851318051
    ));
#6265 = ADVANCED_FACE('',(#6266),#6282,.T.);
#6266 = FACE_BOUND('',#6267,.T.);
#6267 = EDGE_LOOP('',(#6268,#6275,#6276,#6277));
#6268 = ORIENTED_EDGE('',*,*,#6269,.F.);
#6269 = EDGE_CURVE('',#6242,#6270,#6272,.T.);
#6270 = VERTEX_POINT('',#6271);
#6271 = CARTESIAN_POINT('',(1.364537676976,4.505755440472,9.695851318051
    ));
#6272 = B_SPLINE_CURVE_WITH_KNOTS('',1,(#6273,#6274),.UNSPECIFIED.,.F.,
  .F.,(2,2),(2.050391860118E-16,7.488993978448E-04),
  .PIECEWISE_BEZIER_KNOTS.);
#6273 = CARTESIAN_POINT('',(1.365286576373,4.505755440472,9.695851318051
    ));
#6274 = CARTESIAN_POINT('',(1.364537676976,4.505755440472,9.695851318051
    ));
#6275 = ORIENTED_EDGE('',*,*,#6252,.F.);
#6276 = ORIENTED_EDGE('',*,*,#6034,.T.);
#6277 = ORIENTED_EDGE('',*,*,#6278,.T.);
#6278 = EDGE_CURVE('',#6026,#6270,#6279,.T.);
#6279 = B_SPLINE_CURVE_WITH_KNOTS('',1,(#6280,#6281),.UNSPECIFIED.,.F.,
  .F.,(2,2),(-0.,9.234144017191E-03),.PIECEWISE_BEZIER_KNOTS.);
#6280 = CARTESIAN_POINT('',(1.364537676976,4.505755440472,9.705085462068
    ));
#6281 = CARTESIAN_POINT('',(1.364537676976,4.505755440472,9.695851318051
    ));
#6282 = B_SPLINE_SURFACE_WITH_KNOTS('',1,1,(
    (#6283,#6284)
    ,(#6285,#6286
    )),.UNSPECIFIED.,.F.,.F.,.F.,(2,2),(2,2),(-0.,9.234144017191E-03),(
    -7.488993978448E-04,-2.050391860118E-16),.PIECEWISE_BEZIER_KNOTS.);
#6283 = CARTESIAN_POINT('',(1.364537676976,4.505755440472,9.705085462068
    ));
#6284 = CARTESIAN_POINT('',(1.365286576373,4.505755440472,9.705085462068
    ));
#6285 = CARTESIAN_POINT('',(1.364537676976,4.505755440472,9.695851318051
    ));
#6286 = CARTESIAN_POINT('',(1.365286576373,4.505755440472,9.695851318051
    ));
#6287 = ADVANCED_FACE('',(#6288),#6306,.T.);
#6288 = FACE_BOUND('',#6289,.T.);
#6289 = EDGE_LOOP('',(#6290,#6299,#6300,#6301));
#6290 = ORIENTED_EDGE('',*,*,#6291,.F.);
#6291 = EDGE_CURVE('',#6270,#6292,#6294,.T.);
#6292 = VERTEX_POINT('',#6293);
#6293 = CARTESIAN_POINT('',(1.360543546849,4.488655570868,9.695851318051
    ));
#6294 = B_SPLINE_CURVE_WITH_KNOTS('',3,(#6295,#6296,#6297,#6298),
  .UNSPECIFIED.,.F.,.F.,(4,4),(3.,4.),.PIECEWISE_BEZIER_KNOTS.);
#6295 = CARTESIAN_POINT('',(1.364537676976,4.505755440472,9.695851318051
    ));
#6296 = CARTESIAN_POINT('',(1.363351919594,4.498391263052,9.695851318051
    ));
#6297 = CARTESIAN_POINT('',(1.362041345646,4.492649700995,9.695851318051
    ));
#6298 = CARTESIAN_POINT('',(1.360543546849,4.488655570868,9.695851318051
    ));
#6299 = ORIENTED_EDGE('',*,*,#6278,.F.);
#6300 = ORIENTED_EDGE('',*,*,#6025,.T.);
#6301 = ORIENTED_EDGE('',*,*,#6302,.T.);
#6302 = EDGE_CURVE('',#6019,#6292,#6303,.T.);
#6303 = B_SPLINE_CURVE_WITH_KNOTS('',1,(#6304,#6305),.UNSPECIFIED.,.F.,
  .F.,(2,2),(1.640313488095E-15,9.234144017191E-03),
  .PIECEWISE_BEZIER_KNOTS.);
#6304 = CARTESIAN_POINT('',(1.360543546849,4.488655570868,9.705085462068
    ));
#6305 = CARTESIAN_POINT('',(1.360543546849,4.488655570868,9.695851318051
    ));
#6306 = B_SPLINE_SURFACE_WITH_KNOTS('',3,1,(
    (#6307,#6308)
    ,(#6309,#6310)
    ,(#6311,#6312)
    ,(#6313,#6314
    )),.UNSPECIFIED.,.F.,.F.,.F.,(4,4),(2,2),(3.,4.),(0.,1.),
  .PIECEWISE_BEZIER_KNOTS.);
#6307 = CARTESIAN_POINT('',(1.364537676976,4.505755440472,9.705085462068
    ));
#6308 = CARTESIAN_POINT('',(1.364537676976,4.505755440472,9.695851318051
    ));
#6309 = CARTESIAN_POINT('',(1.363351919594,4.498391263052,9.705085462068
    ));
#6310 = CARTESIAN_POINT('',(1.363351919594,4.498391263052,9.695851318051
    ));
#6311 = CARTESIAN_POINT('',(1.362041345646,4.492649700995,9.705085462068
    ));
#6312 = CARTESIAN_POINT('',(1.362041345646,4.492649700995,9.695851318051
    ));
#6313 = CARTESIAN_POINT('',(1.360543546849,4.488655570868,9.705085462068
    ));
#6314 = CARTESIAN_POINT('',(1.360543546849,4.488655570868,9.695851318051
    ));
#6315 = ADVANCED_FACE('',(#6316),#6326,.T.);
#6316 = FACE_BOUND('',#6317,.T.);
#6317 = EDGE_LOOP('',(#6318,#6323,#6324,#6325));
#6318 = ORIENTED_EDGE('',*,*,#6319,.F.);
#6319 = EDGE_CURVE('',#6292,#6192,#6320,.T.);
#6320 = B_SPLINE_CURVE_WITH_KNOTS('',1,(#6321,#6322),.UNSPECIFIED.,.F.,
  .F.,(2,2),(-7.717295947993E-16,0.107843626172),
  .PIECEWISE_BEZIER_KNOTS.);
#6321 = CARTESIAN_POINT('',(1.360543546849,4.488655570868,9.695851318051
    ));
#6322 = CARTESIAN_POINT('',(1.324034701162,4.387179702345,9.695851318051
    ));
#6323 = ORIENTED_EDGE('',*,*,#6302,.F.);
#6324 = ORIENTED_EDGE('',*,*,#6018,.T.);
#6325 = ORIENTED_EDGE('',*,*,#6200,.T.);
#6326 = B_SPLINE_SURFACE_WITH_KNOTS('',1,1,(
    (#6327,#6328)
    ,(#6329,#6330
    )),.UNSPECIFIED.,.F.,.F.,.F.,(2,2),(2,2),(-0.107843626172,
    9.109047260965E-16),(-9.234144017191E-03,0.),
  .PIECEWISE_BEZIER_KNOTS.);
#6327 = CARTESIAN_POINT('',(1.324034701162,4.387179702345,9.695851318051
    ));
#6328 = CARTESIAN_POINT('',(1.324034701162,4.387179702345,9.705085462068
    ));
#6329 = CARTESIAN_POINT('',(1.360543546849,4.488655570868,9.695851318051
    ));
#6330 = CARTESIAN_POINT('',(1.360543546849,4.488655570868,9.705085462068
    ));
#6331 = ADVANCED_FACE('',(#6332),#6340,.T.);
#6332 = FACE_BOUND('',#6333,.T.);
#6333 = EDGE_LOOP('',(#6334,#6335,#6336,#6337,#6338,#6339));
#6334 = ORIENTED_EDGE('',*,*,#6191,.T.);
#6335 = ORIENTED_EDGE('',*,*,#6219,.T.);
#6336 = ORIENTED_EDGE('',*,*,#6241,.T.);
#6337 = ORIENTED_EDGE('',*,*,#6269,.T.);
#6338 = ORIENTED_EDGE('',*,*,#6291,.T.);
#6339 = ORIENTED_EDGE('',*,*,#6319,.T.);
#6340 = B_SPLINE_SURFACE_WITH_KNOTS('',1,1,(
    (#6341,#6342)
    ,(#6343,#6344
    )),.UNSPECIFIED.,.F.,.F.,.F.,(2,2),(2,2),(1.324034701162,
    1.405976777036),(4.387179702345,4.505755440472),
  .PIECEWISE_BEZIER_KNOTS.);
#6341 = CARTESIAN_POINT('',(1.324034701162,4.387179702345,9.695851318051
    ));
#6342 = CARTESIAN_POINT('',(1.324034701162,4.505755440472,9.695851318051
    ));
#6343 = CARTESIAN_POINT('',(1.405976777036,4.387179702345,9.695851318051
    ));
#6344 = CARTESIAN_POINT('',(1.405976777036,4.505755440472,9.695851318051
    ));
#6345 = ADVANCED_FACE('',(#6346),#6368,.F.);
#6346 = FACE_BOUND('',#6347,.T.);
#6347 = EDGE_LOOP('',(#6348,#6349,#6356,#6363));
#6348 = ORIENTED_EDGE('',*,*,#1463,.T.);
#6349 = ORIENTED_EDGE('',*,*,#6350,.F.);
#6350 = EDGE_CURVE('',#6351,#1455,#6353,.T.);
#6351 = VERTEX_POINT('',#6352);
#6352 = CARTESIAN_POINT('',(0.62693417754,3.933346666734,9.705085462068)
  );
#6353 = B_SPLINE_CURVE_WITH_KNOTS('',1,(#6354,#6355),.UNSPECIFIED.,.F.,
  .F.,(2,2),(-0.,9.234144017191E-03),.PIECEWISE_BEZIER_KNOTS.);
#6354 = CARTESIAN_POINT('',(0.62693417754,3.933346666734,9.705085462068)
  );
#6355 = CARTESIAN_POINT('',(0.62693417754,3.933346666734,9.695851318051)
  );
#6356 = ORIENTED_EDGE('',*,*,#6357,.F.);
#6357 = EDGE_CURVE('',#6358,#6351,#6360,.T.);
#6358 = VERTEX_POINT('',#6359);
#6359 = CARTESIAN_POINT('',(0.62693417754,3.905512572415,9.705085462068)
  );
#6360 = B_SPLINE_CURVE_WITH_KNOTS('',1,(#6361,#6362),.UNSPECIFIED.,.F.,
  .F.,(2,2),(-2.783409431819E-02,0.),.PIECEWISE_BEZIER_KNOTS.);
#6361 = CARTESIAN_POINT('',(0.62693417754,3.905512572415,9.705085462068)
  );
#6362 = CARTESIAN_POINT('',(0.62693417754,3.933346666734,9.705085462068)
  );
#6363 = ORIENTED_EDGE('',*,*,#6364,.T.);
#6364 = EDGE_CURVE('',#6358,#1464,#6365,.T.);
#6365 = B_SPLINE_CURVE_WITH_KNOTS('',1,(#6366,#6367),.UNSPECIFIED.,.F.,
  .F.,(2,2),(-0.,9.234144017191E-03),.PIECEWISE_BEZIER_KNOTS.);
#6366 = CARTESIAN_POINT('',(0.62693417754,3.905512572415,9.705085462068)
  );
#6367 = CARTESIAN_POINT('',(0.62693417754,3.905512572415,9.695851318051)
  );
#6368 = B_SPLINE_SURFACE_WITH_KNOTS('',1,1,(
    (#6369,#6370)
    ,(#6371,#6372
    )),.UNSPECIFIED.,.F.,.F.,.F.,(2,2),(2,2),(-9.234144017191E-03,0.),(
    -2.783409431819E-02,0.),.PIECEWISE_BEZIER_KNOTS.);
#6369 = CARTESIAN_POINT('',(0.62693417754,3.905512572415,9.695851318051)
  );
#6370 = CARTESIAN_POINT('',(0.62693417754,3.933346666734,9.695851318051)
  );
#6371 = CARTESIAN_POINT('',(0.62693417754,3.905512572415,9.705085462068)
  );
#6372 = CARTESIAN_POINT('',(0.62693417754,3.933346666734,9.705085462068)
  );
#6373 = ADVANCED_FACE('',(#6374),#6390,.F.);
#6374 = FACE_BOUND('',#6375,.T.);
#6375 = EDGE_LOOP('',(#6376,#6377,#6384,#6389));
#6376 = ORIENTED_EDGE('',*,*,#1454,.T.);
#6377 = ORIENTED_EDGE('',*,*,#6378,.F.);
#6378 = EDGE_CURVE('',#6379,#1457,#6381,.T.);
#6379 = VERTEX_POINT('',#6380);
#6380 = CARTESIAN_POINT('',(0.527143332664,3.933346666734,9.705085462068
    ));
#6381 = B_SPLINE_CURVE_WITH_KNOTS('',1,(#6382,#6383),.UNSPECIFIED.,.F.,
  .F.,(2,2),(-0.,9.234144017191E-03),.PIECEWISE_BEZIER_KNOTS.);
#6382 = CARTESIAN_POINT('',(0.527143332664,3.933346666734,9.705085462068
    ));
#6383 = CARTESIAN_POINT('',(0.527143332664,3.933346666734,9.695851318051
    ));
#6384 = ORIENTED_EDGE('',*,*,#6385,.F.);
#6385 = EDGE_CURVE('',#6351,#6379,#6386,.T.);
#6386 = B_SPLINE_CURVE_WITH_KNOTS('',1,(#6387,#6388),.UNSPECIFIED.,.F.,
  .F.,(2,2),(-9.979084487682E-02,-0.),.PIECEWISE_BEZIER_KNOTS.);
#6387 = CARTESIAN_POINT('',(0.62693417754,3.933346666734,9.705085462068)
  );
#6388 = CARTESIAN_POINT('',(0.527143332664,3.933346666734,9.705085462068
    ));
#6389 = ORIENTED_EDGE('',*,*,#6350,.T.);
#6390 = B_SPLINE_SURFACE_WITH_KNOTS('',1,1,(
    (#6391,#6392)
    ,(#6393,#6394
    )),.UNSPECIFIED.,.F.,.F.,.F.,(2,2),(2,2),(0.,9.234144017191E-03),(0.
    ,9.979084487682E-02),.PIECEWISE_BEZIER_KNOTS.);
#6391 = CARTESIAN_POINT('',(0.527143332664,3.933346666734,9.705085462068
    ));
#6392 = CARTESIAN_POINT('',(0.62693417754,3.933346666734,9.705085462068)
  );
#6393 = CARTESIAN_POINT('',(0.527143332664,3.933346666734,9.695851318051
    ));
#6394 = CARTESIAN_POINT('',(0.62693417754,3.933346666734,9.695851318051)
  );
#6395 = ADVANCED_FACE('',(#6396),#6412,.F.);
#6396 = FACE_BOUND('',#6397,.T.);
#6397 = EDGE_LOOP('',(#6398,#6399,#6406,#6411));
#6398 = ORIENTED_EDGE('',*,*,#1533,.T.);
#6399 = ORIENTED_EDGE('',*,*,#6400,.F.);
#6400 = EDGE_CURVE('',#6401,#1527,#6403,.T.);
#6401 = VERTEX_POINT('',#6402);
#6402 = CARTESIAN_POINT('',(0.527143332664,4.015475967457,9.705085462068
    ));
#6403 = B_SPLINE_CURVE_WITH_KNOTS('',1,(#6404,#6405),.UNSPECIFIED.,.F.,
  .F.,(2,2),(-0.,9.234144017191E-03),.PIECEWISE_BEZIER_KNOTS.);
#6404 = CARTESIAN_POINT('',(0.527143332664,4.015475967457,9.705085462068
    ));
#6405 = CARTESIAN_POINT('',(0.527143332664,4.015475967457,9.695851318051
    ));
#6406 = ORIENTED_EDGE('',*,*,#6407,.F.);
#6407 = EDGE_CURVE('',#6379,#6401,#6408,.T.);
#6408 = B_SPLINE_CURVE_WITH_KNOTS('',1,(#6409,#6410),.UNSPECIFIED.,.F.,
  .F.,(2,2),(-8.21293007235E-02,0.),.PIECEWISE_BEZIER_KNOTS.);
#6409 = CARTESIAN_POINT('',(0.527143332664,3.933346666734,9.705085462068
    ));
#6410 = CARTESIAN_POINT('',(0.527143332664,4.015475967457,9.705085462068
    ));
#6411 = ORIENTED_EDGE('',*,*,#6378,.T.);
#6412 = B_SPLINE_SURFACE_WITH_KNOTS('',1,1,(
    (#6413,#6414)
    ,(#6415,#6416
    )),.UNSPECIFIED.,.F.,.F.,.F.,(2,2),(2,2),(-9.234144017191E-03,0.),(
    -8.21293007235E-02,0.),.PIECEWISE_BEZIER_KNOTS.);
#6413 = CARTESIAN_POINT('',(0.527143332664,3.933346666734,9.695851318051
    ));
#6414 = CARTESIAN_POINT('',(0.527143332664,4.015475967457,9.695851318051
    ));
#6415 = CARTESIAN_POINT('',(0.527143332664,3.933346666734,9.705085462068
    ));
#6416 = CARTESIAN_POINT('',(0.527143332664,4.015475967457,9.705085462068
    ));
#6417 = ADVANCED_FACE('',(#6418),#6434,.F.);
#6418 = FACE_BOUND('',#6419,.T.);
#6419 = EDGE_LOOP('',(#6420,#6421,#6428,#6433));
#6420 = ORIENTED_EDGE('',*,*,#1526,.T.);
#6421 = ORIENTED_EDGE('',*,*,#6422,.F.);
#6422 = EDGE_CURVE('',#6423,#1520,#6425,.T.);
#6423 = VERTEX_POINT('',#6424);
#6424 = CARTESIAN_POINT('',(0.614452520895,4.015475967457,9.705085462068
    ));
#6425 = B_SPLINE_CURVE_WITH_KNOTS('',1,(#6426,#6427),.UNSPECIFIED.,.F.,
  .F.,(2,2),(-0.,9.234144017191E-03),.PIECEWISE_BEZIER_KNOTS.);
#6426 = CARTESIAN_POINT('',(0.614452520895,4.015475967457,9.705085462068
    ));
#6427 = CARTESIAN_POINT('',(0.614452520895,4.015475967457,9.695851318051
    ));
#6428 = ORIENTED_EDGE('',*,*,#6429,.F.);
#6429 = EDGE_CURVE('',#6401,#6423,#6430,.T.);
#6430 = B_SPLINE_CURVE_WITH_KNOTS('',1,(#6431,#6432),.UNSPECIFIED.,.F.,
  .F.,(2,2),(-8.730918823192E-02,0.),.PIECEWISE_BEZIER_KNOTS.);
#6431 = CARTESIAN_POINT('',(0.527143332664,4.015475967457,9.705085462068
    ));
#6432 = CARTESIAN_POINT('',(0.614452520895,4.015475967457,9.705085462068
    ));
#6433 = ORIENTED_EDGE('',*,*,#6400,.T.);
#6434 = B_SPLINE_SURFACE_WITH_KNOTS('',1,1,(
    (#6435,#6436)
    ,(#6437,#6438
    )),.UNSPECIFIED.,.F.,.F.,.F.,(2,2),(2,2),(-9.234144017191E-03,0.),(
    -8.730918823192E-02,0.),.PIECEWISE_BEZIER_KNOTS.);
#6435 = CARTESIAN_POINT('',(0.527143332664,4.015475967457,9.695851318051
    ));
#6436 = CARTESIAN_POINT('',(0.614452520895,4.015475967457,9.695851318051
    ));
#6437 = CARTESIAN_POINT('',(0.527143332664,4.015475967457,9.705085462068
    ));
#6438 = CARTESIAN_POINT('',(0.614452520895,4.015475967457,9.705085462068
    ));
#6439 = ADVANCED_FACE('',(#6440),#6456,.F.);
#6440 = FACE_BOUND('',#6441,.T.);
#6441 = EDGE_LOOP('',(#6442,#6443,#6450,#6455));
#6442 = ORIENTED_EDGE('',*,*,#1519,.T.);
#6443 = ORIENTED_EDGE('',*,*,#6444,.F.);
#6444 = EDGE_CURVE('',#6445,#1513,#6447,.T.);
#6445 = VERTEX_POINT('',#6446);
#6446 = CARTESIAN_POINT('',(0.614452520895,4.043434878342,9.705085462068
    ));
#6447 = B_SPLINE_CURVE_WITH_KNOTS('',1,(#6448,#6449),.UNSPECIFIED.,.F.,
  .F.,(2,2),(-0.,9.234144017191E-03),.PIECEWISE_BEZIER_KNOTS.);
#6448 = CARTESIAN_POINT('',(0.614452520895,4.043434878342,9.705085462068
    ));
#6449 = CARTESIAN_POINT('',(0.614452520895,4.043434878342,9.695851318051
    ));
#6450 = ORIENTED_EDGE('',*,*,#6451,.F.);
#6451 = EDGE_CURVE('',#6423,#6445,#6452,.T.);
#6452 = B_SPLINE_CURVE_WITH_KNOTS('',1,(#6453,#6454),.UNSPECIFIED.,.F.,
  .F.,(2,2),(-2.795891088449E-02,0.),.PIECEWISE_BEZIER_KNOTS.);
#6453 = CARTESIAN_POINT('',(0.614452520895,4.015475967457,9.705085462068
    ));
#6454 = CARTESIAN_POINT('',(0.614452520895,4.043434878342,9.705085462068
    ));
#6455 = ORIENTED_EDGE('',*,*,#6422,.T.);
#6456 = B_SPLINE_SURFACE_WITH_KNOTS('',1,1,(
    (#6457,#6458)
    ,(#6459,#6460
    )),.UNSPECIFIED.,.F.,.F.,.F.,(2,2),(2,2),(-9.234144017191E-03,0.),(
    -2.795891088449E-02,0.),.PIECEWISE_BEZIER_KNOTS.);
#6457 = CARTESIAN_POINT('',(0.614452520895,4.015475967457,9.695851318051
    ));
#6458 = CARTESIAN_POINT('',(0.614452520895,4.043434878342,9.695851318051
    ));
#6459 = CARTESIAN_POINT('',(0.614452520895,4.015475967457,9.705085462068
    ));
#6460 = CARTESIAN_POINT('',(0.614452520895,4.043434878342,9.705085462068
    ));
#6461 = ADVANCED_FACE('',(#6462),#6478,.F.);
#6462 = FACE_BOUND('',#6463,.T.);
#6463 = EDGE_LOOP('',(#6464,#6465,#6472,#6477));
#6464 = ORIENTED_EDGE('',*,*,#1512,.T.);
#6465 = ORIENTED_EDGE('',*,*,#6466,.F.);
#6466 = EDGE_CURVE('',#6467,#1506,#6469,.T.);
#6467 = VERTEX_POINT('',#6468);
#6468 = CARTESIAN_POINT('',(0.527143332664,4.043434878342,9.705085462068
    ));
#6469 = B_SPLINE_CURVE_WITH_KNOTS('',1,(#6470,#6471),.UNSPECIFIED.,.F.,
  .F.,(2,2),(-0.,9.234144017191E-03),.PIECEWISE_BEZIER_KNOTS.);
#6470 = CARTESIAN_POINT('',(0.527143332664,4.043434878342,9.705085462068
    ));
#6471 = CARTESIAN_POINT('',(0.527143332664,4.043434878342,9.695851318051
    ));
#6472 = ORIENTED_EDGE('',*,*,#6473,.F.);
#6473 = EDGE_CURVE('',#6445,#6467,#6474,.T.);
#6474 = B_SPLINE_CURVE_WITH_KNOTS('',1,(#6475,#6476),.UNSPECIFIED.,.F.,
  .F.,(2,2),(-8.730918823192E-02,-0.),.PIECEWISE_BEZIER_KNOTS.);
#6475 = CARTESIAN_POINT('',(0.614452520895,4.043434878342,9.705085462068
    ));
#6476 = CARTESIAN_POINT('',(0.527143332664,4.043434878342,9.705085462068
    ));
#6477 = ORIENTED_EDGE('',*,*,#6444,.T.);
#6478 = B_SPLINE_SURFACE_WITH_KNOTS('',1,1,(
    (#6479,#6480)
    ,(#6481,#6482
    )),.UNSPECIFIED.,.F.,.F.,.F.,(2,2),(2,2),(0.,9.234144017191E-03),(0.
    ,8.730918823192E-02),.PIECEWISE_BEZIER_KNOTS.);
#6479 = CARTESIAN_POINT('',(0.527143332664,4.043434878342,9.705085462068
    ));
#6480 = CARTESIAN_POINT('',(0.614452520895,4.043434878342,9.705085462068
    ));
#6481 = CARTESIAN_POINT('',(0.527143332664,4.043434878342,9.695851318051
    ));
#6482 = CARTESIAN_POINT('',(0.614452520895,4.043434878342,9.695851318051
    ));
#6483 = ADVANCED_FACE('',(#6484),#6500,.F.);
#6484 = FACE_BOUND('',#6485,.T.);
#6485 = EDGE_LOOP('',(#6486,#6487,#6494,#6499));
#6486 = ORIENTED_EDGE('',*,*,#1505,.T.);
#6487 = ORIENTED_EDGE('',*,*,#6488,.F.);
#6488 = EDGE_CURVE('',#6489,#1499,#6491,.T.);
#6489 = VERTEX_POINT('',#6490);
#6490 = CARTESIAN_POINT('',(0.527143332664,4.12157004894,9.705085462068)
  );
#6491 = B_SPLINE_CURVE_WITH_KNOTS('',1,(#6492,#6493),.UNSPECIFIED.,.F.,
  .F.,(2,2),(-0.,9.234144017191E-03),.PIECEWISE_BEZIER_KNOTS.);
#6492 = CARTESIAN_POINT('',(0.527143332664,4.12157004894,9.705085462068)
  );
#6493 = CARTESIAN_POINT('',(0.527143332664,4.12157004894,9.695851318051)
  );
#6494 = ORIENTED_EDGE('',*,*,#6495,.F.);
#6495 = EDGE_CURVE('',#6467,#6489,#6496,.T.);
#6496 = B_SPLINE_CURVE_WITH_KNOTS('',1,(#6497,#6498),.UNSPECIFIED.,.F.,
  .F.,(2,2),(-7.813517059835E-02,0.),.PIECEWISE_BEZIER_KNOTS.);
#6497 = CARTESIAN_POINT('',(0.527143332664,4.043434878342,9.705085462068
    ));
#6498 = CARTESIAN_POINT('',(0.527143332664,4.12157004894,9.705085462068)
  );
#6499 = ORIENTED_EDGE('',*,*,#6466,.T.);
#6500 = B_SPLINE_SURFACE_WITH_KNOTS('',1,1,(
    (#6501,#6502)
    ,(#6503,#6504
    )),.UNSPECIFIED.,.F.,.F.,.F.,(2,2),(2,2),(-9.234144017191E-03,0.),(
    -7.813517059835E-02,0.),.PIECEWISE_BEZIER_KNOTS.);
#6501 = CARTESIAN_POINT('',(0.527143332664,4.043434878342,9.695851318051
    ));
#6502 = CARTESIAN_POINT('',(0.527143332664,4.12157004894,9.695851318051)
  );
#6503 = CARTESIAN_POINT('',(0.527143332664,4.043434878342,9.705085462068
    ));
#6504 = CARTESIAN_POINT('',(0.527143332664,4.12157004894,9.705085462068)
  );
#6505 = ADVANCED_FACE('',(#6506),#6522,.F.);
#6506 = FACE_BOUND('',#6507,.T.);
#6507 = EDGE_LOOP('',(#6508,#6509,#6516,#6521));
#6508 = ORIENTED_EDGE('',*,*,#1498,.T.);
#6509 = ORIENTED_EDGE('',*,*,#6510,.F.);
#6510 = EDGE_CURVE('',#6511,#1492,#6513,.T.);
#6511 = VERTEX_POINT('',#6512);
#6512 = CARTESIAN_POINT('',(0.621379840333,4.12157004894,9.705085462068)
  );
#6513 = B_SPLINE_CURVE_WITH_KNOTS('',1,(#6514,#6515),.UNSPECIFIED.,.F.,
  .F.,(2,2),(-0.,9.234144017191E-03),.PIECEWISE_BEZIER_KNOTS.);
#6514 = CARTESIAN_POINT('',(0.621379840333,4.12157004894,9.705085462068)
  );
#6515 = CARTESIAN_POINT('',(0.621379840333,4.12157004894,9.695851318051)
  );
#6516 = ORIENTED_EDGE('',*,*,#6517,.F.);
#6517 = EDGE_CURVE('',#6489,#6511,#6518,.T.);
#6518 = B_SPLINE_CURVE_WITH_KNOTS('',1,(#6519,#6520),.UNSPECIFIED.,.F.,
  .F.,(2,2),(-9.423650766948E-02,0.),.PIECEWISE_BEZIER_KNOTS.);
#6519 = CARTESIAN_POINT('',(0.527143332664,4.12157004894,9.705085462068)
  );
#6520 = CARTESIAN_POINT('',(0.621379840333,4.12157004894,9.705085462068)
  );
#6521 = ORIENTED_EDGE('',*,*,#6488,.T.);
#6522 = B_SPLINE_SURFACE_WITH_KNOTS('',1,1,(
    (#6523,#6524)
    ,(#6525,#6526
    )),.UNSPECIFIED.,.F.,.F.,.F.,(2,2),(2,2),(-9.234144017191E-03,0.),(
    -9.423650766948E-02,0.),.PIECEWISE_BEZIER_KNOTS.);
#6523 = CARTESIAN_POINT('',(0.527143332664,4.12157004894,9.695851318051)
  );
#6524 = CARTESIAN_POINT('',(0.621379840333,4.12157004894,9.695851318051)
  );
#6525 = CARTESIAN_POINT('',(0.527143332664,4.12157004894,9.705085462068)
  );
#6526 = CARTESIAN_POINT('',(0.621379840333,4.12157004894,9.705085462068)
  );
#6527 = ADVANCED_FACE('',(#6528),#6544,.F.);
#6528 = FACE_BOUND('',#6529,.T.);
#6529 = EDGE_LOOP('',(#6530,#6531,#6538,#6543));
#6530 = ORIENTED_EDGE('',*,*,#1491,.T.);
#6531 = ORIENTED_EDGE('',*,*,#6532,.F.);
#6532 = EDGE_CURVE('',#6533,#1485,#6535,.T.);
#6533 = VERTEX_POINT('',#6534);
#6534 = CARTESIAN_POINT('',(0.621379840333,4.149653776391,9.705085462068
    ));
#6535 = B_SPLINE_CURVE_WITH_KNOTS('',1,(#6536,#6537),.UNSPECIFIED.,.F.,
  .F.,(2,2),(-0.,9.234144017191E-03),.PIECEWISE_BEZIER_KNOTS.);
#6536 = CARTESIAN_POINT('',(0.621379840333,4.149653776391,9.705085462068
    ));
#6537 = CARTESIAN_POINT('',(0.621379840333,4.149653776391,9.695851318051
    ));
#6538 = ORIENTED_EDGE('',*,*,#6539,.F.);
#6539 = EDGE_CURVE('',#6511,#6533,#6540,.T.);
#6540 = B_SPLINE_CURVE_WITH_KNOTS('',1,(#6541,#6542),.UNSPECIFIED.,.F.,
  .F.,(2,2),(-2.80837274508E-02,0.),.PIECEWISE_BEZIER_KNOTS.);
#6541 = CARTESIAN_POINT('',(0.621379840333,4.12157004894,9.705085462068)
  );
#6542 = CARTESIAN_POINT('',(0.621379840333,4.149653776391,9.705085462068
    ));
#6543 = ORIENTED_EDGE('',*,*,#6510,.T.);
#6544 = B_SPLINE_SURFACE_WITH_KNOTS('',1,1,(
    (#6545,#6546)
    ,(#6547,#6548
    )),.UNSPECIFIED.,.F.,.F.,.F.,(2,2),(2,2),(-9.234144017191E-03,0.),(
    -2.80837274508E-02,0.),.PIECEWISE_BEZIER_KNOTS.);
#6545 = CARTESIAN_POINT('',(0.621379840333,4.12157004894,9.695851318051)
  );
#6546 = CARTESIAN_POINT('',(0.621379840333,4.149653776391,9.695851318051
    ));
#6547 = CARTESIAN_POINT('',(0.621379840333,4.12157004894,9.705085462068)
  );
#6548 = CARTESIAN_POINT('',(0.621379840333,4.149653776391,9.705085462068
    ));
#6549 = ADVANCED_FACE('',(#6550),#6566,.F.);
#6550 = FACE_BOUND('',#6551,.T.);
#6551 = EDGE_LOOP('',(#6552,#6553,#6560,#6565));
#6552 = ORIENTED_EDGE('',*,*,#1484,.T.);
#6553 = ORIENTED_EDGE('',*,*,#6554,.F.);
#6554 = EDGE_CURVE('',#6555,#1478,#6557,.T.);
#6555 = VERTEX_POINT('',#6556);
#6556 = CARTESIAN_POINT('',(0.495627149635,4.149653776391,9.705085462068
    ));
#6557 = B_SPLINE_CURVE_WITH_KNOTS('',1,(#6558,#6559),.UNSPECIFIED.,.F.,
  .F.,(2,2),(-0.,9.234144017191E-03),.PIECEWISE_BEZIER_KNOTS.);
#6558 = CARTESIAN_POINT('',(0.495627149635,4.149653776391,9.705085462068
    ));
#6559 = CARTESIAN_POINT('',(0.495627149635,4.149653776391,9.695851318051
    ));
#6560 = ORIENTED_EDGE('',*,*,#6561,.F.);
#6561 = EDGE_CURVE('',#6533,#6555,#6562,.T.);
#6562 = B_SPLINE_CURVE_WITH_KNOTS('',1,(#6563,#6564),.UNSPECIFIED.,.F.,
  .F.,(2,2),(-0.125752690698,-0.),.PIECEWISE_BEZIER_KNOTS.);
#6563 = CARTESIAN_POINT('',(0.621379840333,4.149653776391,9.705085462068
    ));
#6564 = CARTESIAN_POINT('',(0.495627149635,4.149653776391,9.705085462068
    ));
#6565 = ORIENTED_EDGE('',*,*,#6532,.T.);
#6566 = B_SPLINE_SURFACE_WITH_KNOTS('',1,1,(
    (#6567,#6568)
    ,(#6569,#6570
    )),.UNSPECIFIED.,.F.,.F.,.F.,(2,2),(2,2),(0.,9.234144017191E-03),(0.
    ,0.125752690698),.PIECEWISE_BEZIER_KNOTS.);
#6567 = CARTESIAN_POINT('',(0.495627149635,4.149653776391,9.705085462068
    ));
#6568 = CARTESIAN_POINT('',(0.621379840333,4.149653776391,9.705085462068
    ));
#6569 = CARTESIAN_POINT('',(0.495627149635,4.149653776391,9.695851318051
    ));
#6570 = CARTESIAN_POINT('',(0.621379840333,4.149653776391,9.695851318051
    ));
#6571 = ADVANCED_FACE('',(#6572),#6588,.F.);
#6572 = FACE_BOUND('',#6573,.T.);
#6573 = EDGE_LOOP('',(#6574,#6575,#6582,#6587));
#6574 = ORIENTED_EDGE('',*,*,#1477,.T.);
#6575 = ORIENTED_EDGE('',*,*,#6576,.F.);
#6576 = EDGE_CURVE('',#6577,#1471,#6579,.T.);
#6577 = VERTEX_POINT('',#6578);
#6578 = CARTESIAN_POINT('',(0.495627149635,3.905512572415,9.705085462068
    ));
#6579 = B_SPLINE_CURVE_WITH_KNOTS('',1,(#6580,#6581),.UNSPECIFIED.,.F.,
  .F.,(2,2),(-0.,9.234144017191E-03),.PIECEWISE_BEZIER_KNOTS.);
#6580 = CARTESIAN_POINT('',(0.495627149635,3.905512572415,9.705085462068
    ));
#6581 = CARTESIAN_POINT('',(0.495627149635,3.905512572415,9.695851318051
    ));
#6582 = ORIENTED_EDGE('',*,*,#6583,.F.);
#6583 = EDGE_CURVE('',#6555,#6577,#6584,.T.);
#6584 = B_SPLINE_CURVE_WITH_KNOTS('',1,(#6585,#6586),.UNSPECIFIED.,.F.,
  .F.,(2,2),(-0.244141203975,-0.),.PIECEWISE_BEZIER_KNOTS.);
#6585 = CARTESIAN_POINT('',(0.495627149635,4.149653776391,9.705085462068
    ));
#6586 = CARTESIAN_POINT('',(0.495627149635,3.905512572415,9.705085462068
    ));
#6587 = ORIENTED_EDGE('',*,*,#6554,.T.);
#6588 = B_SPLINE_SURFACE_WITH_KNOTS('',1,1,(
    (#6589,#6590)
    ,(#6591,#6592
    )),.UNSPECIFIED.,.F.,.F.,.F.,(2,2),(2,2),(0.,9.234144017191E-03),(0.
    ,0.244141203975),.PIECEWISE_BEZIER_KNOTS.);
#6589 = CARTESIAN_POINT('',(0.495627149635,3.905512572415,9.705085462068
    ));
#6590 = CARTESIAN_POINT('',(0.495627149635,4.149653776391,9.705085462068
    ));
#6591 = CARTESIAN_POINT('',(0.495627149635,3.905512572415,9.695851318051
    ));
#6592 = CARTESIAN_POINT('',(0.495627149635,4.149653776391,9.695851318051
    ));
#6593 = ADVANCED_FACE('',(#6594),#6604,.F.);
#6594 = FACE_BOUND('',#6595,.T.);
#6595 = EDGE_LOOP('',(#6596,#6597,#6598,#6603));
#6596 = ORIENTED_EDGE('',*,*,#1470,.T.);
#6597 = ORIENTED_EDGE('',*,*,#6364,.F.);
#6598 = ORIENTED_EDGE('',*,*,#6599,.F.);
#6599 = EDGE_CURVE('',#6577,#6358,#6600,.T.);
#6600 = B_SPLINE_CURVE_WITH_KNOTS('',1,(#6601,#6602),.UNSPECIFIED.,.F.,
  .F.,(2,2),(-0.131307027905,0.),.PIECEWISE_BEZIER_KNOTS.);
#6601 = CARTESIAN_POINT('',(0.495627149635,3.905512572415,9.705085462068
    ));
#6602 = CARTESIAN_POINT('',(0.62693417754,3.905512572415,9.705085462068)
  );
#6603 = ORIENTED_EDGE('',*,*,#6576,.T.);
#6604 = B_SPLINE_SURFACE_WITH_KNOTS('',1,1,(
    (#6605,#6606)
    ,(#6607,#6608
    )),.UNSPECIFIED.,.F.,.F.,.F.,(2,2),(2,2),(-9.234144017191E-03,0.),(
    -0.131307027905,0.),.PIECEWISE_BEZIER_KNOTS.);
#6605 = CARTESIAN_POINT('',(0.495627149635,3.905512572415,9.695851318051
    ));
#6606 = CARTESIAN_POINT('',(0.62693417754,3.905512572415,9.695851318051)
  );
#6607 = CARTESIAN_POINT('',(0.495627149635,3.905512572415,9.705085462068
    ));
#6608 = CARTESIAN_POINT('',(0.62693417754,3.905512572415,9.705085462068)
  );
#6609 = ADVANCED_FACE('',(#6610),#6624,.F.);
#6610 = FACE_BOUND('',#6611,.T.);
#6611 = EDGE_LOOP('',(#6612,#6613,#6614,#6615,#6616,#6617,#6618,#6619,
    #6620,#6621,#6622,#6623));
#6612 = ORIENTED_EDGE('',*,*,#6357,.T.);
#6613 = ORIENTED_EDGE('',*,*,#6385,.T.);
#6614 = ORIENTED_EDGE('',*,*,#6407,.T.);
#6615 = ORIENTED_EDGE('',*,*,#6429,.T.);
#6616 = ORIENTED_EDGE('',*,*,#6451,.T.);
#6617 = ORIENTED_EDGE('',*,*,#6473,.T.);
#6618 = ORIENTED_EDGE('',*,*,#6495,.T.);
#6619 = ORIENTED_EDGE('',*,*,#6517,.T.);
#6620 = ORIENTED_EDGE('',*,*,#6539,.T.);
#6621 = ORIENTED_EDGE('',*,*,#6561,.T.);
#6622 = ORIENTED_EDGE('',*,*,#6583,.T.);
#6623 = ORIENTED_EDGE('',*,*,#6599,.T.);
#6624 = B_SPLINE_SURFACE_WITH_KNOTS('',1,1,(
    (#6625,#6626)
    ,(#6627,#6628
    )),.UNSPECIFIED.,.F.,.F.,.F.,(2,2),(2,2),(-0.62693417754,
    -0.495627149635),(3.905512572415,4.149653776391),
  .PIECEWISE_BEZIER_KNOTS.);
#6625 = CARTESIAN_POINT('',(0.62693417754,3.905512572415,9.705085462068)
  );
#6626 = CARTESIAN_POINT('',(0.62693417754,4.149653776391,9.705085462068)
  );
#6627 = CARTESIAN_POINT('',(0.495627149635,3.905512572415,9.705085462068
    ));
#6628 = CARTESIAN_POINT('',(0.495627149635,4.149653776391,9.705085462068
    ));
#6629 = ADVANCED_FACE('',(#6630,#6746),#6816,.T.);
#6630 = FACE_BOUND('',#6631,.T.);
#6631 = EDGE_LOOP('',(#6632,#6643,#6650,#6659,#6668,#6675,#6684,#6693,
    #6702,#6711,#6718,#6725,#6732,#6739));
#6632 = ORIENTED_EDGE('',*,*,#6633,.T.);
#6633 = EDGE_CURVE('',#6634,#6636,#6638,.T.);
#6634 = VERTEX_POINT('',#6635);
#6635 = CARTESIAN_POINT('',(0.733277892156,4.083875445872,9.705085462068
    ));
#6636 = VERTEX_POINT('',#6637);
#6637 = CARTESIAN_POINT('',(0.673241123693,4.067649292234,9.705085462068
    ));
#6638 = B_SPLINE_CURVE_WITH_KNOTS('',3,(#6639,#6640,#6641,#6642),
  .UNSPECIFIED.,.F.,.F.,(4,4),(0.,1.),.PIECEWISE_BEZIER_KNOTS.);
#6639 = CARTESIAN_POINT('',(0.733277892156,4.083875445872,9.705085462068
    ));
#6640 = CARTESIAN_POINT('',(0.710561277062,4.083875445872,9.705085462068
    ));
#6641 = CARTESIAN_POINT('',(0.690528218146,4.078508333514,9.705085462068
    ));
#6642 = CARTESIAN_POINT('',(0.673241123693,4.067649292234,9.705085462068
    ));
#6643 = ORIENTED_EDGE('',*,*,#6644,.T.);
#6644 = EDGE_CURVE('',#6636,#6645,#6647,.T.);
#6645 = VERTEX_POINT('',#6646);
#6646 = CARTESIAN_POINT('',(0.673241123693,4.037942949417,9.705085462068
    ));
#6647 = B_SPLINE_CURVE_WITH_KNOTS('',1,(#6648,#6649),.UNSPECIFIED.,.F.,
  .F.,(2,2),(-2.970634281613E-02,-0.),.PIECEWISE_BEZIER_KNOTS.);
#6648 = CARTESIAN_POINT('',(0.673241123693,4.067649292234,9.705085462068
    ));
#6649 = CARTESIAN_POINT('',(0.673241123693,4.037942949417,9.705085462068
    ));
#6650 = ORIENTED_EDGE('',*,*,#6651,.T.);
#6651 = EDGE_CURVE('',#6645,#6652,#6654,.T.);
#6652 = VERTEX_POINT('',#6653);
#6653 = CARTESIAN_POINT('',(0.730407111127,4.059036949148,9.705085462068
    ));
#6654 = B_SPLINE_CURVE_WITH_KNOTS('',3,(#6655,#6656,#6657,#6658),
  .UNSPECIFIED.,.F.,.F.,(4,4),(12.,13.),.PIECEWISE_BEZIER_KNOTS.);
#6655 = CARTESIAN_POINT('',(0.673241123693,4.037942949417,9.705085462068
    ));
#6656 = CARTESIAN_POINT('',(0.690465809863,4.05192240486,9.705085462068)
  );
#6657 = CARTESIAN_POINT('',(0.709500336247,4.059036949148,9.705085462068
    ));
#6658 = CARTESIAN_POINT('',(0.730407111127,4.059036949148,9.705085462068
    ));
#6659 = ORIENTED_EDGE('',*,*,#6660,.T.);
#6660 = EDGE_CURVE('',#6652,#6661,#6663,.T.);
#6661 = VERTEX_POINT('',#6662);
#6662 = CARTESIAN_POINT('',(0.765730199432,4.016349683423,9.705085462068
    ));
#6663 = B_SPLINE_CURVE_WITH_KNOTS('',3,(#6664,#6665,#6666,#6667),
  .UNSPECIFIED.,.F.,.F.,(4,4),(11.,12.),.PIECEWISE_BEZIER_KNOTS.);
#6664 = CARTESIAN_POINT('',(0.730407111127,4.059036949148,9.705085462068
    ));
#6665 = CARTESIAN_POINT('',(0.753935033903,4.059036949148,9.705085462068
    ));
#6666 = CARTESIAN_POINT('',(0.765730199432,4.044807860573,9.705085462068
    ));
#6667 = CARTESIAN_POINT('',(0.765730199432,4.016349683423,9.705085462068
    ));
#6668 = ORIENTED_EDGE('',*,*,#6669,.T.);
#6669 = EDGE_CURVE('',#6661,#6670,#6672,.T.);
#6670 = VERTEX_POINT('',#6671);
#6671 = CARTESIAN_POINT('',(0.714056140922,4.009110322569,9.705085462068
    ));
#6672 = B_SPLINE_CURVE_WITH_KNOTS('',1,(#6673,#6674),.UNSPECIFIED.,.F.,
  .F.,(2,2),(-5.217869937542E-02,-0.),.PIECEWISE_BEZIER_KNOTS.);
#6673 = CARTESIAN_POINT('',(0.765730199432,4.016349683423,9.705085462068
    ));
#6674 = CARTESIAN_POINT('',(0.714056140922,4.009110322569,9.705085462068
    ));
#6675 = ORIENTED_EDGE('',*,*,#6676,.T.);
#6676 = EDGE_CURVE('',#6670,#6677,#6679,.T.);
#6677 = VERTEX_POINT('',#6678);
#6678 = CARTESIAN_POINT('',(0.656203662373,3.952193968268,9.705085462068
    ));
#6679 = B_SPLINE_CURVE_WITH_KNOTS('',3,(#6680,#6681,#6682,#6683),
  .UNSPECIFIED.,.F.,.F.,(4,4),(9.,10.),.PIECEWISE_BEZIER_KNOTS.);
#6680 = CARTESIAN_POINT('',(0.714056140922,4.009110322569,9.705085462068
    ));
#6681 = CARTESIAN_POINT('',(0.67548782189,4.003743210211,9.705085462068)
  );
#6682 = CARTESIAN_POINT('',(0.656203662373,3.98477109211,9.705085462068)
  );
#6683 = CARTESIAN_POINT('',(0.656203662373,3.952193968268,9.705085462068
    ));
#6684 = ORIENTED_EDGE('',*,*,#6685,.T.);
#6685 = EDGE_CURVE('',#6677,#6686,#6688,.T.);
#6686 = VERTEX_POINT('',#6687);
#6687 = CARTESIAN_POINT('',(0.671181650347,3.915123448031,9.705085462068
    ));
#6688 = B_SPLINE_CURVE_WITH_KNOTS('',3,(#6689,#6690,#6691,#6692),
  .UNSPECIFIED.,.F.,.F.,(4,4),(8.,9.),.PIECEWISE_BEZIER_KNOTS.);
#6689 = CARTESIAN_POINT('',(0.656203662373,3.952193968268,9.705085462068
    ));
#6690 = CARTESIAN_POINT('',(0.656203662373,3.936591897461,9.705085462068
    ));
#6691 = CARTESIAN_POINT('',(0.661196325031,3.924235057381,9.705085462068
    ));
#6692 = CARTESIAN_POINT('',(0.671181650347,3.915123448031,9.705085462068
    ));
#6693 = ORIENTED_EDGE('',*,*,#6694,.T.);
#6694 = EDGE_CURVE('',#6686,#6695,#6697,.T.);
#6695 = VERTEX_POINT('',#6696);
#6696 = CARTESIAN_POINT('',(0.71149740131,3.901393625722,9.705085462068)
  );
#6697 = B_SPLINE_CURVE_WITH_KNOTS('',3,(#6698,#6699,#6700,#6701),
  .UNSPECIFIED.,.F.,.F.,(4,4),(7.,8.),.PIECEWISE_BEZIER_KNOTS.);
#6698 = CARTESIAN_POINT('',(0.671181650347,3.915123448031,9.705085462068
    ));
#6699 = CARTESIAN_POINT('',(0.681166975663,3.906011838681,9.705085462068
    ));
#6700 = CARTESIAN_POINT('',(0.694584756556,3.901393625722,9.705085462068
    ));
#6701 = CARTESIAN_POINT('',(0.71149740131,3.901393625722,9.705085462068)
  );
#6702 = ORIENTED_EDGE('',*,*,#6703,.T.);
#6703 = EDGE_CURVE('',#6695,#6704,#6706,.T.);
#6704 = VERTEX_POINT('',#6705);
#6705 = CARTESIAN_POINT('',(0.764918891751,3.932472950768,9.705085462068
    ));
#6706 = B_SPLINE_CURVE_WITH_KNOTS('',3,(#6707,#6708,#6709,#6710),
  .UNSPECIFIED.,.F.,.F.,(4,4),(6.,7.),.PIECEWISE_BEZIER_KNOTS.);
#6707 = CARTESIAN_POINT('',(0.71149740131,3.901393625722,9.705085462068)
  );
#6708 = CARTESIAN_POINT('',(0.735025324086,3.901393625722,9.705085462068
    ));
#6709 = CARTESIAN_POINT('',(0.752874093089,3.911753400737,9.705085462068
    ));
#6710 = CARTESIAN_POINT('',(0.764918891751,3.932472950768,9.705085462068
    ));
#6711 = ORIENTED_EDGE('',*,*,#6712,.T.);
#6712 = EDGE_CURVE('',#6704,#6713,#6715,.T.);
#6713 = VERTEX_POINT('',#6714);
#6714 = CARTESIAN_POINT('',(0.765730199432,3.932472950768,9.705085462068
    ));
#6715 = B_SPLINE_CURVE_WITH_KNOTS('',1,(#6716,#6717),.UNSPECIFIED.,.F.,
  .F.,(2,2),(-8.11307681829E-04,0.),.PIECEWISE_BEZIER_KNOTS.);
#6716 = CARTESIAN_POINT('',(0.764918891751,3.932472950768,9.705085462068
    ));
#6717 = CARTESIAN_POINT('',(0.765730199432,3.932472950768,9.705085462068
    ));
#6718 = ORIENTED_EDGE('',*,*,#6719,.T.);
#6719 = EDGE_CURVE('',#6713,#6720,#6722,.T.);
#6720 = VERTEX_POINT('',#6721);
#6721 = CARTESIAN_POINT('',(0.765730199432,3.905512572415,9.705085462068
    ));
#6722 = B_SPLINE_CURVE_WITH_KNOTS('',1,(#6723,#6724),.UNSPECIFIED.,.F.,
  .F.,(2,2),(-2.696037835237E-02,-0.),.PIECEWISE_BEZIER_KNOTS.);
#6723 = CARTESIAN_POINT('',(0.765730199432,3.932472950768,9.705085462068
    ));
#6724 = CARTESIAN_POINT('',(0.765730199432,3.905512572415,9.705085462068
    ));
#6725 = ORIENTED_EDGE('',*,*,#6726,.T.);
#6726 = EDGE_CURVE('',#6720,#6727,#6729,.T.);
#6727 = VERTEX_POINT('',#6728);
#6728 = CARTESIAN_POINT('',(0.796310258213,3.905512572415,9.705085462068
    ));
#6729 = B_SPLINE_CURVE_WITH_KNOTS('',1,(#6730,#6731),.UNSPECIFIED.,.F.,
  .F.,(2,2),(-3.058005878028E-02,0.),.PIECEWISE_BEZIER_KNOTS.);
#6730 = CARTESIAN_POINT('',(0.765730199432,3.905512572415,9.705085462068
    ));
#6731 = CARTESIAN_POINT('',(0.796310258213,3.905512572415,9.705085462068
    ));
#6732 = ORIENTED_EDGE('',*,*,#6733,.T.);
#6733 = EDGE_CURVE('',#6727,#6734,#6736,.T.);
#6734 = VERTEX_POINT('',#6735);
#6735 = CARTESIAN_POINT('',(0.796310258213,4.017722665652,9.705085462068
    ));
#6736 = B_SPLINE_CURVE_WITH_KNOTS('',1,(#6737,#6738),.UNSPECIFIED.,.F.,
  .F.,(2,2),(-0.112210093237,0.),.PIECEWISE_BEZIER_KNOTS.);
#6737 = CARTESIAN_POINT('',(0.796310258213,3.905512572415,9.705085462068
    ));
#6738 = CARTESIAN_POINT('',(0.796310258213,4.017722665652,9.705085462068
    ));
#6739 = ORIENTED_EDGE('',*,*,#6740,.T.);
#6740 = EDGE_CURVE('',#6734,#6634,#6741,.T.);
#6741 = B_SPLINE_CURVE_WITH_KNOTS('',3,(#6742,#6743,#6744,#6745),
  .UNSPECIFIED.,.F.,.F.,(4,4),(1.,2.),.PIECEWISE_BEZIER_KNOTS.);
#6742 = CARTESIAN_POINT('',(0.796310258213,4.017722665652,9.705085462068
    ));
#6743 = CARTESIAN_POINT('',(0.796310258213,4.061907730177,9.705085462068
    ));
#6744 = CARTESIAN_POINT('',(0.775278666766,4.083875445872,9.705085462068
    ));
#6745 = CARTESIAN_POINT('',(0.733277892156,4.083875445872,9.705085462068
    ));
#6746 = FACE_BOUND('',#6747,.T.);
#6747 = EDGE_LOOP('',(#6748,#6759,#6768,#6775,#6782,#6791,#6800,#6809));
#6748 = ORIENTED_EDGE('',*,*,#6749,.F.);
#6749 = EDGE_CURVE('',#6750,#6752,#6754,.T.);
#6750 = VERTEX_POINT('',#6751);
#6751 = CARTESIAN_POINT('',(0.695333655955,3.976782831857,9.705085462068
    ));
#6752 = VERTEX_POINT('',#6753);
#6753 = CARTESIAN_POINT('',(0.687220579136,3.954690299595,9.705085462068
    ));
#6754 = B_SPLINE_CURVE_WITH_KNOTS('',3,(#6755,#6756,#6757,#6758),
  .UNSPECIFIED.,.F.,.F.,(4,4),(1.,2.),.PIECEWISE_BEZIER_KNOTS.);
#6755 = CARTESIAN_POINT('',(0.695333655955,3.976782831857,9.705085462068
    ));
#6756 = CARTESIAN_POINT('',(0.689966543597,3.971540536067,9.705085462068
    ));
#6757 = CARTESIAN_POINT('',(0.687220579136,3.964176358646,9.705085462068
    ));
#6758 = CARTESIAN_POINT('',(0.687220579136,3.954690299595,9.705085462068
    ));
#6759 = ORIENTED_EDGE('',*,*,#6760,.F.);
#6760 = EDGE_CURVE('',#6761,#6750,#6763,.T.);
#6761 = VERTEX_POINT('',#6762);
#6762 = CARTESIAN_POINT('',(0.724915182203,3.987517056573,9.705085462068
    ));
#6763 = B_SPLINE_CURVE_WITH_KNOTS('',3,(#6764,#6765,#6766,#6767),
  .UNSPECIFIED.,.F.,.F.,(4,4),(0.,1.),.PIECEWISE_BEZIER_KNOTS.);
#6764 = CARTESIAN_POINT('',(0.724915182203,3.987517056573,9.705085462068
    ));
#6765 = CARTESIAN_POINT('',(0.710623685345,3.985519991508,9.705085462068
    ));
#6766 = CARTESIAN_POINT('',(0.700763176595,3.982025127648,9.705085462068
    ));
#6767 = CARTESIAN_POINT('',(0.695333655955,3.976782831857,9.705085462068
    ));
#6768 = ORIENTED_EDGE('',*,*,#6769,.F.);
#6769 = EDGE_CURVE('',#6770,#6761,#6772,.T.);
#6770 = VERTEX_POINT('',#6771);
#6771 = CARTESIAN_POINT('',(0.765730199432,3.993008985497,9.705085462068
    ));
#6772 = B_SPLINE_CURVE_WITH_KNOTS('',1,(#6773,#6774),.UNSPECIFIED.,.F.,
  .F.,(2,2),(0.,4.118284733628E-02),.PIECEWISE_BEZIER_KNOTS.);
#6773 = CARTESIAN_POINT('',(0.765730199432,3.993008985497,9.705085462068
    ));
#6774 = CARTESIAN_POINT('',(0.724915182203,3.987517056573,9.705085462068
    ));
#6775 = ORIENTED_EDGE('',*,*,#6776,.F.);
#6776 = EDGE_CURVE('',#6777,#6770,#6779,.T.);
#6777 = VERTEX_POINT('',#6778);
#6778 = CARTESIAN_POINT('',(0.765730199432,3.976283565592,9.705085462068
    ));
#6779 = B_SPLINE_CURVE_WITH_KNOTS('',1,(#6780,#6781),.UNSPECIFIED.,.F.,
  .F.,(2,2),(0.,1.672541990516E-02),.PIECEWISE_BEZIER_KNOTS.);
#6780 = CARTESIAN_POINT('',(0.765730199432,3.976283565592,9.705085462068
    ));
#6781 = CARTESIAN_POINT('',(0.765730199432,3.993008985497,9.705085462068
    ));
#6782 = ORIENTED_EDGE('',*,*,#6783,.F.);
#6783 = EDGE_CURVE('',#6784,#6777,#6786,.T.);
#6784 = VERTEX_POINT('',#6785);
#6785 = CARTESIAN_POINT('',(0.752624459955,3.940710844154,9.705085462068
    ));
#6786 = B_SPLINE_CURVE_WITH_KNOTS('',3,(#6787,#6788,#6789,#6790),
  .UNSPECIFIED.,.F.,.F.,(4,4),(5.,6.),.PIECEWISE_BEZIER_KNOTS.);
#6787 = CARTESIAN_POINT('',(0.752624459955,3.940710844154,9.705085462068
    ));
#6788 = CARTESIAN_POINT('',(0.761361619607,3.950072086637,9.705085462068
    ));
#6789 = CARTESIAN_POINT('',(0.765730199432,3.96192966045,9.705085462068)
  );
#6790 = CARTESIAN_POINT('',(0.765730199432,3.976283565592,9.705085462068
    ));
#6791 = ORIENTED_EDGE('',*,*,#6792,.F.);
#6792 = EDGE_CURVE('',#6793,#6784,#6795,.T.);
#6793 = VERTEX_POINT('',#6794);
#6794 = CARTESIAN_POINT('',(0.71942325328,3.926481755578,9.705085462068)
  );
#6795 = B_SPLINE_CURVE_WITH_KNOTS('',3,(#6796,#6797,#6798,#6799),
  .UNSPECIFIED.,.F.,.F.,(4,4),(4.,5.),.PIECEWISE_BEZIER_KNOTS.);
#6796 = CARTESIAN_POINT('',(0.71942325328,3.926481755578,9.705085462068)
  );
#6797 = CARTESIAN_POINT('',(0.732841034173,3.926481755578,9.705085462068
    ));
#6798 = CARTESIAN_POINT('',(0.743949708587,3.931224785103,9.705085462068
    ));
#6799 = CARTESIAN_POINT('',(0.752624459955,3.940710844154,9.705085462068
    ));
#6800 = ORIENTED_EDGE('',*,*,#6801,.F.);
#6801 = EDGE_CURVE('',#6802,#6793,#6804,.T.);
#6802 = VERTEX_POINT('',#6803);
#6803 = CARTESIAN_POINT('',(0.696082555354,3.934345199264,9.705085462068
    ));
#6804 = B_SPLINE_CURVE_WITH_KNOTS('',3,(#6805,#6806,#6807,#6808),
  .UNSPECIFIED.,.F.,.F.,(4,4),(3.,4.),.PIECEWISE_BEZIER_KNOTS.);
#6805 = CARTESIAN_POINT('',(0.696082555354,3.934345199264,9.705085462068
    ));
#6806 = CARTESIAN_POINT('',(0.701948933977,3.929102903474,9.705085462068
    ));
#6807 = CARTESIAN_POINT('',(0.709749969379,3.926481755578,9.705085462068
    ));
#6808 = CARTESIAN_POINT('',(0.71942325328,3.926481755578,9.705085462068)
  );
#6809 = ORIENTED_EDGE('',*,*,#6810,.F.);
#6810 = EDGE_CURVE('',#6752,#6802,#6811,.T.);
#6811 = B_SPLINE_CURVE_WITH_KNOTS('',3,(#6812,#6813,#6814,#6815),
  .UNSPECIFIED.,.F.,.F.,(4,4),(2.,3.),.PIECEWISE_BEZIER_KNOTS.);
#6812 = CARTESIAN_POINT('',(0.687220579136,3.954690299595,9.705085462068
    ));
#6813 = CARTESIAN_POINT('',(0.687220579136,3.946327589645,9.705085462068
    ));
#6814 = CARTESIAN_POINT('',(0.690153768447,3.939587495056,9.705085462068
    ));
#6815 = CARTESIAN_POINT('',(0.696082555354,3.934345199264,9.705085462068
    ));
#6816 = B_SPLINE_SURFACE_WITH_KNOTS('',1,1,(
    (#6817,#6818)
    ,(#6819,#6820
    )),.UNSPECIFIED.,.F.,.F.,.F.,(2,2),(2,2),(-4.501977531151E-02,
    9.508682052839E-02),(-0.178440883811,4.04093633899E-03),
  .PIECEWISE_BEZIER_KNOTS.);
#6817 = CARTESIAN_POINT('',(0.656203662373,3.901393625722,9.705085462068
    ));
#6818 = CARTESIAN_POINT('',(0.656203662373,4.083875445872,9.705085462068
    ));
#6819 = CARTESIAN_POINT('',(0.796310258213,3.901393625722,9.705085462068
    ));
#6820 = CARTESIAN_POINT('',(0.796310258213,4.083875445872,9.705085462068
    ));
#6821 = ADVANCED_FACE('',(#6822),#6836,.F.);
#6822 = FACE_BOUND('',#6823,.F.);
#6823 = EDGE_LOOP('',(#6824,#6829,#6830,#6835));
#6824 = ORIENTED_EDGE('',*,*,#6825,.F.);
#6825 = EDGE_CURVE('',#6634,#955,#6826,.T.);
#6826 = B_SPLINE_CURVE_WITH_KNOTS('',1,(#6827,#6828),.UNSPECIFIED.,.F.,
  .F.,(2,2),(-0.,9.234144017191E-03),.PIECEWISE_BEZIER_KNOTS.);
#6827 = CARTESIAN_POINT('',(0.733277892156,4.083875445872,9.705085462068
    ));
#6828 = CARTESIAN_POINT('',(0.733277892156,4.083875445872,9.695851318051
    ));
#6829 = ORIENTED_EDGE('',*,*,#6633,.T.);
#6830 = ORIENTED_EDGE('',*,*,#6831,.T.);
#6831 = EDGE_CURVE('',#6636,#946,#6832,.T.);
#6832 = B_SPLINE_CURVE_WITH_KNOTS('',1,(#6833,#6834),.UNSPECIFIED.,.F.,
  .F.,(2,2),(-0.,9.234144017191E-03),.PIECEWISE_BEZIER_KNOTS.);
#6833 = CARTESIAN_POINT('',(0.673241123693,4.067649292234,9.705085462068
    ));
#6834 = CARTESIAN_POINT('',(0.673241123693,4.067649292234,9.695851318051
    ));
#6835 = ORIENTED_EDGE('',*,*,#954,.F.);
#6836 = B_SPLINE_SURFACE_WITH_KNOTS('',3,1,(
    (#6837,#6838)
    ,(#6839,#6840)
    ,(#6841,#6842)
    ,(#6843,#6844
    )),.UNSPECIFIED.,.F.,.F.,.F.,(4,4),(2,2),(0.,1.),(0.,1.),
  .PIECEWISE_BEZIER_KNOTS.);
#6837 = CARTESIAN_POINT('',(0.733277892156,4.083875445872,9.705085462068
    ));
#6838 = CARTESIAN_POINT('',(0.733277892156,4.083875445872,9.695851318051
    ));
#6839 = CARTESIAN_POINT('',(0.710561277062,4.083875445872,9.705085462068
    ));
#6840 = CARTESIAN_POINT('',(0.710561277062,4.083875445872,9.695851318051
    ));
#6841 = CARTESIAN_POINT('',(0.690528218146,4.078508333514,9.705085462068
    ));
#6842 = CARTESIAN_POINT('',(0.690528218146,4.078508333514,9.695851318051
    ));
#6843 = CARTESIAN_POINT('',(0.673241123693,4.067649292234,9.705085462068
    ));
#6844 = CARTESIAN_POINT('',(0.673241123693,4.067649292234,9.695851318051
    ));
#6845 = ADVANCED_FACE('',(#6846),#6856,.F.);
#6846 = FACE_BOUND('',#6847,.T.);
#6847 = EDGE_LOOP('',(#6848,#6849,#6854,#6855));
#6848 = ORIENTED_EDGE('',*,*,#945,.T.);
#6849 = ORIENTED_EDGE('',*,*,#6850,.F.);
#6850 = EDGE_CURVE('',#6645,#948,#6851,.T.);
#6851 = B_SPLINE_CURVE_WITH_KNOTS('',1,(#6852,#6853),.UNSPECIFIED.,.F.,
  .F.,(2,2),(-0.,9.234144017191E-03),.PIECEWISE_BEZIER_KNOTS.);
#6852 = CARTESIAN_POINT('',(0.673241123693,4.037942949417,9.705085462068
    ));
#6853 = CARTESIAN_POINT('',(0.673241123693,4.037942949417,9.695851318051
    ));
#6854 = ORIENTED_EDGE('',*,*,#6644,.F.);
#6855 = ORIENTED_EDGE('',*,*,#6831,.T.);
#6856 = B_SPLINE_SURFACE_WITH_KNOTS('',1,1,(
    (#6857,#6858)
    ,(#6859,#6860
    )),.UNSPECIFIED.,.F.,.F.,.F.,(2,2),(2,2),(0.,9.234144017191E-03),(0.
    ,2.970634281613E-02),.PIECEWISE_BEZIER_KNOTS.);
#6857 = CARTESIAN_POINT('',(0.673241123693,4.037942949417,9.705085462068
    ));
#6858 = CARTESIAN_POINT('',(0.673241123693,4.067649292234,9.705085462068
    ));
#6859 = CARTESIAN_POINT('',(0.673241123693,4.037942949417,9.695851318051
    ));
#6860 = CARTESIAN_POINT('',(0.673241123693,4.067649292234,9.695851318051
    ));
#6861 = ADVANCED_FACE('',(#6862),#6872,.F.);
#6862 = FACE_BOUND('',#6863,.F.);
#6863 = EDGE_LOOP('',(#6864,#6865,#6866,#6871));
#6864 = ORIENTED_EDGE('',*,*,#6850,.F.);
#6865 = ORIENTED_EDGE('',*,*,#6651,.T.);
#6866 = ORIENTED_EDGE('',*,*,#6867,.T.);
#6867 = EDGE_CURVE('',#6652,#1044,#6868,.T.);
#6868 = B_SPLINE_CURVE_WITH_KNOTS('',1,(#6869,#6870),.UNSPECIFIED.,.F.,
  .F.,(2,2),(-0.,9.234144017191E-03),.PIECEWISE_BEZIER_KNOTS.);
#6869 = CARTESIAN_POINT('',(0.730407111127,4.059036949148,9.705085462068
    ));
#6870 = CARTESIAN_POINT('',(0.730407111127,4.059036949148,9.695851318051
    ));
#6871 = ORIENTED_EDGE('',*,*,#1052,.F.);
#6872 = B_SPLINE_SURFACE_WITH_KNOTS('',3,1,(
    (#6873,#6874)
    ,(#6875,#6876)
    ,(#6877,#6878)
    ,(#6879,#6880
    )),.UNSPECIFIED.,.F.,.F.,.F.,(4,4),(2,2),(12.,13.),(0.,1.),
  .PIECEWISE_BEZIER_KNOTS.);
#6873 = CARTESIAN_POINT('',(0.673241123693,4.037942949417,9.705085462068
    ));
#6874 = CARTESIAN_POINT('',(0.673241123693,4.037942949417,9.695851318051
    ));
#6875 = CARTESIAN_POINT('',(0.690465809863,4.05192240486,9.705085462068)
  );
#6876 = CARTESIAN_POINT('',(0.690465809863,4.05192240486,9.695851318051)
  );
#6877 = CARTESIAN_POINT('',(0.709500336247,4.059036949148,9.705085462068
    ));
#6878 = CARTESIAN_POINT('',(0.709500336247,4.059036949148,9.695851318051
    ));
#6879 = CARTESIAN_POINT('',(0.730407111127,4.059036949148,9.705085462068
    ));
#6880 = CARTESIAN_POINT('',(0.730407111127,4.059036949148,9.695851318051
    ));
#6881 = ADVANCED_FACE('',(#6882),#6892,.F.);
#6882 = FACE_BOUND('',#6883,.F.);
#6883 = EDGE_LOOP('',(#6884,#6885,#6886,#6891));
#6884 = ORIENTED_EDGE('',*,*,#6867,.F.);
#6885 = ORIENTED_EDGE('',*,*,#6660,.T.);
#6886 = ORIENTED_EDGE('',*,*,#6887,.T.);
#6887 = EDGE_CURVE('',#6661,#1037,#6888,.T.);
#6888 = B_SPLINE_CURVE_WITH_KNOTS('',1,(#6889,#6890),.UNSPECIFIED.,.F.,
  .F.,(2,2),(-0.,9.234144017191E-03),.PIECEWISE_BEZIER_KNOTS.);
#6889 = CARTESIAN_POINT('',(0.765730199432,4.016349683423,9.705085462068
    ));
#6890 = CARTESIAN_POINT('',(0.765730199432,4.016349683423,9.695851318051
    ));
#6891 = ORIENTED_EDGE('',*,*,#1043,.F.);
#6892 = B_SPLINE_SURFACE_WITH_KNOTS('',3,1,(
    (#6893,#6894)
    ,(#6895,#6896)
    ,(#6897,#6898)
    ,(#6899,#6900
    )),.UNSPECIFIED.,.F.,.F.,.F.,(4,4),(2,2),(11.,12.),(0.,1.),
  .PIECEWISE_BEZIER_KNOTS.);
#6893 = CARTESIAN_POINT('',(0.730407111127,4.059036949148,9.705085462068
    ));
#6894 = CARTESIAN_POINT('',(0.730407111127,4.059036949148,9.695851318051
    ));
#6895 = CARTESIAN_POINT('',(0.753935033903,4.059036949148,9.705085462068
    ));
#6896 = CARTESIAN_POINT('',(0.753935033903,4.059036949148,9.695851318051
    ));
#6897 = CARTESIAN_POINT('',(0.765730199432,4.044807860573,9.705085462068
    ));
#6898 = CARTESIAN_POINT('',(0.765730199432,4.044807860573,9.695851318051
    ));
#6899 = CARTESIAN_POINT('',(0.765730199432,4.016349683423,9.705085462068
    ));
#6900 = CARTESIAN_POINT('',(0.765730199432,4.016349683423,9.695851318051
    ));
#6901 = ADVANCED_FACE('',(#6902),#6912,.F.);
#6902 = FACE_BOUND('',#6903,.T.);
#6903 = EDGE_LOOP('',(#6904,#6905,#6910,#6911));
#6904 = ORIENTED_EDGE('',*,*,#1036,.T.);
#6905 = ORIENTED_EDGE('',*,*,#6906,.F.);
#6906 = EDGE_CURVE('',#6670,#1028,#6907,.T.);
#6907 = B_SPLINE_CURVE_WITH_KNOTS('',1,(#6908,#6909),.UNSPECIFIED.,.F.,
  .F.,(2,2),(-0.,9.234144017191E-03),.PIECEWISE_BEZIER_KNOTS.);
#6908 = CARTESIAN_POINT('',(0.714056140922,4.009110322569,9.705085462068
    ));
#6909 = CARTESIAN_POINT('',(0.714056140922,4.009110322569,9.695851318051
    ));
#6910 = ORIENTED_EDGE('',*,*,#6669,.F.);
#6911 = ORIENTED_EDGE('',*,*,#6887,.T.);
#6912 = B_SPLINE_SURFACE_WITH_KNOTS('',1,1,(
    (#6913,#6914)
    ,(#6915,#6916
    )),.UNSPECIFIED.,.F.,.F.,.F.,(2,2),(2,2),(0.,5.217869937542E-02),(
    -9.234144017191E-03,0.),.PIECEWISE_BEZIER_KNOTS.);
#6913 = CARTESIAN_POINT('',(0.714056140922,4.009110322569,9.695851318051
    ));
#6914 = CARTESIAN_POINT('',(0.714056140922,4.009110322569,9.705085462068
    ));
#6915 = CARTESIAN_POINT('',(0.765730199432,4.016349683423,9.695851318051
    ));
#6916 = CARTESIAN_POINT('',(0.765730199432,4.016349683423,9.705085462068
    ));
#6917 = ADVANCED_FACE('',(#6918),#6928,.F.);
#6918 = FACE_BOUND('',#6919,.F.);
#6919 = EDGE_LOOP('',(#6920,#6921,#6922,#6927));
#6920 = ORIENTED_EDGE('',*,*,#6906,.F.);
#6921 = ORIENTED_EDGE('',*,*,#6676,.T.);
#6922 = ORIENTED_EDGE('',*,*,#6923,.T.);
#6923 = EDGE_CURVE('',#6677,#1019,#6924,.T.);
#6924 = B_SPLINE_CURVE_WITH_KNOTS('',1,(#6925,#6926),.UNSPECIFIED.,.F.,
  .F.,(2,2),(-0.,9.234144017191E-03),.PIECEWISE_BEZIER_KNOTS.);
#6925 = CARTESIAN_POINT('',(0.656203662373,3.952193968268,9.705085462068
    ));
#6926 = CARTESIAN_POINT('',(0.656203662373,3.952193968268,9.695851318051
    ));
#6927 = ORIENTED_EDGE('',*,*,#1027,.F.);
#6928 = B_SPLINE_SURFACE_WITH_KNOTS('',3,1,(
    (#6929,#6930)
    ,(#6931,#6932)
    ,(#6933,#6934)
    ,(#6935,#6936
    )),.UNSPECIFIED.,.F.,.F.,.F.,(4,4),(2,2),(9.,10.),(0.,1.),
  .PIECEWISE_BEZIER_KNOTS.);
#6929 = CARTESIAN_POINT('',(0.714056140922,4.009110322569,9.705085462068
    ));
#6930 = CARTESIAN_POINT('',(0.714056140922,4.009110322569,9.695851318051
    ));
#6931 = CARTESIAN_POINT('',(0.67548782189,4.003743210211,9.705085462068)
  );
#6932 = CARTESIAN_POINT('',(0.67548782189,4.003743210211,9.695851318051)
  );
#6933 = CARTESIAN_POINT('',(0.656203662373,3.98477109211,9.705085462068)
  );
#6934 = CARTESIAN_POINT('',(0.656203662373,3.98477109211,9.695851318051)
  );
#6935 = CARTESIAN_POINT('',(0.656203662373,3.952193968268,9.705085462068
    ));
#6936 = CARTESIAN_POINT('',(0.656203662373,3.952193968268,9.695851318051
    ));
#6937 = ADVANCED_FACE('',(#6938),#6948,.F.);
#6938 = FACE_BOUND('',#6939,.F.);
#6939 = EDGE_LOOP('',(#6940,#6941,#6942,#6947));
#6940 = ORIENTED_EDGE('',*,*,#6923,.F.);
#6941 = ORIENTED_EDGE('',*,*,#6685,.T.);
#6942 = ORIENTED_EDGE('',*,*,#6943,.T.);
#6943 = EDGE_CURVE('',#6686,#1010,#6944,.T.);
#6944 = B_SPLINE_CURVE_WITH_KNOTS('',1,(#6945,#6946),.UNSPECIFIED.,.F.,
  .F.,(2,2),(-0.,9.234144017191E-03),.PIECEWISE_BEZIER_KNOTS.);
#6945 = CARTESIAN_POINT('',(0.671181650347,3.915123448031,9.705085462068
    ));
#6946 = CARTESIAN_POINT('',(0.671181650347,3.915123448031,9.695851318051
    ));
#6947 = ORIENTED_EDGE('',*,*,#1018,.F.);
#6948 = B_SPLINE_SURFACE_WITH_KNOTS('',3,1,(
    (#6949,#6950)
    ,(#6951,#6952)
    ,(#6953,#6954)
    ,(#6955,#6956
    )),.UNSPECIFIED.,.F.,.F.,.F.,(4,4),(2,2),(8.,9.),(0.,1.),
  .PIECEWISE_BEZIER_KNOTS.);
#6949 = CARTESIAN_POINT('',(0.656203662373,3.952193968268,9.705085462068
    ));
#6950 = CARTESIAN_POINT('',(0.656203662373,3.952193968268,9.695851318051
    ));
#6951 = CARTESIAN_POINT('',(0.656203662373,3.936591897461,9.705085462068
    ));
#6952 = CARTESIAN_POINT('',(0.656203662373,3.936591897461,9.695851318051
    ));
#6953 = CARTESIAN_POINT('',(0.661196325031,3.924235057381,9.705085462068
    ));
#6954 = CARTESIAN_POINT('',(0.661196325031,3.924235057381,9.695851318051
    ));
#6955 = CARTESIAN_POINT('',(0.671181650347,3.915123448031,9.705085462068
    ));
#6956 = CARTESIAN_POINT('',(0.671181650347,3.915123448031,9.695851318051
    ));
#6957 = ADVANCED_FACE('',(#6958),#6968,.F.);
#6958 = FACE_BOUND('',#6959,.F.);
#6959 = EDGE_LOOP('',(#6960,#6961,#6962,#6967));
#6960 = ORIENTED_EDGE('',*,*,#6943,.F.);
#6961 = ORIENTED_EDGE('',*,*,#6694,.T.);
#6962 = ORIENTED_EDGE('',*,*,#6963,.T.);
#6963 = EDGE_CURVE('',#6695,#1001,#6964,.T.);
#6964 = B_SPLINE_CURVE_WITH_KNOTS('',1,(#6965,#6966),.UNSPECIFIED.,.F.,
  .F.,(2,2),(-0.,9.234144017191E-03),.PIECEWISE_BEZIER_KNOTS.);
#6965 = CARTESIAN_POINT('',(0.71149740131,3.901393625722,9.705085462068)
  );
#6966 = CARTESIAN_POINT('',(0.71149740131,3.901393625722,9.695851318051)
  );
#6967 = ORIENTED_EDGE('',*,*,#1009,.F.);
#6968 = B_SPLINE_SURFACE_WITH_KNOTS('',3,1,(
    (#6969,#6970)
    ,(#6971,#6972)
    ,(#6973,#6974)
    ,(#6975,#6976
    )),.UNSPECIFIED.,.F.,.F.,.F.,(4,4),(2,2),(7.,8.),(0.,1.),
  .PIECEWISE_BEZIER_KNOTS.);
#6969 = CARTESIAN_POINT('',(0.671181650347,3.915123448031,9.705085462068
    ));
#6970 = CARTESIAN_POINT('',(0.671181650347,3.915123448031,9.695851318051
    ));
#6971 = CARTESIAN_POINT('',(0.681166975663,3.906011838681,9.705085462068
    ));
#6972 = CARTESIAN_POINT('',(0.681166975663,3.906011838681,9.695851318051
    ));
#6973 = CARTESIAN_POINT('',(0.694584756556,3.901393625722,9.705085462068
    ));
#6974 = CARTESIAN_POINT('',(0.694584756556,3.901393625722,9.695851318051
    ));
#6975 = CARTESIAN_POINT('',(0.71149740131,3.901393625722,9.705085462068)
  );
#6976 = CARTESIAN_POINT('',(0.71149740131,3.901393625722,9.695851318051)
  );
#6977 = ADVANCED_FACE('',(#6978),#6988,.F.);
#6978 = FACE_BOUND('',#6979,.F.);
#6979 = EDGE_LOOP('',(#6980,#6981,#6982,#6987));
#6980 = ORIENTED_EDGE('',*,*,#6963,.F.);
#6981 = ORIENTED_EDGE('',*,*,#6703,.T.);
#6982 = ORIENTED_EDGE('',*,*,#6983,.T.);
#6983 = EDGE_CURVE('',#6704,#994,#6984,.T.);
#6984 = B_SPLINE_CURVE_WITH_KNOTS('',1,(#6985,#6986),.UNSPECIFIED.,.F.,
  .F.,(2,2),(-0.,9.234144017191E-03),.PIECEWISE_BEZIER_KNOTS.);
#6985 = CARTESIAN_POINT('',(0.764918891751,3.932472950768,9.705085462068
    ));
#6986 = CARTESIAN_POINT('',(0.764918891751,3.932472950768,9.695851318051
    ));
#6987 = ORIENTED_EDGE('',*,*,#1000,.F.);
#6988 = B_SPLINE_SURFACE_WITH_KNOTS('',3,1,(
    (#6989,#6990)
    ,(#6991,#6992)
    ,(#6993,#6994)
    ,(#6995,#6996
    )),.UNSPECIFIED.,.F.,.F.,.F.,(4,4),(2,2),(6.,7.),(0.,1.),
  .PIECEWISE_BEZIER_KNOTS.);
#6989 = CARTESIAN_POINT('',(0.71149740131,3.901393625722,9.705085462068)
  );
#6990 = CARTESIAN_POINT('',(0.71149740131,3.901393625722,9.695851318051)
  );
#6991 = CARTESIAN_POINT('',(0.735025324086,3.901393625722,9.705085462068
    ));
#6992 = CARTESIAN_POINT('',(0.735025324086,3.901393625722,9.695851318051
    ));
#6993 = CARTESIAN_POINT('',(0.752874093089,3.911753400737,9.705085462068
    ));
#6994 = CARTESIAN_POINT('',(0.752874093089,3.911753400737,9.695851318051
    ));
#6995 = CARTESIAN_POINT('',(0.764918891751,3.932472950768,9.705085462068
    ));
#6996 = CARTESIAN_POINT('',(0.764918891751,3.932472950768,9.695851318051
    ));
#6997 = ADVANCED_FACE('',(#6998),#7008,.F.);
#6998 = FACE_BOUND('',#6999,.T.);
#6999 = EDGE_LOOP('',(#7000,#7001,#7006,#7007));
#7000 = ORIENTED_EDGE('',*,*,#993,.T.);
#7001 = ORIENTED_EDGE('',*,*,#7002,.F.);
#7002 = EDGE_CURVE('',#6713,#987,#7003,.T.);
#7003 = B_SPLINE_CURVE_WITH_KNOTS('',1,(#7004,#7005),.UNSPECIFIED.,.F.,
  .F.,(2,2),(-0.,9.234144017191E-03),.PIECEWISE_BEZIER_KNOTS.);
#7004 = CARTESIAN_POINT('',(0.765730199432,3.932472950768,9.705085462068
    ));
#7005 = CARTESIAN_POINT('',(0.765730199432,3.932472950768,9.695851318051
    ));
#7006 = ORIENTED_EDGE('',*,*,#6712,.F.);
#7007 = ORIENTED_EDGE('',*,*,#6983,.T.);
#7008 = B_SPLINE_SURFACE_WITH_KNOTS('',1,1,(
    (#7009,#7010)
    ,(#7011,#7012
    )),.UNSPECIFIED.,.F.,.F.,.F.,(2,2),(2,2),(-9.234144017191E-03,0.),(
    -8.11307681829E-04,0.),.PIECEWISE_BEZIER_KNOTS.);
#7009 = CARTESIAN_POINT('',(0.764918891751,3.932472950768,9.695851318051
    ));
#7010 = CARTESIAN_POINT('',(0.765730199432,3.932472950768,9.695851318051
    ));
#7011 = CARTESIAN_POINT('',(0.764918891751,3.932472950768,9.705085462068
    ));
#7012 = CARTESIAN_POINT('',(0.765730199432,3.932472950768,9.705085462068
    ));
#7013 = ADVANCED_FACE('',(#7014),#7024,.F.);
#7014 = FACE_BOUND('',#7015,.T.);
#7015 = EDGE_LOOP('',(#7016,#7017,#7022,#7023));
#7016 = ORIENTED_EDGE('',*,*,#986,.T.);
#7017 = ORIENTED_EDGE('',*,*,#7018,.F.);
#7018 = EDGE_CURVE('',#6720,#980,#7019,.T.);
#7019 = B_SPLINE_CURVE_WITH_KNOTS('',1,(#7020,#7021),.UNSPECIFIED.,.F.,
  .F.,(2,2),(-0.,9.234144017191E-03),.PIECEWISE_BEZIER_KNOTS.);
#7020 = CARTESIAN_POINT('',(0.765730199432,3.905512572415,9.705085462068
    ));
#7021 = CARTESIAN_POINT('',(0.765730199432,3.905512572415,9.695851318051
    ));
#7022 = ORIENTED_EDGE('',*,*,#6719,.F.);
#7023 = ORIENTED_EDGE('',*,*,#7002,.T.);
#7024 = B_SPLINE_SURFACE_WITH_KNOTS('',1,1,(
    (#7025,#7026)
    ,(#7027,#7028
    )),.UNSPECIFIED.,.F.,.F.,.F.,(2,2),(2,2),(0.,9.234144017191E-03),(0.
    ,2.696037835237E-02),.PIECEWISE_BEZIER_KNOTS.);
#7025 = CARTESIAN_POINT('',(0.765730199432,3.905512572415,9.705085462068
    ));
#7026 = CARTESIAN_POINT('',(0.765730199432,3.932472950768,9.705085462068
    ));
#7027 = CARTESIAN_POINT('',(0.765730199432,3.905512572415,9.695851318051
    ));
#7028 = CARTESIAN_POINT('',(0.765730199432,3.932472950768,9.695851318051
    ));
#7029 = ADVANCED_FACE('',(#7030),#7040,.F.);
#7030 = FACE_BOUND('',#7031,.T.);
#7031 = EDGE_LOOP('',(#7032,#7033,#7038,#7039));
#7032 = ORIENTED_EDGE('',*,*,#979,.T.);
#7033 = ORIENTED_EDGE('',*,*,#7034,.F.);
#7034 = EDGE_CURVE('',#6727,#973,#7035,.T.);
#7035 = B_SPLINE_CURVE_WITH_KNOTS('',1,(#7036,#7037),.UNSPECIFIED.,.F.,
  .F.,(2,2),(-0.,9.234144017191E-03),.PIECEWISE_BEZIER_KNOTS.);
#7036 = CARTESIAN_POINT('',(0.796310258213,3.905512572415,9.705085462068
    ));
#7037 = CARTESIAN_POINT('',(0.796310258213,3.905512572415,9.695851318051
    ));
#7038 = ORIENTED_EDGE('',*,*,#6726,.F.);
#7039 = ORIENTED_EDGE('',*,*,#7018,.T.);
#7040 = B_SPLINE_SURFACE_WITH_KNOTS('',1,1,(
    (#7041,#7042)
    ,(#7043,#7044
    )),.UNSPECIFIED.,.F.,.F.,.F.,(2,2),(2,2),(-9.234144017191E-03,0.),(
    -3.058005878028E-02,0.),.PIECEWISE_BEZIER_KNOTS.);
#7041 = CARTESIAN_POINT('',(0.765730199432,3.905512572415,9.695851318051
    ));
#7042 = CARTESIAN_POINT('',(0.796310258213,3.905512572415,9.695851318051
    ));
#7043 = CARTESIAN_POINT('',(0.765730199432,3.905512572415,9.705085462068
    ));
#7044 = CARTESIAN_POINT('',(0.796310258213,3.905512572415,9.705085462068
    ));
#7045 = ADVANCED_FACE('',(#7046),#7056,.F.);
#7046 = FACE_BOUND('',#7047,.T.);
#7047 = EDGE_LOOP('',(#7048,#7049,#7054,#7055));
#7048 = ORIENTED_EDGE('',*,*,#972,.T.);
#7049 = ORIENTED_EDGE('',*,*,#7050,.F.);
#7050 = EDGE_CURVE('',#6734,#964,#7051,.T.);
#7051 = B_SPLINE_CURVE_WITH_KNOTS('',1,(#7052,#7053),.UNSPECIFIED.,.F.,
  .F.,(2,2),(-0.,9.234144017191E-03),.PIECEWISE_BEZIER_KNOTS.);
#7052 = CARTESIAN_POINT('',(0.796310258213,4.017722665652,9.705085462068
    ));
#7053 = CARTESIAN_POINT('',(0.796310258213,4.017722665652,9.695851318051
    ));
#7054 = ORIENTED_EDGE('',*,*,#6733,.F.);
#7055 = ORIENTED_EDGE('',*,*,#7034,.T.);
#7056 = B_SPLINE_SURFACE_WITH_KNOTS('',1,1,(
    (#7057,#7058)
    ,(#7059,#7060
    )),.UNSPECIFIED.,.F.,.F.,.F.,(2,2),(2,2),(-9.234144017191E-03,0.),(
    -0.112210093237,0.),.PIECEWISE_BEZIER_KNOTS.);
#7057 = CARTESIAN_POINT('',(0.796310258213,3.905512572415,9.695851318051
    ));
#7058 = CARTESIAN_POINT('',(0.796310258213,4.017722665652,9.695851318051
    ));
#7059 = CARTESIAN_POINT('',(0.796310258213,3.905512572415,9.705085462068
    ));
#7060 = CARTESIAN_POINT('',(0.796310258213,4.017722665652,9.705085462068
    ));
#7061 = ADVANCED_FACE('',(#7062),#7068,.F.);
#7062 = FACE_BOUND('',#7063,.F.);
#7063 = EDGE_LOOP('',(#7064,#7065,#7066,#7067));
#7064 = ORIENTED_EDGE('',*,*,#7050,.F.);
#7065 = ORIENTED_EDGE('',*,*,#6740,.T.);
#7066 = ORIENTED_EDGE('',*,*,#6825,.T.);
#7067 = ORIENTED_EDGE('',*,*,#963,.F.);
#7068 = B_SPLINE_SURFACE_WITH_KNOTS('',3,1,(
    (#7069,#7070)
    ,(#7071,#7072)
    ,(#7073,#7074)
    ,(#7075,#7076
    )),.UNSPECIFIED.,.F.,.F.,.F.,(4,4),(2,2),(1.,2.),(0.,1.),
  .PIECEWISE_BEZIER_KNOTS.);
#7069 = CARTESIAN_POINT('',(0.796310258213,4.017722665652,9.705085462068
    ));
#7070 = CARTESIAN_POINT('',(0.796310258213,4.017722665652,9.695851318051
    ));
#7071 = CARTESIAN_POINT('',(0.796310258213,4.061907730177,9.705085462068
    ));
#7072 = CARTESIAN_POINT('',(0.796310258213,4.061907730177,9.695851318051
    ));
#7073 = CARTESIAN_POINT('',(0.775278666766,4.083875445872,9.705085462068
    ));
#7074 = CARTESIAN_POINT('',(0.775278666766,4.083875445872,9.695851318051
    ));
#7075 = CARTESIAN_POINT('',(0.733277892156,4.083875445872,9.705085462068
    ));
#7076 = CARTESIAN_POINT('',(0.733277892156,4.083875445872,9.695851318051
    ));
#7077 = ADVANCED_FACE('',(#7078),#7102,.T.);
#7078 = FACE_BOUND('',#7079,.T.);
#7079 = EDGE_LOOP('',(#7080,#7091,#7096,#7097));
#7080 = ORIENTED_EDGE('',*,*,#7081,.F.);
#7081 = EDGE_CURVE('',#7082,#7084,#7086,.T.);
#7082 = VERTEX_POINT('',#7083);
#7083 = CARTESIAN_POINT('',(0.724915182203,3.987517056573,9.695851318051
    ));
#7084 = VERTEX_POINT('',#7085);
#7085 = CARTESIAN_POINT('',(0.695333655955,3.976782831857,9.695851318051
    ));
#7086 = B_SPLINE_CURVE_WITH_KNOTS('',3,(#7087,#7088,#7089,#7090),
  .UNSPECIFIED.,.F.,.F.,(4,4),(0.,1.),.PIECEWISE_BEZIER_KNOTS.);
#7087 = CARTESIAN_POINT('',(0.724915182203,3.987517056573,9.695851318051
    ));
#7088 = CARTESIAN_POINT('',(0.710623685345,3.985519991508,9.695851318051
    ));
#7089 = CARTESIAN_POINT('',(0.700763176595,3.982025127648,9.695851318051
    ));
#7090 = CARTESIAN_POINT('',(0.695333655955,3.976782831857,9.695851318051
    ));
#7091 = ORIENTED_EDGE('',*,*,#7092,.F.);
#7092 = EDGE_CURVE('',#6761,#7082,#7093,.T.);
#7093 = B_SPLINE_CURVE_WITH_KNOTS('',1,(#7094,#7095),.UNSPECIFIED.,.F.,
  .F.,(2,2),(-0.,9.234144017191E-03),.PIECEWISE_BEZIER_KNOTS.);
#7094 = CARTESIAN_POINT('',(0.724915182203,3.987517056573,9.705085462068
    ));
#7095 = CARTESIAN_POINT('',(0.724915182203,3.987517056573,9.695851318051
    ));
#7096 = ORIENTED_EDGE('',*,*,#6760,.T.);
#7097 = ORIENTED_EDGE('',*,*,#7098,.T.);
#7098 = EDGE_CURVE('',#6750,#7084,#7099,.T.);
#7099 = B_SPLINE_CURVE_WITH_KNOTS('',1,(#7100,#7101),.UNSPECIFIED.,.F.,
  .F.,(2,2),(-0.,9.234144017191E-03),.PIECEWISE_BEZIER_KNOTS.);
#7100 = CARTESIAN_POINT('',(0.695333655955,3.976782831857,9.705085462068
    ));
#7101 = CARTESIAN_POINT('',(0.695333655955,3.976782831857,9.695851318051
    ));
#7102 = B_SPLINE_SURFACE_WITH_KNOTS('',3,1,(
    (#7103,#7104)
    ,(#7105,#7106)
    ,(#7107,#7108)
    ,(#7109,#7110
    )),.UNSPECIFIED.,.F.,.F.,.F.,(4,4),(2,2),(0.,1.),(0.,1.),
  .PIECEWISE_BEZIER_KNOTS.);
#7103 = CARTESIAN_POINT('',(0.724915182203,3.987517056573,9.705085462068
    ));
#7104 = CARTESIAN_POINT('',(0.724915182203,3.987517056573,9.695851318051
    ));
#7105 = CARTESIAN_POINT('',(0.710623685345,3.985519991508,9.705085462068
    ));
#7106 = CARTESIAN_POINT('',(0.710623685345,3.985519991508,9.695851318051
    ));
#7107 = CARTESIAN_POINT('',(0.700763176595,3.982025127648,9.705085462068
    ));
#7108 = CARTESIAN_POINT('',(0.700763176595,3.982025127648,9.695851318051
    ));
#7109 = CARTESIAN_POINT('',(0.695333655955,3.976782831857,9.705085462068
    ));
#7110 = CARTESIAN_POINT('',(0.695333655955,3.976782831857,9.695851318051
    ));
#7111 = ADVANCED_FACE('',(#7112),#7130,.T.);
#7112 = FACE_BOUND('',#7113,.T.);
#7113 = EDGE_LOOP('',(#7114,#7123,#7124,#7125));
#7114 = ORIENTED_EDGE('',*,*,#7115,.F.);
#7115 = EDGE_CURVE('',#7084,#7116,#7118,.T.);
#7116 = VERTEX_POINT('',#7117);
#7117 = CARTESIAN_POINT('',(0.687220579136,3.954690299595,9.695851318051
    ));
#7118 = B_SPLINE_CURVE_WITH_KNOTS('',3,(#7119,#7120,#7121,#7122),
  .UNSPECIFIED.,.F.,.F.,(4,4),(1.,2.),.PIECEWISE_BEZIER_KNOTS.);
#7119 = CARTESIAN_POINT('',(0.695333655955,3.976782831857,9.695851318051
    ));
#7120 = CARTESIAN_POINT('',(0.689966543597,3.971540536067,9.695851318051
    ));
#7121 = CARTESIAN_POINT('',(0.687220579136,3.964176358646,9.695851318051
    ));
#7122 = CARTESIAN_POINT('',(0.687220579136,3.954690299595,9.695851318051
    ));
#7123 = ORIENTED_EDGE('',*,*,#7098,.F.);
#7124 = ORIENTED_EDGE('',*,*,#6749,.T.);
#7125 = ORIENTED_EDGE('',*,*,#7126,.T.);
#7126 = EDGE_CURVE('',#6752,#7116,#7127,.T.);
#7127 = B_SPLINE_CURVE_WITH_KNOTS('',1,(#7128,#7129),.UNSPECIFIED.,.F.,
  .F.,(2,2),(-0.,9.234144017191E-03),.PIECEWISE_BEZIER_KNOTS.);
#7128 = CARTESIAN_POINT('',(0.687220579136,3.954690299595,9.705085462068
    ));
#7129 = CARTESIAN_POINT('',(0.687220579136,3.954690299595,9.695851318051
    ));
#7130 = B_SPLINE_SURFACE_WITH_KNOTS('',3,1,(
    (#7131,#7132)
    ,(#7133,#7134)
    ,(#7135,#7136)
    ,(#7137,#7138
    )),.UNSPECIFIED.,.F.,.F.,.F.,(4,4),(2,2),(1.,2.),(0.,1.),
  .PIECEWISE_BEZIER_KNOTS.);
#7131 = CARTESIAN_POINT('',(0.695333655955,3.976782831857,9.705085462068
    ));
#7132 = CARTESIAN_POINT('',(0.695333655955,3.976782831857,9.695851318051
    ));
#7133 = CARTESIAN_POINT('',(0.689966543597,3.971540536067,9.705085462068
    ));
#7134 = CARTESIAN_POINT('',(0.689966543597,3.971540536067,9.695851318051
    ));
#7135 = CARTESIAN_POINT('',(0.687220579136,3.964176358646,9.705085462068
    ));
#7136 = CARTESIAN_POINT('',(0.687220579136,3.964176358646,9.695851318051
    ));
#7137 = CARTESIAN_POINT('',(0.687220579136,3.954690299595,9.705085462068
    ));
#7138 = CARTESIAN_POINT('',(0.687220579136,3.954690299595,9.695851318051
    ));
#7139 = ADVANCED_FACE('',(#7140),#7158,.T.);
#7140 = FACE_BOUND('',#7141,.T.);
#7141 = EDGE_LOOP('',(#7142,#7151,#7152,#7153));
#7142 = ORIENTED_EDGE('',*,*,#7143,.F.);
#7143 = EDGE_CURVE('',#7116,#7144,#7146,.T.);
#7144 = VERTEX_POINT('',#7145);
#7145 = CARTESIAN_POINT('',(0.696082555354,3.934345199264,9.695851318051
    ));
#7146 = B_SPLINE_CURVE_WITH_KNOTS('',3,(#7147,#7148,#7149,#7150),
  .UNSPECIFIED.,.F.,.F.,(4,4),(2.,3.),.PIECEWISE_BEZIER_KNOTS.);
#7147 = CARTESIAN_POINT('',(0.687220579136,3.954690299595,9.695851318051
    ));
#7148 = CARTESIAN_POINT('',(0.687220579136,3.946327589645,9.695851318051
    ));
#7149 = CARTESIAN_POINT('',(0.690153768447,3.939587495056,9.695851318051
    ));
#7150 = CARTESIAN_POINT('',(0.696082555354,3.934345199264,9.695851318051
    ));
#7151 = ORIENTED_EDGE('',*,*,#7126,.F.);
#7152 = ORIENTED_EDGE('',*,*,#6810,.T.);
#7153 = ORIENTED_EDGE('',*,*,#7154,.T.);
#7154 = EDGE_CURVE('',#6802,#7144,#7155,.T.);
#7155 = B_SPLINE_CURVE_WITH_KNOTS('',1,(#7156,#7157),.UNSPECIFIED.,.F.,
  .F.,(2,2),(-0.,9.234144017191E-03),.PIECEWISE_BEZIER_KNOTS.);
#7156 = CARTESIAN_POINT('',(0.696082555354,3.934345199264,9.705085462068
    ));
#7157 = CARTESIAN_POINT('',(0.696082555354,3.934345199264,9.695851318051
    ));
#7158 = B_SPLINE_SURFACE_WITH_KNOTS('',3,1,(
    (#7159,#7160)
    ,(#7161,#7162)
    ,(#7163,#7164)
    ,(#7165,#7166
    )),.UNSPECIFIED.,.F.,.F.,.F.,(4,4),(2,2),(2.,3.),(0.,1.),
  .PIECEWISE_BEZIER_KNOTS.);
#7159 = CARTESIAN_POINT('',(0.687220579136,3.954690299595,9.705085462068
    ));
#7160 = CARTESIAN_POINT('',(0.687220579136,3.954690299595,9.695851318051
    ));
#7161 = CARTESIAN_POINT('',(0.687220579136,3.946327589645,9.705085462068
    ));
#7162 = CARTESIAN_POINT('',(0.687220579136,3.946327589645,9.695851318051
    ));
#7163 = CARTESIAN_POINT('',(0.690153768447,3.939587495056,9.705085462068
    ));
#7164 = CARTESIAN_POINT('',(0.690153768447,3.939587495056,9.695851318051
    ));
#7165 = CARTESIAN_POINT('',(0.696082555354,3.934345199264,9.705085462068
    ));
#7166 = CARTESIAN_POINT('',(0.696082555354,3.934345199264,9.695851318051
    ));
#7167 = ADVANCED_FACE('',(#7168),#7186,.T.);
#7168 = FACE_BOUND('',#7169,.T.);
#7169 = EDGE_LOOP('',(#7170,#7179,#7180,#7181));
#7170 = ORIENTED_EDGE('',*,*,#7171,.F.);
#7171 = EDGE_CURVE('',#7144,#7172,#7174,.T.);
#7172 = VERTEX_POINT('',#7173);
#7173 = CARTESIAN_POINT('',(0.71942325328,3.926481755578,9.695851318051)
  );
#7174 = B_SPLINE_CURVE_WITH_KNOTS('',3,(#7175,#7176,#7177,#7178),
  .UNSPECIFIED.,.F.,.F.,(4,4),(3.,4.),.PIECEWISE_BEZIER_KNOTS.);
#7175 = CARTESIAN_POINT('',(0.696082555354,3.934345199264,9.695851318051
    ));
#7176 = CARTESIAN_POINT('',(0.701948933977,3.929102903474,9.695851318051
    ));
#7177 = CARTESIAN_POINT('',(0.709749969379,3.926481755578,9.695851318051
    ));
#7178 = CARTESIAN_POINT('',(0.71942325328,3.926481755578,9.695851318051)
  );
#7179 = ORIENTED_EDGE('',*,*,#7154,.F.);
#7180 = ORIENTED_EDGE('',*,*,#6801,.T.);
#7181 = ORIENTED_EDGE('',*,*,#7182,.T.);
#7182 = EDGE_CURVE('',#6793,#7172,#7183,.T.);
#7183 = B_SPLINE_CURVE_WITH_KNOTS('',1,(#7184,#7185),.UNSPECIFIED.,.F.,
  .F.,(2,2),(-0.,9.234144017191E-03),.PIECEWISE_BEZIER_KNOTS.);
#7184 = CARTESIAN_POINT('',(0.71942325328,3.926481755578,9.705085462068)
  );
#7185 = CARTESIAN_POINT('',(0.71942325328,3.926481755578,9.695851318051)
  );
#7186 = B_SPLINE_SURFACE_WITH_KNOTS('',3,1,(
    (#7187,#7188)
    ,(#7189,#7190)
    ,(#7191,#7192)
    ,(#7193,#7194
    )),.UNSPECIFIED.,.F.,.F.,.F.,(4,4),(2,2),(3.,4.),(0.,1.),
  .PIECEWISE_BEZIER_KNOTS.);
#7187 = CARTESIAN_POINT('',(0.696082555354,3.934345199264,9.705085462068
    ));
#7188 = CARTESIAN_POINT('',(0.696082555354,3.934345199264,9.695851318051
    ));
#7189 = CARTESIAN_POINT('',(0.701948933977,3.929102903474,9.705085462068
    ));
#7190 = CARTESIAN_POINT('',(0.701948933977,3.929102903474,9.695851318051
    ));
#7191 = CARTESIAN_POINT('',(0.709749969379,3.926481755578,9.705085462068
    ));
#7192 = CARTESIAN_POINT('',(0.709749969379,3.926481755578,9.695851318051
    ));
#7193 = CARTESIAN_POINT('',(0.71942325328,3.926481755578,9.705085462068)
  );
#7194 = CARTESIAN_POINT('',(0.71942325328,3.926481755578,9.695851318051)
  );
#7195 = ADVANCED_FACE('',(#7196),#7214,.T.);
#7196 = FACE_BOUND('',#7197,.T.);
#7197 = EDGE_LOOP('',(#7198,#7207,#7208,#7209));
#7198 = ORIENTED_EDGE('',*,*,#7199,.F.);
#7199 = EDGE_CURVE('',#7172,#7200,#7202,.T.);
#7200 = VERTEX_POINT('',#7201);
#7201 = CARTESIAN_POINT('',(0.752624459955,3.940710844154,9.695851318051
    ));
#7202 = B_SPLINE_CURVE_WITH_KNOTS('',3,(#7203,#7204,#7205,#7206),
  .UNSPECIFIED.,.F.,.F.,(4,4),(4.,5.),.PIECEWISE_BEZIER_KNOTS.);
#7203 = CARTESIAN_POINT('',(0.71942325328,3.926481755578,9.695851318051)
  );
#7204 = CARTESIAN_POINT('',(0.732841034173,3.926481755578,9.695851318051
    ));
#7205 = CARTESIAN_POINT('',(0.743949708587,3.931224785103,9.695851318051
    ));
#7206 = CARTESIAN_POINT('',(0.752624459955,3.940710844154,9.695851318051
    ));
#7207 = ORIENTED_EDGE('',*,*,#7182,.F.);
#7208 = ORIENTED_EDGE('',*,*,#6792,.T.);
#7209 = ORIENTED_EDGE('',*,*,#7210,.T.);
#7210 = EDGE_CURVE('',#6784,#7200,#7211,.T.);
#7211 = B_SPLINE_CURVE_WITH_KNOTS('',1,(#7212,#7213),.UNSPECIFIED.,.F.,
  .F.,(2,2),(-0.,9.234144017191E-03),.PIECEWISE_BEZIER_KNOTS.);
#7212 = CARTESIAN_POINT('',(0.752624459955,3.940710844154,9.705085462068
    ));
#7213 = CARTESIAN_POINT('',(0.752624459955,3.940710844154,9.695851318051
    ));
#7214 = B_SPLINE_SURFACE_WITH_KNOTS('',3,1,(
    (#7215,#7216)
    ,(#7217,#7218)
    ,(#7219,#7220)
    ,(#7221,#7222
    )),.UNSPECIFIED.,.F.,.F.,.F.,(4,4),(2,2),(4.,5.),(0.,1.),
  .PIECEWISE_BEZIER_KNOTS.);
#7215 = CARTESIAN_POINT('',(0.71942325328,3.926481755578,9.705085462068)
  );
#7216 = CARTESIAN_POINT('',(0.71942325328,3.926481755578,9.695851318051)
  );
#7217 = CARTESIAN_POINT('',(0.732841034173,3.926481755578,9.705085462068
    ));
#7218 = CARTESIAN_POINT('',(0.732841034173,3.926481755578,9.695851318051
    ));
#7219 = CARTESIAN_POINT('',(0.743949708587,3.931224785103,9.705085462068
    ));
#7220 = CARTESIAN_POINT('',(0.743949708587,3.931224785103,9.695851318051
    ));
#7221 = CARTESIAN_POINT('',(0.752624459955,3.940710844154,9.705085462068
    ));
#7222 = CARTESIAN_POINT('',(0.752624459955,3.940710844154,9.695851318051
    ));
#7223 = ADVANCED_FACE('',(#7224),#7242,.T.);
#7224 = FACE_BOUND('',#7225,.T.);
#7225 = EDGE_LOOP('',(#7226,#7235,#7236,#7237));
#7226 = ORIENTED_EDGE('',*,*,#7227,.F.);
#7227 = EDGE_CURVE('',#7200,#7228,#7230,.T.);
#7228 = VERTEX_POINT('',#7229);
#7229 = CARTESIAN_POINT('',(0.765730199432,3.976283565592,9.695851318051
    ));
#7230 = B_SPLINE_CURVE_WITH_KNOTS('',3,(#7231,#7232,#7233,#7234),
  .UNSPECIFIED.,.F.,.F.,(4,4),(5.,6.),.PIECEWISE_BEZIER_KNOTS.);
#7231 = CARTESIAN_POINT('',(0.752624459955,3.940710844154,9.695851318051
    ));
#7232 = CARTESIAN_POINT('',(0.761361619607,3.950072086637,9.695851318051
    ));
#7233 = CARTESIAN_POINT('',(0.765730199432,3.96192966045,9.695851318051)
  );
#7234 = CARTESIAN_POINT('',(0.765730199432,3.976283565592,9.695851318051
    ));
#7235 = ORIENTED_EDGE('',*,*,#7210,.F.);
#7236 = ORIENTED_EDGE('',*,*,#6783,.T.);
#7237 = ORIENTED_EDGE('',*,*,#7238,.T.);
#7238 = EDGE_CURVE('',#6777,#7228,#7239,.T.);
#7239 = B_SPLINE_CURVE_WITH_KNOTS('',1,(#7240,#7241),.UNSPECIFIED.,.F.,
  .F.,(2,2),(-0.,9.234144017191E-03),.PIECEWISE_BEZIER_KNOTS.);
#7240 = CARTESIAN_POINT('',(0.765730199432,3.976283565592,9.705085462068
    ));
#7241 = CARTESIAN_POINT('',(0.765730199432,3.976283565592,9.695851318051
    ));
#7242 = B_SPLINE_SURFACE_WITH_KNOTS('',3,1,(
    (#7243,#7244)
    ,(#7245,#7246)
    ,(#7247,#7248)
    ,(#7249,#7250
    )),.UNSPECIFIED.,.F.,.F.,.F.,(4,4),(2,2),(5.,6.),(0.,1.),
  .PIECEWISE_BEZIER_KNOTS.);
#7243 = CARTESIAN_POINT('',(0.752624459955,3.940710844154,9.705085462068
    ));
#7244 = CARTESIAN_POINT('',(0.752624459955,3.940710844154,9.695851318051
    ));
#7245 = CARTESIAN_POINT('',(0.761361619607,3.950072086637,9.705085462068
    ));
#7246 = CARTESIAN_POINT('',(0.761361619607,3.950072086637,9.695851318051
    ));
#7247 = CARTESIAN_POINT('',(0.765730199432,3.96192966045,9.705085462068)
  );
#7248 = CARTESIAN_POINT('',(0.765730199432,3.96192966045,9.695851318051)
  );
#7249 = CARTESIAN_POINT('',(0.765730199432,3.976283565592,9.705085462068
    ));
#7250 = CARTESIAN_POINT('',(0.765730199432,3.976283565592,9.695851318051
    ));
#7251 = ADVANCED_FACE('',(#7252),#7268,.T.);
#7252 = FACE_BOUND('',#7253,.T.);
#7253 = EDGE_LOOP('',(#7254,#7261,#7262,#7263));
#7254 = ORIENTED_EDGE('',*,*,#7255,.F.);
#7255 = EDGE_CURVE('',#7228,#7256,#7258,.T.);
#7256 = VERTEX_POINT('',#7257);
#7257 = CARTESIAN_POINT('',(0.765730199432,3.993008985497,9.695851318051
    ));
#7258 = B_SPLINE_CURVE_WITH_KNOTS('',1,(#7259,#7260),.UNSPECIFIED.,.F.,
  .F.,(2,2),(0.,1.672541990516E-02),.PIECEWISE_BEZIER_KNOTS.);
#7259 = CARTESIAN_POINT('',(0.765730199432,3.976283565592,9.695851318051
    ));
#7260 = CARTESIAN_POINT('',(0.765730199432,3.993008985497,9.695851318051
    ));
#7261 = ORIENTED_EDGE('',*,*,#7238,.F.);
#7262 = ORIENTED_EDGE('',*,*,#6776,.T.);
#7263 = ORIENTED_EDGE('',*,*,#7264,.T.);
#7264 = EDGE_CURVE('',#6770,#7256,#7265,.T.);
#7265 = B_SPLINE_CURVE_WITH_KNOTS('',1,(#7266,#7267),.UNSPECIFIED.,.F.,
  .F.,(2,2),(-0.,9.234144017191E-03),.PIECEWISE_BEZIER_KNOTS.);
#7266 = CARTESIAN_POINT('',(0.765730199432,3.993008985497,9.705085462068
    ));
#7267 = CARTESIAN_POINT('',(0.765730199432,3.993008985497,9.695851318051
    ));
#7268 = B_SPLINE_SURFACE_WITH_KNOTS('',1,1,(
    (#7269,#7270)
    ,(#7271,#7272
    )),.UNSPECIFIED.,.F.,.F.,.F.,(2,2),(2,2),(-9.234144017191E-03,0.),(
    0.,1.672541990516E-02),.PIECEWISE_BEZIER_KNOTS.);
#7269 = CARTESIAN_POINT('',(0.765730199432,3.976283565592,9.695851318051
    ));
#7270 = CARTESIAN_POINT('',(0.765730199432,3.993008985497,9.695851318051
    ));
#7271 = CARTESIAN_POINT('',(0.765730199432,3.976283565592,9.705085462068
    ));
#7272 = CARTESIAN_POINT('',(0.765730199432,3.993008985497,9.705085462068
    ));
#7273 = ADVANCED_FACE('',(#7274),#7284,.T.);
#7274 = FACE_BOUND('',#7275,.T.);
#7275 = EDGE_LOOP('',(#7276,#7281,#7282,#7283));
#7276 = ORIENTED_EDGE('',*,*,#7277,.F.);
#7277 = EDGE_CURVE('',#7256,#7082,#7278,.T.);
#7278 = B_SPLINE_CURVE_WITH_KNOTS('',1,(#7279,#7280),.UNSPECIFIED.,.F.,
  .F.,(2,2),(0.,4.118284733628E-02),.PIECEWISE_BEZIER_KNOTS.);
#7279 = CARTESIAN_POINT('',(0.765730199432,3.993008985497,9.695851318051
    ));
#7280 = CARTESIAN_POINT('',(0.724915182203,3.987517056573,9.695851318051
    ));
#7281 = ORIENTED_EDGE('',*,*,#7264,.F.);
#7282 = ORIENTED_EDGE('',*,*,#6769,.T.);
#7283 = ORIENTED_EDGE('',*,*,#7092,.T.);
#7284 = B_SPLINE_SURFACE_WITH_KNOTS('',1,1,(
    (#7285,#7286)
    ,(#7287,#7288
    )),.UNSPECIFIED.,.F.,.F.,.F.,(2,2),(2,2),(-4.118284733628E-02,0.),(
    -9.234144017191E-03,0.),.PIECEWISE_BEZIER_KNOTS.);
#7285 = CARTESIAN_POINT('',(0.724915182203,3.987517056573,9.695851318051
    ));
#7286 = CARTESIAN_POINT('',(0.724915182203,3.987517056573,9.705085462068
    ));
#7287 = CARTESIAN_POINT('',(0.765730199432,3.993008985497,9.695851318051
    ));
#7288 = CARTESIAN_POINT('',(0.765730199432,3.993008985497,9.705085462068
    ));
#7289 = ADVANCED_FACE('',(#7290),#7300,.T.);
#7290 = FACE_BOUND('',#7291,.T.);
#7291 = EDGE_LOOP('',(#7292,#7293,#7294,#7295,#7296,#7297,#7298,#7299));
#7292 = ORIENTED_EDGE('',*,*,#7081,.T.);
#7293 = ORIENTED_EDGE('',*,*,#7115,.T.);
#7294 = ORIENTED_EDGE('',*,*,#7143,.T.);
#7295 = ORIENTED_EDGE('',*,*,#7171,.T.);
#7296 = ORIENTED_EDGE('',*,*,#7199,.T.);
#7297 = ORIENTED_EDGE('',*,*,#7227,.T.);
#7298 = ORIENTED_EDGE('',*,*,#7255,.T.);
#7299 = ORIENTED_EDGE('',*,*,#7277,.T.);
#7300 = B_SPLINE_SURFACE_WITH_KNOTS('',1,1,(
    (#7301,#7302)
    ,(#7303,#7304
    )),.UNSPECIFIED.,.F.,.F.,.F.,(2,2),(2,2),(0.687220579136,
    0.765730199432),(3.926481755578,3.993008985497),
  .PIECEWISE_BEZIER_KNOTS.);
#7301 = CARTESIAN_POINT('',(0.687220579136,3.926481755578,9.695851318051
    ));
#7302 = CARTESIAN_POINT('',(0.687220579136,3.993008985497,9.695851318051
    ));
#7303 = CARTESIAN_POINT('',(0.765730199432,3.926481755578,9.695851318051
    ));
#7304 = CARTESIAN_POINT('',(0.765730199432,3.993008985497,9.695851318051
    ));
#7305 = ADVANCED_FACE('',(#7306),#7330,.F.);
#7306 = FACE_BOUND('',#7307,.F.);
#7307 = EDGE_LOOP('',(#7308,#7315,#7324,#7329));
#7308 = ORIENTED_EDGE('',*,*,#7309,.F.);
#7309 = EDGE_CURVE('',#7310,#768,#7312,.T.);
#7310 = VERTEX_POINT('',#7311);
#7311 = CARTESIAN_POINT('',(0.888050434553,3.926356939012,9.705085462068
    ));
#7312 = B_SPLINE_CURVE_WITH_KNOTS('',1,(#7313,#7314),.UNSPECIFIED.,.F.,
  .F.,(2,2),(-0.,9.234144017191E-03),.PIECEWISE_BEZIER_KNOTS.);
#7313 = CARTESIAN_POINT('',(0.888050434553,3.926356939012,9.705085462068
    ));
#7314 = CARTESIAN_POINT('',(0.888050434553,3.926356939012,9.695851318051
    ));
#7315 = ORIENTED_EDGE('',*,*,#7316,.T.);
#7316 = EDGE_CURVE('',#7310,#7317,#7319,.T.);
#7317 = VERTEX_POINT('',#7318);
#7318 = CARTESIAN_POINT('',(0.837749358274,3.943207175482,9.705085462068
    ));
#7319 = B_SPLINE_CURVE_WITH_KNOTS('',3,(#7320,#7321,#7322,#7323),
  .UNSPECIFIED.,.F.,.F.,(4,4),(0.,1.),.PIECEWISE_BEZIER_KNOTS.);
#7320 = CARTESIAN_POINT('',(0.888050434553,3.926356939012,9.705085462068
    ));
#7321 = CARTESIAN_POINT('',(0.870076848984,3.926356939012,9.705085462068
    ));
#7322 = CARTESIAN_POINT('',(0.85335142908,3.931973684503,9.705085462068)
  );
#7323 = CARTESIAN_POINT('',(0.837749358274,3.943207175482,9.705085462068
    ));
#7324 = ORIENTED_EDGE('',*,*,#7325,.T.);
#7325 = EDGE_CURVE('',#7317,#759,#7326,.T.);
#7326 = B_SPLINE_CURVE_WITH_KNOTS('',1,(#7327,#7328),.UNSPECIFIED.,.F.,
  .F.,(2,2),(-0.,9.234144017191E-03),.PIECEWISE_BEZIER_KNOTS.);
#7327 = CARTESIAN_POINT('',(0.837749358274,3.943207175482,9.705085462068
    ));
#7328 = CARTESIAN_POINT('',(0.837749358274,3.943207175482,9.695851318051
    ));
#7329 = ORIENTED_EDGE('',*,*,#767,.F.);
#7330 = B_SPLINE_SURFACE_WITH_KNOTS('',3,1,(
    (#7331,#7332)
    ,(#7333,#7334)
    ,(#7335,#7336)
    ,(#7337,#7338
    )),.UNSPECIFIED.,.F.,.F.,.F.,(4,4),(2,2),(0.,1.),(0.,1.),
  .PIECEWISE_BEZIER_KNOTS.);
#7331 = CARTESIAN_POINT('',(0.888050434553,3.926356939012,9.705085462068
    ));
#7332 = CARTESIAN_POINT('',(0.888050434553,3.926356939012,9.695851318051
    ));
#7333 = CARTESIAN_POINT('',(0.870076848984,3.926356939012,9.705085462068
    ));
#7334 = CARTESIAN_POINT('',(0.870076848984,3.926356939012,9.695851318051
    ));
#7335 = CARTESIAN_POINT('',(0.85335142908,3.931973684503,9.705085462068)
  );
#7336 = CARTESIAN_POINT('',(0.85335142908,3.931973684503,9.695851318051)
  );
#7337 = CARTESIAN_POINT('',(0.837749358274,3.943207175482,9.705085462068
    ));
#7338 = CARTESIAN_POINT('',(0.837749358274,3.943207175482,9.695851318051
    ));
#7339 = ADVANCED_FACE('',(#7340),#7356,.F.);
#7340 = FACE_BOUND('',#7341,.T.);
#7341 = EDGE_LOOP('',(#7342,#7343,#7350,#7355));
#7342 = ORIENTED_EDGE('',*,*,#758,.T.);
#7343 = ORIENTED_EDGE('',*,*,#7344,.F.);
#7344 = EDGE_CURVE('',#7345,#761,#7347,.T.);
#7345 = VERTEX_POINT('',#7346);
#7346 = CARTESIAN_POINT('',(0.837749358274,3.911628584171,9.705085462068
    ));
#7347 = B_SPLINE_CURVE_WITH_KNOTS('',1,(#7348,#7349),.UNSPECIFIED.,.F.,
  .F.,(2,2),(-0.,9.234144017191E-03),.PIECEWISE_BEZIER_KNOTS.);
#7348 = CARTESIAN_POINT('',(0.837749358274,3.911628584171,9.705085462068
    ));
#7349 = CARTESIAN_POINT('',(0.837749358274,3.911628584171,9.695851318051
    ));
#7350 = ORIENTED_EDGE('',*,*,#7351,.F.);
#7351 = EDGE_CURVE('',#7317,#7345,#7352,.T.);
#7352 = B_SPLINE_CURVE_WITH_KNOTS('',1,(#7353,#7354),.UNSPECIFIED.,.F.,
  .F.,(2,2),(-3.157859131073E-02,-0.),.PIECEWISE_BEZIER_KNOTS.);
#7353 = CARTESIAN_POINT('',(0.837749358274,3.943207175482,9.705085462068
    ));
#7354 = CARTESIAN_POINT('',(0.837749358274,3.911628584171,9.705085462068
    ));
#7355 = ORIENTED_EDGE('',*,*,#7325,.T.);
#7356 = B_SPLINE_SURFACE_WITH_KNOTS('',1,1,(
    (#7357,#7358)
    ,(#7359,#7360
    )),.UNSPECIFIED.,.F.,.F.,.F.,(2,2),(2,2),(0.,9.234144017191E-03),(0.
    ,3.157859131073E-02),.PIECEWISE_BEZIER_KNOTS.);
#7357 = CARTESIAN_POINT('',(0.837749358274,3.911628584171,9.705085462068
    ));
#7358 = CARTESIAN_POINT('',(0.837749358274,3.943207175482,9.705085462068
    ));
#7359 = CARTESIAN_POINT('',(0.837749358274,3.911628584171,9.695851318051
    ));
#7360 = CARTESIAN_POINT('',(0.837749358274,3.943207175482,9.695851318051
    ));
#7361 = ADVANCED_FACE('',(#7362),#7380,.F.);
#7362 = FACE_BOUND('',#7363,.F.);
#7363 = EDGE_LOOP('',(#7364,#7365,#7374,#7379));
#7364 = ORIENTED_EDGE('',*,*,#7344,.F.);
#7365 = ORIENTED_EDGE('',*,*,#7366,.T.);
#7366 = EDGE_CURVE('',#7345,#7367,#7369,.T.);
#7367 = VERTEX_POINT('',#7368);
#7368 = CARTESIAN_POINT('',(0.885054836959,3.901393625722,9.705085462068
    ));
#7369 = B_SPLINE_CURVE_WITH_KNOTS('',3,(#7370,#7371,#7372,#7373),
  .UNSPECIFIED.,.F.,.F.,(4,4),(19.,20.),.PIECEWISE_BEZIER_KNOTS.);
#7370 = CARTESIAN_POINT('',(0.837749358274,3.911628584171,9.705085462068
    ));
#7371 = CARTESIAN_POINT('',(0.85122954745,3.904888489582,9.705085462068)
  );
#7372 = CARTESIAN_POINT('',(0.866956434823,3.901393625722,9.705085462068
    ));
#7373 = CARTESIAN_POINT('',(0.885054836959,3.901393625722,9.705085462068
    ));
#7374 = ORIENTED_EDGE('',*,*,#7375,.T.);
#7375 = EDGE_CURVE('',#7367,#928,#7376,.T.);
#7376 = B_SPLINE_CURVE_WITH_KNOTS('',1,(#7377,#7378),.UNSPECIFIED.,.F.,
  .F.,(2,2),(-0.,9.234144017191E-03),.PIECEWISE_BEZIER_KNOTS.);
#7377 = CARTESIAN_POINT('',(0.885054836959,3.901393625722,9.705085462068
    ));
#7378 = CARTESIAN_POINT('',(0.885054836959,3.901393625722,9.695851318051
    ));
#7379 = ORIENTED_EDGE('',*,*,#936,.F.);
#7380 = B_SPLINE_SURFACE_WITH_KNOTS('',3,1,(
    (#7381,#7382)
    ,(#7383,#7384)
    ,(#7385,#7386)
    ,(#7387,#7388
    )),.UNSPECIFIED.,.F.,.F.,.F.,(4,4),(2,2),(19.,20.),(0.,1.),
  .PIECEWISE_BEZIER_KNOTS.);
#7381 = CARTESIAN_POINT('',(0.837749358274,3.911628584171,9.705085462068
    ));
#7382 = CARTESIAN_POINT('',(0.837749358274,3.911628584171,9.695851318051
    ));
#7383 = CARTESIAN_POINT('',(0.85122954745,3.904888489582,9.705085462068)
  );
#7384 = CARTESIAN_POINT('',(0.85122954745,3.904888489582,9.695851318051)
  );
#7385 = CARTESIAN_POINT('',(0.866956434823,3.901393625722,9.705085462068
    ));
#7386 = CARTESIAN_POINT('',(0.866956434823,3.901393625722,9.695851318051
    ));
#7387 = CARTESIAN_POINT('',(0.885054836959,3.901393625722,9.705085462068
    ));
#7388 = CARTESIAN_POINT('',(0.885054836959,3.901393625722,9.695851318051
    ));
#7389 = ADVANCED_FACE('',(#7390),#7408,.F.);
#7390 = FACE_BOUND('',#7391,.F.);
#7391 = EDGE_LOOP('',(#7392,#7393,#7402,#7407));
#7392 = ORIENTED_EDGE('',*,*,#7375,.F.);
#7393 = ORIENTED_EDGE('',*,*,#7394,.T.);
#7394 = EDGE_CURVE('',#7367,#7395,#7397,.T.);
#7395 = VERTEX_POINT('',#7396);
#7396 = CARTESIAN_POINT('',(0.935855179503,3.915248264597,9.705085462068
    ));
#7397 = B_SPLINE_CURVE_WITH_KNOTS('',3,(#7398,#7399,#7400,#7401),
  .UNSPECIFIED.,.F.,.F.,(4,4),(18.,19.),.PIECEWISE_BEZIER_KNOTS.);
#7398 = CARTESIAN_POINT('',(0.885054836959,3.901393625722,9.705085462068
    ));
#7399 = CARTESIAN_POINT('',(0.905836795272,3.901393625722,9.705085462068
    ));
#7400 = CARTESIAN_POINT('',(0.922811848309,3.906011838681,9.705085462068
    ));
#7401 = CARTESIAN_POINT('',(0.935855179503,3.915248264597,9.705085462068
    ));
#7402 = ORIENTED_EDGE('',*,*,#7403,.T.);
#7403 = EDGE_CURVE('',#7395,#919,#7404,.T.);
#7404 = B_SPLINE_CURVE_WITH_KNOTS('',1,(#7405,#7406),.UNSPECIFIED.,.F.,
  .F.,(2,2),(-0.,9.234144017191E-03),.PIECEWISE_BEZIER_KNOTS.);
#7405 = CARTESIAN_POINT('',(0.935855179503,3.915248264597,9.705085462068
    ));
#7406 = CARTESIAN_POINT('',(0.935855179503,3.915248264597,9.695851318051
    ));
#7407 = ORIENTED_EDGE('',*,*,#927,.F.);
#7408 = B_SPLINE_SURFACE_WITH_KNOTS('',3,1,(
    (#7409,#7410)
    ,(#7411,#7412)
    ,(#7413,#7414)
    ,(#7415,#7416
    )),.UNSPECIFIED.,.F.,.F.,.F.,(4,4),(2,2),(18.,19.),(0.,1.),
  .PIECEWISE_BEZIER_KNOTS.);
#7409 = CARTESIAN_POINT('',(0.885054836959,3.901393625722,9.705085462068
    ));
#7410 = CARTESIAN_POINT('',(0.885054836959,3.901393625722,9.695851318051
    ));
#7411 = CARTESIAN_POINT('',(0.905836795272,3.901393625722,9.705085462068
    ));
#7412 = CARTESIAN_POINT('',(0.905836795272,3.901393625722,9.695851318051
    ));
#7413 = CARTESIAN_POINT('',(0.922811848309,3.906011838681,9.705085462068
    ));
#7414 = CARTESIAN_POINT('',(0.922811848309,3.906011838681,9.695851318051
    ));
#7415 = CARTESIAN_POINT('',(0.935855179503,3.915248264597,9.705085462068
    ));
#7416 = CARTESIAN_POINT('',(0.935855179503,3.915248264597,9.695851318051
    ));
#7417 = ADVANCED_FACE('',(#7418),#7436,.F.);
#7418 = FACE_BOUND('',#7419,.F.);
#7419 = EDGE_LOOP('',(#7420,#7421,#7430,#7435));
#7420 = ORIENTED_EDGE('',*,*,#7403,.F.);
#7421 = ORIENTED_EDGE('',*,*,#7422,.T.);
#7422 = EDGE_CURVE('',#7395,#7423,#7425,.T.);
#7423 = VERTEX_POINT('',#7424);
#7424 = CARTESIAN_POINT('',(0.955513788719,3.952942867665,9.705085462068
    ));
#7425 = B_SPLINE_CURVE_WITH_KNOTS('',3,(#7426,#7427,#7428,#7429),
  .UNSPECIFIED.,.F.,.F.,(4,4),(17.,18.),.PIECEWISE_BEZIER_KNOTS.);
#7426 = CARTESIAN_POINT('',(0.935855179503,3.915248264597,9.705085462068
    ));
#7427 = CARTESIAN_POINT('',(0.948960918981,3.924359873949,9.705085462068
    ));
#7428 = CARTESIAN_POINT('',(0.955513788719,3.93696634716,9.705085462068)
  );
#7429 = CARTESIAN_POINT('',(0.955513788719,3.952942867665,9.705085462068
    ));
#7430 = ORIENTED_EDGE('',*,*,#7431,.T.);
#7431 = EDGE_CURVE('',#7423,#910,#7432,.T.);
#7432 = B_SPLINE_CURVE_WITH_KNOTS('',1,(#7433,#7434),.UNSPECIFIED.,.F.,
  .F.,(2,2),(-0.,9.234144017191E-03),.PIECEWISE_BEZIER_KNOTS.);
#7433 = CARTESIAN_POINT('',(0.955513788719,3.952942867665,9.705085462068
    ));
#7434 = CARTESIAN_POINT('',(0.955513788719,3.952942867665,9.695851318051
    ));
#7435 = ORIENTED_EDGE('',*,*,#918,.F.);
#7436 = B_SPLINE_SURFACE_WITH_KNOTS('',3,1,(
    (#7437,#7438)
    ,(#7439,#7440)
    ,(#7441,#7442)
    ,(#7443,#7444
    )),.UNSPECIFIED.,.F.,.F.,.F.,(4,4),(2,2),(17.,18.),(0.,1.),
  .PIECEWISE_BEZIER_KNOTS.);
#7437 = CARTESIAN_POINT('',(0.935855179503,3.915248264597,9.705085462068
    ));
#7438 = CARTESIAN_POINT('',(0.935855179503,3.915248264597,9.695851318051
    ));
#7439 = CARTESIAN_POINT('',(0.948960918981,3.924359873949,9.705085462068
    ));
#7440 = CARTESIAN_POINT('',(0.948960918981,3.924359873949,9.695851318051
    ));
#7441 = CARTESIAN_POINT('',(0.955513788719,3.93696634716,9.705085462068)
  );
#7442 = CARTESIAN_POINT('',(0.955513788719,3.93696634716,9.695851318051)
  );
#7443 = CARTESIAN_POINT('',(0.955513788719,3.952942867665,9.705085462068
    ));
#7444 = CARTESIAN_POINT('',(0.955513788719,3.952942867665,9.695851318051
    ));
#7445 = ADVANCED_FACE('',(#7446),#7464,.F.);
#7446 = FACE_BOUND('',#7447,.F.);
#7447 = EDGE_LOOP('',(#7448,#7449,#7458,#7463));
#7448 = ORIENTED_EDGE('',*,*,#7431,.F.);
#7449 = ORIENTED_EDGE('',*,*,#7450,.T.);
#7450 = EDGE_CURVE('',#7423,#7451,#7453,.T.);
#7451 = VERTEX_POINT('',#7452);
#7452 = CARTESIAN_POINT('',(0.94527883027,3.981775494516,9.705085462068)
  );
#7453 = B_SPLINE_CURVE_WITH_KNOTS('',3,(#7454,#7455,#7456,#7457),
  .UNSPECIFIED.,.F.,.F.,(4,4),(16.,17.),.PIECEWISE_BEZIER_KNOTS.);
#7454 = CARTESIAN_POINT('',(0.955513788719,3.952942867665,9.705085462068
    ));
#7455 = CARTESIAN_POINT('',(0.955513788719,3.964425991779,9.705085462068
    ));
#7456 = CARTESIAN_POINT('',(0.952081333142,3.974036867396,9.705085462068
    ));
#7457 = CARTESIAN_POINT('',(0.94527883027,3.981775494516,9.705085462068)
  );
#7458 = ORIENTED_EDGE('',*,*,#7459,.T.);
#7459 = EDGE_CURVE('',#7451,#901,#7460,.T.);
#7460 = B_SPLINE_CURVE_WITH_KNOTS('',1,(#7461,#7462),.UNSPECIFIED.,.F.,
  .F.,(2,2),(-0.,9.234144017191E-03),.PIECEWISE_BEZIER_KNOTS.);
#7461 = CARTESIAN_POINT('',(0.94527883027,3.981775494516,9.705085462068)
  );
#7462 = CARTESIAN_POINT('',(0.94527883027,3.981775494516,9.695851318051)
  );
#7463 = ORIENTED_EDGE('',*,*,#909,.F.);
#7464 = B_SPLINE_SURFACE_WITH_KNOTS('',3,1,(
    (#7465,#7466)
    ,(#7467,#7468)
    ,(#7469,#7470)
    ,(#7471,#7472
    )),.UNSPECIFIED.,.F.,.F.,.F.,(4,4),(2,2),(16.,17.),(0.,1.),
  .PIECEWISE_BEZIER_KNOTS.);
#7465 = CARTESIAN_POINT('',(0.955513788719,3.952942867665,9.705085462068
    ));
#7466 = CARTESIAN_POINT('',(0.955513788719,3.952942867665,9.695851318051
    ));
#7467 = CARTESIAN_POINT('',(0.955513788719,3.964425991779,9.705085462068
    ));
#7468 = CARTESIAN_POINT('',(0.955513788719,3.964425991779,9.695851318051
    ));
#7469 = CARTESIAN_POINT('',(0.952081333142,3.974036867396,9.705085462068
    ));
#7470 = CARTESIAN_POINT('',(0.952081333142,3.974036867396,9.695851318051
    ));
#7471 = CARTESIAN_POINT('',(0.94527883027,3.981775494516,9.705085462068)
  );
#7472 = CARTESIAN_POINT('',(0.94527883027,3.981775494516,9.695851318051)
  );
#7473 = ADVANCED_FACE('',(#7474),#7492,.F.);
#7474 = FACE_BOUND('',#7475,.F.);
#7475 = EDGE_LOOP('',(#7476,#7477,#7486,#7491));
#7476 = ORIENTED_EDGE('',*,*,#7459,.F.);
#7477 = ORIENTED_EDGE('',*,*,#7478,.T.);
#7478 = EDGE_CURVE('',#7451,#7479,#7481,.T.);
#7479 = VERTEX_POINT('',#7480);
#7480 = CARTESIAN_POINT('',(0.905836795272,4.004367293042,9.705085462068
    ));
#7481 = B_SPLINE_CURVE_WITH_KNOTS('',3,(#7482,#7483,#7484,#7485),
  .UNSPECIFIED.,.F.,.F.,(4,4),(15.,16.),.PIECEWISE_BEZIER_KNOTS.);
#7482 = CARTESIAN_POINT('',(0.94527883027,3.981775494516,9.705085462068)
  );
#7483 = CARTESIAN_POINT('',(0.938413919116,3.989514121635,9.705085462068
    ));
#7484 = CARTESIAN_POINT('',(0.925308179639,3.997127932188,9.705085462068
    ));
#7485 = CARTESIAN_POINT('',(0.905836795272,4.004367293042,9.705085462068
    ));
#7486 = ORIENTED_EDGE('',*,*,#7487,.T.);
#7487 = EDGE_CURVE('',#7479,#892,#7488,.T.);
#7488 = B_SPLINE_CURVE_WITH_KNOTS('',1,(#7489,#7490),.UNSPECIFIED.,.F.,
  .F.,(2,2),(-0.,9.234144017191E-03),.PIECEWISE_BEZIER_KNOTS.);
#7489 = CARTESIAN_POINT('',(0.905836795272,4.004367293042,9.705085462068
    ));
#7490 = CARTESIAN_POINT('',(0.905836795272,4.004367293042,9.695851318051
    ));
#7491 = ORIENTED_EDGE('',*,*,#900,.F.);
#7492 = B_SPLINE_SURFACE_WITH_KNOTS('',3,1,(
    (#7493,#7494)
    ,(#7495,#7496)
    ,(#7497,#7498)
    ,(#7499,#7500
    )),.UNSPECIFIED.,.F.,.F.,.F.,(4,4),(2,2),(15.,16.),(0.,1.),
  .PIECEWISE_BEZIER_KNOTS.);
#7493 = CARTESIAN_POINT('',(0.94527883027,3.981775494516,9.705085462068)
  );
#7494 = CARTESIAN_POINT('',(0.94527883027,3.981775494516,9.695851318051)
  );
#7495 = CARTESIAN_POINT('',(0.938413919116,3.989514121635,9.705085462068
    ));
#7496 = CARTESIAN_POINT('',(0.938413919116,3.989514121635,9.695851318051
    ));
#7497 = CARTESIAN_POINT('',(0.925308179639,3.997127932188,9.705085462068
    ));
#7498 = CARTESIAN_POINT('',(0.925308179639,3.997127932188,9.695851318051
    ));
#7499 = CARTESIAN_POINT('',(0.905836795272,4.004367293042,9.705085462068
    ));
#7500 = CARTESIAN_POINT('',(0.905836795272,4.004367293042,9.695851318051
    ));
#7501 = ADVANCED_FACE('',(#7502),#7520,.F.);
#7502 = FACE_BOUND('',#7503,.F.);
#7503 = EDGE_LOOP('',(#7504,#7505,#7514,#7519));
#7504 = ORIENTED_EDGE('',*,*,#7487,.F.);
#7505 = ORIENTED_EDGE('',*,*,#7506,.T.);
#7506 = EDGE_CURVE('',#7479,#7507,#7509,.T.);
#7507 = VERTEX_POINT('',#7508);
#7508 = CARTESIAN_POINT('',(0.876130452457,4.019345281018,9.705085462068
    ));
#7509 = B_SPLINE_CURVE_WITH_KNOTS('',3,(#7510,#7511,#7512,#7513),
  .UNSPECIFIED.,.F.,.F.,(4,4),(14.,15.),.PIECEWISE_BEZIER_KNOTS.);
#7510 = CARTESIAN_POINT('',(0.905836795272,4.004367293042,9.705085462068
    ));
#7511 = CARTESIAN_POINT('',(0.890484357599,4.010358488232,9.705085462068
    ));
#7512 = CARTESIAN_POINT('',(0.88062384885,4.015351150891,9.705085462068)
  );
#7513 = CARTESIAN_POINT('',(0.876130452457,4.019345281018,9.705085462068
    ));
#7514 = ORIENTED_EDGE('',*,*,#7515,.T.);
#7515 = EDGE_CURVE('',#7507,#883,#7516,.T.);
#7516 = B_SPLINE_CURVE_WITH_KNOTS('',1,(#7517,#7518),.UNSPECIFIED.,.F.,
  .F.,(2,2),(-0.,9.234144017191E-03),.PIECEWISE_BEZIER_KNOTS.);
#7517 = CARTESIAN_POINT('',(0.876130452457,4.019345281018,9.705085462068
    ));
#7518 = CARTESIAN_POINT('',(0.876130452457,4.019345281018,9.695851318051
    ));
#7519 = ORIENTED_EDGE('',*,*,#891,.F.);
#7520 = B_SPLINE_SURFACE_WITH_KNOTS('',3,1,(
    (#7521,#7522)
    ,(#7523,#7524)
    ,(#7525,#7526)
    ,(#7527,#7528
    )),.UNSPECIFIED.,.F.,.F.,.F.,(4,4),(2,2),(14.,15.),(0.,1.),
  .PIECEWISE_BEZIER_KNOTS.);
#7521 = CARTESIAN_POINT('',(0.905836795272,4.004367293042,9.705085462068
    ));
#7522 = CARTESIAN_POINT('',(0.905836795272,4.004367293042,9.695851318051
    ));
#7523 = CARTESIAN_POINT('',(0.890484357599,4.010358488232,9.705085462068
    ));
#7524 = CARTESIAN_POINT('',(0.890484357599,4.010358488232,9.695851318051
    ));
#7525 = CARTESIAN_POINT('',(0.88062384885,4.015351150891,9.705085462068)
  );
#7526 = CARTESIAN_POINT('',(0.88062384885,4.015351150891,9.695851318051)
  );
#7527 = CARTESIAN_POINT('',(0.876130452457,4.019345281018,9.705085462068
    ));
#7528 = CARTESIAN_POINT('',(0.876130452457,4.019345281018,9.695851318051
    ));
#7529 = ADVANCED_FACE('',(#7530),#7548,.F.);
#7530 = FACE_BOUND('',#7531,.F.);
#7531 = EDGE_LOOP('',(#7532,#7533,#7542,#7547));
#7532 = ORIENTED_EDGE('',*,*,#7515,.F.);
#7533 = ORIENTED_EDGE('',*,*,#7534,.T.);
#7534 = EDGE_CURVE('',#7507,#7535,#7537,.T.);
#7535 = VERTEX_POINT('',#7536);
#7536 = CARTESIAN_POINT('',(0.869452766152,4.035571434656,9.705085462068
    ));
#7537 = B_SPLINE_CURVE_WITH_KNOTS('',3,(#7538,#7539,#7540,#7541),
  .UNSPECIFIED.,.F.,.F.,(4,4),(13.,14.),.PIECEWISE_BEZIER_KNOTS.);
#7538 = CARTESIAN_POINT('',(0.876130452457,4.019345281018,9.705085462068
    ));
#7539 = CARTESIAN_POINT('',(0.871699464348,4.023214594576,9.705085462068
    ));
#7540 = CARTESIAN_POINT('',(0.869452766152,4.028581706934,9.705085462068
    ));
#7541 = CARTESIAN_POINT('',(0.869452766152,4.035571434656,9.705085462068
    ));
#7542 = ORIENTED_EDGE('',*,*,#7543,.T.);
#7543 = EDGE_CURVE('',#7535,#874,#7544,.T.);
#7544 = B_SPLINE_CURVE_WITH_KNOTS('',1,(#7545,#7546),.UNSPECIFIED.,.F.,
  .F.,(2,2),(-0.,9.234144017191E-03),.PIECEWISE_BEZIER_KNOTS.);
#7545 = CARTESIAN_POINT('',(0.869452766152,4.035571434656,9.705085462068
    ));
#7546 = CARTESIAN_POINT('',(0.869452766152,4.035571434656,9.695851318051
    ));
#7547 = ORIENTED_EDGE('',*,*,#882,.F.);
#7548 = B_SPLINE_SURFACE_WITH_KNOTS('',3,1,(
    (#7549,#7550)
    ,(#7551,#7552)
    ,(#7553,#7554)
    ,(#7555,#7556
    )),.UNSPECIFIED.,.F.,.F.,.F.,(4,4),(2,2),(13.,14.),(0.,1.),
  .PIECEWISE_BEZIER_KNOTS.);
#7549 = CARTESIAN_POINT('',(0.876130452457,4.019345281018,9.705085462068
    ));
#7550 = CARTESIAN_POINT('',(0.876130452457,4.019345281018,9.695851318051
    ));
#7551 = CARTESIAN_POINT('',(0.871699464348,4.023214594576,9.705085462068
    ));
#7552 = CARTESIAN_POINT('',(0.871699464348,4.023214594576,9.695851318051
    ));
#7553 = CARTESIAN_POINT('',(0.869452766152,4.028581706934,9.705085462068
    ));
#7554 = CARTESIAN_POINT('',(0.869452766152,4.028581706934,9.695851318051
    ));
#7555 = CARTESIAN_POINT('',(0.869452766152,4.035571434656,9.705085462068
    ));
#7556 = CARTESIAN_POINT('',(0.869452766152,4.035571434656,9.695851318051
    ));
#7557 = ADVANCED_FACE('',(#7558),#7576,.F.);
#7558 = FACE_BOUND('',#7559,.F.);
#7559 = EDGE_LOOP('',(#7560,#7561,#7570,#7575));
#7560 = ORIENTED_EDGE('',*,*,#7543,.F.);
#7561 = ORIENTED_EDGE('',*,*,#7562,.T.);
#7562 = EDGE_CURVE('',#7535,#7563,#7565,.T.);
#7563 = VERTEX_POINT('',#7564);
#7564 = CARTESIAN_POINT('',(0.878751600353,4.052546487692,9.705085462068
    ));
#7565 = B_SPLINE_CURVE_WITH_KNOTS('',3,(#7566,#7567,#7568,#7569),
  .UNSPECIFIED.,.F.,.F.,(4,4),(12.,13.),.PIECEWISE_BEZIER_KNOTS.);
#7566 = CARTESIAN_POINT('',(0.869452766152,4.035571434656,9.705085462068
    ));
#7567 = CARTESIAN_POINT('',(0.869452766152,4.042561162376,9.705085462068
    ));
#7568 = CARTESIAN_POINT('',(0.872573180314,4.048302724433,9.705085462068
    ));
#7569 = CARTESIAN_POINT('',(0.878751600353,4.052546487692,9.705085462068
    ));
#7570 = ORIENTED_EDGE('',*,*,#7571,.T.);
#7571 = EDGE_CURVE('',#7563,#865,#7572,.T.);
#7572 = B_SPLINE_CURVE_WITH_KNOTS('',1,(#7573,#7574),.UNSPECIFIED.,.F.,
  .F.,(2,2),(-0.,9.234144017191E-03),.PIECEWISE_BEZIER_KNOTS.);
#7573 = CARTESIAN_POINT('',(0.878751600353,4.052546487692,9.705085462068
    ));
#7574 = CARTESIAN_POINT('',(0.878751600353,4.052546487692,9.695851318051
    ));
#7575 = ORIENTED_EDGE('',*,*,#873,.F.);
#7576 = B_SPLINE_SURFACE_WITH_KNOTS('',3,1,(
    (#7577,#7578)
    ,(#7579,#7580)
    ,(#7581,#7582)
    ,(#7583,#7584
    )),.UNSPECIFIED.,.F.,.F.,.F.,(4,4),(2,2),(12.,13.),(0.,1.),
  .PIECEWISE_BEZIER_KNOTS.);
#7577 = CARTESIAN_POINT('',(0.869452766152,4.035571434656,9.705085462068
    ));
#7578 = CARTESIAN_POINT('',(0.869452766152,4.035571434656,9.695851318051
    ));
#7579 = CARTESIAN_POINT('',(0.869452766152,4.042561162376,9.705085462068
    ));
#7580 = CARTESIAN_POINT('',(0.869452766152,4.042561162376,9.695851318051
    ));
#7581 = CARTESIAN_POINT('',(0.872573180314,4.048302724433,9.705085462068
    ));
#7582 = CARTESIAN_POINT('',(0.872573180314,4.048302724433,9.695851318051
    ));
#7583 = CARTESIAN_POINT('',(0.878751600353,4.052546487692,9.705085462068
    ));
#7584 = CARTESIAN_POINT('',(0.878751600353,4.052546487692,9.695851318051
    ));
#7585 = ADVANCED_FACE('',(#7586),#7604,.F.);
#7586 = FACE_BOUND('',#7587,.F.);
#7587 = EDGE_LOOP('',(#7588,#7589,#7598,#7603));
#7588 = ORIENTED_EDGE('',*,*,#7571,.F.);
#7589 = ORIENTED_EDGE('',*,*,#7590,.T.);
#7590 = EDGE_CURVE('',#7563,#7591,#7593,.T.);
#7591 = VERTEX_POINT('',#7592);
#7592 = CARTESIAN_POINT('',(0.902841197678,4.059036949148,9.705085462068
    ));
#7593 = B_SPLINE_CURVE_WITH_KNOTS('',3,(#7594,#7595,#7596,#7597),
  .UNSPECIFIED.,.F.,.F.,(4,4),(11.,12.),.PIECEWISE_BEZIER_KNOTS.);
#7594 = CARTESIAN_POINT('',(0.878751600353,4.052546487692,9.705085462068
    ));
#7595 = CARTESIAN_POINT('',(0.884930020392,4.056915067518,9.705085462068
    ));
#7596 = CARTESIAN_POINT('',(0.892980688928,4.059036949148,9.705085462068
    ));
#7597 = CARTESIAN_POINT('',(0.902841197678,4.059036949148,9.705085462068
    ));
#7598 = ORIENTED_EDGE('',*,*,#7599,.T.);
#7599 = EDGE_CURVE('',#7591,#856,#7600,.T.);
#7600 = B_SPLINE_CURVE_WITH_KNOTS('',1,(#7601,#7602),.UNSPECIFIED.,.F.,
  .F.,(2,2),(-0.,9.234144017191E-03),.PIECEWISE_BEZIER_KNOTS.);
#7601 = CARTESIAN_POINT('',(0.902841197678,4.059036949148,9.705085462068
    ));
#7602 = CARTESIAN_POINT('',(0.902841197678,4.059036949148,9.695851318051
    ));
#7603 = ORIENTED_EDGE('',*,*,#864,.F.);
#7604 = B_SPLINE_SURFACE_WITH_KNOTS('',3,1,(
    (#7605,#7606)
    ,(#7607,#7608)
    ,(#7609,#7610)
    ,(#7611,#7612
    )),.UNSPECIFIED.,.F.,.F.,.F.,(4,4),(2,2),(11.,12.),(0.,1.),
  .PIECEWISE_BEZIER_KNOTS.);
#7605 = CARTESIAN_POINT('',(0.878751600353,4.052546487692,9.705085462068
    ));
#7606 = CARTESIAN_POINT('',(0.878751600353,4.052546487692,9.695851318051
    ));
#7607 = CARTESIAN_POINT('',(0.884930020392,4.056915067518,9.705085462068
    ));
#7608 = CARTESIAN_POINT('',(0.884930020392,4.056915067518,9.695851318051
    ));
#7609 = CARTESIAN_POINT('',(0.892980688928,4.059036949148,9.705085462068
    ));
#7610 = CARTESIAN_POINT('',(0.892980688928,4.059036949148,9.695851318051
    ));
#7611 = CARTESIAN_POINT('',(0.902841197678,4.059036949148,9.705085462068
    ));
#7612 = CARTESIAN_POINT('',(0.902841197678,4.059036949148,9.695851318051
    ));
#7613 = ADVANCED_FACE('',(#7614),#7632,.F.);
#7614 = FACE_BOUND('',#7615,.F.);
#7615 = EDGE_LOOP('',(#7616,#7617,#7626,#7631));
#7616 = ORIENTED_EDGE('',*,*,#7599,.F.);
#7617 = ORIENTED_EDGE('',*,*,#7618,.T.);
#7618 = EDGE_CURVE('',#7591,#7619,#7621,.T.);
#7619 = VERTEX_POINT('',#7620);
#7620 = CARTESIAN_POINT('',(0.947151078767,4.046430475936,9.705085462068
    ));
#7621 = B_SPLINE_CURVE_WITH_KNOTS('',3,(#7622,#7623,#7624,#7625),
  .UNSPECIFIED.,.F.,.F.,(4,4),(10.,11.),.PIECEWISE_BEZIER_KNOTS.);
#7622 = CARTESIAN_POINT('',(0.902841197678,4.059036949148,9.705085462068
    ));
#7623 = CARTESIAN_POINT('',(0.919379392732,4.059036949148,9.705085462068
    ));
#7624 = CARTESIAN_POINT('',(0.934107747573,4.054793185889,9.705085462068
    ));
#7625 = CARTESIAN_POINT('',(0.947151078767,4.046430475936,9.705085462068
    ));
#7626 = ORIENTED_EDGE('',*,*,#7627,.T.);
#7627 = EDGE_CURVE('',#7619,#849,#7628,.T.);
#7628 = B_SPLINE_CURVE_WITH_KNOTS('',1,(#7629,#7630),.UNSPECIFIED.,.F.,
  .F.,(2,2),(-0.,9.234144017191E-03),.PIECEWISE_BEZIER_KNOTS.);
#7629 = CARTESIAN_POINT('',(0.947151078767,4.046430475936,9.705085462068
    ));
#7630 = CARTESIAN_POINT('',(0.947151078767,4.046430475936,9.695851318051
    ));
#7631 = ORIENTED_EDGE('',*,*,#855,.F.);
#7632 = B_SPLINE_SURFACE_WITH_KNOTS('',3,1,(
    (#7633,#7634)
    ,(#7635,#7636)
    ,(#7637,#7638)
    ,(#7639,#7640
    )),.UNSPECIFIED.,.F.,.F.,.F.,(4,4),(2,2),(10.,11.),(0.,1.),
  .PIECEWISE_BEZIER_KNOTS.);
#7633 = CARTESIAN_POINT('',(0.902841197678,4.059036949148,9.705085462068
    ));
#7634 = CARTESIAN_POINT('',(0.902841197678,4.059036949148,9.695851318051
    ));
#7635 = CARTESIAN_POINT('',(0.919379392732,4.059036949148,9.705085462068
    ));
#7636 = CARTESIAN_POINT('',(0.919379392732,4.059036949148,9.695851318051
    ));
#7637 = CARTESIAN_POINT('',(0.934107747573,4.054793185889,9.705085462068
    ));
#7638 = CARTESIAN_POINT('',(0.934107747573,4.054793185889,9.695851318051
    ));
#7639 = CARTESIAN_POINT('',(0.947151078767,4.046430475936,9.705085462068
    ));
#7640 = CARTESIAN_POINT('',(0.947151078767,4.046430475936,9.695851318051
    ));
#7641 = ADVANCED_FACE('',(#7642),#7658,.F.);
#7642 = FACE_BOUND('',#7643,.T.);
#7643 = EDGE_LOOP('',(#7644,#7645,#7652,#7657));
#7644 = ORIENTED_EDGE('',*,*,#848,.T.);
#7645 = ORIENTED_EDGE('',*,*,#7646,.F.);
#7646 = EDGE_CURVE('',#7647,#840,#7649,.T.);
#7647 = VERTEX_POINT('',#7648);
#7648 = CARTESIAN_POINT('',(0.947151078767,4.076136818751,9.705085462068
    ));
#7649 = B_SPLINE_CURVE_WITH_KNOTS('',1,(#7650,#7651),.UNSPECIFIED.,.F.,
  .F.,(2,2),(-0.,9.234144017191E-03),.PIECEWISE_BEZIER_KNOTS.);
#7650 = CARTESIAN_POINT('',(0.947151078767,4.076136818751,9.705085462068
    ));
#7651 = CARTESIAN_POINT('',(0.947151078767,4.076136818751,9.695851318051
    ));
#7652 = ORIENTED_EDGE('',*,*,#7653,.F.);
#7653 = EDGE_CURVE('',#7619,#7647,#7654,.T.);
#7654 = B_SPLINE_CURVE_WITH_KNOTS('',1,(#7655,#7656),.UNSPECIFIED.,.F.,
  .F.,(2,2),(-2.970634281445E-02,0.),.PIECEWISE_BEZIER_KNOTS.);
#7655 = CARTESIAN_POINT('',(0.947151078767,4.046430475936,9.705085462068
    ));
#7656 = CARTESIAN_POINT('',(0.947151078767,4.076136818751,9.705085462068
    ));
#7657 = ORIENTED_EDGE('',*,*,#7627,.T.);
#7658 = B_SPLINE_SURFACE_WITH_KNOTS('',1,1,(
    (#7659,#7660)
    ,(#7661,#7662
    )),.UNSPECIFIED.,.F.,.F.,.F.,(2,2),(2,2),(-9.234144017191E-03,0.),(
    -2.970634281446E-02,0.),.PIECEWISE_BEZIER_KNOTS.);
#7659 = CARTESIAN_POINT('',(0.947151078767,4.046430475936,9.695851318051
    ));
#7660 = CARTESIAN_POINT('',(0.947151078767,4.076136818751,9.695851318051
    ));
#7661 = CARTESIAN_POINT('',(0.947151078767,4.046430475936,9.705085462068
    ));
#7662 = CARTESIAN_POINT('',(0.947151078767,4.076136818751,9.705085462068
    ));
#7663 = ADVANCED_FACE('',(#7664),#7682,.F.);
#7664 = FACE_BOUND('',#7665,.F.);
#7665 = EDGE_LOOP('',(#7666,#7667,#7676,#7681));
#7666 = ORIENTED_EDGE('',*,*,#7646,.F.);
#7667 = ORIENTED_EDGE('',*,*,#7668,.T.);
#7668 = EDGE_CURVE('',#7647,#7669,#7671,.T.);
#7669 = VERTEX_POINT('',#7670);
#7670 = CARTESIAN_POINT('',(0.905836795272,4.083875445872,9.705085462068
    ));
#7671 = B_SPLINE_CURVE_WITH_KNOTS('',3,(#7672,#7673,#7674,#7675),
  .UNSPECIFIED.,.F.,.F.,(4,4),(8.,9.),.PIECEWISE_BEZIER_KNOTS.);
#7672 = CARTESIAN_POINT('',(0.947151078767,4.076136818751,9.705085462068
    ));
#7673 = CARTESIAN_POINT('',(0.934419788989,4.081379114542,9.705085462068
    ));
#7674 = CARTESIAN_POINT('',(0.92068996668,4.083875445872,9.705085462068)
  );
#7675 = CARTESIAN_POINT('',(0.905836795272,4.083875445872,9.705085462068
    ));
#7676 = ORIENTED_EDGE('',*,*,#7677,.T.);
#7677 = EDGE_CURVE('',#7669,#831,#7678,.T.);
#7678 = B_SPLINE_CURVE_WITH_KNOTS('',1,(#7679,#7680),.UNSPECIFIED.,.F.,
  .F.,(2,2),(-0.,9.234144017191E-03),.PIECEWISE_BEZIER_KNOTS.);
#7679 = CARTESIAN_POINT('',(0.905836795272,4.083875445872,9.705085462068
    ));
#7680 = CARTESIAN_POINT('',(0.905836795272,4.083875445872,9.695851318051
    ));
#7681 = ORIENTED_EDGE('',*,*,#839,.F.);
#7682 = B_SPLINE_SURFACE_WITH_KNOTS('',3,1,(
    (#7683,#7684)
    ,(#7685,#7686)
    ,(#7687,#7688)
    ,(#7689,#7690
    )),.UNSPECIFIED.,.F.,.F.,.F.,(4,4),(2,2),(8.,9.),(0.,1.),
  .PIECEWISE_BEZIER_KNOTS.);
#7683 = CARTESIAN_POINT('',(0.947151078767,4.076136818751,9.705085462068
    ));
#7684 = CARTESIAN_POINT('',(0.947151078767,4.076136818751,9.695851318051
    ));
#7685 = CARTESIAN_POINT('',(0.934419788989,4.081379114542,9.705085462068
    ));
#7686 = CARTESIAN_POINT('',(0.934419788989,4.081379114542,9.695851318051
    ));
#7687 = CARTESIAN_POINT('',(0.92068996668,4.083875445872,9.705085462068)
  );
#7688 = CARTESIAN_POINT('',(0.92068996668,4.083875445872,9.695851318051)
  );
#7689 = CARTESIAN_POINT('',(0.905836795272,4.083875445872,9.705085462068
    ));
#7690 = CARTESIAN_POINT('',(0.905836795272,4.083875445872,9.695851318051
    ));
#7691 = ADVANCED_FACE('',(#7692),#7710,.F.);
#7692 = FACE_BOUND('',#7693,.F.);
#7693 = EDGE_LOOP('',(#7694,#7695,#7704,#7709));
#7694 = ORIENTED_EDGE('',*,*,#7677,.F.);
#7695 = ORIENTED_EDGE('',*,*,#7696,.T.);
#7696 = EDGE_CURVE('',#7669,#7697,#7699,.T.);
#7697 = VERTEX_POINT('',#7698);
#7698 = CARTESIAN_POINT('',(0.857532784056,4.070020806995,9.705085462068
    ));
#7699 = B_SPLINE_CURVE_WITH_KNOTS('',3,(#7700,#7701,#7702,#7703),
  .UNSPECIFIED.,.F.,.F.,(4,4),(7.,8.),.PIECEWISE_BEZIER_KNOTS.);
#7700 = CARTESIAN_POINT('',(0.905836795272,4.083875445872,9.705085462068
    ));
#7701 = CARTESIAN_POINT('',(0.886739860606,4.083875445872,9.705085462068
    ));
#7702 = CARTESIAN_POINT('',(0.870638523534,4.079257232913,9.705085462068
    ));
#7703 = CARTESIAN_POINT('',(0.857532784056,4.070020806995,9.705085462068
    ));
#7704 = ORIENTED_EDGE('',*,*,#7705,.T.);
#7705 = EDGE_CURVE('',#7697,#822,#7706,.T.);
#7706 = B_SPLINE_CURVE_WITH_KNOTS('',1,(#7707,#7708),.UNSPECIFIED.,.F.,
  .F.,(2,2),(-0.,9.234144017191E-03),.PIECEWISE_BEZIER_KNOTS.);
#7707 = CARTESIAN_POINT('',(0.857532784056,4.070020806995,9.705085462068
    ));
#7708 = CARTESIAN_POINT('',(0.857532784056,4.070020806995,9.695851318051
    ));
#7709 = ORIENTED_EDGE('',*,*,#830,.F.);
#7710 = B_SPLINE_SURFACE_WITH_KNOTS('',3,1,(
    (#7711,#7712)
    ,(#7713,#7714)
    ,(#7715,#7716)
    ,(#7717,#7718
    )),.UNSPECIFIED.,.F.,.F.,.F.,(4,4),(2,2),(7.,8.),(0.,1.),
  .PIECEWISE_BEZIER_KNOTS.);
#7711 = CARTESIAN_POINT('',(0.905836795272,4.083875445872,9.705085462068
    ));
#7712 = CARTESIAN_POINT('',(0.905836795272,4.083875445872,9.695851318051
    ));
#7713 = CARTESIAN_POINT('',(0.886739860606,4.083875445872,9.705085462068
    ));
#7714 = CARTESIAN_POINT('',(0.886739860606,4.083875445872,9.695851318051
    ));
#7715 = CARTESIAN_POINT('',(0.870638523534,4.079257232913,9.705085462068
    ));
#7716 = CARTESIAN_POINT('',(0.870638523534,4.079257232913,9.695851318051
    ));
#7717 = CARTESIAN_POINT('',(0.857532784056,4.070020806995,9.705085462068
    ));
#7718 = CARTESIAN_POINT('',(0.857532784056,4.070020806995,9.695851318051
    ));
#7719 = ADVANCED_FACE('',(#7720),#7738,.F.);
#7720 = FACE_BOUND('',#7721,.F.);
#7721 = EDGE_LOOP('',(#7722,#7723,#7732,#7737));
#7722 = ORIENTED_EDGE('',*,*,#7705,.F.);
#7723 = ORIENTED_EDGE('',*,*,#7724,.T.);
#7724 = EDGE_CURVE('',#7697,#7725,#7727,.T.);
#7725 = VERTEX_POINT('',#7726);
#7726 = CARTESIAN_POINT('',(0.837936583124,4.032825470194,9.705085462068
    ));
#7727 = B_SPLINE_CURVE_WITH_KNOTS('',3,(#7728,#7729,#7730,#7731),
  .UNSPECIFIED.,.F.,.F.,(4,4),(6.,7.),.PIECEWISE_BEZIER_KNOTS.);
#7728 = CARTESIAN_POINT('',(0.857532784056,4.070020806995,9.705085462068
    ));
#7729 = CARTESIAN_POINT('',(0.844489452862,4.060659564512,9.705085462068
    ));
#7730 = CARTESIAN_POINT('',(0.837936583124,4.048302724433,9.705085462068
    ));
#7731 = CARTESIAN_POINT('',(0.837936583124,4.032825470194,9.705085462068
    ));
#7732 = ORIENTED_EDGE('',*,*,#7733,.T.);
#7733 = EDGE_CURVE('',#7725,#813,#7734,.T.);
#7734 = B_SPLINE_CURVE_WITH_KNOTS('',1,(#7735,#7736),.UNSPECIFIED.,.F.,
  .F.,(2,2),(-0.,9.234144017191E-03),.PIECEWISE_BEZIER_KNOTS.);
#7735 = CARTESIAN_POINT('',(0.837936583124,4.032825470194,9.705085462068
    ));
#7736 = CARTESIAN_POINT('',(0.837936583124,4.032825470194,9.695851318051
    ));
#7737 = ORIENTED_EDGE('',*,*,#821,.F.);
#7738 = B_SPLINE_SURFACE_WITH_KNOTS('',3,1,(
    (#7739,#7740)
    ,(#7741,#7742)
    ,(#7743,#7744)
    ,(#7745,#7746
    )),.UNSPECIFIED.,.F.,.F.,.F.,(4,4),(2,2),(6.,7.),(0.,1.),
  .PIECEWISE_BEZIER_KNOTS.);
#7739 = CARTESIAN_POINT('',(0.857532784056,4.070020806995,9.705085462068
    ));
#7740 = CARTESIAN_POINT('',(0.857532784056,4.070020806995,9.695851318051
    ));
#7741 = CARTESIAN_POINT('',(0.844489452862,4.060659564512,9.705085462068
    ));
#7742 = CARTESIAN_POINT('',(0.844489452862,4.060659564512,9.695851318051
    ));
#7743 = CARTESIAN_POINT('',(0.837936583124,4.048302724433,9.705085462068
    ));
#7744 = CARTESIAN_POINT('',(0.837936583124,4.048302724433,9.695851318051
    ));
#7745 = CARTESIAN_POINT('',(0.837936583124,4.032825470194,9.705085462068
    ));
#7746 = CARTESIAN_POINT('',(0.837936583124,4.032825470194,9.695851318051
    ));
#7747 = ADVANCED_FACE('',(#7748),#7766,.F.);
#7748 = FACE_BOUND('',#7749,.F.);
#7749 = EDGE_LOOP('',(#7750,#7751,#7760,#7765));
#7750 = ORIENTED_EDGE('',*,*,#7733,.F.);
#7751 = ORIENTED_EDGE('',*,*,#7752,.T.);
#7752 = EDGE_CURVE('',#7725,#7753,#7755,.T.);
#7753 = VERTEX_POINT('',#7754);
#7754 = CARTESIAN_POINT('',(0.846611334492,4.005241009008,9.705085462068
    ));
#7755 = B_SPLINE_CURVE_WITH_KNOTS('',3,(#7756,#7757,#7758,#7759),
  .UNSPECIFIED.,.F.,.F.,(4,4),(5.,6.),.PIECEWISE_BEZIER_KNOTS.);
#7756 = CARTESIAN_POINT('',(0.837936583124,4.032825470194,9.705085462068
    ));
#7757 = CARTESIAN_POINT('',(0.837936583124,4.022091245478,9.705085462068
    ));
#7758 = CARTESIAN_POINT('',(0.840807364152,4.012854819561,9.705085462068
    ));
#7759 = CARTESIAN_POINT('',(0.846611334492,4.005241009008,9.705085462068
    ));
#7760 = ORIENTED_EDGE('',*,*,#7761,.T.);
#7761 = EDGE_CURVE('',#7753,#804,#7762,.T.);
#7762 = B_SPLINE_CURVE_WITH_KNOTS('',1,(#7763,#7764),.UNSPECIFIED.,.F.,
  .F.,(2,2),(-0.,9.234144017191E-03),.PIECEWISE_BEZIER_KNOTS.);
#7763 = CARTESIAN_POINT('',(0.846611334492,4.005241009008,9.705085462068
    ));
#7764 = CARTESIAN_POINT('',(0.846611334492,4.005241009008,9.695851318051
    ));
#7765 = ORIENTED_EDGE('',*,*,#812,.F.);
#7766 = B_SPLINE_SURFACE_WITH_KNOTS('',3,1,(
    (#7767,#7768)
    ,(#7769,#7770)
    ,(#7771,#7772)
    ,(#7773,#7774
    )),.UNSPECIFIED.,.F.,.F.,.F.,(4,4),(2,2),(5.,6.),(0.,1.),
  .PIECEWISE_BEZIER_KNOTS.);
#7767 = CARTESIAN_POINT('',(0.837936583124,4.032825470194,9.705085462068
    ));
#7768 = CARTESIAN_POINT('',(0.837936583124,4.032825470194,9.695851318051
    ));
#7769 = CARTESIAN_POINT('',(0.837936583124,4.022091245478,9.705085462068
    ));
#7770 = CARTESIAN_POINT('',(0.837936583124,4.022091245478,9.695851318051
    ));
#7771 = CARTESIAN_POINT('',(0.840807364152,4.012854819561,9.705085462068
    ));
#7772 = CARTESIAN_POINT('',(0.840807364152,4.012854819561,9.695851318051
    ));
#7773 = CARTESIAN_POINT('',(0.846611334492,4.005241009008,9.705085462068
    ));
#7774 = CARTESIAN_POINT('',(0.846611334492,4.005241009008,9.695851318051
    ));
#7775 = ADVANCED_FACE('',(#7776),#7794,.F.);
#7776 = FACE_BOUND('',#7777,.F.);
#7777 = EDGE_LOOP('',(#7778,#7779,#7788,#7793));
#7778 = ORIENTED_EDGE('',*,*,#7761,.F.);
#7779 = ORIENTED_EDGE('',*,*,#7780,.T.);
#7780 = EDGE_CURVE('',#7753,#7781,#7783,.T.);
#7781 = VERTEX_POINT('',#7782);
#7782 = CARTESIAN_POINT('',(0.884243529277,3.982149944215,9.705085462068
    ));
#7783 = B_SPLINE_CURVE_WITH_KNOTS('',3,(#7784,#7785,#7786,#7787),
  .UNSPECIFIED.,.F.,.F.,(4,4),(4.,5.),.PIECEWISE_BEZIER_KNOTS.);
#7784 = CARTESIAN_POINT('',(0.846611334492,4.005241009008,9.705085462068
    ));
#7785 = CARTESIAN_POINT('',(0.852352896549,3.997627198455,9.705085462068
    ));
#7786 = CARTESIAN_POINT('',(0.86495936976,3.989888571334,9.705085462068)
  );
#7787 = CARTESIAN_POINT('',(0.884243529277,3.982149944215,9.705085462068
    ));
#7788 = ORIENTED_EDGE('',*,*,#7789,.T.);
#7789 = EDGE_CURVE('',#7781,#795,#7790,.T.);
#7790 = B_SPLINE_CURVE_WITH_KNOTS('',1,(#7791,#7792),.UNSPECIFIED.,.F.,
  .F.,(2,2),(-0.,9.234144017191E-03),.PIECEWISE_BEZIER_KNOTS.);
#7791 = CARTESIAN_POINT('',(0.884243529277,3.982149944215,9.705085462068
    ));
#7792 = CARTESIAN_POINT('',(0.884243529277,3.982149944215,9.695851318051
    ));
#7793 = ORIENTED_EDGE('',*,*,#803,.F.);
#7794 = B_SPLINE_SURFACE_WITH_KNOTS('',3,1,(
    (#7795,#7796)
    ,(#7797,#7798)
    ,(#7799,#7800)
    ,(#7801,#7802
    )),.UNSPECIFIED.,.F.,.F.,.F.,(4,4),(2,2),(4.,5.),(0.,1.),
  .PIECEWISE_BEZIER_KNOTS.);
#7795 = CARTESIAN_POINT('',(0.846611334492,4.005241009008,9.705085462068
    ));
#7796 = CARTESIAN_POINT('',(0.846611334492,4.005241009008,9.695851318051
    ));
#7797 = CARTESIAN_POINT('',(0.852352896549,3.997627198455,9.705085462068
    ));
#7798 = CARTESIAN_POINT('',(0.852352896549,3.997627198455,9.695851318051
    ));
#7799 = CARTESIAN_POINT('',(0.86495936976,3.989888571334,9.705085462068)
  );
#7800 = CARTESIAN_POINT('',(0.86495936976,3.989888571334,9.695851318051)
  );
#7801 = CARTESIAN_POINT('',(0.884243529277,3.982149944215,9.705085462068
    ));
#7802 = CARTESIAN_POINT('',(0.884243529277,3.982149944215,9.695851318051
    ));
#7803 = ADVANCED_FACE('',(#7804),#7822,.F.);
#7804 = FACE_BOUND('',#7805,.F.);
#7805 = EDGE_LOOP('',(#7806,#7807,#7816,#7821));
#7806 = ORIENTED_EDGE('',*,*,#7789,.F.);
#7807 = ORIENTED_EDGE('',*,*,#7808,.T.);
#7808 = EDGE_CURVE('',#7781,#7809,#7811,.T.);
#7809 = VERTEX_POINT('',#7810);
#7810 = CARTESIAN_POINT('',(0.916258978571,3.966547873408,9.705085462068
    ));
#7811 = B_SPLINE_CURVE_WITH_KNOTS('',3,(#7812,#7813,#7814,#7815),
  .UNSPECIFIED.,.F.,.F.,(4,4),(3.,4.),.PIECEWISE_BEZIER_KNOTS.);
#7812 = CARTESIAN_POINT('',(0.884243529277,3.982149944215,9.705085462068
    ));
#7813 = CARTESIAN_POINT('',(0.900344866349,3.976158749025,9.705085462068
    ));
#7814 = CARTESIAN_POINT('',(0.91101668278,3.970916453234,9.705085462068)
  );
#7815 = CARTESIAN_POINT('',(0.916258978571,3.966547873408,9.705085462068
    ));
#7816 = ORIENTED_EDGE('',*,*,#7817,.T.);
#7817 = EDGE_CURVE('',#7809,#786,#7818,.T.);
#7818 = B_SPLINE_CURVE_WITH_KNOTS('',1,(#7819,#7820),.UNSPECIFIED.,.F.,
  .F.,(2,2),(-0.,9.234144017191E-03),.PIECEWISE_BEZIER_KNOTS.);
#7819 = CARTESIAN_POINT('',(0.916258978571,3.966547873408,9.705085462068
    ));
#7820 = CARTESIAN_POINT('',(0.916258978571,3.966547873408,9.695851318051
    ));
#7821 = ORIENTED_EDGE('',*,*,#794,.F.);
#7822 = B_SPLINE_SURFACE_WITH_KNOTS('',3,1,(
    (#7823,#7824)
    ,(#7825,#7826)
    ,(#7827,#7828)
    ,(#7829,#7830
    )),.UNSPECIFIED.,.F.,.F.,.F.,(4,4),(2,2),(3.,4.),(0.,1.),
  .PIECEWISE_BEZIER_KNOTS.);
#7823 = CARTESIAN_POINT('',(0.884243529277,3.982149944215,9.705085462068
    ));
#7824 = CARTESIAN_POINT('',(0.884243529277,3.982149944215,9.695851318051
    ));
#7825 = CARTESIAN_POINT('',(0.900344866349,3.976158749025,9.705085462068
    ));
#7826 = CARTESIAN_POINT('',(0.900344866349,3.976158749025,9.695851318051
    ));
#7827 = CARTESIAN_POINT('',(0.91101668278,3.970916453234,9.705085462068)
  );
#7828 = CARTESIAN_POINT('',(0.91101668278,3.970916453234,9.695851318051)
  );
#7829 = CARTESIAN_POINT('',(0.916258978571,3.966547873408,9.705085462068
    ));
#7830 = CARTESIAN_POINT('',(0.916258978571,3.966547873408,9.695851318051
    ));
#7831 = ADVANCED_FACE('',(#7832),#7850,.F.);
#7832 = FACE_BOUND('',#7833,.F.);
#7833 = EDGE_LOOP('',(#7834,#7835,#7844,#7849));
#7834 = ORIENTED_EDGE('',*,*,#7817,.F.);
#7835 = ORIENTED_EDGE('',*,*,#7836,.T.);
#7836 = EDGE_CURVE('',#7809,#7837,#7839,.T.);
#7837 = VERTEX_POINT('',#7838);
#7838 = CARTESIAN_POINT('',(0.924122422257,3.949947270071,9.705085462068
    ));
#7839 = B_SPLINE_CURVE_WITH_KNOTS('',3,(#7840,#7841,#7842,#7843),
  .UNSPECIFIED.,.F.,.F.,(4,4),(2.,3.),.PIECEWISE_BEZIER_KNOTS.);
#7840 = CARTESIAN_POINT('',(0.916258978571,3.966547873408,9.705085462068
    ));
#7841 = CARTESIAN_POINT('',(0.921501274362,3.962179293582,9.705085462068
    ));
#7842 = CARTESIAN_POINT('',(0.924122422257,3.95668736466,9.705085462068)
  );
#7843 = CARTESIAN_POINT('',(0.924122422257,3.949947270071,9.705085462068
    ));
#7844 = ORIENTED_EDGE('',*,*,#7845,.T.);
#7845 = EDGE_CURVE('',#7837,#777,#7846,.T.);
#7846 = B_SPLINE_CURVE_WITH_KNOTS('',1,(#7847,#7848),.UNSPECIFIED.,.F.,
  .F.,(2,2),(-0.,9.234144017191E-03),.PIECEWISE_BEZIER_KNOTS.);
#7847 = CARTESIAN_POINT('',(0.924122422257,3.949947270071,9.705085462068
    ));
#7848 = CARTESIAN_POINT('',(0.924122422257,3.949947270071,9.695851318051
    ));
#7849 = ORIENTED_EDGE('',*,*,#785,.F.);
#7850 = B_SPLINE_SURFACE_WITH_KNOTS('',3,1,(
    (#7851,#7852)
    ,(#7853,#7854)
    ,(#7855,#7856)
    ,(#7857,#7858
    )),.UNSPECIFIED.,.F.,.F.,.F.,(4,4),(2,2),(2.,3.),(0.,1.),
  .PIECEWISE_BEZIER_KNOTS.);
#7851 = CARTESIAN_POINT('',(0.916258978571,3.966547873408,9.705085462068
    ));
#7852 = CARTESIAN_POINT('',(0.916258978571,3.966547873408,9.695851318051
    ));
#7853 = CARTESIAN_POINT('',(0.921501274362,3.962179293582,9.705085462068
    ));
#7854 = CARTESIAN_POINT('',(0.921501274362,3.962179293582,9.695851318051
    ));
#7855 = CARTESIAN_POINT('',(0.924122422257,3.95668736466,9.705085462068)
  );
#7856 = CARTESIAN_POINT('',(0.924122422257,3.95668736466,9.695851318051)
  );
#7857 = CARTESIAN_POINT('',(0.924122422257,3.949947270071,9.705085462068
    ));
#7858 = CARTESIAN_POINT('',(0.924122422257,3.949947270071,9.695851318051
    ));
#7859 = ADVANCED_FACE('',(#7860),#7872,.F.);
#7860 = FACE_BOUND('',#7861,.F.);
#7861 = EDGE_LOOP('',(#7862,#7863,#7870,#7871));
#7862 = ORIENTED_EDGE('',*,*,#7845,.F.);
#7863 = ORIENTED_EDGE('',*,*,#7864,.T.);
#7864 = EDGE_CURVE('',#7837,#7310,#7865,.T.);
#7865 = B_SPLINE_CURVE_WITH_KNOTS('',3,(#7866,#7867,#7868,#7869),
  .UNSPECIFIED.,.F.,.F.,(4,4),(1.,2.),.PIECEWISE_BEZIER_KNOTS.);
#7866 = CARTESIAN_POINT('',(0.924122422257,3.949947270071,9.705085462068
    ));
#7867 = CARTESIAN_POINT('',(0.924122422257,3.934220382698,9.705085462068
    ));
#7868 = CARTESIAN_POINT('',(0.912077623595,3.926356939012,9.705085462068
    ));
#7869 = CARTESIAN_POINT('',(0.888050434553,3.926356939012,9.705085462068
    ));
#7870 = ORIENTED_EDGE('',*,*,#7309,.T.);
#7871 = ORIENTED_EDGE('',*,*,#776,.F.);
#7872 = B_SPLINE_SURFACE_WITH_KNOTS('',3,1,(
    (#7873,#7874)
    ,(#7875,#7876)
    ,(#7877,#7878)
    ,(#7879,#7880
    )),.UNSPECIFIED.,.F.,.F.,.F.,(4,4),(2,2),(1.,2.),(0.,1.),
  .PIECEWISE_BEZIER_KNOTS.);
#7873 = CARTESIAN_POINT('',(0.924122422257,3.949947270071,9.705085462068
    ));
#7874 = CARTESIAN_POINT('',(0.924122422257,3.949947270071,9.695851318051
    ));
#7875 = CARTESIAN_POINT('',(0.924122422257,3.934220382698,9.705085462068
    ));
#7876 = CARTESIAN_POINT('',(0.924122422257,3.934220382698,9.695851318051
    ));
#7877 = CARTESIAN_POINT('',(0.912077623595,3.926356939012,9.705085462068
    ));
#7878 = CARTESIAN_POINT('',(0.912077623595,3.926356939012,9.695851318051
    ));
#7879 = CARTESIAN_POINT('',(0.888050434553,3.926356939012,9.705085462068
    ));
#7880 = CARTESIAN_POINT('',(0.888050434553,3.926356939012,9.695851318051
    ));
#7881 = ADVANCED_FACE('',(#7882),#7905,.F.);
#7882 = FACE_BOUND('',#7883,.T.);
#7883 = EDGE_LOOP('',(#7884,#7885,#7886,#7887,#7888,#7889,#7890,#7891,
    #7892,#7893,#7894,#7895,#7896,#7897,#7898,#7899,#7900,#7901,#7902,
    #7903,#7904));
#7884 = ORIENTED_EDGE('',*,*,#7316,.T.);
#7885 = ORIENTED_EDGE('',*,*,#7351,.T.);
#7886 = ORIENTED_EDGE('',*,*,#7366,.T.);
#7887 = ORIENTED_EDGE('',*,*,#7394,.T.);
#7888 = ORIENTED_EDGE('',*,*,#7422,.T.);
#7889 = ORIENTED_EDGE('',*,*,#7450,.T.);
#7890 = ORIENTED_EDGE('',*,*,#7478,.T.);
#7891 = ORIENTED_EDGE('',*,*,#7506,.T.);
#7892 = ORIENTED_EDGE('',*,*,#7534,.T.);
#7893 = ORIENTED_EDGE('',*,*,#7562,.T.);
#7894 = ORIENTED_EDGE('',*,*,#7590,.T.);
#7895 = ORIENTED_EDGE('',*,*,#7618,.T.);
#7896 = ORIENTED_EDGE('',*,*,#7653,.T.);
#7897 = ORIENTED_EDGE('',*,*,#7668,.T.);
#7898 = ORIENTED_EDGE('',*,*,#7696,.T.);
#7899 = ORIENTED_EDGE('',*,*,#7724,.T.);
#7900 = ORIENTED_EDGE('',*,*,#7752,.T.);
#7901 = ORIENTED_EDGE('',*,*,#7780,.T.);
#7902 = ORIENTED_EDGE('',*,*,#7808,.T.);
#7903 = ORIENTED_EDGE('',*,*,#7836,.T.);
#7904 = ORIENTED_EDGE('',*,*,#7864,.T.);
#7905 = B_SPLINE_SURFACE_WITH_KNOTS('',1,1,(
    (#7906,#7907)
    ,(#7908,#7909
    )),.UNSPECIFIED.,.F.,.F.,.F.,(2,2),(2,2),(-9.350321034159E-02,
    2.426122010347E-02),(-2.917587240745E-02,0.153305947742),
  .PIECEWISE_BEZIER_KNOTS.);
#7906 = CARTESIAN_POINT('',(0.955513788719,3.901393625722,9.705085462068
    ));
#7907 = CARTESIAN_POINT('',(0.955513788719,4.083875445872,9.705085462068
    ));
#7908 = CARTESIAN_POINT('',(0.837749358274,3.901393625722,9.705085462068
    ));
#7909 = CARTESIAN_POINT('',(0.837749358274,4.083875445872,9.705085462068
    ));
#7910 = ADVANCED_FACE('',(#7911),#7933,.F.);
#7911 = FACE_BOUND('',#7912,.T.);
#7912 = EDGE_LOOP('',(#7913,#7914,#7921,#7928));
#7913 = ORIENTED_EDGE('',*,*,#650,.T.);
#7914 = ORIENTED_EDGE('',*,*,#7915,.F.);
#7915 = EDGE_CURVE('',#7916,#642,#7918,.T.);
#7916 = VERTEX_POINT('',#7917);
#7917 = CARTESIAN_POINT('',(1.107103508674,4.079881315745,9.705085462068
    ));
#7918 = B_SPLINE_CURVE_WITH_KNOTS('',1,(#7919,#7920),.UNSPECIFIED.,.F.,
  .F.,(2,2),(-0.,9.234144017191E-03),.PIECEWISE_BEZIER_KNOTS.);
#7919 = CARTESIAN_POINT('',(1.107103508674,4.079881315745,9.705085462068
    ));
#7920 = CARTESIAN_POINT('',(1.107103508674,4.079881315745,9.695851318051
    ));
#7921 = ORIENTED_EDGE('',*,*,#7922,.F.);
#7922 = EDGE_CURVE('',#7923,#7916,#7925,.T.);
#7923 = VERTEX_POINT('',#7924);
#7924 = CARTESIAN_POINT('',(1.138806916551,4.079881315745,9.705085462068
    ));
#7925 = B_SPLINE_CURVE_WITH_KNOTS('',1,(#7926,#7927),.UNSPECIFIED.,.F.,
  .F.,(2,2),(-3.170340787705E-02,-0.),.PIECEWISE_BEZIER_KNOTS.);
#7926 = CARTESIAN_POINT('',(1.138806916551,4.079881315745,9.705085462068
    ));
#7927 = CARTESIAN_POINT('',(1.107103508674,4.079881315745,9.705085462068
    ));
#7928 = ORIENTED_EDGE('',*,*,#7929,.T.);
#7929 = EDGE_CURVE('',#7923,#651,#7930,.T.);
#7930 = B_SPLINE_CURVE_WITH_KNOTS('',1,(#7931,#7932),.UNSPECIFIED.,.F.,
  .F.,(2,2),(-0.,9.234144017191E-03),.PIECEWISE_BEZIER_KNOTS.);
#7931 = CARTESIAN_POINT('',(1.138806916551,4.079881315745,9.705085462068
    ));
#7932 = CARTESIAN_POINT('',(1.138806916551,4.079881315745,9.695851318051
    ));
#7933 = B_SPLINE_SURFACE_WITH_KNOTS('',1,1,(
    (#7934,#7935)
    ,(#7936,#7937
    )),.UNSPECIFIED.,.F.,.F.,.F.,(2,2),(2,2),(0.,9.234144017191E-03),(0.
    ,3.170340787705E-02),.PIECEWISE_BEZIER_KNOTS.);
#7934 = CARTESIAN_POINT('',(1.107103508674,4.079881315745,9.705085462068
    ));
#7935 = CARTESIAN_POINT('',(1.138806916551,4.079881315745,9.705085462068
    ));
#7936 = CARTESIAN_POINT('',(1.107103508674,4.079881315745,9.695851318051
    ));
#7937 = CARTESIAN_POINT('',(1.138806916551,4.079881315745,9.695851318051
    ));
#7938 = ADVANCED_FACE('',(#7939),#7955,.F.);
#7939 = FACE_BOUND('',#7940,.T.);
#7940 = EDGE_LOOP('',(#7941,#7942,#7949,#7954));
#7941 = ORIENTED_EDGE('',*,*,#641,.T.);
#7942 = ORIENTED_EDGE('',*,*,#7943,.F.);
#7943 = EDGE_CURVE('',#7944,#644,#7946,.T.);
#7944 = VERTEX_POINT('',#7945);
#7945 = CARTESIAN_POINT('',(1.059485988572,3.94857428784,9.705085462068)
  );
#7946 = B_SPLINE_CURVE_WITH_KNOTS('',1,(#7947,#7948),.UNSPECIFIED.,.F.,
  .F.,(2,2),(-0.,9.234144017191E-03),.PIECEWISE_BEZIER_KNOTS.);
#7947 = CARTESIAN_POINT('',(1.059485988572,3.94857428784,9.705085462068)
  );
#7948 = CARTESIAN_POINT('',(1.059485988572,3.94857428784,9.695851318051)
  );
#7949 = ORIENTED_EDGE('',*,*,#7950,.F.);
#7950 = EDGE_CURVE('',#7916,#7944,#7951,.T.);
#7951 = B_SPLINE_CURVE_WITH_KNOTS('',1,(#7952,#7953),.UNSPECIFIED.,.F.,
  .F.,(2,2),(-0.139674492295,-7.011221970932E-16),
  .PIECEWISE_BEZIER_KNOTS.);
#7952 = CARTESIAN_POINT('',(1.107103508674,4.079881315745,9.705085462068
    ));
#7953 = CARTESIAN_POINT('',(1.059485988572,3.94857428784,9.705085462068)
  );
#7954 = ORIENTED_EDGE('',*,*,#7915,.T.);
#7955 = B_SPLINE_SURFACE_WITH_KNOTS('',1,1,(
    (#7956,#7957)
    ,(#7958,#7959
    )),.UNSPECIFIED.,.F.,.F.,.F.,(2,2),(2,2),(7.011221970932E-16,
    0.139674492295),(-9.234144017191E-03,0.),.PIECEWISE_BEZIER_KNOTS.);
#7956 = CARTESIAN_POINT('',(1.059485988572,3.94857428784,9.695851318051)
  );
#7957 = CARTESIAN_POINT('',(1.059485988572,3.94857428784,9.705085462068)
  );
#7958 = CARTESIAN_POINT('',(1.107103508674,4.079881315745,9.695851318051
    ));
#7959 = CARTESIAN_POINT('',(1.107103508674,4.079881315745,9.705085462068
    ));
#7960 = ADVANCED_FACE('',(#7961),#7979,.F.);
#7961 = FACE_BOUND('',#7962,.F.);
#7962 = EDGE_LOOP('',(#7963,#7964,#7973,#7978));
#7963 = ORIENTED_EDGE('',*,*,#7943,.F.);
#7964 = ORIENTED_EDGE('',*,*,#7965,.T.);
#7965 = EDGE_CURVE('',#7944,#7966,#7968,.T.);
#7966 = VERTEX_POINT('',#7967);
#7967 = CARTESIAN_POINT('',(1.055741491578,3.93447001583,9.705085462068)
  );
#7968 = B_SPLINE_CURVE_WITH_KNOTS('',3,(#7969,#7970,#7971,#7972),
  .UNSPECIFIED.,.F.,.F.,(4,4),(12.,13.),.PIECEWISE_BEZIER_KNOTS.);
#7969 = CARTESIAN_POINT('',(1.059485988572,3.94857428784,9.705085462068)
  );
#7970 = CARTESIAN_POINT('',(1.057613740076,3.942458276084,9.705085462068
    ));
#7971 = CARTESIAN_POINT('',(1.05636557441,3.937715246559,9.705085462068)
  );
#7972 = CARTESIAN_POINT('',(1.055741491578,3.93447001583,9.705085462068)
  );
#7973 = ORIENTED_EDGE('',*,*,#7974,.T.);
#7974 = EDGE_CURVE('',#7966,#743,#7975,.T.);
#7975 = B_SPLINE_CURVE_WITH_KNOTS('',1,(#7976,#7977),.UNSPECIFIED.,.F.,
  .F.,(2,2),(-0.,9.234144017191E-03),.PIECEWISE_BEZIER_KNOTS.);
#7976 = CARTESIAN_POINT('',(1.055741491578,3.93447001583,9.705085462068)
  );
#7977 = CARTESIAN_POINT('',(1.055741491578,3.93447001583,9.695851318051)
  );
#7978 = ORIENTED_EDGE('',*,*,#749,.F.);
#7979 = B_SPLINE_SURFACE_WITH_KNOTS('',3,1,(
    (#7980,#7981)
    ,(#7982,#7983)
    ,(#7984,#7985)
    ,(#7986,#7987
    )),.UNSPECIFIED.,.F.,.F.,.F.,(4,4),(2,2),(12.,13.),(0.,1.),
  .PIECEWISE_BEZIER_KNOTS.);
#7980 = CARTESIAN_POINT('',(1.059485988572,3.94857428784,9.705085462068)
  );
#7981 = CARTESIAN_POINT('',(1.059485988572,3.94857428784,9.695851318051)
  );
#7982 = CARTESIAN_POINT('',(1.057613740076,3.942458276084,9.705085462068
    ));
#7983 = CARTESIAN_POINT('',(1.057613740076,3.942458276084,9.695851318051
    ));
#7984 = CARTESIAN_POINT('',(1.05636557441,3.937715246559,9.705085462068)
  );
#7985 = CARTESIAN_POINT('',(1.05636557441,3.937715246559,9.695851318051)
  );
#7986 = CARTESIAN_POINT('',(1.055741491578,3.93447001583,9.705085462068)
  );
#7987 = CARTESIAN_POINT('',(1.055741491578,3.93447001583,9.695851318051)
  );
#7988 = ADVANCED_FACE('',(#7989),#8005,.F.);
#7989 = FACE_BOUND('',#7990,.T.);
#7990 = EDGE_LOOP('',(#7991,#7992,#7999,#8004));
#7991 = ORIENTED_EDGE('',*,*,#742,.T.);
#7992 = ORIENTED_EDGE('',*,*,#7993,.F.);
#7993 = EDGE_CURVE('',#7994,#736,#7996,.T.);
#7994 = VERTEX_POINT('',#7995);
#7995 = CARTESIAN_POINT('',(1.054930183897,3.93447001583,9.705085462068)
  );
#7996 = B_SPLINE_CURVE_WITH_KNOTS('',1,(#7997,#7998),.UNSPECIFIED.,.F.,
  .F.,(2,2),(-0.,9.234144017191E-03),.PIECEWISE_BEZIER_KNOTS.);
#7997 = CARTESIAN_POINT('',(1.054930183897,3.93447001583,9.705085462068)
  );
#7998 = CARTESIAN_POINT('',(1.054930183897,3.93447001583,9.695851318051)
  );
#7999 = ORIENTED_EDGE('',*,*,#8000,.F.);
#8000 = EDGE_CURVE('',#7966,#7994,#8001,.T.);
#8001 = B_SPLINE_CURVE_WITH_KNOTS('',1,(#8002,#8003),.UNSPECIFIED.,.F.,
  .F.,(2,2),(-8.113076809968E-04,-0.),.PIECEWISE_BEZIER_KNOTS.);
#8002 = CARTESIAN_POINT('',(1.055741491578,3.93447001583,9.705085462068)
  );
#8003 = CARTESIAN_POINT('',(1.054930183897,3.93447001583,9.705085462068)
  );
#8004 = ORIENTED_EDGE('',*,*,#7974,.T.);
#8005 = B_SPLINE_SURFACE_WITH_KNOTS('',1,1,(
    (#8006,#8007)
    ,(#8008,#8009
    )),.UNSPECIFIED.,.F.,.F.,.F.,(2,2),(2,2),(0.,9.234144017191E-03),(0.
    ,8.113076809968E-04),.PIECEWISE_BEZIER_KNOTS.);
#8006 = CARTESIAN_POINT('',(1.054930183897,3.93447001583,9.705085462068)
  );
#8007 = CARTESIAN_POINT('',(1.055741491578,3.93447001583,9.705085462068)
  );
#8008 = CARTESIAN_POINT('',(1.054930183897,3.93447001583,9.695851318051)
  );
#8009 = CARTESIAN_POINT('',(1.055741491578,3.93447001583,9.695851318051)
  );
#8010 = ADVANCED_FACE('',(#8011),#8027,.F.);
#8011 = FACE_BOUND('',#8012,.T.);
#8012 = EDGE_LOOP('',(#8013,#8014,#8021,#8026));
#8013 = ORIENTED_EDGE('',*,*,#735,.T.);
#8014 = ORIENTED_EDGE('',*,*,#8015,.F.);
#8015 = EDGE_CURVE('',#8016,#729,#8018,.T.);
#8016 = VERTEX_POINT('',#8017);
#8017 = CARTESIAN_POINT('',(1.051185686903,3.948823920972,9.705085462068
    ));
#8018 = B_SPLINE_CURVE_WITH_KNOTS('',1,(#8019,#8020),.UNSPECIFIED.,.F.,
  .F.,(2,2),(-0.,9.234144017191E-03),.PIECEWISE_BEZIER_KNOTS.);
#8019 = CARTESIAN_POINT('',(1.051185686903,3.948823920972,9.705085462068
    ));
#8020 = CARTESIAN_POINT('',(1.051185686903,3.948823920972,9.695851318051
    ));
#8021 = ORIENTED_EDGE('',*,*,#8022,.F.);
#8022 = EDGE_CURVE('',#7994,#8016,#8023,.T.);
#8023 = B_SPLINE_CURVE_WITH_KNOTS('',1,(#8024,#8025),.UNSPECIFIED.,.F.,
  .F.,(2,2),(-1.483427957689E-02,0.),.PIECEWISE_BEZIER_KNOTS.);
#8024 = CARTESIAN_POINT('',(1.054930183897,3.93447001583,9.705085462068)
  );
#8025 = CARTESIAN_POINT('',(1.051185686903,3.948823920972,9.705085462068
    ));
#8026 = ORIENTED_EDGE('',*,*,#7993,.T.);
#8027 = B_SPLINE_SURFACE_WITH_KNOTS('',1,1,(
    (#8028,#8029)
    ,(#8030,#8031
    )),.UNSPECIFIED.,.F.,.F.,.F.,(2,2),(2,2),(0.,1.483427957689E-02),(
    -9.234144017191E-03,0.),.PIECEWISE_BEZIER_KNOTS.);
#8028 = CARTESIAN_POINT('',(1.051185686903,3.948823920972,9.695851318051
    ));
#8029 = CARTESIAN_POINT('',(1.051185686903,3.948823920972,9.705085462068
    ));
#8030 = CARTESIAN_POINT('',(1.054930183897,3.93447001583,9.695851318051)
  );
#8031 = CARTESIAN_POINT('',(1.054930183897,3.93447001583,9.705085462068)
  );
#8032 = ADVANCED_FACE('',(#8033),#8049,.F.);
#8033 = FACE_BOUND('',#8034,.T.);
#8034 = EDGE_LOOP('',(#8035,#8036,#8043,#8048));
#8035 = ORIENTED_EDGE('',*,*,#728,.T.);
#8036 = ORIENTED_EDGE('',*,*,#8037,.F.);
#8037 = EDGE_CURVE('',#8038,#722,#8040,.T.);
#8038 = VERTEX_POINT('',#8039);
#8039 = CARTESIAN_POINT('',(1.005627640149,4.079881315745,9.705085462068
    ));
#8040 = B_SPLINE_CURVE_WITH_KNOTS('',1,(#8041,#8042),.UNSPECIFIED.,.F.,
  .F.,(2,2),(-0.,9.234144017191E-03),.PIECEWISE_BEZIER_KNOTS.);
#8041 = CARTESIAN_POINT('',(1.005627640149,4.079881315745,9.705085462068
    ));
#8042 = CARTESIAN_POINT('',(1.005627640149,4.079881315745,9.695851318051
    ));
#8043 = ORIENTED_EDGE('',*,*,#8044,.F.);
#8044 = EDGE_CURVE('',#8016,#8038,#8045,.T.);
#8045 = B_SPLINE_CURVE_WITH_KNOTS('',1,(#8046,#8047),.UNSPECIFIED.,.F.,
  .F.,(2,2),(-0.138750049905,0.),.PIECEWISE_BEZIER_KNOTS.);
#8046 = CARTESIAN_POINT('',(1.051185686903,3.948823920972,9.705085462068
    ));
#8047 = CARTESIAN_POINT('',(1.005627640149,4.079881315745,9.705085462068
    ));
#8048 = ORIENTED_EDGE('',*,*,#8015,.T.);
#8049 = B_SPLINE_SURFACE_WITH_KNOTS('',1,1,(
    (#8050,#8051)
    ,(#8052,#8053
    )),.UNSPECIFIED.,.F.,.F.,.F.,(2,2),(2,2),(0.,0.138750049905),(
    -9.234144017191E-03,0.),.PIECEWISE_BEZIER_KNOTS.);
#8050 = CARTESIAN_POINT('',(1.005627640149,4.079881315745,9.695851318051
    ));
#8051 = CARTESIAN_POINT('',(1.005627640149,4.079881315745,9.705085462068
    ));
#8052 = CARTESIAN_POINT('',(1.051185686903,3.948823920972,9.695851318051
    ));
#8053 = CARTESIAN_POINT('',(1.051185686903,3.948823920972,9.705085462068
    ));
#8054 = ADVANCED_FACE('',(#8055),#8071,.F.);
#8055 = FACE_BOUND('',#8056,.T.);
#8056 = EDGE_LOOP('',(#8057,#8058,#8065,#8070));
#8057 = ORIENTED_EDGE('',*,*,#721,.T.);
#8058 = ORIENTED_EDGE('',*,*,#8059,.F.);
#8059 = EDGE_CURVE('',#8060,#715,#8062,.T.);
#8060 = VERTEX_POINT('',#8061);
#8061 = CARTESIAN_POINT('',(0.971427900942,4.079881315745,9.705085462068
    ));
#8062 = B_SPLINE_CURVE_WITH_KNOTS('',1,(#8063,#8064),.UNSPECIFIED.,.F.,
  .F.,(2,2),(-0.,9.234144017191E-03),.PIECEWISE_BEZIER_KNOTS.);
#8063 = CARTESIAN_POINT('',(0.971427900942,4.079881315745,9.705085462068
    ));
#8064 = CARTESIAN_POINT('',(0.971427900942,4.079881315745,9.695851318051
    ));
#8065 = ORIENTED_EDGE('',*,*,#8066,.F.);
#8066 = EDGE_CURVE('',#8038,#8060,#8067,.T.);
#8067 = B_SPLINE_CURVE_WITH_KNOTS('',1,(#8068,#8069),.UNSPECIFIED.,.F.,
  .F.,(2,2),(-3.419973920736E-02,-0.),.PIECEWISE_BEZIER_KNOTS.);
#8068 = CARTESIAN_POINT('',(1.005627640149,4.079881315745,9.705085462068
    ));
#8069 = CARTESIAN_POINT('',(0.971427900942,4.079881315745,9.705085462068
    ));
#8070 = ORIENTED_EDGE('',*,*,#8037,.T.);
#8071 = B_SPLINE_SURFACE_WITH_KNOTS('',1,1,(
    (#8072,#8073)
    ,(#8074,#8075
    )),.UNSPECIFIED.,.F.,.F.,.F.,(2,2),(2,2),(0.,9.234144017191E-03),(0.
    ,3.419973920736E-02),.PIECEWISE_BEZIER_KNOTS.);
#8072 = CARTESIAN_POINT('',(0.971427900942,4.079881315745,9.705085462068
    ));
#8073 = CARTESIAN_POINT('',(1.005627640149,4.079881315745,9.705085462068
    ));
#8074 = CARTESIAN_POINT('',(0.971427900942,4.079881315745,9.695851318051
    ));
#8075 = CARTESIAN_POINT('',(1.005627640149,4.079881315745,9.695851318051
    ));
#8076 = ADVANCED_FACE('',(#8077),#8093,.F.);
#8077 = FACE_BOUND('',#8078,.T.);
#8078 = EDGE_LOOP('',(#8079,#8080,#8087,#8092));
#8079 = ORIENTED_EDGE('',*,*,#714,.T.);
#8080 = ORIENTED_EDGE('',*,*,#8081,.F.);
#8081 = EDGE_CURVE('',#8082,#708,#8084,.T.);
#8082 = VERTEX_POINT('',#8083);
#8083 = CARTESIAN_POINT('',(1.039827379356,3.905887022114,9.705085462068
    ));
#8084 = B_SPLINE_CURVE_WITH_KNOTS('',1,(#8085,#8086),.UNSPECIFIED.,.F.,
  .F.,(2,2),(-0.,9.234144017191E-03),.PIECEWISE_BEZIER_KNOTS.);
#8085 = CARTESIAN_POINT('',(1.039827379356,3.905887022114,9.705085462068
    ));
#8086 = CARTESIAN_POINT('',(1.039827379356,3.905887022114,9.695851318051
    ));
#8087 = ORIENTED_EDGE('',*,*,#8088,.F.);
#8088 = EDGE_CURVE('',#8060,#8082,#8089,.T.);
#8089 = B_SPLINE_CURVE_WITH_KNOTS('',1,(#8090,#8091),.UNSPECIFIED.,.F.,
  .F.,(2,2),(-0.186955884806,0.),.PIECEWISE_BEZIER_KNOTS.);
#8090 = CARTESIAN_POINT('',(0.971427900942,4.079881315745,9.705085462068
    ));
#8091 = CARTESIAN_POINT('',(1.039827379356,3.905887022114,9.705085462068
    ));
#8092 = ORIENTED_EDGE('',*,*,#8059,.T.);
#8093 = B_SPLINE_SURFACE_WITH_KNOTS('',1,1,(
    (#8094,#8095)
    ,(#8096,#8097
    )),.UNSPECIFIED.,.F.,.F.,.F.,(2,2),(2,2),(0.,0.186955884806),(
    -9.234144017191E-03,0.),.PIECEWISE_BEZIER_KNOTS.);
#8094 = CARTESIAN_POINT('',(1.039827379356,3.905887022114,9.695851318051
    ));
#8095 = CARTESIAN_POINT('',(1.039827379356,3.905887022114,9.705085462068
    ));
#8096 = CARTESIAN_POINT('',(0.971427900942,4.079881315745,9.695851318051
    ));
#8097 = CARTESIAN_POINT('',(0.971427900942,4.079881315745,9.705085462068
    ));
#8098 = ADVANCED_FACE('',(#8099),#8115,.F.);
#8099 = FACE_BOUND('',#8100,.T.);
#8100 = EDGE_LOOP('',(#8101,#8102,#8109,#8114));
#8101 = ORIENTED_EDGE('',*,*,#707,.T.);
#8102 = ORIENTED_EDGE('',*,*,#8103,.F.);
#8103 = EDGE_CURVE('',#8104,#699,#8106,.T.);
#8104 = VERTEX_POINT('',#8105);
#8105 = CARTESIAN_POINT('',(1.026409598463,3.874183614236,9.705085462068
    ));
#8106 = B_SPLINE_CURVE_WITH_KNOTS('',1,(#8107,#8108),.UNSPECIFIED.,.F.,
  .F.,(2,2),(-0.,9.234144017191E-03),.PIECEWISE_BEZIER_KNOTS.);
#8107 = CARTESIAN_POINT('',(1.026409598463,3.874183614236,9.705085462068
    ));
#8108 = CARTESIAN_POINT('',(1.026409598463,3.874183614236,9.695851318051
    ));
#8109 = ORIENTED_EDGE('',*,*,#8110,.F.);
#8110 = EDGE_CURVE('',#8082,#8104,#8111,.T.);
#8111 = B_SPLINE_CURVE_WITH_KNOTS('',1,(#8112,#8113),.UNSPECIFIED.,.F.,
  .F.,(2,2),(-3.4425904712E-02,-0.),.PIECEWISE_BEZIER_KNOTS.);
#8112 = CARTESIAN_POINT('',(1.039827379356,3.905887022114,9.705085462068
    ));
#8113 = CARTESIAN_POINT('',(1.026409598463,3.874183614236,9.705085462068
    ));
#8114 = ORIENTED_EDGE('',*,*,#8081,.T.);
#8115 = B_SPLINE_SURFACE_WITH_KNOTS('',1,1,(
    (#8116,#8117)
    ,(#8118,#8119
    )),.UNSPECIFIED.,.F.,.F.,.F.,(2,2),(2,2),(0.,3.4425904712E-02),(
    -9.234144017191E-03,0.),.PIECEWISE_BEZIER_KNOTS.);
#8116 = CARTESIAN_POINT('',(1.026409598463,3.874183614236,9.695851318051
    ));
#8117 = CARTESIAN_POINT('',(1.026409598463,3.874183614236,9.705085462068
    ));
#8118 = CARTESIAN_POINT('',(1.039827379356,3.905887022114,9.695851318051
    ));
#8119 = CARTESIAN_POINT('',(1.039827379356,3.905887022114,9.705085462068
    ));
#8120 = ADVANCED_FACE('',(#8121),#8139,.F.);
#8121 = FACE_BOUND('',#8122,.F.);
#8122 = EDGE_LOOP('',(#8123,#8124,#8133,#8138));
#8123 = ORIENTED_EDGE('',*,*,#8103,.F.);
#8124 = ORIENTED_EDGE('',*,*,#8125,.T.);
#8125 = EDGE_CURVE('',#8104,#8126,#8128,.T.);
#8126 = VERTEX_POINT('',#8127);
#8127 = CARTESIAN_POINT('',(0.995080640284,3.849594750645,9.705085462068
    ));
#8128 = B_SPLINE_CURVE_WITH_KNOTS('',3,(#8129,#8130,#8131,#8132),
  .UNSPECIFIED.,.F.,.F.,(4,4),(5.,6.),.PIECEWISE_BEZIER_KNOTS.);
#8129 = CARTESIAN_POINT('',(1.026409598463,3.874183614236,9.705085462068
    ));
#8130 = CARTESIAN_POINT('',(1.019482279025,3.857707827465,9.705085462068
    ));
#8131 = CARTESIAN_POINT('',(1.009060095727,3.849594750645,9.705085462068
    ));
#8132 = CARTESIAN_POINT('',(0.995080640284,3.849594750645,9.705085462068
    ));
#8133 = ORIENTED_EDGE('',*,*,#8134,.T.);
#8134 = EDGE_CURVE('',#8126,#690,#8135,.T.);
#8135 = B_SPLINE_CURVE_WITH_KNOTS('',1,(#8136,#8137),.UNSPECIFIED.,.F.,
  .F.,(2,2),(-0.,9.234144017191E-03),.PIECEWISE_BEZIER_KNOTS.);
#8136 = CARTESIAN_POINT('',(0.995080640284,3.849594750645,9.705085462068
    ));
#8137 = CARTESIAN_POINT('',(0.995080640284,3.849594750645,9.695851318051
    ));
#8138 = ORIENTED_EDGE('',*,*,#698,.F.);
#8139 = B_SPLINE_SURFACE_WITH_KNOTS('',3,1,(
    (#8140,#8141)
    ,(#8142,#8143)
    ,(#8144,#8145)
    ,(#8146,#8147
    )),.UNSPECIFIED.,.F.,.F.,.F.,(4,4),(2,2),(5.,6.),(0.,1.),
  .PIECEWISE_BEZIER_KNOTS.);
#8140 = CARTESIAN_POINT('',(1.026409598463,3.874183614236,9.705085462068
    ));
#8141 = CARTESIAN_POINT('',(1.026409598463,3.874183614236,9.695851318051
    ));
#8142 = CARTESIAN_POINT('',(1.019482279025,3.857707827465,9.705085462068
    ));
#8143 = CARTESIAN_POINT('',(1.019482279025,3.857707827465,9.695851318051
    ));
#8144 = CARTESIAN_POINT('',(1.009060095727,3.849594750645,9.705085462068
    ));
#8145 = CARTESIAN_POINT('',(1.009060095727,3.849594750645,9.695851318051
    ));
#8146 = CARTESIAN_POINT('',(0.995080640284,3.849594750645,9.705085462068
    ));
#8147 = CARTESIAN_POINT('',(0.995080640284,3.849594750645,9.695851318051
    ));
#8148 = ADVANCED_FACE('',(#8149),#8167,.F.);
#8149 = FACE_BOUND('',#8150,.F.);
#8150 = EDGE_LOOP('',(#8151,#8152,#8161,#8166));
#8151 = ORIENTED_EDGE('',*,*,#8134,.F.);
#8152 = ORIENTED_EDGE('',*,*,#8153,.T.);
#8153 = EDGE_CURVE('',#8126,#8154,#8156,.T.);
#8154 = VERTEX_POINT('',#8155);
#8155 = CARTESIAN_POINT('',(0.977731137548,3.853089614506,9.705085462068
    ));
#8156 = B_SPLINE_CURVE_WITH_KNOTS('',3,(#8157,#8158,#8159,#8160),
  .UNSPECIFIED.,.F.,.F.,(4,4),(4.,5.),.PIECEWISE_BEZIER_KNOTS.);
#8157 = CARTESIAN_POINT('',(0.995080640284,3.849594750645,9.705085462068
    ));
#8158 = CARTESIAN_POINT('',(0.989463894794,3.849594750645,9.705085462068
    ));
#8159 = CARTESIAN_POINT('',(0.983722332737,3.850718099743,9.705085462068
    ));
#8160 = CARTESIAN_POINT('',(0.977731137548,3.853089614506,9.705085462068
    ));
#8161 = ORIENTED_EDGE('',*,*,#8162,.T.);
#8162 = EDGE_CURVE('',#8154,#683,#8163,.T.);
#8163 = B_SPLINE_CURVE_WITH_KNOTS('',1,(#8164,#8165),.UNSPECIFIED.,.F.,
  .F.,(2,2),(-0.,9.234144017191E-03),.PIECEWISE_BEZIER_KNOTS.);
#8164 = CARTESIAN_POINT('',(0.977731137548,3.853089614506,9.705085462068
    ));
#8165 = CARTESIAN_POINT('',(0.977731137548,3.853089614506,9.695851318051
    ));
#8166 = ORIENTED_EDGE('',*,*,#689,.F.);
#8167 = B_SPLINE_SURFACE_WITH_KNOTS('',3,1,(
    (#8168,#8169)
    ,(#8170,#8171)
    ,(#8172,#8173)
    ,(#8174,#8175
    )),.UNSPECIFIED.,.F.,.F.,.F.,(4,4),(2,2),(4.,5.),(0.,1.),
  .PIECEWISE_BEZIER_KNOTS.);
#8168 = CARTESIAN_POINT('',(0.995080640284,3.849594750645,9.705085462068
    ));
#8169 = CARTESIAN_POINT('',(0.995080640284,3.849594750645,9.695851318051
    ));
#8170 = CARTESIAN_POINT('',(0.989463894794,3.849594750645,9.705085462068
    ));
#8171 = CARTESIAN_POINT('',(0.989463894794,3.849594750645,9.695851318051
    ));
#8172 = CARTESIAN_POINT('',(0.983722332737,3.850718099743,9.705085462068
    ));
#8173 = CARTESIAN_POINT('',(0.983722332737,3.850718099743,9.695851318051
    ));
#8174 = CARTESIAN_POINT('',(0.977731137548,3.853089614506,9.705085462068
    ));
#8175 = CARTESIAN_POINT('',(0.977731137548,3.853089614506,9.695851318051
    ));
#8176 = ADVANCED_FACE('',(#8177),#8193,.F.);
#8177 = FACE_BOUND('',#8178,.T.);
#8178 = EDGE_LOOP('',(#8179,#8180,#8187,#8192));
#8179 = ORIENTED_EDGE('',*,*,#682,.T.);
#8180 = ORIENTED_EDGE('',*,*,#8181,.F.);
#8181 = EDGE_CURVE('',#8182,#674,#8184,.T.);
#8182 = VERTEX_POINT('',#8183);
#8183 = CARTESIAN_POINT('',(0.977731137548,3.82587960302,9.705085462068)
  );
#8184 = B_SPLINE_CURVE_WITH_KNOTS('',1,(#8185,#8186),.UNSPECIFIED.,.F.,
  .F.,(2,2),(-0.,9.234144017191E-03),.PIECEWISE_BEZIER_KNOTS.);
#8185 = CARTESIAN_POINT('',(0.977731137548,3.82587960302,9.705085462068)
  );
#8186 = CARTESIAN_POINT('',(0.977731137548,3.82587960302,9.695851318051)
  );
#8187 = ORIENTED_EDGE('',*,*,#8188,.F.);
#8188 = EDGE_CURVE('',#8154,#8182,#8189,.T.);
#8189 = B_SPLINE_CURVE_WITH_KNOTS('',1,(#8190,#8191),.UNSPECIFIED.,.F.,
  .F.,(2,2),(-2.721001148665E-02,0.),.PIECEWISE_BEZIER_KNOTS.);
#8190 = CARTESIAN_POINT('',(0.977731137548,3.853089614506,9.705085462068
    ));
#8191 = CARTESIAN_POINT('',(0.977731137548,3.82587960302,9.705085462068)
  );
#8192 = ORIENTED_EDGE('',*,*,#8162,.T.);
#8193 = B_SPLINE_SURFACE_WITH_KNOTS('',1,1,(
    (#8194,#8195)
    ,(#8196,#8197
    )),.UNSPECIFIED.,.F.,.F.,.F.,(2,2),(2,2),(0.,9.234144017191E-03),(0.
    ,2.721001148665E-02),.PIECEWISE_BEZIER_KNOTS.);
#8194 = CARTESIAN_POINT('',(0.977731137548,3.82587960302,9.705085462068)
  );
#8195 = CARTESIAN_POINT('',(0.977731137548,3.853089614506,9.705085462068
    ));
#8196 = CARTESIAN_POINT('',(0.977731137548,3.82587960302,9.695851318051)
  );
#8197 = CARTESIAN_POINT('',(0.977731137548,3.853089614506,9.695851318051
    ));
#8198 = ADVANCED_FACE('',(#8199),#8217,.F.);
#8199 = FACE_BOUND('',#8200,.F.);
#8200 = EDGE_LOOP('',(#8201,#8202,#8211,#8216));
#8201 = ORIENTED_EDGE('',*,*,#8181,.F.);
#8202 = ORIENTED_EDGE('',*,*,#8203,.T.);
#8203 = EDGE_CURVE('',#8182,#8204,#8206,.T.);
#8204 = VERTEX_POINT('',#8205);
#8205 = CARTESIAN_POINT('',(0.997452155047,3.82338327169,9.705085462068)
  );
#8206 = B_SPLINE_CURVE_WITH_KNOTS('',3,(#8207,#8208,#8209,#8210),
  .UNSPECIFIED.,.F.,.F.,(4,4),(2.,3.),.PIECEWISE_BEZIER_KNOTS.);
#8207 = CARTESIAN_POINT('',(0.977731137548,3.82587960302,9.705085462068)
  );
#8208 = CARTESIAN_POINT('',(0.983160658188,3.824256987656,9.705085462068
    ));
#8209 = CARTESIAN_POINT('',(0.98977593621,3.82338327169,9.705085462068)
  );
#8210 = CARTESIAN_POINT('',(0.997452155047,3.82338327169,9.705085462068)
  );
#8211 = ORIENTED_EDGE('',*,*,#8212,.T.);
#8212 = EDGE_CURVE('',#8204,#665,#8213,.T.);
#8213 = B_SPLINE_CURVE_WITH_KNOTS('',1,(#8214,#8215),.UNSPECIFIED.,.F.,
  .F.,(2,2),(-0.,9.234144017191E-03),.PIECEWISE_BEZIER_KNOTS.);
#8214 = CARTESIAN_POINT('',(0.997452155047,3.82338327169,9.705085462068)
  );
#8215 = CARTESIAN_POINT('',(0.997452155047,3.82338327169,9.695851318051)
  );
#8216 = ORIENTED_EDGE('',*,*,#673,.F.);
#8217 = B_SPLINE_SURFACE_WITH_KNOTS('',3,1,(
    (#8218,#8219)
    ,(#8220,#8221)
    ,(#8222,#8223)
    ,(#8224,#8225
    )),.UNSPECIFIED.,.F.,.F.,.F.,(4,4),(2,2),(2.,3.),(0.,1.),
  .PIECEWISE_BEZIER_KNOTS.);
#8218 = CARTESIAN_POINT('',(0.977731137548,3.82587960302,9.705085462068)
  );
#8219 = CARTESIAN_POINT('',(0.977731137548,3.82587960302,9.695851318051)
  );
#8220 = CARTESIAN_POINT('',(0.983160658188,3.824256987656,9.705085462068
    ));
#8221 = CARTESIAN_POINT('',(0.983160658188,3.824256987656,9.695851318051
    ));
#8222 = CARTESIAN_POINT('',(0.98977593621,3.82338327169,9.705085462068)
  );
#8223 = CARTESIAN_POINT('',(0.98977593621,3.82338327169,9.695851318051)
  );
#8224 = CARTESIAN_POINT('',(0.997452155047,3.82338327169,9.705085462068)
  );
#8225 = CARTESIAN_POINT('',(0.997452155047,3.82338327169,9.695851318051)
  );
#8226 = ADVANCED_FACE('',(#8227),#8245,.F.);
#8227 = FACE_BOUND('',#8228,.F.);
#8228 = EDGE_LOOP('',(#8229,#8230,#8239,#8244));
#8229 = ORIENTED_EDGE('',*,*,#8212,.F.);
#8230 = ORIENTED_EDGE('',*,*,#8231,.T.);
#8231 = EDGE_CURVE('',#8204,#8232,#8234,.T.);
#8232 = VERTEX_POINT('',#8233);
#8233 = CARTESIAN_POINT('',(1.059673213422,3.879176276895,9.705085462068
    ));
#8234 = B_SPLINE_CURVE_WITH_KNOTS('',3,(#8235,#8236,#8237,#8238),
  .UNSPECIFIED.,.F.,.F.,(4,4),(1.,2.),.PIECEWISE_BEZIER_KNOTS.);
#8235 = CARTESIAN_POINT('',(0.997452155047,3.82338327169,9.705085462068)
  );
#8236 = CARTESIAN_POINT('',(1.02422530855,3.82338327169,9.705085462068)
  );
#8237 = CARTESIAN_POINT('',(1.044944858581,3.841980940092,9.705085462068
    ));
#8238 = CARTESIAN_POINT('',(1.059673213422,3.879176276895,9.705085462068
    ));
#8239 = ORIENTED_EDGE('',*,*,#8240,.T.);
#8240 = EDGE_CURVE('',#8232,#658,#8241,.T.);
#8241 = B_SPLINE_CURVE_WITH_KNOTS('',1,(#8242,#8243),.UNSPECIFIED.,.F.,
  .F.,(2,2),(-0.,9.234144017191E-03),.PIECEWISE_BEZIER_KNOTS.);
#8242 = CARTESIAN_POINT('',(1.059673213422,3.879176276895,9.705085462068
    ));
#8243 = CARTESIAN_POINT('',(1.059673213422,3.879176276895,9.695851318051
    ));
#8244 = ORIENTED_EDGE('',*,*,#664,.F.);
#8245 = B_SPLINE_SURFACE_WITH_KNOTS('',3,1,(
    (#8246,#8247)
    ,(#8248,#8249)
    ,(#8250,#8251)
    ,(#8252,#8253
    )),.UNSPECIFIED.,.F.,.F.,.F.,(4,4),(2,2),(1.,2.),(0.,1.),
  .PIECEWISE_BEZIER_KNOTS.);
#8246 = CARTESIAN_POINT('',(0.997452155047,3.82338327169,9.705085462068)
  );
#8247 = CARTESIAN_POINT('',(0.997452155047,3.82338327169,9.695851318051)
  );
#8248 = CARTESIAN_POINT('',(1.02422530855,3.82338327169,9.705085462068)
  );
#8249 = CARTESIAN_POINT('',(1.02422530855,3.82338327169,9.695851318051)
  );
#8250 = CARTESIAN_POINT('',(1.044944858581,3.841980940092,9.705085462068
    ));
#8251 = CARTESIAN_POINT('',(1.044944858581,3.841980940092,9.695851318051
    ));
#8252 = CARTESIAN_POINT('',(1.059673213422,3.879176276895,9.705085462068
    ));
#8253 = CARTESIAN_POINT('',(1.059673213422,3.879176276895,9.695851318051
    ));
#8254 = ADVANCED_FACE('',(#8255),#8265,.F.);
#8255 = FACE_BOUND('',#8256,.T.);
#8256 = EDGE_LOOP('',(#8257,#8258,#8259,#8264));
#8257 = ORIENTED_EDGE('',*,*,#657,.T.);
#8258 = ORIENTED_EDGE('',*,*,#7929,.F.);
#8259 = ORIENTED_EDGE('',*,*,#8260,.F.);
#8260 = EDGE_CURVE('',#8232,#7923,#8261,.T.);
#8261 = B_SPLINE_CURVE_WITH_KNOTS('',1,(#8262,#8263),.UNSPECIFIED.,.F.,
  .F.,(2,2),(-0.215742104353,0.),.PIECEWISE_BEZIER_KNOTS.);
#8262 = CARTESIAN_POINT('',(1.059673213422,3.879176276895,9.705085462068
    ));
#8263 = CARTESIAN_POINT('',(1.138806916551,4.079881315745,9.705085462068
    ));
#8264 = ORIENTED_EDGE('',*,*,#8240,.T.);
#8265 = B_SPLINE_SURFACE_WITH_KNOTS('',1,1,(
    (#8266,#8267)
    ,(#8268,#8269
    )),.UNSPECIFIED.,.F.,.F.,.F.,(2,2),(2,2),(-0.,0.215742104353),(
    -9.234144017191E-03,0.),.PIECEWISE_BEZIER_KNOTS.);
#8266 = CARTESIAN_POINT('',(1.138806916551,4.079881315745,9.695851318051
    ));
#8267 = CARTESIAN_POINT('',(1.138806916551,4.079881315745,9.705085462068
    ));
#8268 = CARTESIAN_POINT('',(1.059673213422,3.879176276895,9.695851318051
    ));
#8269 = CARTESIAN_POINT('',(1.059673213422,3.879176276895,9.705085462068
    ));
#8270 = ADVANCED_FACE('',(#8271),#8288,.T.);
#8271 = FACE_BOUND('',#8272,.T.);
#8272 = EDGE_LOOP('',(#8273,#8274,#8275,#8276,#8277,#8278,#8279,#8280,
    #8281,#8282,#8283,#8284,#8285,#8286,#8287));
#8273 = ORIENTED_EDGE('',*,*,#7922,.T.);
#8274 = ORIENTED_EDGE('',*,*,#7950,.T.);
#8275 = ORIENTED_EDGE('',*,*,#7965,.T.);
#8276 = ORIENTED_EDGE('',*,*,#8000,.T.);
#8277 = ORIENTED_EDGE('',*,*,#8022,.T.);
#8278 = ORIENTED_EDGE('',*,*,#8044,.T.);
#8279 = ORIENTED_EDGE('',*,*,#8066,.T.);
#8280 = ORIENTED_EDGE('',*,*,#8088,.T.);
#8281 = ORIENTED_EDGE('',*,*,#8110,.T.);
#8282 = ORIENTED_EDGE('',*,*,#8125,.T.);
#8283 = ORIENTED_EDGE('',*,*,#8153,.T.);
#8284 = ORIENTED_EDGE('',*,*,#8188,.T.);
#8285 = ORIENTED_EDGE('',*,*,#8203,.T.);
#8286 = ORIENTED_EDGE('',*,*,#8231,.T.);
#8287 = ORIENTED_EDGE('',*,*,#8260,.T.);
#8288 = B_SPLINE_SURFACE_WITH_KNOTS('',1,1,(
    (#8289,#8290)
    ,(#8291,#8292
    )),.UNSPECIFIED.,.F.,.F.,.F.,(2,2),(2,2),(-6.165158279081E-02,
    0.105727432818),(-1.394825130109E-02,0.242549792754),
  .PIECEWISE_BEZIER_KNOTS.);
#8289 = CARTESIAN_POINT('',(0.971427900942,3.82338327169,9.705085462068)
  );
#8290 = CARTESIAN_POINT('',(0.971427900942,4.079881315745,9.705085462068
    ));
#8291 = CARTESIAN_POINT('',(1.138806916551,3.82338327169,9.705085462068)
  );
#8292 = CARTESIAN_POINT('',(1.138806916551,4.079881315745,9.705085462068
    ));
#8293 = ADVANCED_FACE('',(#8294),#8316,.F.);
#8294 = FACE_BOUND('',#8295,.T.);
#8295 = EDGE_LOOP('',(#8296,#8297,#8304,#8311));
#8296 = ORIENTED_EDGE('',*,*,#564,.T.);
#8297 = ORIENTED_EDGE('',*,*,#8298,.F.);
#8298 = EDGE_CURVE('',#8299,#556,#8301,.T.);
#8299 = VERTEX_POINT('',#8300);
#8300 = CARTESIAN_POINT('',(1.303065517999,3.933346666734,9.705085462068
    ));
#8301 = B_SPLINE_CURVE_WITH_KNOTS('',1,(#8302,#8303),.UNSPECIFIED.,.F.,
  .F.,(2,2),(-0.,9.234144017191E-03),.PIECEWISE_BEZIER_KNOTS.);
#8302 = CARTESIAN_POINT('',(1.303065517999,3.933346666734,9.705085462068
    ));
#8303 = CARTESIAN_POINT('',(1.303065517999,3.933346666734,9.695851318051
    ));
#8304 = ORIENTED_EDGE('',*,*,#8305,.F.);
#8305 = EDGE_CURVE('',#8306,#8299,#8308,.T.);
#8306 = VERTEX_POINT('',#8307);
#8307 = CARTESIAN_POINT('',(1.303065517999,3.905512572415,9.705085462068
    ));
#8308 = B_SPLINE_CURVE_WITH_KNOTS('',1,(#8309,#8310),.UNSPECIFIED.,.F.,
  .F.,(2,2),(-2.783409431819E-02,0.),.PIECEWISE_BEZIER_KNOTS.);
#8309 = CARTESIAN_POINT('',(1.303065517999,3.905512572415,9.705085462068
    ));
#8310 = CARTESIAN_POINT('',(1.303065517999,3.933346666734,9.705085462068
    ));
#8311 = ORIENTED_EDGE('',*,*,#8312,.T.);
#8312 = EDGE_CURVE('',#8306,#565,#8313,.T.);
#8313 = B_SPLINE_CURVE_WITH_KNOTS('',1,(#8314,#8315),.UNSPECIFIED.,.F.,
  .F.,(2,2),(-0.,9.234144017191E-03),.PIECEWISE_BEZIER_KNOTS.);
#8314 = CARTESIAN_POINT('',(1.303065517999,3.905512572415,9.705085462068
    ));
#8315 = CARTESIAN_POINT('',(1.303065517999,3.905512572415,9.695851318051
    ));
#8316 = B_SPLINE_SURFACE_WITH_KNOTS('',1,1,(
    (#8317,#8318)
    ,(#8319,#8320
    )),.UNSPECIFIED.,.F.,.F.,.F.,(2,2),(2,2),(-9.234144017191E-03,0.),(
    -2.783409431819E-02,0.),.PIECEWISE_BEZIER_KNOTS.);
#8317 = CARTESIAN_POINT('',(1.303065517999,3.905512572415,9.695851318051
    ));
#8318 = CARTESIAN_POINT('',(1.303065517999,3.933346666734,9.695851318051
    ));
#8319 = CARTESIAN_POINT('',(1.303065517999,3.905512572415,9.705085462068
    ));
#8320 = CARTESIAN_POINT('',(1.303065517999,3.933346666734,9.705085462068
    ));
#8321 = ADVANCED_FACE('',(#8322),#8338,.F.);
#8322 = FACE_BOUND('',#8323,.T.);
#8323 = EDGE_LOOP('',(#8324,#8325,#8332,#8337));
#8324 = ORIENTED_EDGE('',*,*,#555,.T.);
#8325 = ORIENTED_EDGE('',*,*,#8326,.F.);
#8326 = EDGE_CURVE('',#8327,#558,#8329,.T.);
#8327 = VERTEX_POINT('',#8328);
#8328 = CARTESIAN_POINT('',(1.203274673123,3.933346666734,9.705085462068
    ));
#8329 = B_SPLINE_CURVE_WITH_KNOTS('',1,(#8330,#8331),.UNSPECIFIED.,.F.,
  .F.,(2,2),(-0.,9.234144017191E-03),.PIECEWISE_BEZIER_KNOTS.);
#8330 = CARTESIAN_POINT('',(1.203274673123,3.933346666734,9.705085462068
    ));
#8331 = CARTESIAN_POINT('',(1.203274673123,3.933346666734,9.695851318051
    ));
#8332 = ORIENTED_EDGE('',*,*,#8333,.F.);
#8333 = EDGE_CURVE('',#8299,#8327,#8334,.T.);
#8334 = B_SPLINE_CURVE_WITH_KNOTS('',1,(#8335,#8336),.UNSPECIFIED.,.F.,
  .F.,(2,2),(-9.979084487599E-02,-0.),.PIECEWISE_BEZIER_KNOTS.);
#8335 = CARTESIAN_POINT('',(1.303065517999,3.933346666734,9.705085462068
    ));
#8336 = CARTESIAN_POINT('',(1.203274673123,3.933346666734,9.705085462068
    ));
#8337 = ORIENTED_EDGE('',*,*,#8298,.T.);
#8338 = B_SPLINE_SURFACE_WITH_KNOTS('',1,1,(
    (#8339,#8340)
    ,(#8341,#8342
    )),.UNSPECIFIED.,.F.,.F.,.F.,(2,2),(2,2),(0.,9.234144017191E-03),(0.
    ,9.979084487599E-02),.PIECEWISE_BEZIER_KNOTS.);
#8339 = CARTESIAN_POINT('',(1.203274673123,3.933346666734,9.705085462068
    ));
#8340 = CARTESIAN_POINT('',(1.303065517999,3.933346666734,9.705085462068
    ));
#8341 = CARTESIAN_POINT('',(1.203274673123,3.933346666734,9.695851318051
    ));
#8342 = CARTESIAN_POINT('',(1.303065517999,3.933346666734,9.695851318051
    ));
#8343 = ADVANCED_FACE('',(#8344),#8360,.F.);
#8344 = FACE_BOUND('',#8345,.T.);
#8345 = EDGE_LOOP('',(#8346,#8347,#8354,#8359));
#8346 = ORIENTED_EDGE('',*,*,#634,.T.);
#8347 = ORIENTED_EDGE('',*,*,#8348,.F.);
#8348 = EDGE_CURVE('',#8349,#628,#8351,.T.);
#8349 = VERTEX_POINT('',#8350);
#8350 = CARTESIAN_POINT('',(1.203274673123,4.015475967457,9.705085462068
    ));
#8351 = B_SPLINE_CURVE_WITH_KNOTS('',1,(#8352,#8353),.UNSPECIFIED.,.F.,
  .F.,(2,2),(-0.,9.234144017191E-03),.PIECEWISE_BEZIER_KNOTS.);
#8352 = CARTESIAN_POINT('',(1.203274673123,4.015475967457,9.705085462068
    ));
#8353 = CARTESIAN_POINT('',(1.203274673123,4.015475967457,9.695851318051
    ));
#8354 = ORIENTED_EDGE('',*,*,#8355,.F.);
#8355 = EDGE_CURVE('',#8327,#8349,#8356,.T.);
#8356 = B_SPLINE_CURVE_WITH_KNOTS('',1,(#8357,#8358),.UNSPECIFIED.,.F.,
  .F.,(2,2),(-8.21293007235E-02,0.),.PIECEWISE_BEZIER_KNOTS.);
#8357 = CARTESIAN_POINT('',(1.203274673123,3.933346666734,9.705085462068
    ));
#8358 = CARTESIAN_POINT('',(1.203274673123,4.015475967457,9.705085462068
    ));
#8359 = ORIENTED_EDGE('',*,*,#8326,.T.);
#8360 = B_SPLINE_SURFACE_WITH_KNOTS('',1,1,(
    (#8361,#8362)
    ,(#8363,#8364
    )),.UNSPECIFIED.,.F.,.F.,.F.,(2,2),(2,2),(-9.234144017191E-03,0.),(
    -8.21293007235E-02,0.),.PIECEWISE_BEZIER_KNOTS.);
#8361 = CARTESIAN_POINT('',(1.203274673123,3.933346666734,9.695851318051
    ));
#8362 = CARTESIAN_POINT('',(1.203274673123,4.015475967457,9.695851318051
    ));
#8363 = CARTESIAN_POINT('',(1.203274673123,3.933346666734,9.705085462068
    ));
#8364 = CARTESIAN_POINT('',(1.203274673123,4.015475967457,9.705085462068
    ));
#8365 = ADVANCED_FACE('',(#8366),#8382,.F.);
#8366 = FACE_BOUND('',#8367,.T.);
#8367 = EDGE_LOOP('',(#8368,#8369,#8376,#8381));
#8368 = ORIENTED_EDGE('',*,*,#627,.T.);
#8369 = ORIENTED_EDGE('',*,*,#8370,.F.);
#8370 = EDGE_CURVE('',#8371,#621,#8373,.T.);
#8371 = VERTEX_POINT('',#8372);
#8372 = CARTESIAN_POINT('',(1.290583861354,4.015475967457,9.705085462068
    ));
#8373 = B_SPLINE_CURVE_WITH_KNOTS('',1,(#8374,#8375),.UNSPECIFIED.,.F.,
  .F.,(2,2),(-0.,9.234144017191E-03),.PIECEWISE_BEZIER_KNOTS.);
#8374 = CARTESIAN_POINT('',(1.290583861354,4.015475967457,9.705085462068
    ));
#8375 = CARTESIAN_POINT('',(1.290583861354,4.015475967457,9.695851318051
    ));
#8376 = ORIENTED_EDGE('',*,*,#8377,.F.);
#8377 = EDGE_CURVE('',#8349,#8371,#8378,.T.);
#8378 = B_SPLINE_CURVE_WITH_KNOTS('',1,(#8379,#8380),.UNSPECIFIED.,.F.,
  .F.,(2,2),(-8.730918823026E-02,0.),.PIECEWISE_BEZIER_KNOTS.);
#8379 = CARTESIAN_POINT('',(1.203274673123,4.015475967457,9.705085462068
    ));
#8380 = CARTESIAN_POINT('',(1.290583861354,4.015475967457,9.705085462068
    ));
#8381 = ORIENTED_EDGE('',*,*,#8348,.T.);
#8382 = B_SPLINE_SURFACE_WITH_KNOTS('',1,1,(
    (#8383,#8384)
    ,(#8385,#8386
    )),.UNSPECIFIED.,.F.,.F.,.F.,(2,2),(2,2),(-9.234144017191E-03,0.),(
    -8.730918823026E-02,0.),.PIECEWISE_BEZIER_KNOTS.);
#8383 = CARTESIAN_POINT('',(1.203274673123,4.015475967457,9.695851318051
    ));
#8384 = CARTESIAN_POINT('',(1.290583861354,4.015475967457,9.695851318051
    ));
#8385 = CARTESIAN_POINT('',(1.203274673123,4.015475967457,9.705085462068
    ));
#8386 = CARTESIAN_POINT('',(1.290583861354,4.015475967457,9.705085462068
    ));
#8387 = ADVANCED_FACE('',(#8388),#8404,.F.);
#8388 = FACE_BOUND('',#8389,.T.);
#8389 = EDGE_LOOP('',(#8390,#8391,#8398,#8403));
#8390 = ORIENTED_EDGE('',*,*,#620,.T.);
#8391 = ORIENTED_EDGE('',*,*,#8392,.F.);
#8392 = EDGE_CURVE('',#8393,#614,#8395,.T.);
#8393 = VERTEX_POINT('',#8394);
#8394 = CARTESIAN_POINT('',(1.290583861354,4.043434878342,9.705085462068
    ));
#8395 = B_SPLINE_CURVE_WITH_KNOTS('',1,(#8396,#8397),.UNSPECIFIED.,.F.,
  .F.,(2,2),(-0.,9.234144017191E-03),.PIECEWISE_BEZIER_KNOTS.);
#8396 = CARTESIAN_POINT('',(1.290583861354,4.043434878342,9.705085462068
    ));
#8397 = CARTESIAN_POINT('',(1.290583861354,4.043434878342,9.695851318051
    ));
#8398 = ORIENTED_EDGE('',*,*,#8399,.F.);
#8399 = EDGE_CURVE('',#8371,#8393,#8400,.T.);
#8400 = B_SPLINE_CURVE_WITH_KNOTS('',1,(#8401,#8402),.UNSPECIFIED.,.F.,
  .F.,(2,2),(-2.795891088449E-02,0.),.PIECEWISE_BEZIER_KNOTS.);
#8401 = CARTESIAN_POINT('',(1.290583861354,4.015475967457,9.705085462068
    ));
#8402 = CARTESIAN_POINT('',(1.290583861354,4.043434878342,9.705085462068
    ));
#8403 = ORIENTED_EDGE('',*,*,#8370,.T.);
#8404 = B_SPLINE_SURFACE_WITH_KNOTS('',1,1,(
    (#8405,#8406)
    ,(#8407,#8408
    )),.UNSPECIFIED.,.F.,.F.,.F.,(2,2),(2,2),(-9.234144017191E-03,0.),(
    -2.795891088449E-02,0.),.PIECEWISE_BEZIER_KNOTS.);
#8405 = CARTESIAN_POINT('',(1.290583861354,4.015475967457,9.695851318051
    ));
#8406 = CARTESIAN_POINT('',(1.290583861354,4.043434878342,9.695851318051
    ));
#8407 = CARTESIAN_POINT('',(1.290583861354,4.015475967457,9.705085462068
    ));
#8408 = CARTESIAN_POINT('',(1.290583861354,4.043434878342,9.705085462068
    ));
#8409 = ADVANCED_FACE('',(#8410),#8426,.F.);
#8410 = FACE_BOUND('',#8411,.T.);
#8411 = EDGE_LOOP('',(#8412,#8413,#8420,#8425));
#8412 = ORIENTED_EDGE('',*,*,#613,.T.);
#8413 = ORIENTED_EDGE('',*,*,#8414,.F.);
#8414 = EDGE_CURVE('',#8415,#607,#8417,.T.);
#8415 = VERTEX_POINT('',#8416);
#8416 = CARTESIAN_POINT('',(1.203274673123,4.043434878342,9.705085462068
    ));
#8417 = B_SPLINE_CURVE_WITH_KNOTS('',1,(#8418,#8419),.UNSPECIFIED.,.F.,
  .F.,(2,2),(-0.,9.234144017191E-03),.PIECEWISE_BEZIER_KNOTS.);
#8418 = CARTESIAN_POINT('',(1.203274673123,4.043434878342,9.705085462068
    ));
#8419 = CARTESIAN_POINT('',(1.203274673123,4.043434878342,9.695851318051
    ));
#8420 = ORIENTED_EDGE('',*,*,#8421,.F.);
#8421 = EDGE_CURVE('',#8393,#8415,#8422,.T.);
#8422 = B_SPLINE_CURVE_WITH_KNOTS('',1,(#8423,#8424),.UNSPECIFIED.,.F.,
  .F.,(2,2),(-8.730918823026E-02,-0.),.PIECEWISE_BEZIER_KNOTS.);
#8423 = CARTESIAN_POINT('',(1.290583861354,4.043434878342,9.705085462068
    ));
#8424 = CARTESIAN_POINT('',(1.203274673123,4.043434878342,9.705085462068
    ));
#8425 = ORIENTED_EDGE('',*,*,#8392,.T.);
#8426 = B_SPLINE_SURFACE_WITH_KNOTS('',1,1,(
    (#8427,#8428)
    ,(#8429,#8430
    )),.UNSPECIFIED.,.F.,.F.,.F.,(2,2),(2,2),(0.,9.234144017191E-03),(0.
    ,8.730918823026E-02),.PIECEWISE_BEZIER_KNOTS.);
#8427 = CARTESIAN_POINT('',(1.203274673123,4.043434878342,9.705085462068
    ));
#8428 = CARTESIAN_POINT('',(1.290583861354,4.043434878342,9.705085462068
    ));
#8429 = CARTESIAN_POINT('',(1.203274673123,4.043434878342,9.695851318051
    ));
#8430 = CARTESIAN_POINT('',(1.290583861354,4.043434878342,9.695851318051
    ));
#8431 = ADVANCED_FACE('',(#8432),#8448,.F.);
#8432 = FACE_BOUND('',#8433,.T.);
#8433 = EDGE_LOOP('',(#8434,#8435,#8442,#8447));
#8434 = ORIENTED_EDGE('',*,*,#606,.T.);
#8435 = ORIENTED_EDGE('',*,*,#8436,.F.);
#8436 = EDGE_CURVE('',#8437,#600,#8439,.T.);
#8437 = VERTEX_POINT('',#8438);
#8438 = CARTESIAN_POINT('',(1.203274673123,4.12157004894,9.705085462068)
  );
#8439 = B_SPLINE_CURVE_WITH_KNOTS('',1,(#8440,#8441),.UNSPECIFIED.,.F.,
  .F.,(2,2),(-0.,9.234144017191E-03),.PIECEWISE_BEZIER_KNOTS.);
#8440 = CARTESIAN_POINT('',(1.203274673123,4.12157004894,9.705085462068)
  );
#8441 = CARTESIAN_POINT('',(1.203274673123,4.12157004894,9.695851318051)
  );
#8442 = ORIENTED_EDGE('',*,*,#8443,.F.);
#8443 = EDGE_CURVE('',#8415,#8437,#8444,.T.);
#8444 = B_SPLINE_CURVE_WITH_KNOTS('',1,(#8445,#8446),.UNSPECIFIED.,.F.,
  .F.,(2,2),(-7.813517059835E-02,0.),.PIECEWISE_BEZIER_KNOTS.);
#8445 = CARTESIAN_POINT('',(1.203274673123,4.043434878342,9.705085462068
    ));
#8446 = CARTESIAN_POINT('',(1.203274673123,4.12157004894,9.705085462068)
  );
#8447 = ORIENTED_EDGE('',*,*,#8414,.T.);
#8448 = B_SPLINE_SURFACE_WITH_KNOTS('',1,1,(
    (#8449,#8450)
    ,(#8451,#8452
    )),.UNSPECIFIED.,.F.,.F.,.F.,(2,2),(2,2),(-9.234144017191E-03,0.),(
    -7.813517059835E-02,0.),.PIECEWISE_BEZIER_KNOTS.);
#8449 = CARTESIAN_POINT('',(1.203274673123,4.043434878342,9.695851318051
    ));
#8450 = CARTESIAN_POINT('',(1.203274673123,4.12157004894,9.695851318051)
  );
#8451 = CARTESIAN_POINT('',(1.203274673123,4.043434878342,9.705085462068
    ));
#8452 = CARTESIAN_POINT('',(1.203274673123,4.12157004894,9.705085462068)
  );
#8453 = ADVANCED_FACE('',(#8454),#8470,.F.);
#8454 = FACE_BOUND('',#8455,.T.);
#8455 = EDGE_LOOP('',(#8456,#8457,#8464,#8469));
#8456 = ORIENTED_EDGE('',*,*,#599,.T.);
#8457 = ORIENTED_EDGE('',*,*,#8458,.F.);
#8458 = EDGE_CURVE('',#8459,#593,#8461,.T.);
#8459 = VERTEX_POINT('',#8460);
#8460 = CARTESIAN_POINT('',(1.297511180792,4.12157004894,9.705085462068)
  );
#8461 = B_SPLINE_CURVE_WITH_KNOTS('',1,(#8462,#8463),.UNSPECIFIED.,.F.,
  .F.,(2,2),(-0.,9.234144017191E-03),.PIECEWISE_BEZIER_KNOTS.);
#8462 = CARTESIAN_POINT('',(1.297511180792,4.12157004894,9.705085462068)
  );
#8463 = CARTESIAN_POINT('',(1.297511180792,4.12157004894,9.695851318051)
  );
#8464 = ORIENTED_EDGE('',*,*,#8465,.F.);
#8465 = EDGE_CURVE('',#8437,#8459,#8466,.T.);
#8466 = B_SPLINE_CURVE_WITH_KNOTS('',1,(#8467,#8468),.UNSPECIFIED.,.F.,
  .F.,(2,2),(-9.423650766865E-02,0.),.PIECEWISE_BEZIER_KNOTS.);
#8467 = CARTESIAN_POINT('',(1.203274673123,4.12157004894,9.705085462068)
  );
#8468 = CARTESIAN_POINT('',(1.297511180792,4.12157004894,9.705085462068)
  );
#8469 = ORIENTED_EDGE('',*,*,#8436,.T.);
#8470 = B_SPLINE_SURFACE_WITH_KNOTS('',1,1,(
    (#8471,#8472)
    ,(#8473,#8474
    )),.UNSPECIFIED.,.F.,.F.,.F.,(2,2),(2,2),(-9.234144017191E-03,0.),(
    -9.423650766865E-02,0.),.PIECEWISE_BEZIER_KNOTS.);
#8471 = CARTESIAN_POINT('',(1.203274673123,4.12157004894,9.695851318051)
  );
#8472 = CARTESIAN_POINT('',(1.297511180792,4.12157004894,9.695851318051)
  );
#8473 = CARTESIAN_POINT('',(1.203274673123,4.12157004894,9.705085462068)
  );
#8474 = CARTESIAN_POINT('',(1.297511180792,4.12157004894,9.705085462068)
  );
#8475 = ADVANCED_FACE('',(#8476),#8492,.F.);
#8476 = FACE_BOUND('',#8477,.T.);
#8477 = EDGE_LOOP('',(#8478,#8479,#8486,#8491));
#8478 = ORIENTED_EDGE('',*,*,#592,.T.);
#8479 = ORIENTED_EDGE('',*,*,#8480,.F.);
#8480 = EDGE_CURVE('',#8481,#586,#8483,.T.);
#8481 = VERTEX_POINT('',#8482);
#8482 = CARTESIAN_POINT('',(1.297511180792,4.149653776391,9.705085462068
    ));
#8483 = B_SPLINE_CURVE_WITH_KNOTS('',1,(#8484,#8485),.UNSPECIFIED.,.F.,
  .F.,(2,2),(-0.,9.234144017191E-03),.PIECEWISE_BEZIER_KNOTS.);
#8484 = CARTESIAN_POINT('',(1.297511180792,4.149653776391,9.705085462068
    ));
#8485 = CARTESIAN_POINT('',(1.297511180792,4.149653776391,9.695851318051
    ));
#8486 = ORIENTED_EDGE('',*,*,#8487,.F.);
#8487 = EDGE_CURVE('',#8459,#8481,#8488,.T.);
#8488 = B_SPLINE_CURVE_WITH_KNOTS('',1,(#8489,#8490),.UNSPECIFIED.,.F.,
  .F.,(2,2),(-2.80837274508E-02,0.),.PIECEWISE_BEZIER_KNOTS.);
#8489 = CARTESIAN_POINT('',(1.297511180792,4.12157004894,9.705085462068)
  );
#8490 = CARTESIAN_POINT('',(1.297511180792,4.149653776391,9.705085462068
    ));
#8491 = ORIENTED_EDGE('',*,*,#8458,.T.);
#8492 = B_SPLINE_SURFACE_WITH_KNOTS('',1,1,(
    (#8493,#8494)
    ,(#8495,#8496
    )),.UNSPECIFIED.,.F.,.F.,.F.,(2,2),(2,2),(-9.234144017191E-03,0.),(
    -2.80837274508E-02,0.),.PIECEWISE_BEZIER_KNOTS.);
#8493 = CARTESIAN_POINT('',(1.297511180792,4.12157004894,9.695851318051)
  );
#8494 = CARTESIAN_POINT('',(1.297511180792,4.149653776391,9.695851318051
    ));
#8495 = CARTESIAN_POINT('',(1.297511180792,4.12157004894,9.705085462068)
  );
#8496 = CARTESIAN_POINT('',(1.297511180792,4.149653776391,9.705085462068
    ));
#8497 = ADVANCED_FACE('',(#8498),#8514,.F.);
#8498 = FACE_BOUND('',#8499,.T.);
#8499 = EDGE_LOOP('',(#8500,#8501,#8508,#8513));
#8500 = ORIENTED_EDGE('',*,*,#585,.T.);
#8501 = ORIENTED_EDGE('',*,*,#8502,.F.);
#8502 = EDGE_CURVE('',#8503,#579,#8505,.T.);
#8503 = VERTEX_POINT('',#8504);
#8504 = CARTESIAN_POINT('',(1.171758490094,4.149653776391,9.705085462068
    ));
#8505 = B_SPLINE_CURVE_WITH_KNOTS('',1,(#8506,#8507),.UNSPECIFIED.,.F.,
  .F.,(2,2),(-0.,9.234144017191E-03),.PIECEWISE_BEZIER_KNOTS.);
#8506 = CARTESIAN_POINT('',(1.171758490094,4.149653776391,9.705085462068
    ));
#8507 = CARTESIAN_POINT('',(1.171758490094,4.149653776391,9.695851318051
    ));
#8508 = ORIENTED_EDGE('',*,*,#8509,.F.);
#8509 = EDGE_CURVE('',#8481,#8503,#8510,.T.);
#8510 = B_SPLINE_CURVE_WITH_KNOTS('',1,(#8511,#8512),.UNSPECIFIED.,.F.,
  .F.,(2,2),(-0.125752690698,-0.),.PIECEWISE_BEZIER_KNOTS.);
#8511 = CARTESIAN_POINT('',(1.297511180792,4.149653776391,9.705085462068
    ));
#8512 = CARTESIAN_POINT('',(1.171758490094,4.149653776391,9.705085462068
    ));
#8513 = ORIENTED_EDGE('',*,*,#8480,.T.);
#8514 = B_SPLINE_SURFACE_WITH_KNOTS('',1,1,(
    (#8515,#8516)
    ,(#8517,#8518
    )),.UNSPECIFIED.,.F.,.F.,.F.,(2,2),(2,2),(0.,9.234144017191E-03),(0.
    ,0.125752690698),.PIECEWISE_BEZIER_KNOTS.);
#8515 = CARTESIAN_POINT('',(1.171758490094,4.149653776391,9.705085462068
    ));
#8516 = CARTESIAN_POINT('',(1.297511180792,4.149653776391,9.705085462068
    ));
#8517 = CARTESIAN_POINT('',(1.171758490094,4.149653776391,9.695851318051
    ));
#8518 = CARTESIAN_POINT('',(1.297511180792,4.149653776391,9.695851318051
    ));
#8519 = ADVANCED_FACE('',(#8520),#8536,.F.);
#8520 = FACE_BOUND('',#8521,.T.);
#8521 = EDGE_LOOP('',(#8522,#8523,#8530,#8535));
#8522 = ORIENTED_EDGE('',*,*,#578,.T.);
#8523 = ORIENTED_EDGE('',*,*,#8524,.F.);
#8524 = EDGE_CURVE('',#8525,#572,#8527,.T.);
#8525 = VERTEX_POINT('',#8526);
#8526 = CARTESIAN_POINT('',(1.171758490094,3.905512572415,9.705085462068
    ));
#8527 = B_SPLINE_CURVE_WITH_KNOTS('',1,(#8528,#8529),.UNSPECIFIED.,.F.,
  .F.,(2,2),(-0.,9.234144017191E-03),.PIECEWISE_BEZIER_KNOTS.);
#8528 = CARTESIAN_POINT('',(1.171758490094,3.905512572415,9.705085462068
    ));
#8529 = CARTESIAN_POINT('',(1.171758490094,3.905512572415,9.695851318051
    ));
#8530 = ORIENTED_EDGE('',*,*,#8531,.F.);
#8531 = EDGE_CURVE('',#8503,#8525,#8532,.T.);
#8532 = B_SPLINE_CURVE_WITH_KNOTS('',1,(#8533,#8534),.UNSPECIFIED.,.F.,
  .F.,(2,2),(-0.244141203975,-0.),.PIECEWISE_BEZIER_KNOTS.);
#8533 = CARTESIAN_POINT('',(1.171758490094,4.149653776391,9.705085462068
    ));
#8534 = CARTESIAN_POINT('',(1.171758490094,3.905512572415,9.705085462068
    ));
#8535 = ORIENTED_EDGE('',*,*,#8502,.T.);
#8536 = B_SPLINE_SURFACE_WITH_KNOTS('',1,1,(
    (#8537,#8538)
    ,(#8539,#8540
    )),.UNSPECIFIED.,.F.,.F.,.F.,(2,2),(2,2),(0.,9.234144017191E-03),(0.
    ,0.244141203975),.PIECEWISE_BEZIER_KNOTS.);
#8537 = CARTESIAN_POINT('',(1.171758490094,3.905512572415,9.705085462068
    ));
#8538 = CARTESIAN_POINT('',(1.171758490094,4.149653776391,9.705085462068
    ));
#8539 = CARTESIAN_POINT('',(1.171758490094,3.905512572415,9.695851318051
    ));
#8540 = CARTESIAN_POINT('',(1.171758490094,4.149653776391,9.695851318051
    ));
#8541 = ADVANCED_FACE('',(#8542),#8552,.F.);
#8542 = FACE_BOUND('',#8543,.T.);
#8543 = EDGE_LOOP('',(#8544,#8545,#8546,#8551));
#8544 = ORIENTED_EDGE('',*,*,#571,.T.);
#8545 = ORIENTED_EDGE('',*,*,#8312,.F.);
#8546 = ORIENTED_EDGE('',*,*,#8547,.F.);
#8547 = EDGE_CURVE('',#8525,#8306,#8548,.T.);
#8548 = B_SPLINE_CURVE_WITH_KNOTS('',1,(#8549,#8550),.UNSPECIFIED.,.F.,
  .F.,(2,2),(-0.131307027905,0.),.PIECEWISE_BEZIER_KNOTS.);
#8549 = CARTESIAN_POINT('',(1.171758490094,3.905512572415,9.705085462068
    ));
#8550 = CARTESIAN_POINT('',(1.303065517999,3.905512572415,9.705085462068
    ));
#8551 = ORIENTED_EDGE('',*,*,#8524,.T.);
#8552 = B_SPLINE_SURFACE_WITH_KNOTS('',1,1,(
    (#8553,#8554)
    ,(#8555,#8556
    )),.UNSPECIFIED.,.F.,.F.,.F.,(2,2),(2,2),(-9.234144017191E-03,0.),(
    -0.131307027905,0.),.PIECEWISE_BEZIER_KNOTS.);
#8553 = CARTESIAN_POINT('',(1.171758490094,3.905512572415,9.695851318051
    ));
#8554 = CARTESIAN_POINT('',(1.303065517999,3.905512572415,9.695851318051
    ));
#8555 = CARTESIAN_POINT('',(1.171758490094,3.905512572415,9.705085462068
    ));
#8556 = CARTESIAN_POINT('',(1.303065517999,3.905512572415,9.705085462068
    ));
#8557 = ADVANCED_FACE('',(#8558),#8572,.F.);
#8558 = FACE_BOUND('',#8559,.T.);
#8559 = EDGE_LOOP('',(#8560,#8561,#8562,#8563,#8564,#8565,#8566,#8567,
    #8568,#8569,#8570,#8571));
#8560 = ORIENTED_EDGE('',*,*,#8305,.T.);
#8561 = ORIENTED_EDGE('',*,*,#8333,.T.);
#8562 = ORIENTED_EDGE('',*,*,#8355,.T.);
#8563 = ORIENTED_EDGE('',*,*,#8377,.T.);
#8564 = ORIENTED_EDGE('',*,*,#8399,.T.);
#8565 = ORIENTED_EDGE('',*,*,#8421,.T.);
#8566 = ORIENTED_EDGE('',*,*,#8443,.T.);
#8567 = ORIENTED_EDGE('',*,*,#8465,.T.);
#8568 = ORIENTED_EDGE('',*,*,#8487,.T.);
#8569 = ORIENTED_EDGE('',*,*,#8509,.T.);
#8570 = ORIENTED_EDGE('',*,*,#8531,.T.);
#8571 = ORIENTED_EDGE('',*,*,#8547,.T.);
#8572 = B_SPLINE_SURFACE_WITH_KNOTS('',1,1,(
    (#8573,#8574)
    ,(#8575,#8576
    )),.UNSPECIFIED.,.F.,.F.,.F.,(2,2),(2,2),(-1.303065517999,
    -1.171758490094),(3.905512572415,4.149653776391),
  .PIECEWISE_BEZIER_KNOTS.);
#8573 = CARTESIAN_POINT('',(1.303065517999,3.905512572415,9.705085462068
    ));
#8574 = CARTESIAN_POINT('',(1.303065517999,4.149653776391,9.705085462068
    ));
#8575 = CARTESIAN_POINT('',(1.171758490094,3.905512572415,9.705085462068
    ));
#8576 = CARTESIAN_POINT('',(1.171758490094,4.149653776391,9.705085462068
    ));
#8577 = ADVANCED_FACE('',(#8578,#8637),#8696,.T.);
#8578 = FACE_BOUND('',#8579,.T.);
#8579 = EDGE_LOOP('',(#8580,#8589,#8598,#8607,#8616,#8625,#8632));
#8580 = ORIENTED_EDGE('',*,*,#8581,.T.);
#8581 = EDGE_CURVE('',#8582,#8584,#8586,.T.);
#8582 = VERTEX_POINT('',#8583);
#8583 = CARTESIAN_POINT('',(1.349185239303,3.905512572415,9.705085462068
    ));
#8584 = VERTEX_POINT('',#8585);
#8585 = CARTESIAN_POINT('',(1.416336552053,3.905512572415,9.705085462068
    ));
#8586 = B_SPLINE_CURVE_WITH_KNOTS('',1,(#8587,#8588),.UNSPECIFIED.,.F.,
  .F.,(2,2),(-6.715131274997E-02,0.),.PIECEWISE_BEZIER_KNOTS.);
#8587 = CARTESIAN_POINT('',(1.349185239303,3.905512572415,9.705085462068
    ));
#8588 = CARTESIAN_POINT('',(1.416336552053,3.905512572415,9.705085462068
    ));
#8589 = ORIENTED_EDGE('',*,*,#8590,.T.);
#8590 = EDGE_CURVE('',#8584,#8591,#8593,.T.);
#8591 = VERTEX_POINT('',#8592);
#8592 = CARTESIAN_POINT('',(1.51113473427,3.939712311622,9.705085462068)
  );
#8593 = B_SPLINE_CURVE_WITH_KNOTS('',3,(#8594,#8595,#8596,#8597),
  .UNSPECIFIED.,.F.,.F.,(4,4),(5.,6.),.PIECEWISE_BEZIER_KNOTS.);
#8594 = CARTESIAN_POINT('',(1.416336552053,3.905512572415,9.705085462068
    ));
#8595 = CARTESIAN_POINT('',(1.454967279369,3.905512572415,9.705085462068
    ));
#8596 = CARTESIAN_POINT('',(1.486608278964,3.916870879961,9.705085462068
    ));
#8597 = CARTESIAN_POINT('',(1.51113473427,3.939712311622,9.705085462068)
  );
#8598 = ORIENTED_EDGE('',*,*,#8599,.T.);
#8599 = EDGE_CURVE('',#8591,#8600,#8602,.T.);
#8600 = VERTEX_POINT('',#8601);
#8601 = CARTESIAN_POINT('',(1.547955621374,4.030703588563,9.705085462068
    ));
#8602 = B_SPLINE_CURVE_WITH_KNOTS('',3,(#8603,#8604,#8605,#8606),
  .UNSPECIFIED.,.F.,.F.,(4,4),(4.,5.),.PIECEWISE_BEZIER_KNOTS.);
#8603 = CARTESIAN_POINT('',(1.51113473427,3.939712311622,9.705085462068)
  );
#8604 = CARTESIAN_POINT('',(1.535661189578,3.962553743283,9.705085462068
    ));
#8605 = CARTESIAN_POINT('',(1.547955621374,3.992884168929,9.705085462068
    ));
#8606 = CARTESIAN_POINT('',(1.547955621374,4.030703588563,9.705085462068
    ));
#8607 = ORIENTED_EDGE('',*,*,#8608,.T.);
#8608 = EDGE_CURVE('',#8600,#8609,#8611,.T.);
#8609 = VERTEX_POINT('',#8610);
#8610 = CARTESIAN_POINT('',(1.51113473427,4.11732628568,9.705085462068)
  );
#8611 = B_SPLINE_CURVE_WITH_KNOTS('',3,(#8612,#8613,#8614,#8615),
  .UNSPECIFIED.,.F.,.F.,(4,4),(3.,4.),.PIECEWISE_BEZIER_KNOTS.);
#8612 = CARTESIAN_POINT('',(1.547955621374,4.030703588563,9.705085462068
    ));
#8613 = CARTESIAN_POINT('',(1.547955621374,4.066900392834,9.705085462068
    ));
#8614 = CARTESIAN_POINT('',(1.535661189578,4.095733019684,9.705085462068
    ));
#8615 = CARTESIAN_POINT('',(1.51113473427,4.11732628568,9.705085462068)
  );
#8616 = ORIENTED_EDGE('',*,*,#8617,.T.);
#8617 = EDGE_CURVE('',#8609,#8618,#8620,.T.);
#8618 = VERTEX_POINT('',#8619);
#8619 = CARTESIAN_POINT('',(1.418832883381,4.149653776391,9.705085462068
    ));
#8620 = B_SPLINE_CURVE_WITH_KNOTS('',3,(#8621,#8622,#8623,#8624),
  .UNSPECIFIED.,.F.,.F.,(4,4),(2.,3.),.PIECEWISE_BEZIER_KNOTS.);
#8621 = CARTESIAN_POINT('',(1.51113473427,4.11732628568,9.705085462068)
  );
#8622 = CARTESIAN_POINT('',(1.486608278964,4.138919551675,9.705085462068
    ));
#8623 = CARTESIAN_POINT('',(1.455840995333,4.149653776391,9.705085462068
    ));
#8624 = CARTESIAN_POINT('',(1.418832883381,4.149653776391,9.705085462068
    ));
#8625 = ORIENTED_EDGE('',*,*,#8626,.T.);
#8626 = EDGE_CURVE('',#8618,#8627,#8629,.T.);
#8627 = VERTEX_POINT('',#8628);
#8628 = CARTESIAN_POINT('',(1.349185239303,4.149653776391,9.705085462068
    ));
#8629 = B_SPLINE_CURVE_WITH_KNOTS('',1,(#8630,#8631),.UNSPECIFIED.,.F.,
  .F.,(2,2),(-6.964764407778E-02,-0.),.PIECEWISE_BEZIER_KNOTS.);
#8630 = CARTESIAN_POINT('',(1.418832883381,4.149653776391,9.705085462068
    ));
#8631 = CARTESIAN_POINT('',(1.349185239303,4.149653776391,9.705085462068
    ));
#8632 = ORIENTED_EDGE('',*,*,#8633,.T.);
#8633 = EDGE_CURVE('',#8627,#8582,#8634,.T.);
#8634 = B_SPLINE_CURVE_WITH_KNOTS('',1,(#8635,#8636),.UNSPECIFIED.,.F.,
  .F.,(2,2),(-0.244141203975,-0.),.PIECEWISE_BEZIER_KNOTS.);
#8635 = CARTESIAN_POINT('',(1.349185239303,4.149653776391,9.705085462068
    ));
#8636 = CARTESIAN_POINT('',(1.349185239303,3.905512572415,9.705085462068
    ));
#8637 = FACE_BOUND('',#8638,.T.);
#8638 = EDGE_LOOP('',(#8639,#8648,#8655,#8664,#8673,#8682,#8691));
#8639 = ORIENTED_EDGE('',*,*,#8640,.F.);
#8640 = EDGE_CURVE('',#8641,#8643,#8645,.T.);
#8641 = VERTEX_POINT('',#8642);
#8642 = CARTESIAN_POINT('',(1.380701422331,4.12157004894,9.705085462068)
  );
#8643 = VERTEX_POINT('',#8644);
#8644 = CARTESIAN_POINT('',(1.380701422331,3.933346666734,9.705085462068
    ));
#8645 = B_SPLINE_CURVE_WITH_KNOTS('',1,(#8646,#8647),.UNSPECIFIED.,.F.,
  .F.,(2,2),(0.,0.188223382206),.PIECEWISE_BEZIER_KNOTS.);
#8646 = CARTESIAN_POINT('',(1.380701422331,4.12157004894,9.705085462068)
  );
#8647 = CARTESIAN_POINT('',(1.380701422331,3.933346666734,9.705085462068
    ));
#8648 = ORIENTED_EDGE('',*,*,#8649,.F.);
#8649 = EDGE_CURVE('',#8650,#8641,#8652,.T.);
#8650 = VERTEX_POINT('',#8651);
#8651 = CARTESIAN_POINT('',(1.417584717716,4.12157004894,9.705085462068)
  );
#8652 = B_SPLINE_CURVE_WITH_KNOTS('',1,(#8653,#8654),.UNSPECIFIED.,.F.,
  .F.,(2,2),(0.,3.688329538546E-02),.PIECEWISE_BEZIER_KNOTS.);
#8653 = CARTESIAN_POINT('',(1.417584717716,4.12157004894,9.705085462068)
  );
#8654 = CARTESIAN_POINT('',(1.380701422331,4.12157004894,9.705085462068)
  );
#8655 = ORIENTED_EDGE('',*,*,#8656,.F.);
#8656 = EDGE_CURVE('',#8657,#8650,#8659,.T.);
#8657 = VERTEX_POINT('',#8658);
#8658 = CARTESIAN_POINT('',(1.488043669477,4.098603800713,9.705085462068
    ));
#8659 = B_SPLINE_CURVE_WITH_KNOTS('',3,(#8660,#8661,#8662,#8663),
  .UNSPECIFIED.,.F.,.F.,(4,4),(5.,6.),.PIECEWISE_BEZIER_KNOTS.);
#8660 = CARTESIAN_POINT('',(1.488043669477,4.098603800713,9.705085462068
    ));
#8661 = CARTESIAN_POINT('',(1.470194900475,4.113956238385,9.705085462068
    ));
#8662 = CARTESIAN_POINT('',(1.446666977699,4.12157004894,9.705085462068)
  );
#8663 = CARTESIAN_POINT('',(1.417584717716,4.12157004894,9.705085462068)
  );
#8664 = ORIENTED_EDGE('',*,*,#8665,.F.);
#8665 = EDGE_CURVE('',#8666,#8657,#8668,.T.);
#8666 = VERTEX_POINT('',#8667);
#8667 = CARTESIAN_POINT('',(1.51481682298,4.029829872599,9.705085462068)
  );
#8668 = B_SPLINE_CURVE_WITH_KNOTS('',3,(#8669,#8670,#8671,#8672),
  .UNSPECIFIED.,.F.,.F.,(4,4),(4.,5.),.PIECEWISE_BEZIER_KNOTS.);
#8669 = CARTESIAN_POINT('',(1.51481682298,4.029829872599,9.705085462068)
  );
#8670 = CARTESIAN_POINT('',(1.51481682298,4.060285114813,9.705085462068)
  );
#8671 = CARTESIAN_POINT('',(1.505892438479,4.083251363039,9.705085462068
    ));
#8672 = CARTESIAN_POINT('',(1.488043669477,4.098603800713,9.705085462068
    ));
#8673 = ORIENTED_EDGE('',*,*,#8674,.F.);
#8674 = EDGE_CURVE('',#8675,#8666,#8677,.T.);
#8675 = VERTEX_POINT('',#8676);
#8676 = CARTESIAN_POINT('',(1.488730160593,3.958809246289,9.705085462068
    ));
#8677 = B_SPLINE_CURVE_WITH_KNOTS('',3,(#8678,#8679,#8680,#8681),
  .UNSPECIFIED.,.F.,.F.,(4,4),(3.,4.),.PIECEWISE_BEZIER_KNOTS.);
#8678 = CARTESIAN_POINT('',(1.488730160593,3.958809246289,9.705085462068
    ));
#8679 = CARTESIAN_POINT('',(1.506142071613,3.97565948276,9.705085462068)
  );
#8680 = CARTESIAN_POINT('',(1.51481682298,3.999374630385,9.705085462068)
  );
#8681 = CARTESIAN_POINT('',(1.51481682298,4.029829872599,9.705085462068)
  );
#8682 = ORIENTED_EDGE('',*,*,#8683,.F.);
#8683 = EDGE_CURVE('',#8684,#8675,#8686,.T.);
#8684 = VERTEX_POINT('',#8685);
#8685 = CARTESIAN_POINT('',(1.416149327202,3.933346666734,9.705085462068
    ));
#8686 = B_SPLINE_CURVE_WITH_KNOTS('',3,(#8687,#8688,#8689,#8690),
  .UNSPECIFIED.,.F.,.F.,(4,4),(2.,3.),.PIECEWISE_BEZIER_KNOTS.);
#8687 = CARTESIAN_POINT('',(1.416149327202,3.933346666734,9.705085462068
    ));
#8688 = CARTESIAN_POINT('',(1.447166243964,3.933346666734,9.705085462068
    ));
#8689 = CARTESIAN_POINT('',(1.471380657856,3.941834193251,9.705085462068
    ));
#8690 = CARTESIAN_POINT('',(1.488730160593,3.958809246289,9.705085462068
    ));
#8691 = ORIENTED_EDGE('',*,*,#8692,.F.);
#8692 = EDGE_CURVE('',#8643,#8684,#8693,.T.);
#8693 = B_SPLINE_CURVE_WITH_KNOTS('',1,(#8694,#8695),.UNSPECIFIED.,.F.,
  .F.,(2,2),(0.,3.544790487127E-02),.PIECEWISE_BEZIER_KNOTS.);
#8694 = CARTESIAN_POINT('',(1.380701422331,3.933346666734,9.705085462068
    ));
#8695 = CARTESIAN_POINT('',(1.416149327202,3.933346666734,9.705085462068
    ));
#8696 = B_SPLINE_SURFACE_WITH_KNOTS('',1,1,(
    (#8697,#8698)
    ,(#8699,#8700
    )),.UNSPECIFIED.,.F.,.F.,.F.,(2,2),(2,2),(-0.120479190765,
    7.829119130644E-02),(-0.236074933368,8.066270607189E-03),
  .PIECEWISE_BEZIER_KNOTS.);
#8697 = CARTESIAN_POINT('',(1.349185239303,3.905512572415,9.705085462068
    ));
#8698 = CARTESIAN_POINT('',(1.349185239303,4.149653776391,9.705085462068
    ));
#8699 = CARTESIAN_POINT('',(1.547955621374,3.905512572415,9.705085462068
    ));
#8700 = CARTESIAN_POINT('',(1.547955621374,4.149653776391,9.705085462068
    ));
#8701 = ADVANCED_FACE('',(#8702),#8716,.F.);
#8702 = FACE_BOUND('',#8703,.T.);
#8703 = EDGE_LOOP('',(#8704,#8705,#8710,#8711));
#8704 = ORIENTED_EDGE('',*,*,#1551,.T.);
#8705 = ORIENTED_EDGE('',*,*,#8706,.F.);
#8706 = EDGE_CURVE('',#8584,#1541,#8707,.T.);
#8707 = B_SPLINE_CURVE_WITH_KNOTS('',1,(#8708,#8709),.UNSPECIFIED.,.F.,
  .F.,(2,2),(-0.,9.234144017191E-03),.PIECEWISE_BEZIER_KNOTS.);
#8708 = CARTESIAN_POINT('',(1.416336552053,3.905512572415,9.705085462068
    ));
#8709 = CARTESIAN_POINT('',(1.416336552053,3.905512572415,9.695851318051
    ));
#8710 = ORIENTED_EDGE('',*,*,#8581,.F.);
#8711 = ORIENTED_EDGE('',*,*,#8712,.T.);
#8712 = EDGE_CURVE('',#8582,#1552,#8713,.T.);
#8713 = B_SPLINE_CURVE_WITH_KNOTS('',1,(#8714,#8715),.UNSPECIFIED.,.F.,
  .F.,(2,2),(-0.,9.234144017191E-03),.PIECEWISE_BEZIER_KNOTS.);
#8714 = CARTESIAN_POINT('',(1.349185239303,3.905512572415,9.705085462068
    ));
#8715 = CARTESIAN_POINT('',(1.349185239303,3.905512572415,9.695851318051
    ));
#8716 = B_SPLINE_SURFACE_WITH_KNOTS('',1,1,(
    (#8717,#8718)
    ,(#8719,#8720
    )),.UNSPECIFIED.,.F.,.F.,.F.,(2,2),(2,2),(-9.234144017191E-03,0.),(
    -6.715131274997E-02,0.),.PIECEWISE_BEZIER_KNOTS.);
#8717 = CARTESIAN_POINT('',(1.349185239303,3.905512572415,9.695851318051
    ));
#8718 = CARTESIAN_POINT('',(1.416336552053,3.905512572415,9.695851318051
    ));
#8719 = CARTESIAN_POINT('',(1.349185239303,3.905512572415,9.705085462068
    ));
#8720 = CARTESIAN_POINT('',(1.416336552053,3.905512572415,9.705085462068
    ));
#8721 = ADVANCED_FACE('',(#8722),#8732,.F.);
#8722 = FACE_BOUND('',#8723,.F.);
#8723 = EDGE_LOOP('',(#8724,#8725,#8726,#8731));
#8724 = ORIENTED_EDGE('',*,*,#8706,.F.);
#8725 = ORIENTED_EDGE('',*,*,#8590,.T.);
#8726 = ORIENTED_EDGE('',*,*,#8727,.T.);
#8727 = EDGE_CURVE('',#8591,#1543,#8728,.T.);
#8728 = B_SPLINE_CURVE_WITH_KNOTS('',1,(#8729,#8730),.UNSPECIFIED.,.F.,
  .F.,(2,2),(-0.,9.234144017191E-03),.PIECEWISE_BEZIER_KNOTS.);
#8729 = CARTESIAN_POINT('',(1.51113473427,3.939712311622,9.705085462068)
  );
#8730 = CARTESIAN_POINT('',(1.51113473427,3.939712311622,9.695851318051)
  );
#8731 = ORIENTED_EDGE('',*,*,#1540,.F.);
#8732 = B_SPLINE_SURFACE_WITH_KNOTS('',3,1,(
    (#8733,#8734)
    ,(#8735,#8736)
    ,(#8737,#8738)
    ,(#8739,#8740
    )),.UNSPECIFIED.,.F.,.F.,.F.,(4,4),(2,2),(5.,6.),(0.,1.),
  .PIECEWISE_BEZIER_KNOTS.);
#8733 = CARTESIAN_POINT('',(1.416336552053,3.905512572415,9.705085462068
    ));
#8734 = CARTESIAN_POINT('',(1.416336552053,3.905512572415,9.695851318051
    ));
#8735 = CARTESIAN_POINT('',(1.454967279369,3.905512572415,9.705085462068
    ));
#8736 = CARTESIAN_POINT('',(1.454967279369,3.905512572415,9.695851318051
    ));
#8737 = CARTESIAN_POINT('',(1.486608278964,3.916870879961,9.705085462068
    ));
#8738 = CARTESIAN_POINT('',(1.486608278964,3.916870879961,9.695851318051
    ));
#8739 = CARTESIAN_POINT('',(1.51113473427,3.939712311622,9.705085462068)
  );
#8740 = CARTESIAN_POINT('',(1.51113473427,3.939712311622,9.695851318051)
  );
#8741 = ADVANCED_FACE('',(#8742),#8752,.F.);
#8742 = FACE_BOUND('',#8743,.F.);
#8743 = EDGE_LOOP('',(#8744,#8745,#8746,#8751));
#8744 = ORIENTED_EDGE('',*,*,#8727,.F.);
#8745 = ORIENTED_EDGE('',*,*,#8599,.T.);
#8746 = ORIENTED_EDGE('',*,*,#8747,.T.);
#8747 = EDGE_CURVE('',#8600,#1582,#8748,.T.);
#8748 = B_SPLINE_CURVE_WITH_KNOTS('',1,(#8749,#8750),.UNSPECIFIED.,.F.,
  .F.,(2,2),(-0.,9.234144017191E-03),.PIECEWISE_BEZIER_KNOTS.);
#8749 = CARTESIAN_POINT('',(1.547955621374,4.030703588563,9.705085462068
    ));
#8750 = CARTESIAN_POINT('',(1.547955621374,4.030703588563,9.695851318051
    ));
#8751 = ORIENTED_EDGE('',*,*,#1590,.F.);
#8752 = B_SPLINE_SURFACE_WITH_KNOTS('',3,1,(
    (#8753,#8754)
    ,(#8755,#8756)
    ,(#8757,#8758)
    ,(#8759,#8760
    )),.UNSPECIFIED.,.F.,.F.,.F.,(4,4),(2,2),(4.,5.),(0.,1.),
  .PIECEWISE_BEZIER_KNOTS.);
#8753 = CARTESIAN_POINT('',(1.51113473427,3.939712311622,9.705085462068)
  );
#8754 = CARTESIAN_POINT('',(1.51113473427,3.939712311622,9.695851318051)
  );
#8755 = CARTESIAN_POINT('',(1.535661189578,3.962553743283,9.705085462068
    ));
#8756 = CARTESIAN_POINT('',(1.535661189578,3.962553743283,9.695851318051
    ));
#8757 = CARTESIAN_POINT('',(1.547955621374,3.992884168929,9.705085462068
    ));
#8758 = CARTESIAN_POINT('',(1.547955621374,3.992884168929,9.695851318051
    ));
#8759 = CARTESIAN_POINT('',(1.547955621374,4.030703588563,9.705085462068
    ));
#8760 = CARTESIAN_POINT('',(1.547955621374,4.030703588563,9.695851318051
    ));
#8761 = ADVANCED_FACE('',(#8762),#8772,.F.);
#8762 = FACE_BOUND('',#8763,.F.);
#8763 = EDGE_LOOP('',(#8764,#8765,#8766,#8771));
#8764 = ORIENTED_EDGE('',*,*,#8747,.F.);
#8765 = ORIENTED_EDGE('',*,*,#8608,.T.);
#8766 = ORIENTED_EDGE('',*,*,#8767,.T.);
#8767 = EDGE_CURVE('',#8609,#1573,#8768,.T.);
#8768 = B_SPLINE_CURVE_WITH_KNOTS('',1,(#8769,#8770),.UNSPECIFIED.,.F.,
  .F.,(2,2),(-0.,9.234144017191E-03),.PIECEWISE_BEZIER_KNOTS.);
#8769 = CARTESIAN_POINT('',(1.51113473427,4.11732628568,9.705085462068)
  );
#8770 = CARTESIAN_POINT('',(1.51113473427,4.11732628568,9.695851318051)
  );
#8771 = ORIENTED_EDGE('',*,*,#1581,.F.);
#8772 = B_SPLINE_SURFACE_WITH_KNOTS('',3,1,(
    (#8773,#8774)
    ,(#8775,#8776)
    ,(#8777,#8778)
    ,(#8779,#8780
    )),.UNSPECIFIED.,.F.,.F.,.F.,(4,4),(2,2),(3.,4.),(0.,1.),
  .PIECEWISE_BEZIER_KNOTS.);
#8773 = CARTESIAN_POINT('',(1.547955621374,4.030703588563,9.705085462068
    ));
#8774 = CARTESIAN_POINT('',(1.547955621374,4.030703588563,9.695851318051
    ));
#8775 = CARTESIAN_POINT('',(1.547955621374,4.066900392834,9.705085462068
    ));
#8776 = CARTESIAN_POINT('',(1.547955621374,4.066900392834,9.695851318051
    ));
#8777 = CARTESIAN_POINT('',(1.535661189578,4.095733019684,9.705085462068
    ));
#8778 = CARTESIAN_POINT('',(1.535661189578,4.095733019684,9.695851318051
    ));
#8779 = CARTESIAN_POINT('',(1.51113473427,4.11732628568,9.705085462068)
  );
#8780 = CARTESIAN_POINT('',(1.51113473427,4.11732628568,9.695851318051)
  );
#8781 = ADVANCED_FACE('',(#8782),#8792,.F.);
#8782 = FACE_BOUND('',#8783,.F.);
#8783 = EDGE_LOOP('',(#8784,#8785,#8786,#8791));
#8784 = ORIENTED_EDGE('',*,*,#8767,.F.);
#8785 = ORIENTED_EDGE('',*,*,#8617,.T.);
#8786 = ORIENTED_EDGE('',*,*,#8787,.T.);
#8787 = EDGE_CURVE('',#8618,#1566,#8788,.T.);
#8788 = B_SPLINE_CURVE_WITH_KNOTS('',1,(#8789,#8790),.UNSPECIFIED.,.F.,
  .F.,(2,2),(-0.,9.234144017191E-03),.PIECEWISE_BEZIER_KNOTS.);
#8789 = CARTESIAN_POINT('',(1.418832883381,4.149653776391,9.705085462068
    ));
#8790 = CARTESIAN_POINT('',(1.418832883381,4.149653776391,9.695851318051
    ));
#8791 = ORIENTED_EDGE('',*,*,#1572,.F.);
#8792 = B_SPLINE_SURFACE_WITH_KNOTS('',3,1,(
    (#8793,#8794)
    ,(#8795,#8796)
    ,(#8797,#8798)
    ,(#8799,#8800
    )),.UNSPECIFIED.,.F.,.F.,.F.,(4,4),(2,2),(2.,3.),(0.,1.),
  .PIECEWISE_BEZIER_KNOTS.);
#8793 = CARTESIAN_POINT('',(1.51113473427,4.11732628568,9.705085462068)
  );
#8794 = CARTESIAN_POINT('',(1.51113473427,4.11732628568,9.695851318051)
  );
#8795 = CARTESIAN_POINT('',(1.486608278964,4.138919551675,9.705085462068
    ));
#8796 = CARTESIAN_POINT('',(1.486608278964,4.138919551675,9.695851318051
    ));
#8797 = CARTESIAN_POINT('',(1.455840995333,4.149653776391,9.705085462068
    ));
#8798 = CARTESIAN_POINT('',(1.455840995333,4.149653776391,9.695851318051
    ));
#8799 = CARTESIAN_POINT('',(1.418832883381,4.149653776391,9.705085462068
    ));
#8800 = CARTESIAN_POINT('',(1.418832883381,4.149653776391,9.695851318051
    ));
#8801 = ADVANCED_FACE('',(#8802),#8812,.F.);
#8802 = FACE_BOUND('',#8803,.T.);
#8803 = EDGE_LOOP('',(#8804,#8805,#8810,#8811));
#8804 = ORIENTED_EDGE('',*,*,#1565,.T.);
#8805 = ORIENTED_EDGE('',*,*,#8806,.F.);
#8806 = EDGE_CURVE('',#8627,#1559,#8807,.T.);
#8807 = B_SPLINE_CURVE_WITH_KNOTS('',1,(#8808,#8809),.UNSPECIFIED.,.F.,
  .F.,(2,2),(-0.,9.234144017191E-03),.PIECEWISE_BEZIER_KNOTS.);
#8808 = CARTESIAN_POINT('',(1.349185239303,4.149653776391,9.705085462068
    ));
#8809 = CARTESIAN_POINT('',(1.349185239303,4.149653776391,9.695851318051
    ));
#8810 = ORIENTED_EDGE('',*,*,#8626,.F.);
#8811 = ORIENTED_EDGE('',*,*,#8787,.T.);
#8812 = B_SPLINE_SURFACE_WITH_KNOTS('',1,1,(
    (#8813,#8814)
    ,(#8815,#8816
    )),.UNSPECIFIED.,.F.,.F.,.F.,(2,2),(2,2),(0.,9.234144017191E-03),(0.
    ,6.964764407778E-02),.PIECEWISE_BEZIER_KNOTS.);
#8813 = CARTESIAN_POINT('',(1.349185239303,4.149653776391,9.705085462068
    ));
#8814 = CARTESIAN_POINT('',(1.418832883381,4.149653776391,9.705085462068
    ));
#8815 = CARTESIAN_POINT('',(1.349185239303,4.149653776391,9.695851318051
    ));
#8816 = CARTESIAN_POINT('',(1.418832883381,4.149653776391,9.695851318051
    ));
#8817 = ADVANCED_FACE('',(#8818),#8824,.F.);
#8818 = FACE_BOUND('',#8819,.T.);
#8819 = EDGE_LOOP('',(#8820,#8821,#8822,#8823));
#8820 = ORIENTED_EDGE('',*,*,#1558,.T.);
#8821 = ORIENTED_EDGE('',*,*,#8712,.F.);
#8822 = ORIENTED_EDGE('',*,*,#8633,.F.);
#8823 = ORIENTED_EDGE('',*,*,#8806,.T.);
#8824 = B_SPLINE_SURFACE_WITH_KNOTS('',1,1,(
    (#8825,#8826)
    ,(#8827,#8828
    )),.UNSPECIFIED.,.F.,.F.,.F.,(2,2),(2,2),(0.,9.234144017191E-03),(0.
    ,0.244141203975),.PIECEWISE_BEZIER_KNOTS.);
#8825 = CARTESIAN_POINT('',(1.349185239303,3.905512572415,9.705085462068
    ));
#8826 = CARTESIAN_POINT('',(1.349185239303,4.149653776391,9.705085462068
    ));
#8827 = CARTESIAN_POINT('',(1.349185239303,3.905512572415,9.695851318051
    ));
#8828 = CARTESIAN_POINT('',(1.349185239303,4.149653776391,9.695851318051
    ));
#8829 = ADVANCED_FACE('',(#8830),#8852,.T.);
#8830 = FACE_BOUND('',#8831,.T.);
#8831 = EDGE_LOOP('',(#8832,#8841,#8846,#8847));
#8832 = ORIENTED_EDGE('',*,*,#8833,.F.);
#8833 = EDGE_CURVE('',#8834,#8836,#8838,.T.);
#8834 = VERTEX_POINT('',#8835);
#8835 = CARTESIAN_POINT('',(1.417584717716,4.12157004894,9.695851318051)
  );
#8836 = VERTEX_POINT('',#8837);
#8837 = CARTESIAN_POINT('',(1.380701422331,4.12157004894,9.695851318051)
  );
#8838 = B_SPLINE_CURVE_WITH_KNOTS('',1,(#8839,#8840),.UNSPECIFIED.,.F.,
  .F.,(2,2),(0.,3.688329538546E-02),.PIECEWISE_BEZIER_KNOTS.);
#8839 = CARTESIAN_POINT('',(1.417584717716,4.12157004894,9.695851318051)
  );
#8840 = CARTESIAN_POINT('',(1.380701422331,4.12157004894,9.695851318051)
  );
#8841 = ORIENTED_EDGE('',*,*,#8842,.F.);
#8842 = EDGE_CURVE('',#8650,#8834,#8843,.T.);
#8843 = B_SPLINE_CURVE_WITH_KNOTS('',1,(#8844,#8845),.UNSPECIFIED.,.F.,
  .F.,(2,2),(-0.,9.234144017191E-03),.PIECEWISE_BEZIER_KNOTS.);
#8844 = CARTESIAN_POINT('',(1.417584717716,4.12157004894,9.705085462068)
  );
#8845 = CARTESIAN_POINT('',(1.417584717716,4.12157004894,9.695851318051)
  );
#8846 = ORIENTED_EDGE('',*,*,#8649,.T.);
#8847 = ORIENTED_EDGE('',*,*,#8848,.T.);
#8848 = EDGE_CURVE('',#8641,#8836,#8849,.T.);
#8849 = B_SPLINE_CURVE_WITH_KNOTS('',1,(#8850,#8851),.UNSPECIFIED.,.F.,
  .F.,(2,2),(-0.,9.234144017191E-03),.PIECEWISE_BEZIER_KNOTS.);
#8850 = CARTESIAN_POINT('',(1.380701422331,4.12157004894,9.705085462068)
  );
#8851 = CARTESIAN_POINT('',(1.380701422331,4.12157004894,9.695851318051)
  );
#8852 = B_SPLINE_SURFACE_WITH_KNOTS('',1,1,(
    (#8853,#8854)
    ,(#8855,#8856
    )),.UNSPECIFIED.,.F.,.F.,.F.,(2,2),(2,2),(0.,9.234144017191E-03),(
    -3.688329538546E-02,0.),.PIECEWISE_BEZIER_KNOTS.);
#8853 = CARTESIAN_POINT('',(1.380701422331,4.12157004894,9.705085462068)
  );
#8854 = CARTESIAN_POINT('',(1.417584717716,4.12157004894,9.705085462068)
  );
#8855 = CARTESIAN_POINT('',(1.380701422331,4.12157004894,9.695851318051)
  );
#8856 = CARTESIAN_POINT('',(1.417584717716,4.12157004894,9.695851318051)
  );
#8857 = ADVANCED_FACE('',(#8858),#8874,.T.);
#8858 = FACE_BOUND('',#8859,.T.);
#8859 = EDGE_LOOP('',(#8860,#8867,#8868,#8869));
#8860 = ORIENTED_EDGE('',*,*,#8861,.F.);
#8861 = EDGE_CURVE('',#8836,#8862,#8864,.T.);
#8862 = VERTEX_POINT('',#8863);
#8863 = CARTESIAN_POINT('',(1.380701422331,3.933346666734,9.695851318051
    ));
#8864 = B_SPLINE_CURVE_WITH_KNOTS('',1,(#8865,#8866),.UNSPECIFIED.,.F.,
  .F.,(2,2),(0.,0.188223382206),.PIECEWISE_BEZIER_KNOTS.);
#8865 = CARTESIAN_POINT('',(1.380701422331,4.12157004894,9.695851318051)
  );
#8866 = CARTESIAN_POINT('',(1.380701422331,3.933346666734,9.695851318051
    ));
#8867 = ORIENTED_EDGE('',*,*,#8848,.F.);
#8868 = ORIENTED_EDGE('',*,*,#8640,.T.);
#8869 = ORIENTED_EDGE('',*,*,#8870,.T.);
#8870 = EDGE_CURVE('',#8643,#8862,#8871,.T.);
#8871 = B_SPLINE_CURVE_WITH_KNOTS('',1,(#8872,#8873),.UNSPECIFIED.,.F.,
  .F.,(2,2),(-0.,9.234144017191E-03),.PIECEWISE_BEZIER_KNOTS.);
#8872 = CARTESIAN_POINT('',(1.380701422331,3.933346666734,9.705085462068
    ));
#8873 = CARTESIAN_POINT('',(1.380701422331,3.933346666734,9.695851318051
    ));
#8874 = B_SPLINE_SURFACE_WITH_KNOTS('',1,1,(
    (#8875,#8876)
    ,(#8877,#8878
    )),.UNSPECIFIED.,.F.,.F.,.F.,(2,2),(2,2),(0.,9.234144017191E-03),(
    -0.188223382206,0.),.PIECEWISE_BEZIER_KNOTS.);
#8875 = CARTESIAN_POINT('',(1.380701422331,3.933346666734,9.705085462068
    ));
#8876 = CARTESIAN_POINT('',(1.380701422331,4.12157004894,9.705085462068)
  );
#8877 = CARTESIAN_POINT('',(1.380701422331,3.933346666734,9.695851318051
    ));
#8878 = CARTESIAN_POINT('',(1.380701422331,4.12157004894,9.695851318051)
  );
#8879 = ADVANCED_FACE('',(#8880),#8896,.T.);
#8880 = FACE_BOUND('',#8881,.T.);
#8881 = EDGE_LOOP('',(#8882,#8889,#8890,#8891));
#8882 = ORIENTED_EDGE('',*,*,#8883,.F.);
#8883 = EDGE_CURVE('',#8862,#8884,#8886,.T.);
#8884 = VERTEX_POINT('',#8885);
#8885 = CARTESIAN_POINT('',(1.416149327202,3.933346666734,9.695851318051
    ));
#8886 = B_SPLINE_CURVE_WITH_KNOTS('',1,(#8887,#8888),.UNSPECIFIED.,.F.,
  .F.,(2,2),(0.,3.544790487127E-02),.PIECEWISE_BEZIER_KNOTS.);
#8887 = CARTESIAN_POINT('',(1.380701422331,3.933346666734,9.695851318051
    ));
#8888 = CARTESIAN_POINT('',(1.416149327202,3.933346666734,9.695851318051
    ));
#8889 = ORIENTED_EDGE('',*,*,#8870,.F.);
#8890 = ORIENTED_EDGE('',*,*,#8692,.T.);
#8891 = ORIENTED_EDGE('',*,*,#8892,.T.);
#8892 = EDGE_CURVE('',#8684,#8884,#8893,.T.);
#8893 = B_SPLINE_CURVE_WITH_KNOTS('',1,(#8894,#8895),.UNSPECIFIED.,.F.,
  .F.,(2,2),(-0.,9.234144017191E-03),.PIECEWISE_BEZIER_KNOTS.);
#8894 = CARTESIAN_POINT('',(1.416149327202,3.933346666734,9.705085462068
    ));
#8895 = CARTESIAN_POINT('',(1.416149327202,3.933346666734,9.695851318051
    ));
#8896 = B_SPLINE_SURFACE_WITH_KNOTS('',1,1,(
    (#8897,#8898)
    ,(#8899,#8900
    )),.UNSPECIFIED.,.F.,.F.,.F.,(2,2),(2,2),(-9.234144017191E-03,0.),(
    0.,3.544790487127E-02),.PIECEWISE_BEZIER_KNOTS.);
#8897 = CARTESIAN_POINT('',(1.380701422331,3.933346666734,9.695851318051
    ));
#8898 = CARTESIAN_POINT('',(1.416149327202,3.933346666734,9.695851318051
    ));
#8899 = CARTESIAN_POINT('',(1.380701422331,3.933346666734,9.705085462068
    ));
#8900 = CARTESIAN_POINT('',(1.416149327202,3.933346666734,9.705085462068
    ));
#8901 = ADVANCED_FACE('',(#8902),#8920,.T.);
#8902 = FACE_BOUND('',#8903,.T.);
#8903 = EDGE_LOOP('',(#8904,#8913,#8914,#8915));
#8904 = ORIENTED_EDGE('',*,*,#8905,.F.);
#8905 = EDGE_CURVE('',#8884,#8906,#8908,.T.);
#8906 = VERTEX_POINT('',#8907);
#8907 = CARTESIAN_POINT('',(1.488730160593,3.958809246289,9.695851318051
    ));
#8908 = B_SPLINE_CURVE_WITH_KNOTS('',3,(#8909,#8910,#8911,#8912),
  .UNSPECIFIED.,.F.,.F.,(4,4),(2.,3.),.PIECEWISE_BEZIER_KNOTS.);
#8909 = CARTESIAN_POINT('',(1.416149327202,3.933346666734,9.695851318051
    ));
#8910 = CARTESIAN_POINT('',(1.447166243964,3.933346666734,9.695851318051
    ));
#8911 = CARTESIAN_POINT('',(1.471380657856,3.941834193251,9.695851318051
    ));
#8912 = CARTESIAN_POINT('',(1.488730160593,3.958809246289,9.695851318051
    ));
#8913 = ORIENTED_EDGE('',*,*,#8892,.F.);
#8914 = ORIENTED_EDGE('',*,*,#8683,.T.);
#8915 = ORIENTED_EDGE('',*,*,#8916,.T.);
#8916 = EDGE_CURVE('',#8675,#8906,#8917,.T.);
#8917 = B_SPLINE_CURVE_WITH_KNOTS('',1,(#8918,#8919),.UNSPECIFIED.,.F.,
  .F.,(2,2),(-0.,9.234144017191E-03),.PIECEWISE_BEZIER_KNOTS.);
#8918 = CARTESIAN_POINT('',(1.488730160593,3.958809246289,9.705085462068
    ));
#8919 = CARTESIAN_POINT('',(1.488730160593,3.958809246289,9.695851318051
    ));
#8920 = B_SPLINE_SURFACE_WITH_KNOTS('',3,1,(
    (#8921,#8922)
    ,(#8923,#8924)
    ,(#8925,#8926)
    ,(#8927,#8928
    )),.UNSPECIFIED.,.F.,.F.,.F.,(4,4),(2,2),(2.,3.),(0.,1.),
  .PIECEWISE_BEZIER_KNOTS.);
#8921 = CARTESIAN_POINT('',(1.416149327202,3.933346666734,9.705085462068
    ));
#8922 = CARTESIAN_POINT('',(1.416149327202,3.933346666734,9.695851318051
    ));
#8923 = CARTESIAN_POINT('',(1.447166243964,3.933346666734,9.705085462068
    ));
#8924 = CARTESIAN_POINT('',(1.447166243964,3.933346666734,9.695851318051
    ));
#8925 = CARTESIAN_POINT('',(1.471380657856,3.941834193251,9.705085462068
    ));
#8926 = CARTESIAN_POINT('',(1.471380657856,3.941834193251,9.695851318051
    ));
#8927 = CARTESIAN_POINT('',(1.488730160593,3.958809246289,9.705085462068
    ));
#8928 = CARTESIAN_POINT('',(1.488730160593,3.958809246289,9.695851318051
    ));
#8929 = ADVANCED_FACE('',(#8930),#8948,.T.);
#8930 = FACE_BOUND('',#8931,.T.);
#8931 = EDGE_LOOP('',(#8932,#8941,#8942,#8943));
#8932 = ORIENTED_EDGE('',*,*,#8933,.F.);
#8933 = EDGE_CURVE('',#8906,#8934,#8936,.T.);
#8934 = VERTEX_POINT('',#8935);
#8935 = CARTESIAN_POINT('',(1.51481682298,4.029829872599,9.695851318051)
  );
#8936 = B_SPLINE_CURVE_WITH_KNOTS('',3,(#8937,#8938,#8939,#8940),
  .UNSPECIFIED.,.F.,.F.,(4,4),(3.,4.),.PIECEWISE_BEZIER_KNOTS.);
#8937 = CARTESIAN_POINT('',(1.488730160593,3.958809246289,9.695851318051
    ));
#8938 = CARTESIAN_POINT('',(1.506142071613,3.97565948276,9.695851318051)
  );
#8939 = CARTESIAN_POINT('',(1.51481682298,3.999374630385,9.695851318051)
  );
#8940 = CARTESIAN_POINT('',(1.51481682298,4.029829872599,9.695851318051)
  );
#8941 = ORIENTED_EDGE('',*,*,#8916,.F.);
#8942 = ORIENTED_EDGE('',*,*,#8674,.T.);
#8943 = ORIENTED_EDGE('',*,*,#8944,.T.);
#8944 = EDGE_CURVE('',#8666,#8934,#8945,.T.);
#8945 = B_SPLINE_CURVE_WITH_KNOTS('',1,(#8946,#8947),.UNSPECIFIED.,.F.,
  .F.,(2,2),(-0.,9.234144017191E-03),.PIECEWISE_BEZIER_KNOTS.);
#8946 = CARTESIAN_POINT('',(1.51481682298,4.029829872599,9.705085462068)
  );
#8947 = CARTESIAN_POINT('',(1.51481682298,4.029829872599,9.695851318051)
  );
#8948 = B_SPLINE_SURFACE_WITH_KNOTS('',3,1,(
    (#8949,#8950)
    ,(#8951,#8952)
    ,(#8953,#8954)
    ,(#8955,#8956
    )),.UNSPECIFIED.,.F.,.F.,.F.,(4,4),(2,2),(3.,4.),(0.,1.),
  .PIECEWISE_BEZIER_KNOTS.);
#8949 = CARTESIAN_POINT('',(1.488730160593,3.958809246289,9.705085462068
    ));
#8950 = CARTESIAN_POINT('',(1.488730160593,3.958809246289,9.695851318051
    ));
#8951 = CARTESIAN_POINT('',(1.506142071613,3.97565948276,9.705085462068)
  );
#8952 = CARTESIAN_POINT('',(1.506142071613,3.97565948276,9.695851318051)
  );
#8953 = CARTESIAN_POINT('',(1.51481682298,3.999374630385,9.705085462068)
  );
#8954 = CARTESIAN_POINT('',(1.51481682298,3.999374630385,9.695851318051)
  );
#8955 = CARTESIAN_POINT('',(1.51481682298,4.029829872599,9.705085462068)
  );
#8956 = CARTESIAN_POINT('',(1.51481682298,4.029829872599,9.695851318051)
  );
#8957 = ADVANCED_FACE('',(#8958),#8976,.T.);
#8958 = FACE_BOUND('',#8959,.T.);
#8959 = EDGE_LOOP('',(#8960,#8969,#8970,#8971));
#8960 = ORIENTED_EDGE('',*,*,#8961,.F.);
#8961 = EDGE_CURVE('',#8934,#8962,#8964,.T.);
#8962 = VERTEX_POINT('',#8963);
#8963 = CARTESIAN_POINT('',(1.488043669477,4.098603800713,9.695851318051
    ));
#8964 = B_SPLINE_CURVE_WITH_KNOTS('',3,(#8965,#8966,#8967,#8968),
  .UNSPECIFIED.,.F.,.F.,(4,4),(4.,5.),.PIECEWISE_BEZIER_KNOTS.);
#8965 = CARTESIAN_POINT('',(1.51481682298,4.029829872599,9.695851318051)
  );
#8966 = CARTESIAN_POINT('',(1.51481682298,4.060285114813,9.695851318051)
  );
#8967 = CARTESIAN_POINT('',(1.505892438479,4.083251363039,9.695851318051
    ));
#8968 = CARTESIAN_POINT('',(1.488043669477,4.098603800713,9.695851318051
    ));
#8969 = ORIENTED_EDGE('',*,*,#8944,.F.);
#8970 = ORIENTED_EDGE('',*,*,#8665,.T.);
#8971 = ORIENTED_EDGE('',*,*,#8972,.T.);
#8972 = EDGE_CURVE('',#8657,#8962,#8973,.T.);
#8973 = B_SPLINE_CURVE_WITH_KNOTS('',1,(#8974,#8975),.UNSPECIFIED.,.F.,
  .F.,(2,2),(-0.,9.234144017191E-03),.PIECEWISE_BEZIER_KNOTS.);
#8974 = CARTESIAN_POINT('',(1.488043669477,4.098603800713,9.705085462068
    ));
#8975 = CARTESIAN_POINT('',(1.488043669477,4.098603800713,9.695851318051
    ));
#8976 = B_SPLINE_SURFACE_WITH_KNOTS('',3,1,(
    (#8977,#8978)
    ,(#8979,#8980)
    ,(#8981,#8982)
    ,(#8983,#8984
    )),.UNSPECIFIED.,.F.,.F.,.F.,(4,4),(2,2),(4.,5.),(0.,1.),
  .PIECEWISE_BEZIER_KNOTS.);
#8977 = CARTESIAN_POINT('',(1.51481682298,4.029829872599,9.705085462068)
  );
#8978 = CARTESIAN_POINT('',(1.51481682298,4.029829872599,9.695851318051)
  );
#8979 = CARTESIAN_POINT('',(1.51481682298,4.060285114813,9.705085462068)
  );
#8980 = CARTESIAN_POINT('',(1.51481682298,4.060285114813,9.695851318051)
  );
#8981 = CARTESIAN_POINT('',(1.505892438479,4.083251363039,9.705085462068
    ));
#8982 = CARTESIAN_POINT('',(1.505892438479,4.083251363039,9.695851318051
    ));
#8983 = CARTESIAN_POINT('',(1.488043669477,4.098603800713,9.705085462068
    ));
#8984 = CARTESIAN_POINT('',(1.488043669477,4.098603800713,9.695851318051
    ));
#8985 = ADVANCED_FACE('',(#8986),#8998,.T.);
#8986 = FACE_BOUND('',#8987,.T.);
#8987 = EDGE_LOOP('',(#8988,#8995,#8996,#8997));
#8988 = ORIENTED_EDGE('',*,*,#8989,.F.);
#8989 = EDGE_CURVE('',#8962,#8834,#8990,.T.);
#8990 = B_SPLINE_CURVE_WITH_KNOTS('',3,(#8991,#8992,#8993,#8994),
  .UNSPECIFIED.,.F.,.F.,(4,4),(5.,6.),.PIECEWISE_BEZIER_KNOTS.);
#8991 = CARTESIAN_POINT('',(1.488043669477,4.098603800713,9.695851318051
    ));
#8992 = CARTESIAN_POINT('',(1.470194900475,4.113956238385,9.695851318051
    ));
#8993 = CARTESIAN_POINT('',(1.446666977699,4.12157004894,9.695851318051)
  );
#8994 = CARTESIAN_POINT('',(1.417584717716,4.12157004894,9.695851318051)
  );
#8995 = ORIENTED_EDGE('',*,*,#8972,.F.);
#8996 = ORIENTED_EDGE('',*,*,#8656,.T.);
#8997 = ORIENTED_EDGE('',*,*,#8842,.T.);
#8998 = B_SPLINE_SURFACE_WITH_KNOTS('',3,1,(
    (#8999,#9000)
    ,(#9001,#9002)
    ,(#9003,#9004)
    ,(#9005,#9006
    )),.UNSPECIFIED.,.F.,.F.,.F.,(4,4),(2,2),(5.,6.),(0.,1.),
  .PIECEWISE_BEZIER_KNOTS.);
#8999 = CARTESIAN_POINT('',(1.488043669477,4.098603800713,9.705085462068
    ));
#9000 = CARTESIAN_POINT('',(1.488043669477,4.098603800713,9.695851318051
    ));
#9001 = CARTESIAN_POINT('',(1.470194900475,4.113956238385,9.705085462068
    ));
#9002 = CARTESIAN_POINT('',(1.470194900475,4.113956238385,9.695851318051
    ));
#9003 = CARTESIAN_POINT('',(1.446666977699,4.12157004894,9.705085462068)
  );
#9004 = CARTESIAN_POINT('',(1.446666977699,4.12157004894,9.695851318051)
  );
#9005 = CARTESIAN_POINT('',(1.417584717716,4.12157004894,9.705085462068)
  );
#9006 = CARTESIAN_POINT('',(1.417584717716,4.12157004894,9.695851318051)
  );
#9007 = ADVANCED_FACE('',(#9008),#9017,.T.);
#9008 = FACE_BOUND('',#9009,.T.);
#9009 = EDGE_LOOP('',(#9010,#9011,#9012,#9013,#9014,#9015,#9016));
#9010 = ORIENTED_EDGE('',*,*,#8833,.T.);
#9011 = ORIENTED_EDGE('',*,*,#8861,.T.);
#9012 = ORIENTED_EDGE('',*,*,#8883,.T.);
#9013 = ORIENTED_EDGE('',*,*,#8905,.T.);
#9014 = ORIENTED_EDGE('',*,*,#8933,.T.);
#9015 = ORIENTED_EDGE('',*,*,#8961,.T.);
#9016 = ORIENTED_EDGE('',*,*,#8989,.T.);
#9017 = B_SPLINE_SURFACE_WITH_KNOTS('',1,1,(
    (#9018,#9019)
    ,(#9020,#9021
    )),.UNSPECIFIED.,.F.,.F.,.F.,(2,2),(2,2),(1.380701422331,
    1.51481682298),(3.933346666734,4.12157004894),
  .PIECEWISE_BEZIER_KNOTS.);
#9018 = CARTESIAN_POINT('',(1.380701422331,3.933346666734,9.695851318051
    ));
#9019 = CARTESIAN_POINT('',(1.380701422331,4.12157004894,9.695851318051)
  );
#9020 = CARTESIAN_POINT('',(1.51481682298,3.933346666734,9.695851318051)
  );
#9021 = CARTESIAN_POINT('',(1.51481682298,4.12157004894,9.695851318051)
  );
#9022 = ADVANCED_FACE('',(#9023,#9081),#9129,.F.);
#9023 = FACE_BOUND('',#9024,.T.);
#9024 = EDGE_LOOP('',(#9025,#9034,#9041,#9048,#9055,#9062,#9069,#9076));
#9025 = ORIENTED_EDGE('',*,*,#9026,.T.);
#9026 = EDGE_CURVE('',#9027,#9029,#9031,.T.);
#9027 = VERTEX_POINT('',#9028);
#9028 = CARTESIAN_POINT('',(1.781175375784,3.905512572415,9.705085462068
    ));
#9029 = VERTEX_POINT('',#9030);
#9030 = CARTESIAN_POINT('',(1.68818703378,4.149653776391,9.705085462068)
  );
#9031 = B_SPLINE_CURVE_WITH_KNOTS('',1,(#9032,#9033),.UNSPECIFIED.,.F.,
  .F.,(2,2),(-0.261250376511,0.),.PIECEWISE_BEZIER_KNOTS.);
#9032 = CARTESIAN_POINT('',(1.781175375784,3.905512572415,9.705085462068
    ));
#9033 = CARTESIAN_POINT('',(1.68818703378,4.149653776391,9.705085462068)
  );
#9034 = ORIENTED_EDGE('',*,*,#9035,.T.);
#9035 = EDGE_CURVE('',#9029,#9036,#9038,.T.);
#9036 = VERTEX_POINT('',#9037);
#9037 = CARTESIAN_POINT('',(1.654486560837,4.149653776391,9.705085462068
    ));
#9038 = B_SPLINE_CURVE_WITH_KNOTS('',1,(#9039,#9040),.UNSPECIFIED.,.F.,
  .F.,(2,2),(-3.370047294296E-02,-0.),.PIECEWISE_BEZIER_KNOTS.);
#9039 = CARTESIAN_POINT('',(1.68818703378,4.149653776391,9.705085462068)
  );
#9040 = CARTESIAN_POINT('',(1.654486560837,4.149653776391,9.705085462068
    ));
#9041 = ORIENTED_EDGE('',*,*,#9042,.T.);
#9042 = EDGE_CURVE('',#9036,#9043,#9045,.T.);
#9043 = VERTEX_POINT('',#9044);
#9044 = CARTESIAN_POINT('',(1.561498218832,3.905512572415,9.705085462068
    ));
#9045 = B_SPLINE_CURVE_WITH_KNOTS('',1,(#9046,#9047),.UNSPECIFIED.,.F.,
  .F.,(2,2),(-0.261250376512,-0.),.PIECEWISE_BEZIER_KNOTS.);
#9046 = CARTESIAN_POINT('',(1.654486560837,4.149653776391,9.705085462068
    ));
#9047 = CARTESIAN_POINT('',(1.561498218832,3.905512572415,9.705085462068
    ));
#9048 = ORIENTED_EDGE('',*,*,#9049,.T.);
#9049 = EDGE_CURVE('',#9043,#9050,#9052,.T.);
#9050 = VERTEX_POINT('',#9051);
#9051 = CARTESIAN_POINT('',(1.596322040872,3.905512572415,9.705085462068
    ));
#9052 = B_SPLINE_CURVE_WITH_KNOTS('',1,(#9053,#9054),.UNSPECIFIED.,.F.,
  .F.,(2,2),(-3.482382203972E-02,0.),.PIECEWISE_BEZIER_KNOTS.);
#9053 = CARTESIAN_POINT('',(1.561498218832,3.905512572415,9.705085462068
    ));
#9054 = CARTESIAN_POINT('',(1.596322040872,3.905512572415,9.705085462068
    ));
#9055 = ORIENTED_EDGE('',*,*,#9056,.T.);
#9056 = EDGE_CURVE('',#9050,#9057,#9059,.T.);
#9057 = VERTEX_POINT('',#9058);
#9058 = CARTESIAN_POINT('',(1.619787555364,3.972289435465,9.705085462068
    ));
#9059 = B_SPLINE_CURVE_WITH_KNOTS('',1,(#9060,#9061),.UNSPECIFIED.,.F.,
  .F.,(2,2),(-7.077979802959E-02,0.),.PIECEWISE_BEZIER_KNOTS.);
#9060 = CARTESIAN_POINT('',(1.596322040872,3.905512572415,9.705085462068
    ));
#9061 = CARTESIAN_POINT('',(1.619787555364,3.972289435465,9.705085462068
    ));
#9062 = ORIENTED_EDGE('',*,*,#9063,.T.);
#9063 = EDGE_CURVE('',#9057,#9064,#9066,.T.);
#9064 = VERTEX_POINT('',#9065);
#9065 = CARTESIAN_POINT('',(1.721450648738,3.972289435465,9.705085462068
    ));
#9066 = B_SPLINE_CURVE_WITH_KNOTS('',1,(#9067,#9068),.UNSPECIFIED.,.F.,
  .F.,(2,2),(-0.101663093374,0.),.PIECEWISE_BEZIER_KNOTS.);
#9067 = CARTESIAN_POINT('',(1.619787555364,3.972289435465,9.705085462068
    ));
#9068 = CARTESIAN_POINT('',(1.721450648738,3.972289435465,9.705085462068
    ));
#9069 = ORIENTED_EDGE('',*,*,#9070,.T.);
#9070 = EDGE_CURVE('',#9064,#9071,#9073,.T.);
#9071 = VERTEX_POINT('',#9072);
#9072 = CARTESIAN_POINT('',(1.746351553746,3.905512572415,9.705085462068
    ));
#9073 = B_SPLINE_CURVE_WITH_KNOTS('',1,(#9074,#9075),.UNSPECIFIED.,.F.,
  .F.,(2,2),(-7.126853800204E-02,0.),.PIECEWISE_BEZIER_KNOTS.);
#9074 = CARTESIAN_POINT('',(1.721450648738,3.972289435465,9.705085462068
    ));
#9075 = CARTESIAN_POINT('',(1.746351553746,3.905512572415,9.705085462068
    ));
#9076 = ORIENTED_EDGE('',*,*,#9077,.T.);
#9077 = EDGE_CURVE('',#9071,#9027,#9078,.T.);
#9078 = B_SPLINE_CURVE_WITH_KNOTS('',1,(#9079,#9080),.UNSPECIFIED.,.F.,
  .F.,(2,2),(-3.482382203806E-02,0.),.PIECEWISE_BEZIER_KNOTS.);
#9079 = CARTESIAN_POINT('',(1.746351553746,3.905512572415,9.705085462068
    ));
#9080 = CARTESIAN_POINT('',(1.781175375784,3.905512572415,9.705085462068
    ));
#9081 = FACE_BOUND('',#9082,.T.);
#9082 = EDGE_LOOP('',(#9083,#9092,#9099,#9108,#9115,#9124));
#9083 = ORIENTED_EDGE('',*,*,#9084,.F.);
#9084 = EDGE_CURVE('',#9085,#9087,#9089,.T.);
#9085 = VERTEX_POINT('',#9086);
#9086 = CARTESIAN_POINT('',(1.629772880682,3.99987389665,9.705085462068)
  );
#9087 = VERTEX_POINT('',#9088);
#9088 = CARTESIAN_POINT('',(1.711714956556,3.99987389665,9.705085462068)
  );
#9089 = B_SPLINE_CURVE_WITH_KNOTS('',1,(#9090,#9091),.UNSPECIFIED.,.F.,
  .F.,(2,2),(0.,8.194207587406E-02),.PIECEWISE_BEZIER_KNOTS.);
#9090 = CARTESIAN_POINT('',(1.629772880682,3.99987389665,9.705085462068)
  );
#9091 = CARTESIAN_POINT('',(1.711714956556,3.99987389665,9.705085462068)
  );
#9092 = ORIENTED_EDGE('',*,*,#9093,.F.);
#9093 = EDGE_CURVE('',#9094,#9085,#9096,.T.);
#9094 = VERTEX_POINT('',#9095);
#9095 = CARTESIAN_POINT('',(1.666281726367,4.101349765175,9.705085462068
    ));
#9096 = B_SPLINE_CURVE_WITH_KNOTS('',1,(#9097,#9098),.UNSPECIFIED.,.F.,
  .F.,(2,2),(-7.717295948048E-16,0.107843626173),
  .PIECEWISE_BEZIER_KNOTS.);
#9097 = CARTESIAN_POINT('',(1.666281726367,4.101349765175,9.705085462068
    ));
#9098 = CARTESIAN_POINT('',(1.629772880682,3.99987389665,9.705085462068)
  );
#9099 = ORIENTED_EDGE('',*,*,#9100,.F.);
#9100 = EDGE_CURVE('',#9101,#9094,#9103,.T.);
#9101 = VERTEX_POINT('',#9102);
#9102 = CARTESIAN_POINT('',(1.670275856494,4.118449634777,9.705085462068
    ));
#9103 = B_SPLINE_CURVE_WITH_KNOTS('',3,(#9104,#9105,#9106,#9107),
  .UNSPECIFIED.,.F.,.F.,(4,4),(3.,4.),.PIECEWISE_BEZIER_KNOTS.);
#9104 = CARTESIAN_POINT('',(1.670275856494,4.118449634777,9.705085462068
    ));
#9105 = CARTESIAN_POINT('',(1.669090099112,4.111085457357,9.705085462068
    ));
#9106 = CARTESIAN_POINT('',(1.667779525166,4.1053438953,9.705085462068)
  );
#9107 = CARTESIAN_POINT('',(1.666281726367,4.101349765175,9.705085462068
    ));
#9108 = ORIENTED_EDGE('',*,*,#9109,.F.);
#9109 = EDGE_CURVE('',#9110,#9101,#9112,.T.);
#9110 = VERTEX_POINT('',#9111);
#9111 = CARTESIAN_POINT('',(1.671024755893,4.118449634777,9.705085462068
    ));
#9112 = B_SPLINE_CURVE_WITH_KNOTS('',1,(#9113,#9114),.UNSPECIFIED.,.F.,
  .F.,(2,2),(2.050391860118E-16,7.488993995109E-04),
  .PIECEWISE_BEZIER_KNOTS.);
#9113 = CARTESIAN_POINT('',(1.671024755893,4.118449634777,9.705085462068
    ));
#9114 = CARTESIAN_POINT('',(1.670275856494,4.118449634777,9.705085462068
    ));
#9115 = ORIENTED_EDGE('',*,*,#9116,.F.);
#9116 = EDGE_CURVE('',#9117,#9110,#9119,.T.);
#9117 = VERTEX_POINT('',#9118);
#9118 = CARTESIAN_POINT('',(1.674831661169,4.101349765175,9.705085462068
    ));
#9119 = B_SPLINE_CURVE_WITH_KNOTS('',3,(#9120,#9121,#9122,#9123),
  .UNSPECIFIED.,.F.,.F.,(4,4),(1.,2.),.PIECEWISE_BEZIER_KNOTS.);
#9120 = CARTESIAN_POINT('',(1.674831661169,4.101349765175,9.705085462068
    ));
#9121 = CARTESIAN_POINT('',(1.673645903789,4.104719812468,9.705085462068
    ));
#9122 = CARTESIAN_POINT('',(1.672397738122,4.110336557959,9.705085462068
    ));
#9123 = CARTESIAN_POINT('',(1.671024755893,4.118449634777,9.705085462068
    ));
#9124 = ORIENTED_EDGE('',*,*,#9125,.F.);
#9125 = EDGE_CURVE('',#9087,#9117,#9126,.T.);
#9126 = B_SPLINE_CURVE_WITH_KNOTS('',1,(#9127,#9128),.UNSPECIFIED.,.F.,
  .F.,(2,2),(0.,0.107970965409),.PIECEWISE_BEZIER_KNOTS.);
#9127 = CARTESIAN_POINT('',(1.711714956556,3.99987389665,9.705085462068)
  );
#9128 = CARTESIAN_POINT('',(1.674831661169,4.101349765175,9.705085462068
    ));
#9129 = B_SPLINE_SURFACE_WITH_KNOTS('',1,1,(
    (#9130,#9131)
    ,(#9132,#9133
    )),.UNSPECIFIED.,.F.,.F.,.F.,(2,2),(2,2),(-1.781175375784,
    -1.561498218832),(3.905512572415,4.149653776391),
  .PIECEWISE_BEZIER_KNOTS.);
#9130 = CARTESIAN_POINT('',(1.781175375784,3.905512572415,9.705085462068
    ));
#9131 = CARTESIAN_POINT('',(1.781175375784,4.149653776391,9.705085462068
    ));
#9132 = CARTESIAN_POINT('',(1.561498218832,3.905512572415,9.705085462068
    ));
#9133 = CARTESIAN_POINT('',(1.561498218832,4.149653776391,9.705085462068
    ));
#9134 = ADVANCED_FACE('',(#9135),#9149,.F.);
#9135 = FACE_BOUND('',#9136,.T.);
#9136 = EDGE_LOOP('',(#9137,#9138,#9143,#9144));
#9137 = ORIENTED_EDGE('',*,*,#506,.T.);
#9138 = ORIENTED_EDGE('',*,*,#9139,.F.);
#9139 = EDGE_CURVE('',#9029,#498,#9140,.T.);
#9140 = B_SPLINE_CURVE_WITH_KNOTS('',1,(#9141,#9142),.UNSPECIFIED.,.F.,
  .F.,(2,2),(-0.,9.234144017191E-03),.PIECEWISE_BEZIER_KNOTS.);
#9141 = CARTESIAN_POINT('',(1.68818703378,4.149653776391,9.705085462068)
  );
#9142 = CARTESIAN_POINT('',(1.68818703378,4.149653776391,9.695851318051)
  );
#9143 = ORIENTED_EDGE('',*,*,#9026,.F.);
#9144 = ORIENTED_EDGE('',*,*,#9145,.T.);
#9145 = EDGE_CURVE('',#9027,#507,#9146,.T.);
#9146 = B_SPLINE_CURVE_WITH_KNOTS('',1,(#9147,#9148),.UNSPECIFIED.,.F.,
  .F.,(2,2),(-0.,9.234144017191E-03),.PIECEWISE_BEZIER_KNOTS.);
#9147 = CARTESIAN_POINT('',(1.781175375784,3.905512572415,9.705085462068
    ));
#9148 = CARTESIAN_POINT('',(1.781175375784,3.905512572415,9.695851318051
    ));
#9149 = B_SPLINE_SURFACE_WITH_KNOTS('',1,1,(
    (#9150,#9151)
    ,(#9152,#9153
    )),.UNSPECIFIED.,.F.,.F.,.F.,(2,2),(2,2),(0.,0.261250376511),(
    -9.234144017191E-03,0.),.PIECEWISE_BEZIER_KNOTS.);
#9150 = CARTESIAN_POINT('',(1.68818703378,4.149653776391,9.695851318051)
  );
#9151 = CARTESIAN_POINT('',(1.68818703378,4.149653776391,9.705085462068)
  );
#9152 = CARTESIAN_POINT('',(1.781175375784,3.905512572415,9.695851318051
    ));
#9153 = CARTESIAN_POINT('',(1.781175375784,3.905512572415,9.705085462068
    ));
#9154 = ADVANCED_FACE('',(#9155),#9165,.F.);
#9155 = FACE_BOUND('',#9156,.T.);
#9156 = EDGE_LOOP('',(#9157,#9158,#9163,#9164));
#9157 = ORIENTED_EDGE('',*,*,#497,.T.);
#9158 = ORIENTED_EDGE('',*,*,#9159,.F.);
#9159 = EDGE_CURVE('',#9036,#500,#9160,.T.);
#9160 = B_SPLINE_CURVE_WITH_KNOTS('',1,(#9161,#9162),.UNSPECIFIED.,.F.,
  .F.,(2,2),(-0.,9.234144017191E-03),.PIECEWISE_BEZIER_KNOTS.);
#9161 = CARTESIAN_POINT('',(1.654486560837,4.149653776391,9.705085462068
    ));
#9162 = CARTESIAN_POINT('',(1.654486560837,4.149653776391,9.695851318051
    ));
#9163 = ORIENTED_EDGE('',*,*,#9035,.F.);
#9164 = ORIENTED_EDGE('',*,*,#9139,.T.);
#9165 = B_SPLINE_SURFACE_WITH_KNOTS('',1,1,(
    (#9166,#9167)
    ,(#9168,#9169
    )),.UNSPECIFIED.,.F.,.F.,.F.,(2,2),(2,2),(0.,9.234144017191E-03),(0.
    ,3.370047294296E-02),.PIECEWISE_BEZIER_KNOTS.);
#9166 = CARTESIAN_POINT('',(1.654486560837,4.149653776391,9.705085462068
    ));
#9167 = CARTESIAN_POINT('',(1.68818703378,4.149653776391,9.705085462068)
  );
#9168 = CARTESIAN_POINT('',(1.654486560837,4.149653776391,9.695851318051
    ));
#9169 = CARTESIAN_POINT('',(1.68818703378,4.149653776391,9.695851318051)
  );
#9170 = ADVANCED_FACE('',(#9171),#9181,.F.);
#9171 = FACE_BOUND('',#9172,.T.);
#9172 = EDGE_LOOP('',(#9173,#9174,#9179,#9180));
#9173 = ORIENTED_EDGE('',*,*,#548,.T.);
#9174 = ORIENTED_EDGE('',*,*,#9175,.F.);
#9175 = EDGE_CURVE('',#9043,#542,#9176,.T.);
#9176 = B_SPLINE_CURVE_WITH_KNOTS('',1,(#9177,#9178),.UNSPECIFIED.,.F.,
  .F.,(2,2),(-0.,9.234144017191E-03),.PIECEWISE_BEZIER_KNOTS.);
#9177 = CARTESIAN_POINT('',(1.561498218832,3.905512572415,9.705085462068
    ));
#9178 = CARTESIAN_POINT('',(1.561498218832,3.905512572415,9.695851318051
    ));
#9179 = ORIENTED_EDGE('',*,*,#9042,.F.);
#9180 = ORIENTED_EDGE('',*,*,#9159,.T.);
#9181 = B_SPLINE_SURFACE_WITH_KNOTS('',1,1,(
    (#9182,#9183)
    ,(#9184,#9185
    )),.UNSPECIFIED.,.F.,.F.,.F.,(2,2),(2,2),(0.,0.261250376512),(
    -9.234144017191E-03,0.),.PIECEWISE_BEZIER_KNOTS.);
#9182 = CARTESIAN_POINT('',(1.561498218832,3.905512572415,9.695851318051
    ));
#9183 = CARTESIAN_POINT('',(1.561498218832,3.905512572415,9.705085462068
    ));
#9184 = CARTESIAN_POINT('',(1.654486560837,4.149653776391,9.695851318051
    ));
#9185 = CARTESIAN_POINT('',(1.654486560837,4.149653776391,9.705085462068
    ));
#9186 = ADVANCED_FACE('',(#9187),#9197,.F.);
#9187 = FACE_BOUND('',#9188,.T.);
#9188 = EDGE_LOOP('',(#9189,#9190,#9195,#9196));
#9189 = ORIENTED_EDGE('',*,*,#541,.T.);
#9190 = ORIENTED_EDGE('',*,*,#9191,.F.);
#9191 = EDGE_CURVE('',#9050,#535,#9192,.T.);
#9192 = B_SPLINE_CURVE_WITH_KNOTS('',1,(#9193,#9194),.UNSPECIFIED.,.F.,
  .F.,(2,2),(-0.,9.234144017191E-03),.PIECEWISE_BEZIER_KNOTS.);
#9193 = CARTESIAN_POINT('',(1.596322040872,3.905512572415,9.705085462068
    ));
#9194 = CARTESIAN_POINT('',(1.596322040872,3.905512572415,9.695851318051
    ));
#9195 = ORIENTED_EDGE('',*,*,#9049,.F.);
#9196 = ORIENTED_EDGE('',*,*,#9175,.T.);
#9197 = B_SPLINE_SURFACE_WITH_KNOTS('',1,1,(
    (#9198,#9199)
    ,(#9200,#9201
    )),.UNSPECIFIED.,.F.,.F.,.F.,(2,2),(2,2),(-9.234144017191E-03,0.),(
    -3.482382203972E-02,0.),.PIECEWISE_BEZIER_KNOTS.);
#9198 = CARTESIAN_POINT('',(1.561498218832,3.905512572415,9.695851318051
    ));
#9199 = CARTESIAN_POINT('',(1.596322040872,3.905512572415,9.695851318051
    ));
#9200 = CARTESIAN_POINT('',(1.561498218832,3.905512572415,9.705085462068
    ));
#9201 = CARTESIAN_POINT('',(1.596322040872,3.905512572415,9.705085462068
    ));
#9202 = ADVANCED_FACE('',(#9203),#9213,.F.);
#9203 = FACE_BOUND('',#9204,.T.);
#9204 = EDGE_LOOP('',(#9205,#9206,#9211,#9212));
#9205 = ORIENTED_EDGE('',*,*,#534,.T.);
#9206 = ORIENTED_EDGE('',*,*,#9207,.F.);
#9207 = EDGE_CURVE('',#9057,#528,#9208,.T.);
#9208 = B_SPLINE_CURVE_WITH_KNOTS('',1,(#9209,#9210),.UNSPECIFIED.,.F.,
  .F.,(2,2),(-0.,9.234144017191E-03),.PIECEWISE_BEZIER_KNOTS.);
#9209 = CARTESIAN_POINT('',(1.619787555364,3.972289435465,9.705085462068
    ));
#9210 = CARTESIAN_POINT('',(1.619787555364,3.972289435465,9.695851318051
    ));
#9211 = ORIENTED_EDGE('',*,*,#9056,.F.);
#9212 = ORIENTED_EDGE('',*,*,#9191,.T.);
#9213 = B_SPLINE_SURFACE_WITH_KNOTS('',1,1,(
    (#9214,#9215)
    ,(#9216,#9217
    )),.UNSPECIFIED.,.F.,.F.,.F.,(2,2),(2,2),(-0.,7.077979802959E-02),(
    -9.234144017191E-03,0.),.PIECEWISE_BEZIER_KNOTS.);
#9214 = CARTESIAN_POINT('',(1.619787555364,3.972289435465,9.695851318051
    ));
#9215 = CARTESIAN_POINT('',(1.619787555364,3.972289435465,9.705085462068
    ));
#9216 = CARTESIAN_POINT('',(1.596322040872,3.905512572415,9.695851318051
    ));
#9217 = CARTESIAN_POINT('',(1.596322040872,3.905512572415,9.705085462068
    ));
#9218 = ADVANCED_FACE('',(#9219),#9229,.F.);
#9219 = FACE_BOUND('',#9220,.T.);
#9220 = EDGE_LOOP('',(#9221,#9222,#9227,#9228));
#9221 = ORIENTED_EDGE('',*,*,#527,.T.);
#9222 = ORIENTED_EDGE('',*,*,#9223,.F.);
#9223 = EDGE_CURVE('',#9064,#521,#9224,.T.);
#9224 = B_SPLINE_CURVE_WITH_KNOTS('',1,(#9225,#9226),.UNSPECIFIED.,.F.,
  .F.,(2,2),(-0.,9.234144017191E-03),.PIECEWISE_BEZIER_KNOTS.);
#9225 = CARTESIAN_POINT('',(1.721450648738,3.972289435465,9.705085462068
    ));
#9226 = CARTESIAN_POINT('',(1.721450648738,3.972289435465,9.695851318051
    ));
#9227 = ORIENTED_EDGE('',*,*,#9063,.F.);
#9228 = ORIENTED_EDGE('',*,*,#9207,.T.);
#9229 = B_SPLINE_SURFACE_WITH_KNOTS('',1,1,(
    (#9230,#9231)
    ,(#9232,#9233
    )),.UNSPECIFIED.,.F.,.F.,.F.,(2,2),(2,2),(-9.234144017191E-03,0.),(
    -0.101663093374,0.),.PIECEWISE_BEZIER_KNOTS.);
#9230 = CARTESIAN_POINT('',(1.619787555364,3.972289435465,9.695851318051
    ));
#9231 = CARTESIAN_POINT('',(1.721450648738,3.972289435465,9.695851318051
    ));
#9232 = CARTESIAN_POINT('',(1.619787555364,3.972289435465,9.705085462068
    ));
#9233 = CARTESIAN_POINT('',(1.721450648738,3.972289435465,9.705085462068
    ));
#9234 = ADVANCED_FACE('',(#9235),#9245,.F.);
#9235 = FACE_BOUND('',#9236,.T.);
#9236 = EDGE_LOOP('',(#9237,#9238,#9243,#9244));
#9237 = ORIENTED_EDGE('',*,*,#520,.T.);
#9238 = ORIENTED_EDGE('',*,*,#9239,.F.);
#9239 = EDGE_CURVE('',#9071,#514,#9240,.T.);
#9240 = B_SPLINE_CURVE_WITH_KNOTS('',1,(#9241,#9242),.UNSPECIFIED.,.F.,
  .F.,(2,2),(-0.,9.234144017191E-03),.PIECEWISE_BEZIER_KNOTS.);
#9241 = CARTESIAN_POINT('',(1.746351553746,3.905512572415,9.705085462068
    ));
#9242 = CARTESIAN_POINT('',(1.746351553746,3.905512572415,9.695851318051
    ));
#9243 = ORIENTED_EDGE('',*,*,#9070,.F.);
#9244 = ORIENTED_EDGE('',*,*,#9223,.T.);
#9245 = B_SPLINE_SURFACE_WITH_KNOTS('',1,1,(
    (#9246,#9247)
    ,(#9248,#9249
    )),.UNSPECIFIED.,.F.,.F.,.F.,(2,2),(2,2),(0.,7.126853800204E-02),(
    -9.234144017191E-03,0.),.PIECEWISE_BEZIER_KNOTS.);
#9246 = CARTESIAN_POINT('',(1.746351553746,3.905512572415,9.695851318051
    ));
#9247 = CARTESIAN_POINT('',(1.746351553746,3.905512572415,9.705085462068
    ));
#9248 = CARTESIAN_POINT('',(1.721450648738,3.972289435465,9.695851318051
    ));
#9249 = CARTESIAN_POINT('',(1.721450648738,3.972289435465,9.705085462068
    ));
#9250 = ADVANCED_FACE('',(#9251),#9257,.F.);
#9251 = FACE_BOUND('',#9252,.T.);
#9252 = EDGE_LOOP('',(#9253,#9254,#9255,#9256));
#9253 = ORIENTED_EDGE('',*,*,#513,.T.);
#9254 = ORIENTED_EDGE('',*,*,#9145,.F.);
#9255 = ORIENTED_EDGE('',*,*,#9077,.F.);
#9256 = ORIENTED_EDGE('',*,*,#9239,.T.);
#9257 = B_SPLINE_SURFACE_WITH_KNOTS('',1,1,(
    (#9258,#9259)
    ,(#9260,#9261
    )),.UNSPECIFIED.,.F.,.F.,.F.,(2,2),(2,2),(-9.234144017191E-03,0.),(
    -3.482382203806E-02,0.),.PIECEWISE_BEZIER_KNOTS.);
#9258 = CARTESIAN_POINT('',(1.746351553746,3.905512572415,9.695851318051
    ));
#9259 = CARTESIAN_POINT('',(1.781175375784,3.905512572415,9.695851318051
    ));
#9260 = CARTESIAN_POINT('',(1.746351553746,3.905512572415,9.705085462068
    ));
#9261 = CARTESIAN_POINT('',(1.781175375784,3.905512572415,9.705085462068
    ));
#9262 = ADVANCED_FACE('',(#9263),#9285,.T.);
#9263 = FACE_BOUND('',#9264,.T.);
#9264 = EDGE_LOOP('',(#9265,#9274,#9279,#9280));
#9265 = ORIENTED_EDGE('',*,*,#9266,.F.);
#9266 = EDGE_CURVE('',#9267,#9269,#9271,.T.);
#9267 = VERTEX_POINT('',#9268);
#9268 = CARTESIAN_POINT('',(1.629772880682,3.99987389665,9.695851318051)
  );
#9269 = VERTEX_POINT('',#9270);
#9270 = CARTESIAN_POINT('',(1.711714956556,3.99987389665,9.695851318051)
  );
#9271 = B_SPLINE_CURVE_WITH_KNOTS('',1,(#9272,#9273),.UNSPECIFIED.,.F.,
  .F.,(2,2),(-2.050391860118E-16,8.194207587406E-02),
  .PIECEWISE_BEZIER_KNOTS.);
#9272 = CARTESIAN_POINT('',(1.629772880682,3.99987389665,9.695851318051)
  );
#9273 = CARTESIAN_POINT('',(1.711714956556,3.99987389665,9.695851318051)
  );
#9274 = ORIENTED_EDGE('',*,*,#9275,.F.);
#9275 = EDGE_CURVE('',#9085,#9267,#9276,.T.);
#9276 = B_SPLINE_CURVE_WITH_KNOTS('',1,(#9277,#9278),.UNSPECIFIED.,.F.,
  .F.,(2,2),(-0.,9.234144017191E-03),.PIECEWISE_BEZIER_KNOTS.);
#9277 = CARTESIAN_POINT('',(1.629772880682,3.99987389665,9.705085462068)
  );
#9278 = CARTESIAN_POINT('',(1.629772880682,3.99987389665,9.695851318051)
  );
#9279 = ORIENTED_EDGE('',*,*,#9084,.T.);
#9280 = ORIENTED_EDGE('',*,*,#9281,.T.);
#9281 = EDGE_CURVE('',#9087,#9269,#9282,.T.);
#9282 = B_SPLINE_CURVE_WITH_KNOTS('',1,(#9283,#9284),.UNSPECIFIED.,.F.,
  .F.,(2,2),(-0.,9.234144017191E-03),.PIECEWISE_BEZIER_KNOTS.);
#9283 = CARTESIAN_POINT('',(1.711714956556,3.99987389665,9.705085462068)
  );
#9284 = CARTESIAN_POINT('',(1.711714956556,3.99987389665,9.695851318051)
  );
#9285 = B_SPLINE_SURFACE_WITH_KNOTS('',1,1,(
    (#9286,#9287)
    ,(#9288,#9289
    )),.UNSPECIFIED.,.F.,.F.,.F.,(2,2),(2,2),(-9.234144017191E-03,0.),(
    -2.050391860118E-16,8.194207587406E-02),.PIECEWISE_BEZIER_KNOTS.);
#9286 = CARTESIAN_POINT('',(1.629772880682,3.99987389665,9.695851318051)
  );
#9287 = CARTESIAN_POINT('',(1.711714956556,3.99987389665,9.695851318051)
  );
#9288 = CARTESIAN_POINT('',(1.629772880682,3.99987389665,9.705085462068)
  );
#9289 = CARTESIAN_POINT('',(1.711714956556,3.99987389665,9.705085462068)
  );
#9290 = ADVANCED_FACE('',(#9291),#9307,.T.);
#9291 = FACE_BOUND('',#9292,.T.);
#9292 = EDGE_LOOP('',(#9293,#9300,#9301,#9302));
#9293 = ORIENTED_EDGE('',*,*,#9294,.F.);
#9294 = EDGE_CURVE('',#9269,#9295,#9297,.T.);
#9295 = VERTEX_POINT('',#9296);
#9296 = CARTESIAN_POINT('',(1.674831661169,4.101349765175,9.695851318051
    ));
#9297 = B_SPLINE_CURVE_WITH_KNOTS('',1,(#9298,#9299),.UNSPECIFIED.,.F.,
  .F.,(2,2),(7.004217138324E-17,0.107970965409),
  .PIECEWISE_BEZIER_KNOTS.);
#9298 = CARTESIAN_POINT('',(1.711714956556,3.99987389665,9.695851318051)
  );
#9299 = CARTESIAN_POINT('',(1.674831661169,4.101349765175,9.695851318051
    ));
#9300 = ORIENTED_EDGE('',*,*,#9281,.F.);
#9301 = ORIENTED_EDGE('',*,*,#9125,.T.);
#9302 = ORIENTED_EDGE('',*,*,#9303,.T.);
#9303 = EDGE_CURVE('',#9117,#9295,#9304,.T.);
#9304 = B_SPLINE_CURVE_WITH_KNOTS('',1,(#9305,#9306),.UNSPECIFIED.,.F.,
  .F.,(2,2),(-0.,9.234144017191E-03),.PIECEWISE_BEZIER_KNOTS.);
#9305 = CARTESIAN_POINT('',(1.674831661169,4.101349765175,9.705085462068
    ));
#9306 = CARTESIAN_POINT('',(1.674831661169,4.101349765175,9.695851318051
    ));
#9307 = B_SPLINE_SURFACE_WITH_KNOTS('',1,1,(
    (#9308,#9309)
    ,(#9310,#9311
    )),.UNSPECIFIED.,.F.,.F.,.F.,(2,2),(2,2),(-0.107970965409,0.),(
    -9.234144017191E-03,0.),.PIECEWISE_BEZIER_KNOTS.);
#9308 = CARTESIAN_POINT('',(1.674831661169,4.101349765175,9.695851318051
    ));
#9309 = CARTESIAN_POINT('',(1.674831661169,4.101349765175,9.705085462068
    ));
#9310 = CARTESIAN_POINT('',(1.711714956556,3.99987389665,9.695851318051)
  );
#9311 = CARTESIAN_POINT('',(1.711714956556,3.99987389665,9.705085462068)
  );
#9312 = ADVANCED_FACE('',(#9313),#9331,.T.);
#9313 = FACE_BOUND('',#9314,.T.);
#9314 = EDGE_LOOP('',(#9315,#9324,#9325,#9326));
#9315 = ORIENTED_EDGE('',*,*,#9316,.F.);
#9316 = EDGE_CURVE('',#9295,#9317,#9319,.T.);
#9317 = VERTEX_POINT('',#9318);
#9318 = CARTESIAN_POINT('',(1.671024755893,4.118449634777,9.695851318051
    ));
#9319 = B_SPLINE_CURVE_WITH_KNOTS('',3,(#9320,#9321,#9322,#9323),
  .UNSPECIFIED.,.F.,.F.,(4,4),(1.,2.),.PIECEWISE_BEZIER_KNOTS.);
#9320 = CARTESIAN_POINT('',(1.674831661169,4.101349765175,9.695851318051
    ));
#9321 = CARTESIAN_POINT('',(1.673645903789,4.104719812468,9.695851318051
    ));
#9322 = CARTESIAN_POINT('',(1.672397738122,4.110336557959,9.695851318051
    ));
#9323 = CARTESIAN_POINT('',(1.671024755893,4.118449634777,9.695851318051
    ));
#9324 = ORIENTED_EDGE('',*,*,#9303,.F.);
#9325 = ORIENTED_EDGE('',*,*,#9116,.T.);
#9326 = ORIENTED_EDGE('',*,*,#9327,.T.);
#9327 = EDGE_CURVE('',#9110,#9317,#9328,.T.);
#9328 = B_SPLINE_CURVE_WITH_KNOTS('',1,(#9329,#9330),.UNSPECIFIED.,.F.,
  .F.,(2,2),(-0.,9.234144017191E-03),.PIECEWISE_BEZIER_KNOTS.);
#9329 = CARTESIAN_POINT('',(1.671024755893,4.118449634777,9.705085462068
    ));
#9330 = CARTESIAN_POINT('',(1.671024755893,4.118449634777,9.695851318051
    ));
#9331 = B_SPLINE_SURFACE_WITH_KNOTS('',3,1,(
    (#9332,#9333)
    ,(#9334,#9335)
    ,(#9336,#9337)
    ,(#9338,#9339
    )),.UNSPECIFIED.,.F.,.F.,.F.,(4,4),(2,2),(1.,2.),(0.,1.),
  .PIECEWISE_BEZIER_KNOTS.);
#9332 = CARTESIAN_POINT('',(1.674831661169,4.101349765175,9.705085462068
    ));
#9333 = CARTESIAN_POINT('',(1.674831661169,4.101349765175,9.695851318051
    ));
#9334 = CARTESIAN_POINT('',(1.673645903789,4.104719812468,9.705085462068
    ));
#9335 = CARTESIAN_POINT('',(1.673645903789,4.104719812468,9.695851318051
    ));
#9336 = CARTESIAN_POINT('',(1.672397738122,4.110336557959,9.705085462068
    ));
#9337 = CARTESIAN_POINT('',(1.672397738122,4.110336557959,9.695851318051
    ));
#9338 = CARTESIAN_POINT('',(1.671024755893,4.118449634777,9.705085462068
    ));
#9339 = CARTESIAN_POINT('',(1.671024755893,4.118449634777,9.695851318051
    ));
#9340 = ADVANCED_FACE('',(#9341),#9357,.T.);
#9341 = FACE_BOUND('',#9342,.T.);
#9342 = EDGE_LOOP('',(#9343,#9350,#9351,#9352));
#9343 = ORIENTED_EDGE('',*,*,#9344,.F.);
#9344 = EDGE_CURVE('',#9317,#9345,#9347,.T.);
#9345 = VERTEX_POINT('',#9346);
#9346 = CARTESIAN_POINT('',(1.670275856494,4.118449634777,9.695851318051
    ));
#9347 = B_SPLINE_CURVE_WITH_KNOTS('',1,(#9348,#9349),.UNSPECIFIED.,.F.,
  .F.,(2,2),(2.050391860118E-16,7.488993995109E-04),
  .PIECEWISE_BEZIER_KNOTS.);
#9348 = CARTESIAN_POINT('',(1.671024755893,4.118449634777,9.695851318051
    ));
#9349 = CARTESIAN_POINT('',(1.670275856494,4.118449634777,9.695851318051
    ));
#9350 = ORIENTED_EDGE('',*,*,#9327,.F.);
#9351 = ORIENTED_EDGE('',*,*,#9109,.T.);
#9352 = ORIENTED_EDGE('',*,*,#9353,.T.);
#9353 = EDGE_CURVE('',#9101,#9345,#9354,.T.);
#9354 = B_SPLINE_CURVE_WITH_KNOTS('',1,(#9355,#9356),.UNSPECIFIED.,.F.,
  .F.,(2,2),(-0.,9.234144017191E-03),.PIECEWISE_BEZIER_KNOTS.);
#9355 = CARTESIAN_POINT('',(1.670275856494,4.118449634777,9.705085462068
    ));
#9356 = CARTESIAN_POINT('',(1.670275856494,4.118449634777,9.695851318051
    ));
#9357 = B_SPLINE_SURFACE_WITH_KNOTS('',1,1,(
    (#9358,#9359)
    ,(#9360,#9361
    )),.UNSPECIFIED.,.F.,.F.,.F.,(2,2),(2,2),(-0.,9.234144017191E-03),(
    -7.488993995109E-04,-2.050391860118E-16),.PIECEWISE_BEZIER_KNOTS.);
#9358 = CARTESIAN_POINT('',(1.670275856494,4.118449634777,9.705085462068
    ));
#9359 = CARTESIAN_POINT('',(1.671024755893,4.118449634777,9.705085462068
    ));
#9360 = CARTESIAN_POINT('',(1.670275856494,4.118449634777,9.695851318051
    ));
#9361 = CARTESIAN_POINT('',(1.671024755893,4.118449634777,9.695851318051
    ));
#9362 = ADVANCED_FACE('',(#9363),#9381,.T.);
#9363 = FACE_BOUND('',#9364,.T.);
#9364 = EDGE_LOOP('',(#9365,#9374,#9375,#9376));
#9365 = ORIENTED_EDGE('',*,*,#9366,.F.);
#9366 = EDGE_CURVE('',#9345,#9367,#9369,.T.);
#9367 = VERTEX_POINT('',#9368);
#9368 = CARTESIAN_POINT('',(1.666281726367,4.101349765175,9.695851318051
    ));
#9369 = B_SPLINE_CURVE_WITH_KNOTS('',3,(#9370,#9371,#9372,#9373),
  .UNSPECIFIED.,.F.,.F.,(4,4),(3.,4.),.PIECEWISE_BEZIER_KNOTS.);
#9370 = CARTESIAN_POINT('',(1.670275856494,4.118449634777,9.695851318051
    ));
#9371 = CARTESIAN_POINT('',(1.669090099112,4.111085457357,9.695851318051
    ));
#9372 = CARTESIAN_POINT('',(1.667779525166,4.1053438953,9.695851318051)
  );
#9373 = CARTESIAN_POINT('',(1.666281726367,4.101349765175,9.695851318051
    ));
#9374 = ORIENTED_EDGE('',*,*,#9353,.F.);
#9375 = ORIENTED_EDGE('',*,*,#9100,.T.);
#9376 = ORIENTED_EDGE('',*,*,#9377,.T.);
#9377 = EDGE_CURVE('',#9094,#9367,#9378,.T.);
#9378 = B_SPLINE_CURVE_WITH_KNOTS('',1,(#9379,#9380),.UNSPECIFIED.,.F.,
  .F.,(2,2),(0.,9.234144017191E-03),.PIECEWISE_BEZIER_KNOTS.);
#9379 = CARTESIAN_POINT('',(1.666281726367,4.101349765175,9.705085462068
    ));
#9380 = CARTESIAN_POINT('',(1.666281726367,4.101349765175,9.695851318051
    ));
#9381 = B_SPLINE_SURFACE_WITH_KNOTS('',3,1,(
    (#9382,#9383)
    ,(#9384,#9385)
    ,(#9386,#9387)
    ,(#9388,#9389
    )),.UNSPECIFIED.,.F.,.F.,.F.,(4,4),(2,2),(3.,4.),(0.,1.),
  .PIECEWISE_BEZIER_KNOTS.);
#9382 = CARTESIAN_POINT('',(1.670275856494,4.118449634777,9.705085462068
    ));
#9383 = CARTESIAN_POINT('',(1.670275856494,4.118449634777,9.695851318051
    ));
#9384 = CARTESIAN_POINT('',(1.669090099112,4.111085457357,9.705085462068
    ));
#9385 = CARTESIAN_POINT('',(1.669090099112,4.111085457357,9.695851318051
    ));
#9386 = CARTESIAN_POINT('',(1.667779525166,4.1053438953,9.705085462068)
  );
#9387 = CARTESIAN_POINT('',(1.667779525166,4.1053438953,9.695851318051)
  );
#9388 = CARTESIAN_POINT('',(1.666281726367,4.101349765175,9.705085462068
    ));
#9389 = CARTESIAN_POINT('',(1.666281726367,4.101349765175,9.695851318051
    ));
#9390 = ADVANCED_FACE('',(#9391),#9401,.T.);
#9391 = FACE_BOUND('',#9392,.T.);
#9392 = EDGE_LOOP('',(#9393,#9398,#9399,#9400));
#9393 = ORIENTED_EDGE('',*,*,#9394,.F.);
#9394 = EDGE_CURVE('',#9367,#9267,#9395,.T.);
#9395 = B_SPLINE_CURVE_WITH_KNOTS('',1,(#9396,#9397),.UNSPECIFIED.,.F.,
  .F.,(2,2),(-8.411425426733E-16,0.107843626173),
  .PIECEWISE_BEZIER_KNOTS.);
#9396 = CARTESIAN_POINT('',(1.666281726367,4.101349765175,9.695851318051
    ));
#9397 = CARTESIAN_POINT('',(1.629772880682,3.99987389665,9.695851318051)
  );
#9398 = ORIENTED_EDGE('',*,*,#9377,.F.);
#9399 = ORIENTED_EDGE('',*,*,#9093,.T.);
#9400 = ORIENTED_EDGE('',*,*,#9275,.T.);
#9401 = B_SPLINE_SURFACE_WITH_KNOTS('',1,1,(
    (#9402,#9403)
    ,(#9404,#9405
    )),.UNSPECIFIED.,.F.,.F.,.F.,(2,2),(2,2),(-0.107843626173,
    9.109047260983E-16),(-9.234144017191E-03,0.),
  .PIECEWISE_BEZIER_KNOTS.);
#9402 = CARTESIAN_POINT('',(1.629772880682,3.99987389665,9.695851318051)
  );
#9403 = CARTESIAN_POINT('',(1.629772880682,3.99987389665,9.705085462068)
  );
#9404 = CARTESIAN_POINT('',(1.666281726367,4.101349765175,9.695851318051
    ));
#9405 = CARTESIAN_POINT('',(1.666281726367,4.101349765175,9.705085462068
    ));
#9406 = ADVANCED_FACE('',(#9407),#9415,.T.);
#9407 = FACE_BOUND('',#9408,.T.);
#9408 = EDGE_LOOP('',(#9409,#9410,#9411,#9412,#9413,#9414));
#9409 = ORIENTED_EDGE('',*,*,#9266,.T.);
#9410 = ORIENTED_EDGE('',*,*,#9294,.T.);
#9411 = ORIENTED_EDGE('',*,*,#9316,.T.);
#9412 = ORIENTED_EDGE('',*,*,#9344,.T.);
#9413 = ORIENTED_EDGE('',*,*,#9366,.T.);
#9414 = ORIENTED_EDGE('',*,*,#9394,.T.);
#9415 = B_SPLINE_SURFACE_WITH_KNOTS('',1,1,(
    (#9416,#9417)
    ,(#9418,#9419
    )),.UNSPECIFIED.,.F.,.F.,.F.,(2,2),(2,2),(1.629772880682,
    1.711714956556),(3.99987389665,4.118449634777),
  .PIECEWISE_BEZIER_KNOTS.);
#9416 = CARTESIAN_POINT('',(1.629772880682,3.99987389665,9.695851318051)
  );
#9417 = CARTESIAN_POINT('',(1.629772880682,4.118449634777,9.695851318051
    ));
#9418 = CARTESIAN_POINT('',(1.711714956556,3.99987389665,9.695851318051)
  );
#9419 = CARTESIAN_POINT('',(1.711714956556,4.118449634777,9.695851318051
    ));
#9420 = ADVANCED_FACE('',(#9421,#9710),#9735,.F.);
#9421 = FACE_BOUND('',#9422,.T.);
#9422 = EDGE_LOOP('',(#9423,#9434,#9443,#9452,#9461,#9470,#9479,#9488,
    #9497,#9506,#9515,#9524,#9533,#9542,#9549,#9556,#9563,#9572,#9581,
    #9590,#9599,#9608,#9617,#9626,#9635,#9644,#9653,#9660,#9669,#9678,
    #9687,#9694,#9703));
#9423 = ORIENTED_EDGE('',*,*,#9424,.T.);
#9424 = EDGE_CURVE('',#9425,#9427,#9429,.T.);
#9425 = VERTEX_POINT('',#9426);
#9426 = CARTESIAN_POINT('',(0.295680239034,4.147680509633,9.705085462068
    ));
#9427 = VERTEX_POINT('',#9428);
#9428 = CARTESIAN_POINT('',(0.123834198615,4.375072737914,9.705085462068
    ));
#9429 = B_SPLINE_CURVE_WITH_KNOTS('',3,(#9430,#9431,#9432,#9433),
  .UNSPECIFIED.,.F.,.F.,(4,4),(35.,36.),.PIECEWISE_BEZIER_KNOTS.);
#9430 = CARTESIAN_POINT('',(0.295680239034,4.147680509633,9.705085462068
    ));
#9431 = CARTESIAN_POINT('',(0.293944446529,4.251829582901,9.705085462068
    ));
#9432 = CARTESIAN_POINT('',(0.222775828152,4.34382800931,9.705085462068)
  );
#9433 = CARTESIAN_POINT('',(0.123834198615,4.375072737914,9.705085462068
    ));
#9434 = ORIENTED_EDGE('',*,*,#9435,.T.);
#9435 = EDGE_CURVE('',#9427,#9436,#9438,.T.);
#9436 = VERTEX_POINT('',#9437);
#9437 = CARTESIAN_POINT('',(3.009994659202E-02,4.512202439889,
    9.705085462068));
#9438 = B_SPLINE_CURVE_WITH_KNOTS('',3,(#9439,#9440,#9441,#9442),
  .UNSPECIFIED.,.F.,.F.,(4,4),(0.,1.),.PIECEWISE_BEZIER_KNOTS.);
#9439 = CARTESIAN_POINT('',(0.123834198615,4.375072737914,9.705085462068
    ));
#9440 = CARTESIAN_POINT('',(0.104740216196,4.427147307655,9.705085462068
    ));
#9441 = CARTESIAN_POINT('',(7.175962887224E-02,4.474014417113,
    9.705085462068));
#9442 = CARTESIAN_POINT('',(3.009994659202E-02,4.512202439889,
    9.705085462068));
#9443 = ORIENTED_EDGE('',*,*,#9444,.T.);
#9444 = EDGE_CURVE('',#9436,#9445,#9447,.T.);
#9445 = VERTEX_POINT('',#9446);
#9446 = CARTESIAN_POINT('',(-0.205971409754,4.60246503241,9.705085462068
    ));
#9447 = B_SPLINE_CURVE_WITH_KNOTS('',3,(#9448,#9449,#9450,#9451),
  .UNSPECIFIED.,.F.,.F.,(4,4),(1.,2.),.PIECEWISE_BEZIER_KNOTS.);
#9448 = CARTESIAN_POINT('',(3.009994659202E-02,4.512202439889,
    9.705085462068));
#9449 = CARTESIAN_POINT('',(-3.586116183862E-02,4.569484471987,
    9.705085462068));
#9450 = CARTESIAN_POINT('',(-0.119180460184,4.60246503241,9.705085462068
    ));
#9451 = CARTESIAN_POINT('',(-0.205971409754,4.60246503241,9.705085462068
    ));
#9452 = ORIENTED_EDGE('',*,*,#9453,.T.);
#9453 = EDGE_CURVE('',#9445,#9454,#9456,.T.);
#9454 = VERTEX_POINT('',#9455);
#9455 = CARTESIAN_POINT('',(-0.414269688723,4.534768090088,
    9.705085462068));
#9456 = B_SPLINE_CURVE_WITH_KNOTS('',3,(#9457,#9458,#9459,#9460),
  .UNSPECIFIED.,.F.,.F.,(4,4),(2.,3.),.PIECEWISE_BEZIER_KNOTS.);
#9457 = CARTESIAN_POINT('',(-0.205971409754,4.60246503241,9.705085462068
    ));
#9458 = CARTESIAN_POINT('',(-0.282347438754,4.60246503241,9.705085462068
    ));
#9459 = CARTESIAN_POINT('',(-0.353516024023,4.578163566944,
    9.705085462068));
#9460 = CARTESIAN_POINT('',(-0.414269688723,4.534768090088,
    9.705085462068));
#9461 = ORIENTED_EDGE('',*,*,#9462,.T.);
#9462 = EDGE_CURVE('',#9454,#9463,#9465,.T.);
#9463 = VERTEX_POINT('',#9464);
#9464 = CARTESIAN_POINT('',(-0.490645717723,4.458392052812,
    9.705085462068));
#9465 = B_SPLINE_CURVE_WITH_KNOTS('',3,(#9466,#9467,#9468,#9469),
  .UNSPECIFIED.,.F.,.F.,(4,4),(3.,4.),.PIECEWISE_BEZIER_KNOTS.);
#9466 = CARTESIAN_POINT('',(-0.414269688723,4.534768090088,
    9.705085462068));
#9467 = CARTESIAN_POINT('',(-0.443778624821,4.513938257226,
    9.705085462068));
#9468 = CARTESIAN_POINT('',(-0.468080084078,4.487900972355,
    9.705085462068));
#9469 = CARTESIAN_POINT('',(-0.490645717723,4.458392052812,
    9.705085462068));
#9470 = ORIENTED_EDGE('',*,*,#9471,.T.);
#9471 = EDGE_CURVE('',#9463,#9472,#9474,.T.);
#9472 = VERTEX_POINT('',#9473);
#9473 = CARTESIAN_POINT('',(-0.530569541283,4.461863687483,
    9.705085462068));
#9474 = B_SPLINE_CURVE_WITH_KNOTS('',3,(#9475,#9476,#9477,#9478),
  .UNSPECIFIED.,.F.,.F.,(4,4),(4.,5.),.PIECEWISE_BEZIER_KNOTS.);
#9475 = CARTESIAN_POINT('',(-0.490645717723,4.458392052812,
    9.705085462068));
#9476 = CARTESIAN_POINT('',(-0.504532256412,4.460127878425,
    9.705085462068));
#9477 = CARTESIAN_POINT('',(-0.516683002595,4.461863687483,
    9.705085462068));
#9478 = CARTESIAN_POINT('',(-0.530569541283,4.461863687483,
    9.705085462068));
#9479 = ORIENTED_EDGE('',*,*,#9480,.T.);
#9480 = EDGE_CURVE('',#9472,#9481,#9483,.T.);
#9481 = VERTEX_POINT('',#9482);
#9482 = CARTESIAN_POINT('',(-0.730188725295,4.378544372585,
    9.705085462068));
#9483 = B_SPLINE_CURVE_WITH_KNOTS('',3,(#9484,#9485,#9486,#9487),
  .UNSPECIFIED.,.F.,.F.,(4,4),(5.,6.),.PIECEWISE_BEZIER_KNOTS.);
#9484 = CARTESIAN_POINT('',(-0.530569541283,4.461863687483,
    9.705085462068));
#9485 = CARTESIAN_POINT('',(-0.605209761224,4.461863687483,
    9.705085462068));
#9486 = CARTESIAN_POINT('',(-0.67637832994,4.432354767942,9.705085462068
    ));
#9487 = CARTESIAN_POINT('',(-0.730188725295,4.378544372585,
    9.705085462068));
#9488 = ORIENTED_EDGE('',*,*,#9489,.T.);
#9489 = EDGE_CURVE('',#9481,#9490,#9492,.T.);
#9490 = VERTEX_POINT('',#9491);
#9491 = CARTESIAN_POINT('',(-0.811772264243,4.180661030741,
    9.705085462068));
#9492 = B_SPLINE_CURVE_WITH_KNOTS('',3,(#9493,#9494,#9495,#9496),
  .UNSPECIFIED.,.F.,.F.,(4,4),(6.,7.),.PIECEWISE_BEZIER_KNOTS.);
#9493 = CARTESIAN_POINT('',(-0.730188725295,4.378544372585,
    9.705085462068));
#9494 = CARTESIAN_POINT('',(-0.782263340561,4.326469819397,
    9.705085462068));
#9495 = CARTESIAN_POINT('',(-0.811772264243,4.255301234127,
    9.705085462068));
#9496 = CARTESIAN_POINT('',(-0.811772264243,4.180661030741,
    9.705085462068));
#9497 = ORIENTED_EDGE('',*,*,#9498,.T.);
#9498 = EDGE_CURVE('',#9490,#9499,#9501,.T.);
#9499 = VERTEX_POINT('',#9500);
#9500 = CARTESIAN_POINT('',(-0.738867869914,3.991456800406,
    9.705085462068));
#9501 = B_SPLINE_CURVE_WITH_KNOTS('',3,(#9502,#9503,#9504,#9505),
  .UNSPECIFIED.,.F.,.F.,(4,4),(7.,8.),.PIECEWISE_BEZIER_KNOTS.);
#9502 = CARTESIAN_POINT('',(-0.811772264243,4.180661030741,
    9.705085462068));
#9503 = CARTESIAN_POINT('',(-0.811772264243,4.111228271083,
    9.705085462068));
#9504 = CARTESIAN_POINT('',(-0.785734979372,4.043531303932,
    9.705085462068));
#9505 = CARTESIAN_POINT('',(-0.738867869914,3.991456800406,
    9.705085462068));
#9506 = ORIENTED_EDGE('',*,*,#9507,.T.);
#9507 = EDGE_CURVE('',#9499,#9508,#9510,.T.);
#9508 = VERTEX_POINT('',#9509);
#9509 = CARTESIAN_POINT('',(-0.600002350602,3.908137502061,
    9.705085462068));
#9510 = B_SPLINE_CURVE_WITH_KNOTS('',3,(#9511,#9512,#9513,#9514),
  .UNSPECIFIED.,.F.,.F.,(4,4),(8.,9.),.PIECEWISE_BEZIER_KNOTS.);
#9511 = CARTESIAN_POINT('',(-0.738867869914,3.991456800406,
    9.705085462068));
#9512 = CARTESIAN_POINT('',(-0.700679855415,3.949797118125,
    9.705085462068));
#9513 = CARTESIAN_POINT('',(-0.653812729403,3.92202404075,9.705085462068
    ));
#9514 = CARTESIAN_POINT('',(-0.600002350602,3.908137502061,
    9.705085462068));
#9515 = ORIENTED_EDGE('',*,*,#9516,.T.);
#9516 = EDGE_CURVE('',#9508,#9517,#9519,.T.);
#9517 = VERTEX_POINT('',#9518);
#9518 = CARTESIAN_POINT('',(-0.435099529863,3.790101823889,
    9.705085462068));
#9519 = B_SPLINE_CURVE_WITH_KNOTS('',3,(#9520,#9521,#9522,#9523),
  .UNSPECIFIED.,.F.,.F.,(4,4),(9.,10.),.PIECEWISE_BEZIER_KNOTS.);
#9520 = CARTESIAN_POINT('',(-0.600002350602,3.908137502061,
    9.705085462068));
#9521 = CARTESIAN_POINT('',(-0.577436700403,3.838704742404,
    9.705085462068));
#9522 = CARTESIAN_POINT('',(-0.511475591972,3.790101823889,
    9.705085462068));
#9523 = CARTESIAN_POINT('',(-0.435099529863,3.790101823889,
    9.705085462068));
#9524 = ORIENTED_EDGE('',*,*,#9525,.T.);
#9525 = EDGE_CURVE('',#9517,#9526,#9528,.T.);
#9526 = VERTEX_POINT('',#9527);
#9527 = CARTESIAN_POINT('',(-0.261517630722,3.963683723029,
    9.705085462068));
#9528 = B_SPLINE_CURVE_WITH_KNOTS('',3,(#9529,#9530,#9531,#9532),
  .UNSPECIFIED.,.F.,.F.,(4,4),(10.,11.),.PIECEWISE_BEZIER_KNOTS.);
#9529 = CARTESIAN_POINT('',(-0.435099529863,3.790101823889,
    9.705085462068));
#9530 = CARTESIAN_POINT('',(-0.339629485336,3.790101823889,
    9.705085462068));
#9531 = CARTESIAN_POINT('',(-0.261517630722,3.868213678501,
    9.705085462068));
#9532 = CARTESIAN_POINT('',(-0.261517630722,3.963683723029,
    9.705085462068));
#9533 = ORIENTED_EDGE('',*,*,#9534,.T.);
#9534 = EDGE_CURVE('',#9526,#9535,#9537,.T.);
#9535 = VERTEX_POINT('',#9536);
#9536 = CARTESIAN_POINT('',(-0.261517630722,3.981041912944,
    9.705085462068));
#9537 = B_SPLINE_CURVE_WITH_KNOTS('',3,(#9538,#9539,#9540,#9541),
  .UNSPECIFIED.,.F.,.F.,(4,4),(11.,12.),.PIECEWISE_BEZIER_KNOTS.);
#9538 = CARTESIAN_POINT('',(-0.261517630722,3.963683723029,
    9.705085462068));
#9539 = CARTESIAN_POINT('',(-0.261517630722,3.968891166761,
    9.705085462068));
#9540 = CARTESIAN_POINT('',(-0.261517630722,3.974098610492,
    9.705085462068));
#9541 = CARTESIAN_POINT('',(-0.261517630722,3.981041912944,
    9.705085462068));
#9542 = ORIENTED_EDGE('',*,*,#9543,.T.);
#9543 = EDGE_CURVE('',#9535,#9544,#9546,.T.);
#9544 = VERTEX_POINT('',#9545);
#9545 = CARTESIAN_POINT('',(-1.850297192422E-02,4.109492511687,
    9.705085462068));
#9546 = B_SPLINE_CURVE_WITH_KNOTS('',1,(#9547,#9548),.UNSPECIFIED.,.F.,
  .F.,(2,2),(2.926281846993E-16,0.274873936028),
  .PIECEWISE_BEZIER_KNOTS.);
#9547 = CARTESIAN_POINT('',(-0.261517630722,3.981041912944,
    9.705085462068));
#9548 = CARTESIAN_POINT('',(-1.850297192422E-02,4.109492511687,
    9.705085462068));
#9549 = ORIENTED_EDGE('',*,*,#9550,.T.);
#9550 = EDGE_CURVE('',#9544,#9551,#9553,.T.);
#9551 = VERTEX_POINT('',#9552);
#9552 = CARTESIAN_POINT('',(-7.231333417194E-02,4.201490938096,
    9.705085462068));
#9553 = B_SPLINE_CURVE_WITH_KNOTS('',1,(#9554,#9555),.UNSPECIFIED.,.F.,
  .F.,(2,2),(0.,0.106579855259),.PIECEWISE_BEZIER_KNOTS.);
#9554 = CARTESIAN_POINT('',(-1.850297192422E-02,4.109492511687,
    9.705085462068));
#9555 = CARTESIAN_POINT('',(-7.231333417194E-02,4.201490938096,
    9.705085462068));
#9556 = ORIENTED_EDGE('',*,*,#9557,.T.);
#9557 = EDGE_CURVE('',#9551,#9558,#9560,.T.);
#9558 = VERTEX_POINT('',#9559);
#9559 = CARTESIAN_POINT('',(-0.304913072399,4.079983608698,
    9.705085462068));
#9560 = B_SPLINE_CURVE_WITH_KNOTS('',1,(#9561,#9562),.UNSPECIFIED.,.F.,
  .F.,(2,2),(0.,0.262424597401),.PIECEWISE_BEZIER_KNOTS.);
#9561 = CARTESIAN_POINT('',(-7.231333417194E-02,4.201490938096,
    9.705085462068));
#9562 = CARTESIAN_POINT('',(-0.304913072399,4.079983608698,
    9.705085462068));
#9563 = ORIENTED_EDGE('',*,*,#9564,.T.);
#9564 = EDGE_CURVE('',#9558,#9565,#9567,.T.);
#9565 = VERTEX_POINT('',#9566);
#9566 = CARTESIAN_POINT('',(-0.435099496755,4.139001447784,
    9.705085462068));
#9567 = B_SPLINE_CURVE_WITH_KNOTS('',3,(#9568,#9569,#9570,#9571),
  .UNSPECIFIED.,.F.,.F.,(4,4),(15.,16.),.PIECEWISE_BEZIER_KNOTS.);
#9568 = CARTESIAN_POINT('',(-0.304913072399,4.079983608698,
    9.705085462068));
#9569 = CARTESIAN_POINT('',(-0.336157801002,4.116435814139,
    9.705085462068));
#9570 = CARTESIAN_POINT('',(-0.383024927013,4.139001447784,
    9.705085462068));
#9571 = CARTESIAN_POINT('',(-0.435099496755,4.139001447784,
    9.705085462068));
#9572 = ORIENTED_EDGE('',*,*,#9573,.T.);
#9573 = EDGE_CURVE('',#9565,#9574,#9576,.T.);
#9574 = VERTEX_POINT('',#9575);
#9575 = CARTESIAN_POINT('',(-0.598266475326,4.02443738773,9.705085462068
    ));
#9576 = B_SPLINE_CURVE_WITH_KNOTS('',3,(#9577,#9578,#9579,#9580),
  .UNSPECIFIED.,.F.,.F.,(4,4),(16.,17.),.PIECEWISE_BEZIER_KNOTS.);
#9577 = CARTESIAN_POINT('',(-0.435099496755,4.139001447784,
    9.705085462068));
#9578 = CARTESIAN_POINT('',(-0.509739733251,4.139001447784,
    9.705085462068));
#9579 = CARTESIAN_POINT('',(-0.573965016068,4.090398529269,
    9.705085462068));
#9580 = CARTESIAN_POINT('',(-0.598266475326,4.02443738773,9.705085462068
    ));
#9581 = ORIENTED_EDGE('',*,*,#9582,.T.);
#9582 = EDGE_CURVE('',#9574,#9583,#9585,.T.);
#9583 = VERTEX_POINT('',#9584);
#9584 = CARTESIAN_POINT('',(-0.702415614811,4.184132748182,
    9.705085462068));
#9585 = B_SPLINE_CURVE_WITH_KNOTS('',3,(#9586,#9587,#9588,#9589),
  .UNSPECIFIED.,.F.,.F.,(4,4),(17.,18.),.PIECEWISE_BEZIER_KNOTS.);
#9586 = CARTESIAN_POINT('',(-0.598266475326,4.02443738773,9.705085462068
    ));
#9587 = CARTESIAN_POINT('',(-0.659020140025,4.052210498213,
    9.705085462068));
#9588 = CARTESIAN_POINT('',(-0.702415614811,4.112964162912,
    9.705085462068));
#9589 = CARTESIAN_POINT('',(-0.702415614811,4.184132748182,
    9.705085462068));
#9590 = ORIENTED_EDGE('',*,*,#9591,.T.);
#9591 = EDGE_CURVE('',#9583,#9592,#9594,.T.);
#9592 = VERTEX_POINT('',#9593);
#9593 = CARTESIAN_POINT('',(-0.52883371567,4.357714647323,9.705085462068
    ));
#9594 = B_SPLINE_CURVE_WITH_KNOTS('',3,(#9595,#9596,#9597,#9598),
  .UNSPECIFIED.,.F.,.F.,(4,4),(18.,19.),.PIECEWISE_BEZIER_KNOTS.);
#9595 = CARTESIAN_POINT('',(-0.702415614811,4.184132748182,
    9.705085462068));
#9596 = CARTESIAN_POINT('',(-0.702415614811,4.27960279271,9.705085462068
    ));
#9597 = CARTESIAN_POINT('',(-0.624303760197,4.357714647323,
    9.705085462068));
#9598 = CARTESIAN_POINT('',(-0.52883371567,4.357714647323,9.705085462068
    ));
#9599 = ORIENTED_EDGE('',*,*,#9600,.T.);
#9600 = EDGE_CURVE('',#9592,#9601,#9603,.T.);
#9601 = VERTEX_POINT('',#9602);
#9602 = CARTESIAN_POINT('',(-0.436835322368,4.331677362451,
    9.705085462068));
#9603 = B_SPLINE_CURVE_WITH_KNOTS('',3,(#9604,#9605,#9606,#9607),
  .UNSPECIFIED.,.F.,.F.,(4,4),(19.,20.),.PIECEWISE_BEZIER_KNOTS.);
#9604 = CARTESIAN_POINT('',(-0.52883371567,4.357714647323,9.705085462068
    ));
#9605 = CARTESIAN_POINT('',(-0.495853161454,4.357714647323,
    9.705085462068));
#9606 = CARTESIAN_POINT('',(-0.462872607239,4.347299726754,
    9.705085462068));
#9607 = CARTESIAN_POINT('',(-0.436835322368,4.331677362451,
    9.705085462068));
#9608 = ORIENTED_EDGE('',*,*,#9609,.T.);
#9609 = EDGE_CURVE('',#9601,#9610,#9612,.T.);
#9610 = VERTEX_POINT('',#9611);
#9611 = CARTESIAN_POINT('',(-0.204235617249,4.498315892925,
    9.705085462068));
#9612 = B_SPLINE_CURVE_WITH_KNOTS('',3,(#9613,#9614,#9615,#9616),
  .UNSPECIFIED.,.F.,.F.,(4,4),(20.,21.),.PIECEWISE_BEZIER_KNOTS.);
#9613 = CARTESIAN_POINT('',(-0.436835322368,4.331677362451,
    9.705085462068));
#9614 = CARTESIAN_POINT('',(-0.403854801261,4.428883133269,
    9.705085462068));
#9615 = CARTESIAN_POINT('',(-0.313592200465,4.498315892925,
    9.705085462068));
#9616 = CARTESIAN_POINT('',(-0.204235617249,4.498315892925,
    9.705085462068));
#9617 = ORIENTED_EDGE('',*,*,#9618,.T.);
#9618 = EDGE_CURVE('',#9610,#9619,#9621,.T.);
#9619 = VERTEX_POINT('',#9620);
#9620 = CARTESIAN_POINT('',(3.87790415488E-02,4.281338518999,
    9.705085462068));
#9621 = B_SPLINE_CURVE_WITH_KNOTS('',3,(#9622,#9623,#9624,#9625),
  .UNSPECIFIED.,.F.,.F.,(4,4),(21.,22.),.PIECEWISE_BEZIER_KNOTS.);
#9622 = CARTESIAN_POINT('',(-0.204235617249,4.498315892925,
    9.705085462068));
#9623 = CARTESIAN_POINT('',(-7.925663662336E-02,4.498315892925,
    9.705085462068));
#9624 = CARTESIAN_POINT('',(2.489250286053E-02,4.402845848397,
    9.705085462068));
#9625 = CARTESIAN_POINT('',(3.87790415488E-02,4.281338518999,
    9.705085462068));
#9626 = ORIENTED_EDGE('',*,*,#9627,.T.);
#9627 = EDGE_CURVE('',#9619,#9628,#9630,.T.);
#9628 = VERTEX_POINT('',#9629);
#9629 = CARTESIAN_POINT('',(5.266558023707E-02,4.281338518999,
    9.705085462068));
#9630 = B_SPLINE_CURVE_WITH_KNOTS('',3,(#9631,#9632,#9633,#9634),
  .UNSPECIFIED.,.F.,.F.,(4,4),(22.,23.),.PIECEWISE_BEZIER_KNOTS.);
#9631 = CARTESIAN_POINT('',(3.87790415488E-02,4.281338518999,
    9.705085462068));
#9632 = CARTESIAN_POINT('',(4.398648527945E-02,4.281338518999,
    9.705085462068));
#9633 = CARTESIAN_POINT('',(4.745813650558E-02,4.281338518999,
    9.705085462068));
#9634 = CARTESIAN_POINT('',(5.266558023707E-02,4.281338518999,
    9.705085462068));
#9635 = ORIENTED_EDGE('',*,*,#9636,.T.);
#9636 = EDGE_CURVE('',#9628,#9637,#9639,.T.);
#9637 = VERTEX_POINT('',#9638);
#9638 = CARTESIAN_POINT('',(0.188059448324,4.145944650912,9.705085462068
    ));
#9639 = B_SPLINE_CURVE_WITH_KNOTS('',3,(#9640,#9641,#9642,#9643),
  .UNSPECIFIED.,.F.,.F.,(4,4),(23.,24.),.PIECEWISE_BEZIER_KNOTS.);
#9640 = CARTESIAN_POINT('',(5.266558023707E-02,4.281338518999,
    9.705085462068));
#9641 = CARTESIAN_POINT('',(0.127305783624,4.281338518999,9.705085462068
    ));
#9642 = CARTESIAN_POINT('',(0.188059448324,4.220584854299,9.705085462068
    ));
#9643 = CARTESIAN_POINT('',(0.188059448324,4.145944650912,9.705085462068
    ));
#9644 = ORIENTED_EDGE('',*,*,#9645,.T.);
#9645 = EDGE_CURVE('',#9637,#9646,#9648,.T.);
#9646 = VERTEX_POINT('',#9647);
#9647 = CARTESIAN_POINT('',(6.308046769921E-02,4.010550782825,
    9.705085462068));
#9648 = B_SPLINE_CURVE_WITH_KNOTS('',3,(#9649,#9650,#9651,#9652),
  .UNSPECIFIED.,.F.,.F.,(4,4),(24.,25.),.PIECEWISE_BEZIER_KNOTS.);
#9649 = CARTESIAN_POINT('',(0.188059448324,4.145944650912,9.705085462068
    ));
#9650 = CARTESIAN_POINT('',(0.188059448324,4.074776065642,9.705085462068
    ));
#9651 = CARTESIAN_POINT('',(0.134249086076,4.015758226557,9.705085462068
    ));
#9652 = CARTESIAN_POINT('',(6.308046769921E-02,4.010550782825,
    9.705085462068));
#9653 = ORIENTED_EDGE('',*,*,#9654,.T.);
#9654 = EDGE_CURVE('',#9646,#9655,#9657,.T.);
#9655 = VERTEX_POINT('',#9656);
#9656 = CARTESIAN_POINT('',(-1.503138691434E-02,4.010550782825,
    9.705085462068));
#9657 = B_SPLINE_CURVE_WITH_KNOTS('',1,(#9658,#9659),.UNSPECIFIED.,.F.,
  .F.,(2,2),(1.025195930059E-16,7.811185461355E-02),
  .PIECEWISE_BEZIER_KNOTS.);
#9658 = CARTESIAN_POINT('',(6.308046769921E-02,4.010550782825,
    9.705085462068));
#9659 = CARTESIAN_POINT('',(-1.503138691434E-02,4.010550782825,
    9.705085462068));
#9660 = ORIENTED_EDGE('',*,*,#9661,.T.);
#9661 = EDGE_CURVE('',#9655,#9662,#9664,.T.);
#9662 = VERTEX_POINT('',#9663);
#9663 = CARTESIAN_POINT('',(-2.544627437648E-02,4.01228657533,
    9.705085462068));
#9664 = B_SPLINE_CURVE_WITH_KNOTS('',3,(#9665,#9666,#9667,#9668),
  .UNSPECIFIED.,.F.,.F.,(4,4),(26.,27.),.PIECEWISE_BEZIER_KNOTS.);
#9665 = CARTESIAN_POINT('',(-1.503138691434E-02,4.010550782825,
    9.705085462068));
#9666 = CARTESIAN_POINT('',(-1.850303814046E-02,4.010550782825,
    9.705085462068));
#9667 = CARTESIAN_POINT('',(-2.197468936659E-02,4.01228657533,
    9.705085462068));
#9668 = CARTESIAN_POINT('',(-2.544627437648E-02,4.01228657533,
    9.705085462068));
#9669 = ORIENTED_EDGE('',*,*,#9670,.T.);
#9670 = EDGE_CURVE('',#9662,#9671,#9673,.T.);
#9671 = VERTEX_POINT('',#9672);
#9672 = CARTESIAN_POINT('',(-7.925663662336E-02,3.958476213083,
    9.705085462068));
#9673 = B_SPLINE_CURVE_WITH_KNOTS('',3,(#9674,#9675,#9676,#9677),
  .UNSPECIFIED.,.F.,.F.,(4,4),(27.,28.),.PIECEWISE_BEZIER_KNOTS.);
#9674 = CARTESIAN_POINT('',(-2.544627437648E-02,4.01228657533,
    9.705085462068));
#9675 = CARTESIAN_POINT('',(-5.495521047379E-02,4.01228657533,
    9.705085462068));
#9676 = CARTESIAN_POINT('',(-7.925663662336E-02,3.987985082964,
    9.705085462068));
#9677 = CARTESIAN_POINT('',(-7.925663662336E-02,3.958476213083,
    9.705085462068));
#9678 = ORIENTED_EDGE('',*,*,#9679,.T.);
#9679 = EDGE_CURVE('',#9671,#9680,#9682,.T.);
#9680 = VERTEX_POINT('',#9681);
#9681 = CARTESIAN_POINT('',(-2.891785938636E-02,3.904665850835,
    9.705085462068));
#9682 = B_SPLINE_CURVE_WITH_KNOTS('',3,(#9683,#9684,#9685,#9686),
  .UNSPECIFIED.,.F.,.F.,(4,4),(28.,29.),.PIECEWISE_BEZIER_KNOTS.);
#9683 = CARTESIAN_POINT('',(-7.925663662336E-02,3.958476213083,
    9.705085462068));
#9684 = CARTESIAN_POINT('',(-7.925663662336E-02,3.930703135707,
    9.705085462068));
#9685 = CARTESIAN_POINT('',(-5.669100297914E-02,3.906401643339,
    9.705085462068));
#9686 = CARTESIAN_POINT('',(-2.891785938636E-02,3.904665850835,
    9.705085462068));
#9687 = ORIENTED_EDGE('',*,*,#9688,.T.);
#9688 = EDGE_CURVE('',#9680,#9689,#9691,.T.);
#9689 = VERTEX_POINT('',#9690);
#9690 = CARTESIAN_POINT('',(7.34954213776E-02,3.904665850835,
    9.705085462068));
#9691 = B_SPLINE_CURVE_WITH_KNOTS('',1,(#9692,#9693),.UNSPECIFIED.,.F.,
  .F.,(2,2),(-4.485232194008E-17,0.102413280764),
  .PIECEWISE_BEZIER_KNOTS.);
#9692 = CARTESIAN_POINT('',(-2.891785938636E-02,3.904665850835,
    9.705085462068));
#9693 = CARTESIAN_POINT('',(7.34954213776E-02,3.904665850835,
    9.705085462068));
#9694 = ORIENTED_EDGE('',*,*,#9695,.T.);
#9695 = EDGE_CURVE('',#9689,#9696,#9698,.T.);
#9696 = VERTEX_POINT('',#9697);
#9697 = CARTESIAN_POINT('',(0.231454923108,3.982777705449,9.705085462068
    ));
#9698 = B_SPLINE_CURVE_WITH_KNOTS('',3,(#9699,#9700,#9701,#9702),
  .UNSPECIFIED.,.F.,.F.,(4,4),(33.,34.),.PIECEWISE_BEZIER_KNOTS.);
#9699 = CARTESIAN_POINT('',(7.34954213776E-02,3.904665850835,
    9.705085462068));
#9700 = CARTESIAN_POINT('',(0.134249086076,3.909873294566,9.705085462068
    ));
#9701 = CARTESIAN_POINT('',(0.189795307045,3.937646438159,9.705085462068
    ));
#9702 = CARTESIAN_POINT('',(0.231454923108,3.982777705449,9.705085462068
    ));
#9703 = ORIENTED_EDGE('',*,*,#9704,.T.);
#9704 = EDGE_CURVE('',#9696,#9425,#9705,.T.);
#9705 = B_SPLINE_CURVE_WITH_KNOTS('',3,(#9706,#9707,#9708,#9709),
  .UNSPECIFIED.,.F.,.F.,(4,4),(34.,35.),.PIECEWISE_BEZIER_KNOTS.);
#9706 = CARTESIAN_POINT('',(0.231454923108,3.982777705449,9.705085462068
    ));
#9707 = CARTESIAN_POINT('',(0.273114605389,4.027908972739,9.705085462068
    ));
#9708 = CARTESIAN_POINT('',(0.295680239034,4.086926844934,9.705085462068
    ));
#9709 = CARTESIAN_POINT('',(0.295680239034,4.147680509633,9.705085462068
    ));
#9710 = FACE_BOUND('',#9711,.T.);
#9711 = EDGE_LOOP('',(#9712,#9726));
#9712 = ORIENTED_EDGE('',*,*,#9713,.F.);
#9713 = EDGE_CURVE('',#9714,#9716,#9718,.T.);
#9714 = VERTEX_POINT('',#9715);
#9715 = CARTESIAN_POINT('',(-0.436835355477,3.894250830941,
    9.705085462068));
#9716 = VERTEX_POINT('',#9717);
#9717 = CARTESIAN_POINT('',(-0.436835355477,4.029644765244,
    9.705085462068));
#9718 = B_SPLINE_CURVE_WITH_KNOTS('',3,(#9719,#9720,#9721,#9722,#9723,
    #9724,#9725),.UNSPECIFIED.,.F.,.F.,(4,3,4),(0.,1.,2.),
  .PIECEWISE_BEZIER_KNOTS.);
#9719 = CARTESIAN_POINT('',(-0.436835355477,3.894250830941,
    9.705085462068));
#9720 = CARTESIAN_POINT('',(-0.398647357531,3.894250830941,
    9.705085462068));
#9721 = CARTESIAN_POINT('',(-0.369138421433,3.925495625759,
    9.705085462068));
#9722 = CARTESIAN_POINT('',(-0.369138421433,3.961947798092,
    9.705085462068));
#9723 = CARTESIAN_POINT('',(-0.369138421433,4.000135829146,
    9.705085462068));
#9724 = CARTESIAN_POINT('',(-0.400383150035,4.029644765244,
    9.705085462068));
#9725 = CARTESIAN_POINT('',(-0.436835355477,4.029644765244,
    9.705085462068));
#9726 = ORIENTED_EDGE('',*,*,#9727,.F.);
#9727 = EDGE_CURVE('',#9716,#9714,#9728,.T.);
#9728 = B_SPLINE_CURVE_WITH_KNOTS('',3,(#9729,#9730,#9731,#9732,#9733,
    #9734),.UNSPECIFIED.,.F.,.F.,(4,2,4),(2.,3.,4.),.UNSPECIFIED.);
#9729 = CARTESIAN_POINT('',(-0.436835355477,4.029644765244,
    9.705085462068));
#9730 = CARTESIAN_POINT('',(-0.473287560917,4.029644765244,
    9.705085462068));
#9731 = CARTESIAN_POINT('',(-0.50453228952,4.000135829146,9.705085462068
    ));
#9732 = CARTESIAN_POINT('',(-0.50453228952,3.923759767038,9.705085462068
    ));
#9733 = CARTESIAN_POINT('',(-0.473287560917,3.894250830941,
    9.705085462068));
#9734 = CARTESIAN_POINT('',(-0.436835355477,3.894250830941,
    9.705085462068));
#9735 = B_SPLINE_SURFACE_WITH_KNOTS('',1,1,(
    (#9736,#9737)
    ,(#9738,#9739
    )),.UNSPECIFIED.,.F.,.F.,.F.,(2,2),(2,2),(-4.947083132308E-02,
    1.057981671954),(-0.498613929134,0.313749279387),
  .PIECEWISE_BEZIER_KNOTS.);
#9736 = CARTESIAN_POINT('',(0.295680239034,3.790101823889,9.705085462068
    ));
#9737 = CARTESIAN_POINT('',(0.295680239034,4.60246503241,9.705085462068)
  );
#9738 = CARTESIAN_POINT('',(-0.811772264243,3.790101823889,
    9.705085462068));
#9739 = CARTESIAN_POINT('',(-0.811772264243,4.60246503241,9.705085462068
    ));
#9740 = ADVANCED_FACE('',(#9741),#9755,.F.);
#9741 = FACE_BOUND('',#9742,.F.);
#9742 = EDGE_LOOP('',(#9743,#9748,#9749,#9754));
#9743 = ORIENTED_EDGE('',*,*,#9744,.F.);
#9744 = EDGE_CURVE('',#9425,#1611,#9745,.T.);
#9745 = B_SPLINE_CURVE_WITH_KNOTS('',1,(#9746,#9747),.UNSPECIFIED.,.F.,
  .F.,(2,2),(-0.,9.234144017191E-03),.PIECEWISE_BEZIER_KNOTS.);
#9746 = CARTESIAN_POINT('',(0.295680239034,4.147680509633,9.705085462068
    ));
#9747 = CARTESIAN_POINT('',(0.295680239034,4.147680509633,9.695851318051
    ));
#9748 = ORIENTED_EDGE('',*,*,#9424,.T.);
#9749 = ORIENTED_EDGE('',*,*,#9750,.T.);
#9750 = EDGE_CURVE('',#9427,#1600,#9751,.T.);
#9751 = B_SPLINE_CURVE_WITH_KNOTS('',1,(#9752,#9753),.UNSPECIFIED.,.F.,
  .F.,(2,2),(-0.,9.234144017191E-03),.PIECEWISE_BEZIER_KNOTS.);
#9752 = CARTESIAN_POINT('',(0.123834198615,4.375072737914,9.705085462068
    ));
#9753 = CARTESIAN_POINT('',(0.123834198615,4.375072737914,9.695851318051
    ));
#9754 = ORIENTED_EDGE('',*,*,#1610,.F.);
#9755 = B_SPLINE_SURFACE_WITH_KNOTS('',3,1,(
    (#9756,#9757)
    ,(#9758,#9759)
    ,(#9760,#9761)
    ,(#9762,#9763
    )),.UNSPECIFIED.,.F.,.F.,.F.,(4,4),(2,2),(35.,36.),(0.,1.),
  .PIECEWISE_BEZIER_KNOTS.);
#9756 = CARTESIAN_POINT('',(0.295680239034,4.147680509633,9.705085462068
    ));
#9757 = CARTESIAN_POINT('',(0.295680239034,4.147680509633,9.695851318051
    ));
#9758 = CARTESIAN_POINT('',(0.293944446529,4.251829582901,9.705085462068
    ));
#9759 = CARTESIAN_POINT('',(0.293944446529,4.251829582901,9.695851318051
    ));
#9760 = CARTESIAN_POINT('',(0.222775828152,4.34382800931,9.705085462068)
  );
#9761 = CARTESIAN_POINT('',(0.222775828152,4.34382800931,9.695851318051)
  );
#9762 = CARTESIAN_POINT('',(0.123834198615,4.375072737914,9.705085462068
    ));
#9763 = CARTESIAN_POINT('',(0.123834198615,4.375072737914,9.695851318051
    ));
#9764 = ADVANCED_FACE('',(#9765),#9775,.F.);
#9765 = FACE_BOUND('',#9766,.F.);
#9766 = EDGE_LOOP('',(#9767,#9768,#9769,#9774));
#9767 = ORIENTED_EDGE('',*,*,#9750,.F.);
#9768 = ORIENTED_EDGE('',*,*,#9435,.T.);
#9769 = ORIENTED_EDGE('',*,*,#9770,.T.);
#9770 = EDGE_CURVE('',#9436,#1602,#9771,.T.);
#9771 = B_SPLINE_CURVE_WITH_KNOTS('',1,(#9772,#9773),.UNSPECIFIED.,.F.,
  .F.,(2,2),(-0.,9.234144017191E-03),.PIECEWISE_BEZIER_KNOTS.);
#9772 = CARTESIAN_POINT('',(3.009994659202E-02,4.512202439889,
    9.705085462068));
#9773 = CARTESIAN_POINT('',(3.009994659202E-02,4.512202439889,
    9.695851318051));
#9774 = ORIENTED_EDGE('',*,*,#1599,.F.);
#9775 = B_SPLINE_SURFACE_WITH_KNOTS('',3,1,(
    (#9776,#9777)
    ,(#9778,#9779)
    ,(#9780,#9781)
    ,(#9782,#9783
    )),.UNSPECIFIED.,.F.,.F.,.F.,(4,4),(2,2),(0.,1.),(0.,1.),
  .PIECEWISE_BEZIER_KNOTS.);
#9776 = CARTESIAN_POINT('',(0.123834198615,4.375072737914,9.705085462068
    ));
#9777 = CARTESIAN_POINT('',(0.123834198615,4.375072737914,9.695851318051
    ));
#9778 = CARTESIAN_POINT('',(0.104740216196,4.427147307655,9.705085462068
    ));
#9779 = CARTESIAN_POINT('',(0.104740216196,4.427147307655,9.695851318051
    ));
#9780 = CARTESIAN_POINT('',(7.175962887224E-02,4.474014417113,
    9.705085462068));
#9781 = CARTESIAN_POINT('',(7.175962887224E-02,4.474014417113,
    9.695851318051));
#9782 = CARTESIAN_POINT('',(3.009994659202E-02,4.512202439889,
    9.705085462068));
#9783 = CARTESIAN_POINT('',(3.009994659202E-02,4.512202439889,
    9.695851318051));
#9784 = ADVANCED_FACE('',(#9785),#9795,.F.);
#9785 = FACE_BOUND('',#9786,.F.);
#9786 = EDGE_LOOP('',(#9787,#9788,#9789,#9794));
#9787 = ORIENTED_EDGE('',*,*,#9770,.F.);
#9788 = ORIENTED_EDGE('',*,*,#9444,.T.);
#9789 = ORIENTED_EDGE('',*,*,#9790,.T.);
#9790 = EDGE_CURVE('',#9445,#1871,#9791,.T.);
#9791 = B_SPLINE_CURVE_WITH_KNOTS('',1,(#9792,#9793),.UNSPECIFIED.,.F.,
  .F.,(2,2),(-0.,9.234144017191E-03),.PIECEWISE_BEZIER_KNOTS.);
#9792 = CARTESIAN_POINT('',(-0.205971409754,4.60246503241,9.705085462068
    ));
#9793 = CARTESIAN_POINT('',(-0.205971409754,4.60246503241,9.695851318051
    ));
#9794 = ORIENTED_EDGE('',*,*,#1879,.F.);
#9795 = B_SPLINE_SURFACE_WITH_KNOTS('',3,1,(
    (#9796,#9797)
    ,(#9798,#9799)
    ,(#9800,#9801)
    ,(#9802,#9803
    )),.UNSPECIFIED.,.F.,.F.,.F.,(4,4),(2,2),(1.,2.),(0.,1.),
  .PIECEWISE_BEZIER_KNOTS.);
#9796 = CARTESIAN_POINT('',(3.009994659202E-02,4.512202439889,
    9.705085462068));
#9797 = CARTESIAN_POINT('',(3.009994659202E-02,4.512202439889,
    9.695851318051));
#9798 = CARTESIAN_POINT('',(-3.586116183862E-02,4.569484471987,
    9.705085462068));
#9799 = CARTESIAN_POINT('',(-3.586116183862E-02,4.569484471987,
    9.695851318051));
#9800 = CARTESIAN_POINT('',(-0.119180460184,4.60246503241,9.705085462068
    ));
#9801 = CARTESIAN_POINT('',(-0.119180460184,4.60246503241,9.695851318051
    ));
#9802 = CARTESIAN_POINT('',(-0.205971409754,4.60246503241,9.705085462068
    ));
#9803 = CARTESIAN_POINT('',(-0.205971409754,4.60246503241,9.695851318051
    ));
#9804 = ADVANCED_FACE('',(#9805),#9815,.F.);
#9805 = FACE_BOUND('',#9806,.F.);
#9806 = EDGE_LOOP('',(#9807,#9808,#9809,#9814));
#9807 = ORIENTED_EDGE('',*,*,#9790,.F.);
#9808 = ORIENTED_EDGE('',*,*,#9453,.T.);
#9809 = ORIENTED_EDGE('',*,*,#9810,.T.);
#9810 = EDGE_CURVE('',#9454,#1862,#9811,.T.);
#9811 = B_SPLINE_CURVE_WITH_KNOTS('',1,(#9812,#9813),.UNSPECIFIED.,.F.,
  .F.,(2,2),(-0.,9.234144017191E-03),.PIECEWISE_BEZIER_KNOTS.);
#9812 = CARTESIAN_POINT('',(-0.414269688723,4.534768090088,
    9.705085462068));
#9813 = CARTESIAN_POINT('',(-0.414269688723,4.534768090088,
    9.695851318051));
#9814 = ORIENTED_EDGE('',*,*,#1870,.F.);
#9815 = B_SPLINE_SURFACE_WITH_KNOTS('',3,1,(
    (#9816,#9817)
    ,(#9818,#9819)
    ,(#9820,#9821)
    ,(#9822,#9823
    )),.UNSPECIFIED.,.F.,.F.,.F.,(4,4),(2,2),(2.,3.),(0.,1.),
  .PIECEWISE_BEZIER_KNOTS.);
#9816 = CARTESIAN_POINT('',(-0.205971409754,4.60246503241,9.705085462068
    ));
#9817 = CARTESIAN_POINT('',(-0.205971409754,4.60246503241,9.695851318051
    ));
#9818 = CARTESIAN_POINT('',(-0.282347438754,4.60246503241,9.705085462068
    ));
#9819 = CARTESIAN_POINT('',(-0.282347438754,4.60246503241,9.695851318051
    ));
#9820 = CARTESIAN_POINT('',(-0.353516024023,4.578163566944,
    9.705085462068));
#9821 = CARTESIAN_POINT('',(-0.353516024023,4.578163566944,
    9.695851318051));
#9822 = CARTESIAN_POINT('',(-0.414269688723,4.534768090088,
    9.705085462068));
#9823 = CARTESIAN_POINT('',(-0.414269688723,4.534768090088,
    9.695851318051));
#9824 = ADVANCED_FACE('',(#9825),#9835,.F.);
#9825 = FACE_BOUND('',#9826,.F.);
#9826 = EDGE_LOOP('',(#9827,#9828,#9829,#9834));
#9827 = ORIENTED_EDGE('',*,*,#9810,.F.);
#9828 = ORIENTED_EDGE('',*,*,#9462,.T.);
#9829 = ORIENTED_EDGE('',*,*,#9830,.T.);
#9830 = EDGE_CURVE('',#9463,#1853,#9831,.T.);
#9831 = B_SPLINE_CURVE_WITH_KNOTS('',1,(#9832,#9833),.UNSPECIFIED.,.F.,
  .F.,(2,2),(-0.,9.234144017191E-03),.PIECEWISE_BEZIER_KNOTS.);
#9832 = CARTESIAN_POINT('',(-0.490645717723,4.458392052812,
    9.705085462068));
#9833 = CARTESIAN_POINT('',(-0.490645717723,4.458392052812,
    9.695851318051));
#9834 = ORIENTED_EDGE('',*,*,#1861,.F.);
#9835 = B_SPLINE_SURFACE_WITH_KNOTS('',3,1,(
    (#9836,#9837)
    ,(#9838,#9839)
    ,(#9840,#9841)
    ,(#9842,#9843
    )),.UNSPECIFIED.,.F.,.F.,.F.,(4,4),(2,2),(3.,4.),(0.,1.),
  .PIECEWISE_BEZIER_KNOTS.);
#9836 = CARTESIAN_POINT('',(-0.414269688723,4.534768090088,
    9.705085462068));
#9837 = CARTESIAN_POINT('',(-0.414269688723,4.534768090088,
    9.695851318051));
#9838 = CARTESIAN_POINT('',(-0.443778624821,4.513938257226,
    9.705085462068));
#9839 = CARTESIAN_POINT('',(-0.443778624821,4.513938257226,
    9.695851318051));
#9840 = CARTESIAN_POINT('',(-0.468080084078,4.487900972355,
    9.705085462068));
#9841 = CARTESIAN_POINT('',(-0.468080084078,4.487900972355,
    9.695851318051));
#9842 = CARTESIAN_POINT('',(-0.490645717723,4.458392052812,
    9.705085462068));
#9843 = CARTESIAN_POINT('',(-0.490645717723,4.458392052812,
    9.695851318051));
#9844 = ADVANCED_FACE('',(#9845),#9855,.F.);
#9845 = FACE_BOUND('',#9846,.F.);
#9846 = EDGE_LOOP('',(#9847,#9848,#9849,#9854));
#9847 = ORIENTED_EDGE('',*,*,#9830,.F.);
#9848 = ORIENTED_EDGE('',*,*,#9471,.T.);
#9849 = ORIENTED_EDGE('',*,*,#9850,.T.);
#9850 = EDGE_CURVE('',#9472,#1844,#9851,.T.);
#9851 = B_SPLINE_CURVE_WITH_KNOTS('',1,(#9852,#9853),.UNSPECIFIED.,.F.,
  .F.,(2,2),(-0.,9.234144017191E-03),.PIECEWISE_BEZIER_KNOTS.);
#9852 = CARTESIAN_POINT('',(-0.530569541283,4.461863687483,
    9.705085462068));
#9853 = CARTESIAN_POINT('',(-0.530569541283,4.461863687483,
    9.695851318051));
#9854 = ORIENTED_EDGE('',*,*,#1852,.F.);
#9855 = B_SPLINE_SURFACE_WITH_KNOTS('',3,1,(
    (#9856,#9857)
    ,(#9858,#9859)
    ,(#9860,#9861)
    ,(#9862,#9863
    )),.UNSPECIFIED.,.F.,.F.,.F.,(4,4),(2,2),(4.,5.),(0.,1.),
  .PIECEWISE_BEZIER_KNOTS.);
#9856 = CARTESIAN_POINT('',(-0.490645717723,4.458392052812,
    9.705085462068));
#9857 = CARTESIAN_POINT('',(-0.490645717723,4.458392052812,
    9.695851318051));
#9858 = CARTESIAN_POINT('',(-0.504532256412,4.460127878425,
    9.705085462068));
#9859 = CARTESIAN_POINT('',(-0.504532256412,4.460127878425,
    9.695851318051));
#9860 = CARTESIAN_POINT('',(-0.516683002595,4.461863687483,
    9.705085462068));
#9861 = CARTESIAN_POINT('',(-0.516683002595,4.461863687483,
    9.695851318051));
#9862 = CARTESIAN_POINT('',(-0.530569541283,4.461863687483,
    9.705085462068));
#9863 = CARTESIAN_POINT('',(-0.530569541283,4.461863687483,
    9.695851318051));
#9864 = ADVANCED_FACE('',(#9865),#9875,.F.);
#9865 = FACE_BOUND('',#9866,.F.);
#9866 = EDGE_LOOP('',(#9867,#9868,#9869,#9874));
#9867 = ORIENTED_EDGE('',*,*,#9850,.F.);
#9868 = ORIENTED_EDGE('',*,*,#9480,.T.);
#9869 = ORIENTED_EDGE('',*,*,#9870,.T.);
#9870 = EDGE_CURVE('',#9481,#1835,#9871,.T.);
#9871 = B_SPLINE_CURVE_WITH_KNOTS('',1,(#9872,#9873),.UNSPECIFIED.,.F.,
  .F.,(2,2),(-0.,9.234144017191E-03),.PIECEWISE_BEZIER_KNOTS.);
#9872 = CARTESIAN_POINT('',(-0.730188725295,4.378544372585,
    9.705085462068));
#9873 = CARTESIAN_POINT('',(-0.730188725295,4.378544372585,
    9.695851318051));
#9874 = ORIENTED_EDGE('',*,*,#1843,.F.);
#9875 = B_SPLINE_SURFACE_WITH_KNOTS('',3,1,(
    (#9876,#9877)
    ,(#9878,#9879)
    ,(#9880,#9881)
    ,(#9882,#9883
    )),.UNSPECIFIED.,.F.,.F.,.F.,(4,4),(2,2),(5.,6.),(0.,1.),
  .PIECEWISE_BEZIER_KNOTS.);
#9876 = CARTESIAN_POINT('',(-0.530569541283,4.461863687483,
    9.705085462068));
#9877 = CARTESIAN_POINT('',(-0.530569541283,4.461863687483,
    9.695851318051));
#9878 = CARTESIAN_POINT('',(-0.605209761224,4.461863687483,
    9.705085462068));
#9879 = CARTESIAN_POINT('',(-0.605209761224,4.461863687483,
    9.695851318051));
#9880 = CARTESIAN_POINT('',(-0.67637832994,4.432354767942,9.705085462068
    ));
#9881 = CARTESIAN_POINT('',(-0.67637832994,4.432354767942,9.695851318051
    ));
#9882 = CARTESIAN_POINT('',(-0.730188725295,4.378544372585,
    9.705085462068));
#9883 = CARTESIAN_POINT('',(-0.730188725295,4.378544372585,
    9.695851318051));
#9884 = ADVANCED_FACE('',(#9885),#9895,.F.);
#9885 = FACE_BOUND('',#9886,.F.);
#9886 = EDGE_LOOP('',(#9887,#9888,#9889,#9894));
#9887 = ORIENTED_EDGE('',*,*,#9870,.F.);
#9888 = ORIENTED_EDGE('',*,*,#9489,.T.);
#9889 = ORIENTED_EDGE('',*,*,#9890,.T.);
#9890 = EDGE_CURVE('',#9490,#1826,#9891,.T.);
#9891 = B_SPLINE_CURVE_WITH_KNOTS('',1,(#9892,#9893),.UNSPECIFIED.,.F.,
  .F.,(2,2),(-0.,9.234144017191E-03),.PIECEWISE_BEZIER_KNOTS.);
#9892 = CARTESIAN_POINT('',(-0.811772264243,4.180661030741,
    9.705085462068));
#9893 = CARTESIAN_POINT('',(-0.811772264243,4.180661030741,
    9.695851318051));
#9894 = ORIENTED_EDGE('',*,*,#1834,.F.);
#9895 = B_SPLINE_SURFACE_WITH_KNOTS('',3,1,(
    (#9896,#9897)
    ,(#9898,#9899)
    ,(#9900,#9901)
    ,(#9902,#9903
    )),.UNSPECIFIED.,.F.,.F.,.F.,(4,4),(2,2),(6.,7.),(0.,1.),
  .PIECEWISE_BEZIER_KNOTS.);
#9896 = CARTESIAN_POINT('',(-0.730188725295,4.378544372585,
    9.705085462068));
#9897 = CARTESIAN_POINT('',(-0.730188725295,4.378544372585,
    9.695851318051));
#9898 = CARTESIAN_POINT('',(-0.782263340561,4.326469819397,
    9.705085462068));
#9899 = CARTESIAN_POINT('',(-0.782263340561,4.326469819397,
    9.695851318051));
#9900 = CARTESIAN_POINT('',(-0.811772264243,4.255301234127,
    9.705085462068));
#9901 = CARTESIAN_POINT('',(-0.811772264243,4.255301234127,
    9.695851318051));
#9902 = CARTESIAN_POINT('',(-0.811772264243,4.180661030741,
    9.705085462068));
#9903 = CARTESIAN_POINT('',(-0.811772264243,4.180661030741,
    9.695851318051));
#9904 = ADVANCED_FACE('',(#9905),#9915,.F.);
#9905 = FACE_BOUND('',#9906,.F.);
#9906 = EDGE_LOOP('',(#9907,#9908,#9909,#9914));
#9907 = ORIENTED_EDGE('',*,*,#9890,.F.);
#9908 = ORIENTED_EDGE('',*,*,#9498,.T.);
#9909 = ORIENTED_EDGE('',*,*,#9910,.T.);
#9910 = EDGE_CURVE('',#9499,#1817,#9911,.T.);
#9911 = B_SPLINE_CURVE_WITH_KNOTS('',1,(#9912,#9913),.UNSPECIFIED.,.F.,
  .F.,(2,2),(-0.,9.234144017191E-03),.PIECEWISE_BEZIER_KNOTS.);
#9912 = CARTESIAN_POINT('',(-0.738867869914,3.991456800406,
    9.705085462068));
#9913 = CARTESIAN_POINT('',(-0.738867869914,3.991456800406,
    9.695851318051));
#9914 = ORIENTED_EDGE('',*,*,#1825,.F.);
#9915 = B_SPLINE_SURFACE_WITH_KNOTS('',3,1,(
    (#9916,#9917)
    ,(#9918,#9919)
    ,(#9920,#9921)
    ,(#9922,#9923
    )),.UNSPECIFIED.,.F.,.F.,.F.,(4,4),(2,2),(7.,8.),(0.,1.),
  .PIECEWISE_BEZIER_KNOTS.);
#9916 = CARTESIAN_POINT('',(-0.811772264243,4.180661030741,
    9.705085462068));
#9917 = CARTESIAN_POINT('',(-0.811772264243,4.180661030741,
    9.695851318051));
#9918 = CARTESIAN_POINT('',(-0.811772264243,4.111228271083,
    9.705085462068));
#9919 = CARTESIAN_POINT('',(-0.811772264243,4.111228271083,
    9.695851318051));
#9920 = CARTESIAN_POINT('',(-0.785734979372,4.043531303932,
    9.705085462068));
#9921 = CARTESIAN_POINT('',(-0.785734979372,4.043531303932,
    9.695851318051));
#9922 = CARTESIAN_POINT('',(-0.738867869914,3.991456800406,
    9.705085462068));
#9923 = CARTESIAN_POINT('',(-0.738867869914,3.991456800406,
    9.695851318051));
#9924 = ADVANCED_FACE('',(#9925),#9935,.F.);
#9925 = FACE_BOUND('',#9926,.F.);
#9926 = EDGE_LOOP('',(#9927,#9928,#9929,#9934));
#9927 = ORIENTED_EDGE('',*,*,#9910,.F.);
#9928 = ORIENTED_EDGE('',*,*,#9507,.T.);
#9929 = ORIENTED_EDGE('',*,*,#9930,.T.);
#9930 = EDGE_CURVE('',#9508,#1808,#9931,.T.);
#9931 = B_SPLINE_CURVE_WITH_KNOTS('',1,(#9932,#9933),.UNSPECIFIED.,.F.,
  .F.,(2,2),(-0.,9.234144017191E-03),.PIECEWISE_BEZIER_KNOTS.);
#9932 = CARTESIAN_POINT('',(-0.600002350602,3.908137502061,
    9.705085462068));
#9933 = CARTESIAN_POINT('',(-0.600002350602,3.908137502061,
    9.695851318051));
#9934 = ORIENTED_EDGE('',*,*,#1816,.F.);
#9935 = B_SPLINE_SURFACE_WITH_KNOTS('',3,1,(
    (#9936,#9937)
    ,(#9938,#9939)
    ,(#9940,#9941)
    ,(#9942,#9943
    )),.UNSPECIFIED.,.F.,.F.,.F.,(4,4),(2,2),(8.,9.),(0.,1.),
  .PIECEWISE_BEZIER_KNOTS.);
#9936 = CARTESIAN_POINT('',(-0.738867869914,3.991456800406,
    9.705085462068));
#9937 = CARTESIAN_POINT('',(-0.738867869914,3.991456800406,
    9.695851318051));
#9938 = CARTESIAN_POINT('',(-0.700679855415,3.949797118125,
    9.705085462068));
#9939 = CARTESIAN_POINT('',(-0.700679855415,3.949797118125,
    9.695851318051));
#9940 = CARTESIAN_POINT('',(-0.653812729403,3.92202404075,9.705085462068
    ));
#9941 = CARTESIAN_POINT('',(-0.653812729403,3.92202404075,9.695851318051
    ));
#9942 = CARTESIAN_POINT('',(-0.600002350602,3.908137502061,
    9.705085462068));
#9943 = CARTESIAN_POINT('',(-0.600002350602,3.908137502061,
    9.695851318051));
#9944 = ADVANCED_FACE('',(#9945),#9955,.F.);
#9945 = FACE_BOUND('',#9946,.F.);
#9946 = EDGE_LOOP('',(#9947,#9948,#9949,#9954));
#9947 = ORIENTED_EDGE('',*,*,#9930,.F.);
#9948 = ORIENTED_EDGE('',*,*,#9516,.T.);
#9949 = ORIENTED_EDGE('',*,*,#9950,.T.);
#9950 = EDGE_CURVE('',#9517,#1799,#9951,.T.);
#9951 = B_SPLINE_CURVE_WITH_KNOTS('',1,(#9952,#9953),.UNSPECIFIED.,.F.,
  .F.,(2,2),(-0.,9.234144017191E-03),.PIECEWISE_BEZIER_KNOTS.);
#9952 = CARTESIAN_POINT('',(-0.435099529863,3.790101823889,
    9.705085462068));
#9953 = CARTESIAN_POINT('',(-0.435099529863,3.790101823889,
    9.695851318051));
#9954 = ORIENTED_EDGE('',*,*,#1807,.F.);
#9955 = B_SPLINE_SURFACE_WITH_KNOTS('',3,1,(
    (#9956,#9957)
    ,(#9958,#9959)
    ,(#9960,#9961)
    ,(#9962,#9963
    )),.UNSPECIFIED.,.F.,.F.,.F.,(4,4),(2,2),(9.,10.),(0.,1.),
  .PIECEWISE_BEZIER_KNOTS.);
#9956 = CARTESIAN_POINT('',(-0.600002350602,3.908137502061,
    9.705085462068));
#9957 = CARTESIAN_POINT('',(-0.600002350602,3.908137502061,
    9.695851318051));
#9958 = CARTESIAN_POINT('',(-0.577436700403,3.838704742404,
    9.705085462068));
#9959 = CARTESIAN_POINT('',(-0.577436700403,3.838704742404,
    9.695851318051));
#9960 = CARTESIAN_POINT('',(-0.511475591972,3.790101823889,
    9.705085462068));
#9961 = CARTESIAN_POINT('',(-0.511475591972,3.790101823889,
    9.695851318051));
#9962 = CARTESIAN_POINT('',(-0.435099529863,3.790101823889,
    9.705085462068));
#9963 = CARTESIAN_POINT('',(-0.435099529863,3.790101823889,
    9.695851318051));
#9964 = ADVANCED_FACE('',(#9965),#9975,.F.);
#9965 = FACE_BOUND('',#9966,.F.);
#9966 = EDGE_LOOP('',(#9967,#9968,#9969,#9974));
#9967 = ORIENTED_EDGE('',*,*,#9950,.F.);
#9968 = ORIENTED_EDGE('',*,*,#9525,.T.);
#9969 = ORIENTED_EDGE('',*,*,#9970,.T.);
#9970 = EDGE_CURVE('',#9526,#1790,#9971,.T.);
#9971 = B_SPLINE_CURVE_WITH_KNOTS('',1,(#9972,#9973),.UNSPECIFIED.,.F.,
  .F.,(2,2),(-0.,9.234144017191E-03),.PIECEWISE_BEZIER_KNOTS.);
#9972 = CARTESIAN_POINT('',(-0.261517630722,3.963683723029,
    9.705085462068));
#9973 = CARTESIAN_POINT('',(-0.261517630722,3.963683723029,
    9.695851318051));
#9974 = ORIENTED_EDGE('',*,*,#1798,.F.);
#9975 = B_SPLINE_SURFACE_WITH_KNOTS('',3,1,(
    (#9976,#9977)
    ,(#9978,#9979)
    ,(#9980,#9981)
    ,(#9982,#9983
    )),.UNSPECIFIED.,.F.,.F.,.F.,(4,4),(2,2),(10.,11.),(0.,1.),
  .PIECEWISE_BEZIER_KNOTS.);
#9976 = CARTESIAN_POINT('',(-0.435099529863,3.790101823889,
    9.705085462068));
#9977 = CARTESIAN_POINT('',(-0.435099529863,3.790101823889,
    9.695851318051));
#9978 = CARTESIAN_POINT('',(-0.339629485336,3.790101823889,
    9.705085462068));
#9979 = CARTESIAN_POINT('',(-0.339629485336,3.790101823889,
    9.695851318051));
#9980 = CARTESIAN_POINT('',(-0.261517630722,3.868213678501,
    9.705085462068));
#9981 = CARTESIAN_POINT('',(-0.261517630722,3.868213678501,
    9.695851318051));
#9982 = CARTESIAN_POINT('',(-0.261517630722,3.963683723029,
    9.705085462068));
#9983 = CARTESIAN_POINT('',(-0.261517630722,3.963683723029,
    9.695851318051));
#9984 = ADVANCED_FACE('',(#9985),#9995,.F.);
#9985 = FACE_BOUND('',#9986,.T.);
#9986 = EDGE_LOOP('',(#9987,#9988,#9993,#9994));
#9987 = ORIENTED_EDGE('',*,*,#1789,.T.);
#9988 = ORIENTED_EDGE('',*,*,#9989,.F.);
#9989 = EDGE_CURVE('',#9535,#1783,#9990,.T.);
#9990 = B_SPLINE_CURVE_WITH_KNOTS('',1,(#9991,#9992),.UNSPECIFIED.,.F.,
  .F.,(2,2),(-0.,9.234144017191E-03),.PIECEWISE_BEZIER_KNOTS.);
#9991 = CARTESIAN_POINT('',(-0.261517630722,3.981041912944,
    9.705085462068));
#9992 = CARTESIAN_POINT('',(-0.261517630722,3.981041912944,
    9.695851318051));
#9993 = ORIENTED_EDGE('',*,*,#9534,.F.);
#9994 = ORIENTED_EDGE('',*,*,#9970,.T.);
#9995 = B_SPLINE_SURFACE_WITH_KNOTS('',1,1,(
    (#9996,#9997)
    ,(#9998,#9999
    )),.UNSPECIFIED.,.F.,.F.,.F.,(2,2),(2,2),(-9.234144017191E-03,0.),(
    0.,1.735818991523E-02),.PIECEWISE_BEZIER_KNOTS.);
#9996 = CARTESIAN_POINT('',(-0.261517630722,3.963683723029,
    9.695851318051));
#9997 = CARTESIAN_POINT('',(-0.261517630722,3.981041912944,
    9.695851318051));
#9998 = CARTESIAN_POINT('',(-0.261517630722,3.963683723029,
    9.705085462068));
#9999 = CARTESIAN_POINT('',(-0.261517630722,3.981041912944,
    9.705085462068));
#10000 = ADVANCED_FACE('',(#10001),#10011,.F.);
#10001 = FACE_BOUND('',#10002,.T.);
#10002 = EDGE_LOOP('',(#10003,#10004,#10009,#10010));
#10003 = ORIENTED_EDGE('',*,*,#1782,.T.);
#10004 = ORIENTED_EDGE('',*,*,#10005,.F.);
#10005 = EDGE_CURVE('',#9544,#1776,#10006,.T.);
#10006 = B_SPLINE_CURVE_WITH_KNOTS('',1,(#10007,#10008),.UNSPECIFIED.,
  .F.,.F.,(2,2),(-0.,9.234144017191E-03),.PIECEWISE_BEZIER_KNOTS.);
#10007 = CARTESIAN_POINT('',(-1.850297192422E-02,4.109492511687,
    9.705085462068));
#10008 = CARTESIAN_POINT('',(-1.850297192422E-02,4.109492511687,
    9.695851318051));
#10009 = ORIENTED_EDGE('',*,*,#9543,.F.);
#10010 = ORIENTED_EDGE('',*,*,#9989,.T.);
#10011 = B_SPLINE_SURFACE_WITH_KNOTS('',1,1,(
    (#10012,#10013)
    ,(#10014,#10015
    )),.UNSPECIFIED.,.F.,.F.,.F.,(2,2),(2,2),(-0.274873936028,
    -2.4538564243E-16),(-9.234144017191E-03,0.),
  .PIECEWISE_BEZIER_KNOTS.);
#10012 = CARTESIAN_POINT('',(-1.850297192422E-02,4.109492511687,
    9.695851318051));
#10013 = CARTESIAN_POINT('',(-1.850297192422E-02,4.109492511687,
    9.705085462068));
#10014 = CARTESIAN_POINT('',(-0.261517630722,3.981041912944,
    9.695851318051));
#10015 = CARTESIAN_POINT('',(-0.261517630722,3.981041912944,
    9.705085462068));
#10016 = ADVANCED_FACE('',(#10017),#10027,.F.);
#10017 = FACE_BOUND('',#10018,.T.);
#10018 = EDGE_LOOP('',(#10019,#10020,#10025,#10026));
#10019 = ORIENTED_EDGE('',*,*,#1775,.T.);
#10020 = ORIENTED_EDGE('',*,*,#10021,.F.);
#10021 = EDGE_CURVE('',#9551,#1769,#10022,.T.);
#10022 = B_SPLINE_CURVE_WITH_KNOTS('',1,(#10023,#10024),.UNSPECIFIED.,
  .F.,.F.,(2,2),(-0.,9.234144017191E-03),.PIECEWISE_BEZIER_KNOTS.);
#10023 = CARTESIAN_POINT('',(-7.231333417194E-02,4.201490938096,
    9.705085462068));
#10024 = CARTESIAN_POINT('',(-7.231333417194E-02,4.201490938096,
    9.695851318051));
#10025 = ORIENTED_EDGE('',*,*,#9550,.F.);
#10026 = ORIENTED_EDGE('',*,*,#10005,.T.);
#10027 = B_SPLINE_SURFACE_WITH_KNOTS('',1,1,(
    (#10028,#10029)
    ,(#10030,#10031
    )),.UNSPECIFIED.,.F.,.F.,.F.,(2,2),(2,2),(-0.106579855259,0.),(
    -9.234144017191E-03,0.),.PIECEWISE_BEZIER_KNOTS.);
#10028 = CARTESIAN_POINT('',(-7.231333417194E-02,4.201490938096,
    9.695851318051));
#10029 = CARTESIAN_POINT('',(-7.231333417194E-02,4.201490938096,
    9.705085462068));
#10030 = CARTESIAN_POINT('',(-1.850297192422E-02,4.109492511687,
    9.695851318051));
#10031 = CARTESIAN_POINT('',(-1.850297192422E-02,4.109492511687,
    9.705085462068));
#10032 = ADVANCED_FACE('',(#10033),#10043,.F.);
#10033 = FACE_BOUND('',#10034,.T.);
#10034 = EDGE_LOOP('',(#10035,#10036,#10041,#10042));
#10035 = ORIENTED_EDGE('',*,*,#1768,.T.);
#10036 = ORIENTED_EDGE('',*,*,#10037,.F.);
#10037 = EDGE_CURVE('',#9558,#1760,#10038,.T.);
#10038 = B_SPLINE_CURVE_WITH_KNOTS('',1,(#10039,#10040),.UNSPECIFIED.,
  .F.,.F.,(2,2),(-0.,9.234144017191E-03),.PIECEWISE_BEZIER_KNOTS.);
#10039 = CARTESIAN_POINT('',(-0.304913072399,4.079983608698,
    9.705085462068));
#10040 = CARTESIAN_POINT('',(-0.304913072399,4.079983608698,
    9.695851318051));
#10041 = ORIENTED_EDGE('',*,*,#9557,.F.);
#10042 = ORIENTED_EDGE('',*,*,#10021,.T.);
#10043 = B_SPLINE_SURFACE_WITH_KNOTS('',1,1,(
    (#10044,#10045)
    ,(#10046,#10047
    )),.UNSPECIFIED.,.F.,.F.,.F.,(2,2),(2,2),(-0.262424597401,0.),(
    -9.234144017191E-03,0.),.PIECEWISE_BEZIER_KNOTS.);
#10044 = CARTESIAN_POINT('',(-0.304913072399,4.079983608698,
    9.695851318051));
#10045 = CARTESIAN_POINT('',(-0.304913072399,4.079983608698,
    9.705085462068));
#10046 = CARTESIAN_POINT('',(-7.231333417194E-02,4.201490938096,
    9.695851318051));
#10047 = CARTESIAN_POINT('',(-7.231333417194E-02,4.201490938096,
    9.705085462068));
#10048 = ADVANCED_FACE('',(#10049),#10059,.F.);
#10049 = FACE_BOUND('',#10050,.F.);
#10050 = EDGE_LOOP('',(#10051,#10052,#10053,#10058));
#10051 = ORIENTED_EDGE('',*,*,#10037,.F.);
#10052 = ORIENTED_EDGE('',*,*,#9564,.T.);
#10053 = ORIENTED_EDGE('',*,*,#10054,.T.);
#10054 = EDGE_CURVE('',#9565,#1751,#10055,.T.);
#10055 = B_SPLINE_CURVE_WITH_KNOTS('',1,(#10056,#10057),.UNSPECIFIED.,
  .F.,.F.,(2,2),(-0.,9.234144017191E-03),.PIECEWISE_BEZIER_KNOTS.);
#10056 = CARTESIAN_POINT('',(-0.435099496755,4.139001447784,
    9.705085462068));
#10057 = CARTESIAN_POINT('',(-0.435099496755,4.139001447784,
    9.695851318051));
#10058 = ORIENTED_EDGE('',*,*,#1759,.F.);
#10059 = B_SPLINE_SURFACE_WITH_KNOTS('',3,1,(
    (#10060,#10061)
    ,(#10062,#10063)
    ,(#10064,#10065)
    ,(#10066,#10067
    )),.UNSPECIFIED.,.F.,.F.,.F.,(4,4),(2,2),(15.,16.),(0.,1.),
  .PIECEWISE_BEZIER_KNOTS.);
#10060 = CARTESIAN_POINT('',(-0.304913072399,4.079983608698,
    9.705085462068));
#10061 = CARTESIAN_POINT('',(-0.304913072399,4.079983608698,
    9.695851318051));
#10062 = CARTESIAN_POINT('',(-0.336157801002,4.116435814139,
    9.705085462068));
#10063 = CARTESIAN_POINT('',(-0.336157801002,4.116435814139,
    9.695851318051));
#10064 = CARTESIAN_POINT('',(-0.383024927013,4.139001447784,
    9.705085462068));
#10065 = CARTESIAN_POINT('',(-0.383024927013,4.139001447784,
    9.695851318051));
#10066 = CARTESIAN_POINT('',(-0.435099496755,4.139001447784,
    9.705085462068));
#10067 = CARTESIAN_POINT('',(-0.435099496755,4.139001447784,
    9.695851318051));
#10068 = ADVANCED_FACE('',(#10069),#10079,.F.);
#10069 = FACE_BOUND('',#10070,.F.);
#10070 = EDGE_LOOP('',(#10071,#10072,#10073,#10078));
#10071 = ORIENTED_EDGE('',*,*,#10054,.F.);
#10072 = ORIENTED_EDGE('',*,*,#9573,.T.);
#10073 = ORIENTED_EDGE('',*,*,#10074,.T.);
#10074 = EDGE_CURVE('',#9574,#1742,#10075,.T.);
#10075 = B_SPLINE_CURVE_WITH_KNOTS('',1,(#10076,#10077),.UNSPECIFIED.,
  .F.,.F.,(2,2),(-0.,9.234144017191E-03),.PIECEWISE_BEZIER_KNOTS.);
#10076 = CARTESIAN_POINT('',(-0.598266475326,4.02443738773,
    9.705085462068));
#10077 = CARTESIAN_POINT('',(-0.598266475326,4.02443738773,
    9.695851318051));
#10078 = ORIENTED_EDGE('',*,*,#1750,.F.);
#10079 = B_SPLINE_SURFACE_WITH_KNOTS('',3,1,(
    (#10080,#10081)
    ,(#10082,#10083)
    ,(#10084,#10085)
    ,(#10086,#10087
    )),.UNSPECIFIED.,.F.,.F.,.F.,(4,4),(2,2),(16.,17.),(0.,1.),
  .PIECEWISE_BEZIER_KNOTS.);
#10080 = CARTESIAN_POINT('',(-0.435099496755,4.139001447784,
    9.705085462068));
#10081 = CARTESIAN_POINT('',(-0.435099496755,4.139001447784,
    9.695851318051));
#10082 = CARTESIAN_POINT('',(-0.509739733251,4.139001447784,
    9.705085462068));
#10083 = CARTESIAN_POINT('',(-0.509739733251,4.139001447784,
    9.695851318051));
#10084 = CARTESIAN_POINT('',(-0.573965016068,4.090398529269,
    9.705085462068));
#10085 = CARTESIAN_POINT('',(-0.573965016068,4.090398529269,
    9.695851318051));
#10086 = CARTESIAN_POINT('',(-0.598266475326,4.02443738773,
    9.705085462068));
#10087 = CARTESIAN_POINT('',(-0.598266475326,4.02443738773,
    9.695851318051));
#10088 = ADVANCED_FACE('',(#10089),#10099,.F.);
#10089 = FACE_BOUND('',#10090,.F.);
#10090 = EDGE_LOOP('',(#10091,#10092,#10093,#10098));
#10091 = ORIENTED_EDGE('',*,*,#10074,.F.);
#10092 = ORIENTED_EDGE('',*,*,#9582,.T.);
#10093 = ORIENTED_EDGE('',*,*,#10094,.T.);
#10094 = EDGE_CURVE('',#9583,#1733,#10095,.T.);
#10095 = B_SPLINE_CURVE_WITH_KNOTS('',1,(#10096,#10097),.UNSPECIFIED.,
  .F.,.F.,(2,2),(-0.,9.234144017191E-03),.PIECEWISE_BEZIER_KNOTS.);
#10096 = CARTESIAN_POINT('',(-0.702415614811,4.184132748182,
    9.705085462068));
#10097 = CARTESIAN_POINT('',(-0.702415614811,4.184132748182,
    9.695851318051));
#10098 = ORIENTED_EDGE('',*,*,#1741,.F.);
#10099 = B_SPLINE_SURFACE_WITH_KNOTS('',3,1,(
    (#10100,#10101)
    ,(#10102,#10103)
    ,(#10104,#10105)
    ,(#10106,#10107
    )),.UNSPECIFIED.,.F.,.F.,.F.,(4,4),(2,2),(17.,18.),(0.,1.),
  .PIECEWISE_BEZIER_KNOTS.);
#10100 = CARTESIAN_POINT('',(-0.598266475326,4.02443738773,
    9.705085462068));
#10101 = CARTESIAN_POINT('',(-0.598266475326,4.02443738773,
    9.695851318051));
#10102 = CARTESIAN_POINT('',(-0.659020140025,4.052210498213,
    9.705085462068));
#10103 = CARTESIAN_POINT('',(-0.659020140025,4.052210498213,
    9.695851318051));
#10104 = CARTESIAN_POINT('',(-0.702415614811,4.112964162912,
    9.705085462068));
#10105 = CARTESIAN_POINT('',(-0.702415614811,4.112964162912,
    9.695851318051));
#10106 = CARTESIAN_POINT('',(-0.702415614811,4.184132748182,
    9.705085462068));
#10107 = CARTESIAN_POINT('',(-0.702415614811,4.184132748182,
    9.695851318051));
#10108 = ADVANCED_FACE('',(#10109),#10119,.F.);
#10109 = FACE_BOUND('',#10110,.F.);
#10110 = EDGE_LOOP('',(#10111,#10112,#10113,#10118));
#10111 = ORIENTED_EDGE('',*,*,#10094,.F.);
#10112 = ORIENTED_EDGE('',*,*,#9591,.T.);
#10113 = ORIENTED_EDGE('',*,*,#10114,.T.);
#10114 = EDGE_CURVE('',#9592,#1724,#10115,.T.);
#10115 = B_SPLINE_CURVE_WITH_KNOTS('',1,(#10116,#10117),.UNSPECIFIED.,
  .F.,.F.,(2,2),(-0.,9.234144017191E-03),.PIECEWISE_BEZIER_KNOTS.);
#10116 = CARTESIAN_POINT('',(-0.52883371567,4.357714647323,
    9.705085462068));
#10117 = CARTESIAN_POINT('',(-0.52883371567,4.357714647323,
    9.695851318051));
#10118 = ORIENTED_EDGE('',*,*,#1732,.F.);
#10119 = B_SPLINE_SURFACE_WITH_KNOTS('',3,1,(
    (#10120,#10121)
    ,(#10122,#10123)
    ,(#10124,#10125)
    ,(#10126,#10127
    )),.UNSPECIFIED.,.F.,.F.,.F.,(4,4),(2,2),(18.,19.),(0.,1.),
  .PIECEWISE_BEZIER_KNOTS.);
#10120 = CARTESIAN_POINT('',(-0.702415614811,4.184132748182,
    9.705085462068));
#10121 = CARTESIAN_POINT('',(-0.702415614811,4.184132748182,
    9.695851318051));
#10122 = CARTESIAN_POINT('',(-0.702415614811,4.27960279271,
    9.705085462068));
#10123 = CARTESIAN_POINT('',(-0.702415614811,4.27960279271,
    9.695851318051));
#10124 = CARTESIAN_POINT('',(-0.624303760197,4.357714647323,
    9.705085462068));
#10125 = CARTESIAN_POINT('',(-0.624303760197,4.357714647323,
    9.695851318051));
#10126 = CARTESIAN_POINT('',(-0.52883371567,4.357714647323,
    9.705085462068));
#10127 = CARTESIAN_POINT('',(-0.52883371567,4.357714647323,
    9.695851318051));
#10128 = ADVANCED_FACE('',(#10129),#10139,.F.);
#10129 = FACE_BOUND('',#10130,.F.);
#10130 = EDGE_LOOP('',(#10131,#10132,#10133,#10138));
#10131 = ORIENTED_EDGE('',*,*,#10114,.F.);
#10132 = ORIENTED_EDGE('',*,*,#9600,.T.);
#10133 = ORIENTED_EDGE('',*,*,#10134,.T.);
#10134 = EDGE_CURVE('',#9601,#1715,#10135,.T.);
#10135 = B_SPLINE_CURVE_WITH_KNOTS('',1,(#10136,#10137),.UNSPECIFIED.,
  .F.,.F.,(2,2),(-0.,9.234144017191E-03),.PIECEWISE_BEZIER_KNOTS.);
#10136 = CARTESIAN_POINT('',(-0.436835322368,4.331677362451,
    9.705085462068));
#10137 = CARTESIAN_POINT('',(-0.436835322368,4.331677362451,
    9.695851318051));
#10138 = ORIENTED_EDGE('',*,*,#1723,.F.);
#10139 = B_SPLINE_SURFACE_WITH_KNOTS('',3,1,(
    (#10140,#10141)
    ,(#10142,#10143)
    ,(#10144,#10145)
    ,(#10146,#10147
    )),.UNSPECIFIED.,.F.,.F.,.F.,(4,4),(2,2),(19.,20.),(0.,1.),
  .PIECEWISE_BEZIER_KNOTS.);
#10140 = CARTESIAN_POINT('',(-0.52883371567,4.357714647323,
    9.705085462068));
#10141 = CARTESIAN_POINT('',(-0.52883371567,4.357714647323,
    9.695851318051));
#10142 = CARTESIAN_POINT('',(-0.495853161454,4.357714647323,
    9.705085462068));
#10143 = CARTESIAN_POINT('',(-0.495853161454,4.357714647323,
    9.695851318051));
#10144 = CARTESIAN_POINT('',(-0.462872607239,4.347299726754,
    9.705085462068));
#10145 = CARTESIAN_POINT('',(-0.462872607239,4.347299726754,
    9.695851318051));
#10146 = CARTESIAN_POINT('',(-0.436835322368,4.331677362451,
    9.705085462068));
#10147 = CARTESIAN_POINT('',(-0.436835322368,4.331677362451,
    9.695851318051));
#10148 = ADVANCED_FACE('',(#10149),#10159,.F.);
#10149 = FACE_BOUND('',#10150,.F.);
#10150 = EDGE_LOOP('',(#10151,#10152,#10153,#10158));
#10151 = ORIENTED_EDGE('',*,*,#10134,.F.);
#10152 = ORIENTED_EDGE('',*,*,#9609,.T.);
#10153 = ORIENTED_EDGE('',*,*,#10154,.T.);
#10154 = EDGE_CURVE('',#9610,#1706,#10155,.T.);
#10155 = B_SPLINE_CURVE_WITH_KNOTS('',1,(#10156,#10157),.UNSPECIFIED.,
  .F.,.F.,(2,2),(-0.,9.234144017191E-03),.PIECEWISE_BEZIER_KNOTS.);
#10156 = CARTESIAN_POINT('',(-0.204235617249,4.498315892925,
    9.705085462068));
#10157 = CARTESIAN_POINT('',(-0.204235617249,4.498315892925,
    9.695851318051));
#10158 = ORIENTED_EDGE('',*,*,#1714,.F.);
#10159 = B_SPLINE_SURFACE_WITH_KNOTS('',3,1,(
    (#10160,#10161)
    ,(#10162,#10163)
    ,(#10164,#10165)
    ,(#10166,#10167
    )),.UNSPECIFIED.,.F.,.F.,.F.,(4,4),(2,2),(20.,21.),(0.,1.),
  .PIECEWISE_BEZIER_KNOTS.);
#10160 = CARTESIAN_POINT('',(-0.436835322368,4.331677362451,
    9.705085462068));
#10161 = CARTESIAN_POINT('',(-0.436835322368,4.331677362451,
    9.695851318051));
#10162 = CARTESIAN_POINT('',(-0.403854801261,4.428883133269,
    9.705085462068));
#10163 = CARTESIAN_POINT('',(-0.403854801261,4.428883133269,
    9.695851318051));
#10164 = CARTESIAN_POINT('',(-0.313592200465,4.498315892925,
    9.705085462068));
#10165 = CARTESIAN_POINT('',(-0.313592200465,4.498315892925,
    9.695851318051));
#10166 = CARTESIAN_POINT('',(-0.204235617249,4.498315892925,
    9.705085462068));
#10167 = CARTESIAN_POINT('',(-0.204235617249,4.498315892925,
    9.695851318051));
#10168 = ADVANCED_FACE('',(#10169),#10179,.F.);
#10169 = FACE_BOUND('',#10170,.F.);
#10170 = EDGE_LOOP('',(#10171,#10172,#10173,#10178));
#10171 = ORIENTED_EDGE('',*,*,#10154,.F.);
#10172 = ORIENTED_EDGE('',*,*,#9618,.T.);
#10173 = ORIENTED_EDGE('',*,*,#10174,.T.);
#10174 = EDGE_CURVE('',#9619,#1697,#10175,.T.);
#10175 = B_SPLINE_CURVE_WITH_KNOTS('',1,(#10176,#10177),.UNSPECIFIED.,
  .F.,.F.,(2,2),(-0.,9.234144017191E-03),.PIECEWISE_BEZIER_KNOTS.);
#10176 = CARTESIAN_POINT('',(3.87790415488E-02,4.281338518999,
    9.705085462068));
#10177 = CARTESIAN_POINT('',(3.87790415488E-02,4.281338518999,
    9.695851318051));
#10178 = ORIENTED_EDGE('',*,*,#1705,.F.);
#10179 = B_SPLINE_SURFACE_WITH_KNOTS('',3,1,(
    (#10180,#10181)
    ,(#10182,#10183)
    ,(#10184,#10185)
    ,(#10186,#10187
    )),.UNSPECIFIED.,.F.,.F.,.F.,(4,4),(2,2),(21.,22.),(0.,1.),
  .PIECEWISE_BEZIER_KNOTS.);
#10180 = CARTESIAN_POINT('',(-0.204235617249,4.498315892925,
    9.705085462068));
#10181 = CARTESIAN_POINT('',(-0.204235617249,4.498315892925,
    9.695851318051));
#10182 = CARTESIAN_POINT('',(-7.925663662336E-02,4.498315892925,
    9.705085462068));
#10183 = CARTESIAN_POINT('',(-7.925663662336E-02,4.498315892925,
    9.695851318051));
#10184 = CARTESIAN_POINT('',(2.489250286053E-02,4.402845848397,
    9.705085462068));
#10185 = CARTESIAN_POINT('',(2.489250286053E-02,4.402845848397,
    9.695851318051));
#10186 = CARTESIAN_POINT('',(3.87790415488E-02,4.281338518999,
    9.705085462068));
#10187 = CARTESIAN_POINT('',(3.87790415488E-02,4.281338518999,
    9.695851318051));
#10188 = ADVANCED_FACE('',(#10189),#10199,.F.);
#10189 = FACE_BOUND('',#10190,.T.);
#10190 = EDGE_LOOP('',(#10191,#10192,#10197,#10198));
#10191 = ORIENTED_EDGE('',*,*,#1696,.T.);
#10192 = ORIENTED_EDGE('',*,*,#10193,.F.);
#10193 = EDGE_CURVE('',#9628,#1688,#10194,.T.);
#10194 = B_SPLINE_CURVE_WITH_KNOTS('',1,(#10195,#10196),.UNSPECIFIED.,
  .F.,.F.,(2,2),(-0.,9.234144017191E-03),.PIECEWISE_BEZIER_KNOTS.);
#10195 = CARTESIAN_POINT('',(5.266558023707E-02,4.281338518999,
    9.705085462068));
#10196 = CARTESIAN_POINT('',(5.266558023707E-02,4.281338518999,
    9.695851318051));
#10197 = ORIENTED_EDGE('',*,*,#9627,.F.);
#10198 = ORIENTED_EDGE('',*,*,#10174,.T.);
#10199 = B_SPLINE_SURFACE_WITH_KNOTS('',1,1,(
    (#10200,#10201)
    ,(#10202,#10203
    )),.UNSPECIFIED.,.F.,.F.,.F.,(2,2),(2,2),(-9.234144017191E-03,0.),(
    0.,1.388653868827E-02),.PIECEWISE_BEZIER_KNOTS.);
#10200 = CARTESIAN_POINT('',(3.87790415488E-02,4.281338518999,
    9.695851318051));
#10201 = CARTESIAN_POINT('',(5.266558023707E-02,4.281338518999,
    9.695851318051));
#10202 = CARTESIAN_POINT('',(3.87790415488E-02,4.281338518999,
    9.705085462068));
#10203 = CARTESIAN_POINT('',(5.266558023707E-02,4.281338518999,
    9.705085462068));
#10204 = ADVANCED_FACE('',(#10205),#10215,.F.);
#10205 = FACE_BOUND('',#10206,.F.);
#10206 = EDGE_LOOP('',(#10207,#10208,#10209,#10214));
#10207 = ORIENTED_EDGE('',*,*,#10193,.F.);
#10208 = ORIENTED_EDGE('',*,*,#9636,.T.);
#10209 = ORIENTED_EDGE('',*,*,#10210,.T.);
#10210 = EDGE_CURVE('',#9637,#1679,#10211,.T.);
#10211 = B_SPLINE_CURVE_WITH_KNOTS('',1,(#10212,#10213),.UNSPECIFIED.,
  .F.,.F.,(2,2),(-0.,9.234144017191E-03),.PIECEWISE_BEZIER_KNOTS.);
#10212 = CARTESIAN_POINT('',(0.188059448324,4.145944650912,
    9.705085462068));
#10213 = CARTESIAN_POINT('',(0.188059448324,4.145944650912,
    9.695851318051));
#10214 = ORIENTED_EDGE('',*,*,#1687,.F.);
#10215 = B_SPLINE_SURFACE_WITH_KNOTS('',3,1,(
    (#10216,#10217)
    ,(#10218,#10219)
    ,(#10220,#10221)
    ,(#10222,#10223
    )),.UNSPECIFIED.,.F.,.F.,.F.,(4,4),(2,2),(23.,24.),(0.,1.),
  .PIECEWISE_BEZIER_KNOTS.);
#10216 = CARTESIAN_POINT('',(5.266558023707E-02,4.281338518999,
    9.705085462068));
#10217 = CARTESIAN_POINT('',(5.266558023707E-02,4.281338518999,
    9.695851318051));
#10218 = CARTESIAN_POINT('',(0.127305783624,4.281338518999,
    9.705085462068));
#10219 = CARTESIAN_POINT('',(0.127305783624,4.281338518999,
    9.695851318051));
#10220 = CARTESIAN_POINT('',(0.188059448324,4.220584854299,
    9.705085462068));
#10221 = CARTESIAN_POINT('',(0.188059448324,4.220584854299,
    9.695851318051));
#10222 = CARTESIAN_POINT('',(0.188059448324,4.145944650912,
    9.705085462068));
#10223 = CARTESIAN_POINT('',(0.188059448324,4.145944650912,
    9.695851318051));
#10224 = ADVANCED_FACE('',(#10225),#10235,.F.);
#10225 = FACE_BOUND('',#10226,.F.);
#10226 = EDGE_LOOP('',(#10227,#10228,#10229,#10234));
#10227 = ORIENTED_EDGE('',*,*,#10210,.F.);
#10228 = ORIENTED_EDGE('',*,*,#9645,.T.);
#10229 = ORIENTED_EDGE('',*,*,#10230,.T.);
#10230 = EDGE_CURVE('',#9646,#1672,#10231,.T.);
#10231 = B_SPLINE_CURVE_WITH_KNOTS('',1,(#10232,#10233),.UNSPECIFIED.,
  .F.,.F.,(2,2),(-0.,9.234144017191E-03),.PIECEWISE_BEZIER_KNOTS.);
#10232 = CARTESIAN_POINT('',(6.308046769921E-02,4.010550782825,
    9.705085462068));
#10233 = CARTESIAN_POINT('',(6.308046769921E-02,4.010550782825,
    9.695851318051));
#10234 = ORIENTED_EDGE('',*,*,#1678,.F.);
#10235 = B_SPLINE_SURFACE_WITH_KNOTS('',3,1,(
    (#10236,#10237)
    ,(#10238,#10239)
    ,(#10240,#10241)
    ,(#10242,#10243
    )),.UNSPECIFIED.,.F.,.F.,.F.,(4,4),(2,2),(24.,25.),(0.,1.),
  .PIECEWISE_BEZIER_KNOTS.);
#10236 = CARTESIAN_POINT('',(0.188059448324,4.145944650912,
    9.705085462068));
#10237 = CARTESIAN_POINT('',(0.188059448324,4.145944650912,
    9.695851318051));
#10238 = CARTESIAN_POINT('',(0.188059448324,4.074776065642,
    9.705085462068));
#10239 = CARTESIAN_POINT('',(0.188059448324,4.074776065642,
    9.695851318051));
#10240 = CARTESIAN_POINT('',(0.134249086076,4.015758226557,
    9.705085462068));
#10241 = CARTESIAN_POINT('',(0.134249086076,4.015758226557,
    9.695851318051));
#10242 = CARTESIAN_POINT('',(6.308046769921E-02,4.010550782825,
    9.705085462068));
#10243 = CARTESIAN_POINT('',(6.308046769921E-02,4.010550782825,
    9.695851318051));
#10244 = ADVANCED_FACE('',(#10245),#10255,.F.);
#10245 = FACE_BOUND('',#10246,.T.);
#10246 = EDGE_LOOP('',(#10247,#10248,#10253,#10254));
#10247 = ORIENTED_EDGE('',*,*,#1671,.T.);
#10248 = ORIENTED_EDGE('',*,*,#10249,.F.);
#10249 = EDGE_CURVE('',#9655,#1663,#10250,.T.);
#10250 = B_SPLINE_CURVE_WITH_KNOTS('',1,(#10251,#10252),.UNSPECIFIED.,
  .F.,.F.,(2,2),(-0.,9.234144017191E-03),.PIECEWISE_BEZIER_KNOTS.);
#10251 = CARTESIAN_POINT('',(-1.503138691434E-02,4.010550782825,
    9.705085462068));
#10252 = CARTESIAN_POINT('',(-1.503138691434E-02,4.010550782825,
    9.695851318051));
#10253 = ORIENTED_EDGE('',*,*,#9654,.F.);
#10254 = ORIENTED_EDGE('',*,*,#10230,.T.);
#10255 = B_SPLINE_SURFACE_WITH_KNOTS('',1,1,(
    (#10256,#10257)
    ,(#10258,#10259
    )),.UNSPECIFIED.,.F.,.F.,.F.,(2,2),(2,2),(-0.,9.234144017191E-03),(
    -7.811185461355E-02,-9.71445146547E-17),.PIECEWISE_BEZIER_KNOTS.);
#10256 = CARTESIAN_POINT('',(-1.503138691434E-02,4.010550782825,
    9.705085462068));
#10257 = CARTESIAN_POINT('',(6.308046769921E-02,4.010550782825,
    9.705085462068));
#10258 = CARTESIAN_POINT('',(-1.503138691434E-02,4.010550782825,
    9.695851318051));
#10259 = CARTESIAN_POINT('',(6.308046769921E-02,4.010550782825,
    9.695851318051));
#10260 = ADVANCED_FACE('',(#10261),#10271,.F.);
#10261 = FACE_BOUND('',#10262,.F.);
#10262 = EDGE_LOOP('',(#10263,#10264,#10265,#10270));
#10263 = ORIENTED_EDGE('',*,*,#10249,.F.);
#10264 = ORIENTED_EDGE('',*,*,#9661,.T.);
#10265 = ORIENTED_EDGE('',*,*,#10266,.T.);
#10266 = EDGE_CURVE('',#9662,#1654,#10267,.T.);
#10267 = B_SPLINE_CURVE_WITH_KNOTS('',1,(#10268,#10269),.UNSPECIFIED.,
  .F.,.F.,(2,2),(-0.,9.234144017191E-03),.PIECEWISE_BEZIER_KNOTS.);
#10268 = CARTESIAN_POINT('',(-2.544627437648E-02,4.01228657533,
    9.705085462068));
#10269 = CARTESIAN_POINT('',(-2.544627437648E-02,4.01228657533,
    9.695851318051));
#10270 = ORIENTED_EDGE('',*,*,#1662,.F.);
#10271 = B_SPLINE_SURFACE_WITH_KNOTS('',3,1,(
    (#10272,#10273)
    ,(#10274,#10275)
    ,(#10276,#10277)
    ,(#10278,#10279
    )),.UNSPECIFIED.,.F.,.F.,.F.,(4,4),(2,2),(26.,27.),(0.,1.),
  .PIECEWISE_BEZIER_KNOTS.);
#10272 = CARTESIAN_POINT('',(-1.503138691434E-02,4.010550782825,
    9.705085462068));
#10273 = CARTESIAN_POINT('',(-1.503138691434E-02,4.010550782825,
    9.695851318051));
#10274 = CARTESIAN_POINT('',(-1.850303814046E-02,4.010550782825,
    9.705085462068));
#10275 = CARTESIAN_POINT('',(-1.850303814046E-02,4.010550782825,
    9.695851318051));
#10276 = CARTESIAN_POINT('',(-2.197468936659E-02,4.01228657533,
    9.705085462068));
#10277 = CARTESIAN_POINT('',(-2.197468936659E-02,4.01228657533,
    9.695851318051));
#10278 = CARTESIAN_POINT('',(-2.544627437648E-02,4.01228657533,
    9.705085462068));
#10279 = CARTESIAN_POINT('',(-2.544627437648E-02,4.01228657533,
    9.695851318051));
#10280 = ADVANCED_FACE('',(#10281),#10291,.F.);
#10281 = FACE_BOUND('',#10282,.F.);
#10282 = EDGE_LOOP('',(#10283,#10284,#10285,#10290));
#10283 = ORIENTED_EDGE('',*,*,#10266,.F.);
#10284 = ORIENTED_EDGE('',*,*,#9670,.T.);
#10285 = ORIENTED_EDGE('',*,*,#10286,.T.);
#10286 = EDGE_CURVE('',#9671,#1645,#10287,.T.);
#10287 = B_SPLINE_CURVE_WITH_KNOTS('',1,(#10288,#10289),.UNSPECIFIED.,
  .F.,.F.,(2,2),(-0.,9.234144017191E-03),.PIECEWISE_BEZIER_KNOTS.);
#10288 = CARTESIAN_POINT('',(-7.925663662336E-02,3.958476213083,
    9.705085462068));
#10289 = CARTESIAN_POINT('',(-7.925663662336E-02,3.958476213083,
    9.695851318051));
#10290 = ORIENTED_EDGE('',*,*,#1653,.F.);
#10291 = B_SPLINE_SURFACE_WITH_KNOTS('',3,1,(
    (#10292,#10293)
    ,(#10294,#10295)
    ,(#10296,#10297)
    ,(#10298,#10299
    )),.UNSPECIFIED.,.F.,.F.,.F.,(4,4),(2,2),(27.,28.),(0.,1.),
  .PIECEWISE_BEZIER_KNOTS.);
#10292 = CARTESIAN_POINT('',(-2.544627437648E-02,4.01228657533,
    9.705085462068));
#10293 = CARTESIAN_POINT('',(-2.544627437648E-02,4.01228657533,
    9.695851318051));
#10294 = CARTESIAN_POINT('',(-5.495521047379E-02,4.01228657533,
    9.705085462068));
#10295 = CARTESIAN_POINT('',(-5.495521047379E-02,4.01228657533,
    9.695851318051));
#10296 = CARTESIAN_POINT('',(-7.925663662336E-02,3.987985082964,
    9.705085462068));
#10297 = CARTESIAN_POINT('',(-7.925663662336E-02,3.987985082964,
    9.695851318051));
#10298 = CARTESIAN_POINT('',(-7.925663662336E-02,3.958476213083,
    9.705085462068));
#10299 = CARTESIAN_POINT('',(-7.925663662336E-02,3.958476213083,
    9.695851318051));
#10300 = ADVANCED_FACE('',(#10301),#10311,.F.);
#10301 = FACE_BOUND('',#10302,.F.);
#10302 = EDGE_LOOP('',(#10303,#10304,#10305,#10310));
#10303 = ORIENTED_EDGE('',*,*,#10286,.F.);
#10304 = ORIENTED_EDGE('',*,*,#9679,.T.);
#10305 = ORIENTED_EDGE('',*,*,#10306,.T.);
#10306 = EDGE_CURVE('',#9680,#1638,#10307,.T.);
#10307 = B_SPLINE_CURVE_WITH_KNOTS('',1,(#10308,#10309),.UNSPECIFIED.,
  .F.,.F.,(2,2),(-0.,9.234144017191E-03),.PIECEWISE_BEZIER_KNOTS.);
#10308 = CARTESIAN_POINT('',(-2.891785938636E-02,3.904665850835,
    9.705085462068));
#10309 = CARTESIAN_POINT('',(-2.891785938636E-02,3.904665850835,
    9.695851318051));
#10310 = ORIENTED_EDGE('',*,*,#1644,.F.);
#10311 = B_SPLINE_SURFACE_WITH_KNOTS('',3,1,(
    (#10312,#10313)
    ,(#10314,#10315)
    ,(#10316,#10317)
    ,(#10318,#10319
    )),.UNSPECIFIED.,.F.,.F.,.F.,(4,4),(2,2),(28.,29.),(0.,1.),
  .PIECEWISE_BEZIER_KNOTS.);
#10312 = CARTESIAN_POINT('',(-7.925663662336E-02,3.958476213083,
    9.705085462068));
#10313 = CARTESIAN_POINT('',(-7.925663662336E-02,3.958476213083,
    9.695851318051));
#10314 = CARTESIAN_POINT('',(-7.925663662336E-02,3.930703135707,
    9.705085462068));
#10315 = CARTESIAN_POINT('',(-7.925663662336E-02,3.930703135707,
    9.695851318051));
#10316 = CARTESIAN_POINT('',(-5.669100297914E-02,3.906401643339,
    9.705085462068));
#10317 = CARTESIAN_POINT('',(-5.669100297914E-02,3.906401643339,
    9.695851318051));
#10318 = CARTESIAN_POINT('',(-2.891785938636E-02,3.904665850835,
    9.705085462068));
#10319 = CARTESIAN_POINT('',(-2.891785938636E-02,3.904665850835,
    9.695851318051));
#10320 = ADVANCED_FACE('',(#10321),#10331,.F.);
#10321 = FACE_BOUND('',#10322,.T.);
#10322 = EDGE_LOOP('',(#10323,#10324,#10329,#10330));
#10323 = ORIENTED_EDGE('',*,*,#1637,.T.);
#10324 = ORIENTED_EDGE('',*,*,#10325,.F.);
#10325 = EDGE_CURVE('',#9689,#1629,#10326,.T.);
#10326 = B_SPLINE_CURVE_WITH_KNOTS('',1,(#10327,#10328),.UNSPECIFIED.,
  .F.,.F.,(2,2),(-0.,9.234144017191E-03),.PIECEWISE_BEZIER_KNOTS.);
#10327 = CARTESIAN_POINT('',(7.34954213776E-02,3.904665850835,
    9.705085462068));
#10328 = CARTESIAN_POINT('',(7.34954213776E-02,3.904665850835,
    9.695851318051));
#10329 = ORIENTED_EDGE('',*,*,#9688,.F.);
#10330 = ORIENTED_EDGE('',*,*,#10306,.T.);
#10331 = B_SPLINE_SURFACE_WITH_KNOTS('',1,1,(
    (#10332,#10333)
    ,(#10334,#10335
    )),.UNSPECIFIED.,.F.,.F.,.F.,(2,2),(2,2),(-9.234144017191E-03,0.),(
    -9.720583703247E-02,5.207443731485E-03),.PIECEWISE_BEZIER_KNOTS.);
#10332 = CARTESIAN_POINT('',(-2.891785938636E-02,3.904665850835,
    9.695851318051));
#10333 = CARTESIAN_POINT('',(7.34954213776E-02,3.904665850835,
    9.695851318051));
#10334 = CARTESIAN_POINT('',(-2.891785938636E-02,3.904665850835,
    9.705085462068));
#10335 = CARTESIAN_POINT('',(7.34954213776E-02,3.904665850835,
    9.705085462068));
#10336 = ADVANCED_FACE('',(#10337),#10347,.F.);
#10337 = FACE_BOUND('',#10338,.F.);
#10338 = EDGE_LOOP('',(#10339,#10340,#10341,#10346));
#10339 = ORIENTED_EDGE('',*,*,#10325,.F.);
#10340 = ORIENTED_EDGE('',*,*,#9695,.T.);
#10341 = ORIENTED_EDGE('',*,*,#10342,.T.);
#10342 = EDGE_CURVE('',#9696,#1620,#10343,.T.);
#10343 = B_SPLINE_CURVE_WITH_KNOTS('',1,(#10344,#10345),.UNSPECIFIED.,
  .F.,.F.,(2,2),(-0.,9.234144017191E-03),.PIECEWISE_BEZIER_KNOTS.);
#10344 = CARTESIAN_POINT('',(0.231454923108,3.982777705449,
    9.705085462068));
#10345 = CARTESIAN_POINT('',(0.231454923108,3.982777705449,
    9.695851318051));
#10346 = ORIENTED_EDGE('',*,*,#1628,.F.);
#10347 = B_SPLINE_SURFACE_WITH_KNOTS('',3,1,(
    (#10348,#10349)
    ,(#10350,#10351)
    ,(#10352,#10353)
    ,(#10354,#10355
    )),.UNSPECIFIED.,.F.,.F.,.F.,(4,4),(2,2),(33.,34.),(0.,1.),
  .PIECEWISE_BEZIER_KNOTS.);
#10348 = CARTESIAN_POINT('',(7.34954213776E-02,3.904665850835,
    9.705085462068));
#10349 = CARTESIAN_POINT('',(7.34954213776E-02,3.904665850835,
    9.695851318051));
#10350 = CARTESIAN_POINT('',(0.134249086076,3.909873294566,
    9.705085462068));
#10351 = CARTESIAN_POINT('',(0.134249086076,3.909873294566,
    9.695851318051));
#10352 = CARTESIAN_POINT('',(0.189795307045,3.937646438159,
    9.705085462068));
#10353 = CARTESIAN_POINT('',(0.189795307045,3.937646438159,
    9.695851318051));
#10354 = CARTESIAN_POINT('',(0.231454923108,3.982777705449,
    9.705085462068));
#10355 = CARTESIAN_POINT('',(0.231454923108,3.982777705449,
    9.695851318051));
#10356 = ADVANCED_FACE('',(#10357),#10363,.F.);
#10357 = FACE_BOUND('',#10358,.F.);
#10358 = EDGE_LOOP('',(#10359,#10360,#10361,#10362));
#10359 = ORIENTED_EDGE('',*,*,#10342,.F.);
#10360 = ORIENTED_EDGE('',*,*,#9704,.T.);
#10361 = ORIENTED_EDGE('',*,*,#9744,.T.);
#10362 = ORIENTED_EDGE('',*,*,#1619,.F.);
#10363 = B_SPLINE_SURFACE_WITH_KNOTS('',3,1,(
    (#10364,#10365)
    ,(#10366,#10367)
    ,(#10368,#10369)
    ,(#10370,#10371
    )),.UNSPECIFIED.,.F.,.F.,.F.,(4,4),(2,2),(34.,35.),(0.,1.),
  .PIECEWISE_BEZIER_KNOTS.);
#10364 = CARTESIAN_POINT('',(0.231454923108,3.982777705449,
    9.705085462068));
#10365 = CARTESIAN_POINT('',(0.231454923108,3.982777705449,
    9.695851318051));
#10366 = CARTESIAN_POINT('',(0.273114605389,4.027908972739,
    9.705085462068));
#10367 = CARTESIAN_POINT('',(0.273114605389,4.027908972739,
    9.695851318051));
#10368 = CARTESIAN_POINT('',(0.295680239034,4.086926844934,
    9.705085462068));
#10369 = CARTESIAN_POINT('',(0.295680239034,4.086926844934,
    9.695851318051));
#10370 = CARTESIAN_POINT('',(0.295680239034,4.147680509633,
    9.705085462068));
#10371 = CARTESIAN_POINT('',(0.295680239034,4.147680509633,
    9.695851318051));
#10372 = ADVANCED_FACE('',(#10373),#10400,.T.);
#10373 = FACE_BOUND('',#10374,.T.);
#10374 = EDGE_LOOP('',(#10375,#10389,#10394,#10395));
#10375 = ORIENTED_EDGE('',*,*,#10376,.F.);
#10376 = EDGE_CURVE('',#10377,#10379,#10381,.T.);
#10377 = VERTEX_POINT('',#10378);
#10378 = CARTESIAN_POINT('',(-0.436835355477,3.894250830941,
    9.695851318051));
#10379 = VERTEX_POINT('',#10380);
#10380 = CARTESIAN_POINT('',(-0.436835355477,4.029644765244,
    9.695851318051));
#10381 = B_SPLINE_CURVE_WITH_KNOTS('',3,(#10382,#10383,#10384,#10385,
    #10386,#10387,#10388),.UNSPECIFIED.,.F.,.F.,(4,3,4),(0.,1.,2.),
  .PIECEWISE_BEZIER_KNOTS.);
#10382 = CARTESIAN_POINT('',(-0.436835355477,3.894250830941,
    9.695851318051));
#10383 = CARTESIAN_POINT('',(-0.398647357531,3.894250830941,
    9.695851318051));
#10384 = CARTESIAN_POINT('',(-0.369138421433,3.925495625759,
    9.695851318051));
#10385 = CARTESIAN_POINT('',(-0.369138421433,3.961947798092,
    9.695851318051));
#10386 = CARTESIAN_POINT('',(-0.369138421433,4.000135829146,
    9.695851318051));
#10387 = CARTESIAN_POINT('',(-0.400383150035,4.029644765244,
    9.695851318051));
#10388 = CARTESIAN_POINT('',(-0.436835355477,4.029644765244,
    9.695851318051));
#10389 = ORIENTED_EDGE('',*,*,#10390,.F.);
#10390 = EDGE_CURVE('',#9714,#10377,#10391,.T.);
#10391 = B_SPLINE_CURVE_WITH_KNOTS('',1,(#10392,#10393),.UNSPECIFIED.,
  .F.,.F.,(2,2),(-0.,9.234144017191E-03),.PIECEWISE_BEZIER_KNOTS.);
#10392 = CARTESIAN_POINT('',(-0.436835355477,3.894250830941,
    9.705085462068));
#10393 = CARTESIAN_POINT('',(-0.436835355477,3.894250830941,
    9.695851318051));
#10394 = ORIENTED_EDGE('',*,*,#9713,.T.);
#10395 = ORIENTED_EDGE('',*,*,#10396,.T.);
#10396 = EDGE_CURVE('',#9716,#10379,#10397,.T.);
#10397 = B_SPLINE_CURVE_WITH_KNOTS('',1,(#10398,#10399),.UNSPECIFIED.,
  .F.,.F.,(2,2),(-0.,9.234144017191E-03),.PIECEWISE_BEZIER_KNOTS.);
#10398 = CARTESIAN_POINT('',(-0.436835355477,4.029644765244,
    9.705085462068));
#10399 = CARTESIAN_POINT('',(-0.436835355477,4.029644765244,
    9.695851318051));
#10400 = B_SPLINE_SURFACE_WITH_KNOTS('',3,1,(
    (#10401,#10402)
    ,(#10403,#10404)
    ,(#10405,#10406)
    ,(#10407,#10408)
    ,(#10409,#10410)
    ,(#10411,#10412)
    ,(#10413,#10414
  )),.UNSPECIFIED.,.F.,.F.,.F.,(4,3,4),(2,2),(0.,1.,2.),(0.,1.),
  .PIECEWISE_BEZIER_KNOTS.);
#10401 = CARTESIAN_POINT('',(-0.436835355477,3.894250830941,
    9.705085462068));
#10402 = CARTESIAN_POINT('',(-0.436835355477,3.894250830941,
    9.695851318051));
#10403 = CARTESIAN_POINT('',(-0.398647357531,3.894250830941,
    9.705085462068));
#10404 = CARTESIAN_POINT('',(-0.398647357531,3.894250830941,
    9.695851318051));
#10405 = CARTESIAN_POINT('',(-0.369138421433,3.925495625759,
    9.705085462068));
#10406 = CARTESIAN_POINT('',(-0.369138421433,3.925495625759,
    9.695851318051));
#10407 = CARTESIAN_POINT('',(-0.369138421433,3.961947798092,
    9.705085462068));
#10408 = CARTESIAN_POINT('',(-0.369138421433,3.961947798092,
    9.695851318051));
#10409 = CARTESIAN_POINT('',(-0.369138421433,4.000135829146,
    9.705085462068));
#10410 = CARTESIAN_POINT('',(-0.369138421433,4.000135829146,
    9.695851318051));
#10411 = CARTESIAN_POINT('',(-0.400383150035,4.029644765244,
    9.705085462068));
#10412 = CARTESIAN_POINT('',(-0.400383150035,4.029644765244,
    9.695851318051));
#10413 = CARTESIAN_POINT('',(-0.436835355477,4.029644765244,
    9.705085462068));
#10414 = CARTESIAN_POINT('',(-0.436835355477,4.029644765244,
    9.695851318051));
#10415 = ADVANCED_FACE('',(#10416),#10430,.T.);
#10416 = FACE_BOUND('',#10417,.T.);
#10417 = EDGE_LOOP('',(#10418,#10427,#10428,#10429));
#10418 = ORIENTED_EDGE('',*,*,#10419,.F.);
#10419 = EDGE_CURVE('',#10379,#10377,#10420,.T.);
#10420 = B_SPLINE_CURVE_WITH_KNOTS('',3,(#10421,#10422,#10423,#10424,
    #10425,#10426),.UNSPECIFIED.,.F.,.F.,(4,2,4),(2.,3.,4.),
  .UNSPECIFIED.);
#10421 = CARTESIAN_POINT('',(-0.436835355477,4.029644765244,
    9.695851318051));
#10422 = CARTESIAN_POINT('',(-0.473287560917,4.029644765244,
    9.695851318051));
#10423 = CARTESIAN_POINT('',(-0.50453228952,4.000135829146,
    9.695851318051));
#10424 = CARTESIAN_POINT('',(-0.50453228952,3.923759767038,
    9.695851318051));
#10425 = CARTESIAN_POINT('',(-0.473287560917,3.894250830941,
    9.695851318051));
#10426 = CARTESIAN_POINT('',(-0.436835355477,3.894250830941,
    9.695851318051));
#10427 = ORIENTED_EDGE('',*,*,#10396,.F.);
#10428 = ORIENTED_EDGE('',*,*,#9727,.T.);
#10429 = ORIENTED_EDGE('',*,*,#10390,.T.);
#10430 = B_SPLINE_SURFACE_WITH_KNOTS('',3,1,(
    (#10431,#10432)
    ,(#10433,#10434)
    ,(#10435,#10436)
    ,(#10437,#10438)
    ,(#10439,#10440)
    ,(#10441,#10442
  )),.UNSPECIFIED.,.F.,.F.,.F.,(4,2,4),(2,2),(2.,3.,4.),(0.,1.),
  .UNSPECIFIED.);
#10431 = CARTESIAN_POINT('',(-0.436835355477,4.029644765244,
    9.705085462068));
#10432 = CARTESIAN_POINT('',(-0.436835355477,4.029644765244,
    9.695851318051));
#10433 = CARTESIAN_POINT('',(-0.473287560917,4.029644765244,
    9.705085462068));
#10434 = CARTESIAN_POINT('',(-0.473287560917,4.029644765244,
    9.695851318051));
#10435 = CARTESIAN_POINT('',(-0.50453228952,4.000135829146,
    9.705085462068));
#10436 = CARTESIAN_POINT('',(-0.50453228952,4.000135829146,
    9.695851318051));
#10437 = CARTESIAN_POINT('',(-0.50453228952,3.923759767038,
    9.705085462068));
#10438 = CARTESIAN_POINT('',(-0.50453228952,3.923759767038,
    9.695851318051));
#10439 = CARTESIAN_POINT('',(-0.473287560917,3.894250830941,
    9.705085462068));
#10440 = CARTESIAN_POINT('',(-0.473287560917,3.894250830941,
    9.695851318051));
#10441 = CARTESIAN_POINT('',(-0.436835355477,3.894250830941,
    9.705085462068));
#10442 = CARTESIAN_POINT('',(-0.436835355477,3.894250830941,
    9.695851318051));
#10443 = ADVANCED_FACE('',(#10444),#10448,.T.);
#10444 = FACE_BOUND('',#10445,.T.);
#10445 = EDGE_LOOP('',(#10446,#10447));
#10446 = ORIENTED_EDGE('',*,*,#10376,.T.);
#10447 = ORIENTED_EDGE('',*,*,#10419,.T.);
#10448 = B_SPLINE_SURFACE_WITH_KNOTS('',1,1,(
    (#10449,#10450)
    ,(#10451,#10452
    )),.UNSPECIFIED.,.F.,.F.,.F.,(2,2),(2,2),(-0.50453228952,
    -0.369138421433),(3.894250830941,4.029644765244),
  .PIECEWISE_BEZIER_KNOTS.);
#10449 = CARTESIAN_POINT('',(-0.50453228952,3.894250830941,
    9.695851318051));
#10450 = CARTESIAN_POINT('',(-0.50453228952,4.029644765244,
    9.695851318051));
#10451 = CARTESIAN_POINT('',(-0.369138421433,3.894250830941,
    9.695851318051));
#10452 = CARTESIAN_POINT('',(-0.369138421433,4.029644765244,
    9.695851318051));
#10453 = ( GEOMETRIC_REPRESENTATION_CONTEXT(3) 
GLOBAL_UNCERTAINTY_ASSIGNED_CONTEXT((#10457)) 
GLOBAL_UNIT_ASSIGNED_CONTEXT((#10454,#10455,#10456)) 
REPRESENTATION_CONTEXT('Context #1',
  '3D Context with UNIT and UNCERTAINTY') );
#10454 = ( LENGTH_UNIT() NAMED_UNIT(*) SI_UNIT(.MILLI.,.METRE.) );
#10455 = ( NAMED_UNIT(*) PLANE_ANGLE_UNIT() SI_UNIT($,.RADIAN.) );
#10456 = ( NAMED_UNIT(*) SI_UNIT($,.STERADIAN.) SOLID_ANGLE_UNIT() );
#10457 = UNCERTAINTY_MEASURE_WITH_UNIT(LENGTH_MEASURE(1.E-07),#10454,
  'distance_accuracy_value','confusion accuracy');
#10458 = PRODUCT_RELATED_PRODUCT_CATEGORY('part',$,(#7));
#10459 = MECHANICAL_DESIGN_GEOMETRIC_PRESENTATION_REPRESENTATION('',(
    #10460,#10470,#10478,#10486,#10493,#10500,#10507,#10514,#10521,
    #10528,#10535,#10542,#10549,#10556,#10563,#10570,#10577,#10584,
    #10592,#10599,#10606,#10613,#10620,#10627,#10634,#10641,#10648,
    #10656,#10663,#10670,#10677,#10684,#10691,#10698,#10705,#10712,
    #10719,#10726,#10733,#10740,#10747,#10754,#10761,#10768,#10775,
    #10782,#10789,#10796,#10803,#10810,#10817,#10824,#10831,#10838,
    #10845,#10852,#10859,#10866,#10873,#10880,#10887,#10894,#10901,
    #10908,#10915,#10922,#10929,#10936,#10943,#10950,#10957,#10964,
    #10971,#10978,#10985,#10992,#10999,#11006,#11013,#11020,#11027,
    #11034,#11041,#11048,#11055,#11062,#11069,#11076,#11083,#11090,
    #11097,#11104,#11111,#11118,#11125,#11132,#11139,#11146,#11153,
    #11160,#11167,#11174,#11181,#11188,#11195,#11202,#11209,#11216,
    #11223,#11230,#11237,#11244,#11251,#11258,#11265,#11272,#11279,
    #11286,#11293,#11300,#11307,#11314,#11321,#11328,#11335,#11342,
    #11349,#11356,#11363,#11370,#11377,#11384,#11391,#11398,#11405,
    #11412,#11419,#11426,#11433,#11440,#11447,#11454,#11461,#11468,
    #11475,#11482,#11489,#11496,#11503,#11510,#11517,#11524,#11531,
    #11538,#11545,#11552,#11559,#11566,#11573,#11580,#11587,#11594,
    #11601,#11608,#11615,#11622,#11629,#11636,#11643,#11650,#11657,
    #11664,#11671,#11678,#11685,#11692,#11699,#11706,#11713,#11720,
    #11727,#11734,#11741,#11748,#11755,#11762,#11769,#11776,#11783,
    #11790,#11797,#11804,#11811,#11818,#11825,#11832,#11839,#11846,
    #11853,#11860,#11867,#11874,#11881,#11888,#11895,#11902,#11909,
    #11916,#11923,#11930,#11937,#11944,#11951,#11958,#11965,#11972,
    #11979,#11986,#11993,#12000,#12007,#12014,#12021,#12028,#12035,
    #12042,#12049,#12056,#12063,#12070,#12077,#12084,#12091,#12098,
    #12105,#12112,#12119,#12126,#12133,#12140,#12147,#12154,#12161,
    #12168,#12175,#12182,#12189,#12196,#12203,#12210,#12217,#12224,
    #12231,#12238,#12245,#12252,#12259,#12266,#12273,#12280,#12287,
    #12294,#12301,#12308,#12315,#12322,#12329,#12336,#12343,#12350,
    #12357,#12364,#12371,#12378,#12385,#12392,#12399,#12406,#12413,
    #12420,#12427,#12434,#12441,#12448,#12455,#12462,#12469,#12476,
    #12483,#12490,#12497,#12504,#12511,#12518,#12525,#12532,#12539,
    #12546,#12553,#12560,#12567,#12574,#12581,#12588,#12595,#12602,
    #12609,#12616,#12623,#12630,#12637,#12644,#12651,#12658),#10453);
#10460 = STYLED_ITEM('color',(#10461),#15);
#10461 = PRESENTATION_STYLE_ASSIGNMENT((#10462,#10468));
#10462 = SURFACE_STYLE_USAGE(.BOTH.,#10463);
#10463 = SURFACE_SIDE_STYLE('',(#10464));
#10464 = SURFACE_STYLE_FILL_AREA(#10465);
#10465 = FILL_AREA_STYLE('',(#10466));
#10466 = FILL_AREA_STYLE_COLOUR('',#10467);
#10467 = DRAUGHTING_PRE_DEFINED_COLOUR('white');
#10468 = CURVE_STYLE('',#10469,POSITIVE_LENGTH_MEASURE(0.1),#10467);
#10469 = DRAUGHTING_PRE_DEFINED_CURVE_FONT('continuous');
#10470 = OVER_RIDING_STYLED_ITEM('overriding color',(#10471),#17,#10460
  );
#10471 = PRESENTATION_STYLE_ASSIGNMENT((#10472));
#10472 = SURFACE_STYLE_USAGE(.BOTH.,#10473);
#10473 = SURFACE_SIDE_STYLE('',(#10474));
#10474 = SURFACE_STYLE_FILL_AREA(#10475);
#10475 = FILL_AREA_STYLE('',(#10476));
#10476 = FILL_AREA_STYLE_COLOUR('',#10477);
#10477 = COLOUR_RGB('',0.223529416636,0.223529416636,0.223529416636);
#10478 = OVER_RIDING_STYLED_ITEM('overriding color',(#10479),#72,#10460
  );
#10479 = PRESENTATION_STYLE_ASSIGNMENT((#10480));
#10480 = SURFACE_STYLE_USAGE(.BOTH.,#10481);
#10481 = SURFACE_SIDE_STYLE('',(#10482));
#10482 = SURFACE_STYLE_FILL_AREA(#10483);
#10483 = FILL_AREA_STYLE('',(#10484));
#10484 = FILL_AREA_STYLE_COLOUR('',#10485);
#10485 = COLOUR_RGB('',0.850980378684,0.850980378684,0.850980378684);
#10486 = OVER_RIDING_STYLED_ITEM('overriding color',(#10487),#120,#10460
  );
#10487 = PRESENTATION_STYLE_ASSIGNMENT((#10488));
#10488 = SURFACE_STYLE_USAGE(.BOTH.,#10489);
#10489 = SURFACE_SIDE_STYLE('',(#10490));
#10490 = SURFACE_STYLE_FILL_AREA(#10491);
#10491 = FILL_AREA_STYLE('',(#10492));
#10492 = FILL_AREA_STYLE_COLOUR('',#10485);
#10493 = OVER_RIDING_STYLED_ITEM('overriding color',(#10494),#168,#10460
  );
#10494 = PRESENTATION_STYLE_ASSIGNMENT((#10495));
#10495 = SURFACE_STYLE_USAGE(.BOTH.,#10496);
#10496 = SURFACE_SIDE_STYLE('',(#10497));
#10497 = SURFACE_STYLE_FILL_AREA(#10498);
#10498 = FILL_AREA_STYLE('',(#10499));
#10499 = FILL_AREA_STYLE_COLOUR('',#10477);
#10500 = OVER_RIDING_STYLED_ITEM('overriding color',(#10501),#216,#10460
  );
#10501 = PRESENTATION_STYLE_ASSIGNMENT((#10502));
#10502 = SURFACE_STYLE_USAGE(.BOTH.,#10503);
#10503 = SURFACE_SIDE_STYLE('',(#10504));
#10504 = SURFACE_STYLE_FILL_AREA(#10505);
#10505 = FILL_AREA_STYLE('',(#10506));
#10506 = FILL_AREA_STYLE_COLOUR('',#10477);
#10507 = OVER_RIDING_STYLED_ITEM('overriding color',(#10508),#264,#10460
  );
#10508 = PRESENTATION_STYLE_ASSIGNMENT((#10509));
#10509 = SURFACE_STYLE_USAGE(.BOTH.,#10510);
#10510 = SURFACE_SIDE_STYLE('',(#10511));
#10511 = SURFACE_STYLE_FILL_AREA(#10512);
#10512 = FILL_AREA_STYLE('',(#10513));
#10513 = FILL_AREA_STYLE_COLOUR('',#10477);
#10514 = OVER_RIDING_STYLED_ITEM('overriding color',(#10515),#312,#10460
  );
#10515 = PRESENTATION_STYLE_ASSIGNMENT((#10516));
#10516 = SURFACE_STYLE_USAGE(.BOTH.,#10517);
#10517 = SURFACE_SIDE_STYLE('',(#10518));
#10518 = SURFACE_STYLE_FILL_AREA(#10519);
#10519 = FILL_AREA_STYLE('',(#10520));
#10520 = FILL_AREA_STYLE_COLOUR('',#10477);
#10521 = OVER_RIDING_STYLED_ITEM('overriding color',(#10522),#360,#10460
  );
#10522 = PRESENTATION_STYLE_ASSIGNMENT((#10523));
#10523 = SURFACE_STYLE_USAGE(.BOTH.,#10524);
#10524 = SURFACE_SIDE_STYLE('',(#10525));
#10525 = SURFACE_STYLE_FILL_AREA(#10526);
#10526 = FILL_AREA_STYLE('',(#10527));
#10527 = FILL_AREA_STYLE_COLOUR('',#10485);
#10528 = OVER_RIDING_STYLED_ITEM('overriding color',(#10529),#408,#10460
  );
#10529 = PRESENTATION_STYLE_ASSIGNMENT((#10530));
#10530 = SURFACE_STYLE_USAGE(.BOTH.,#10531);
#10531 = SURFACE_SIDE_STYLE('',(#10532));
#10532 = SURFACE_STYLE_FILL_AREA(#10533);
#10533 = FILL_AREA_STYLE('',(#10534));
#10534 = FILL_AREA_STYLE_COLOUR('',#10477);
#10535 = OVER_RIDING_STYLED_ITEM('overriding color',(#10536),#456,#10460
  );
#10536 = PRESENTATION_STYLE_ASSIGNMENT((#10537));
#10537 = SURFACE_STYLE_USAGE(.BOTH.,#10538);
#10538 = SURFACE_SIDE_STYLE('',(#10539));
#10539 = SURFACE_STYLE_FILL_AREA(#10540);
#10540 = FILL_AREA_STYLE('',(#10541));
#10541 = FILL_AREA_STYLE_COLOUR('',#10477);
#10542 = OVER_RIDING_STYLED_ITEM('overriding color',(#10543),#493,#10460
  );
#10543 = PRESENTATION_STYLE_ASSIGNMENT((#10544));
#10544 = SURFACE_STYLE_USAGE(.BOTH.,#10545);
#10545 = SURFACE_SIDE_STYLE('',(#10546));
#10546 = SURFACE_STYLE_FILL_AREA(#10547);
#10547 = FILL_AREA_STYLE('',(#10548));
#10548 = FILL_AREA_STYLE_COLOUR('',#10477);
#10549 = OVER_RIDING_STYLED_ITEM('overriding color',(#10550),#1890,
  #10460);
#10550 = PRESENTATION_STYLE_ASSIGNMENT((#10551));
#10551 = SURFACE_STYLE_USAGE(.BOTH.,#10552);
#10552 = SURFACE_SIDE_STYLE('',(#10553));
#10553 = SURFACE_STYLE_FILL_AREA(#10554);
#10554 = FILL_AREA_STYLE('',(#10555));
#10555 = FILL_AREA_STYLE_COLOUR('',#10477);
#10556 = OVER_RIDING_STYLED_ITEM('overriding color',(#10557),#2386,
  #10460);
#10557 = PRESENTATION_STYLE_ASSIGNMENT((#10558));
#10558 = SURFACE_STYLE_USAGE(.BOTH.,#10559);
#10559 = SURFACE_SIDE_STYLE('',(#10560));
#10560 = SURFACE_STYLE_FILL_AREA(#10561);
#10561 = FILL_AREA_STYLE('',(#10562));
#10562 = FILL_AREA_STYLE_COLOUR('',#10477);
#10563 = OVER_RIDING_STYLED_ITEM('overriding color',(#10564),#2411,
  #10460);
#10564 = PRESENTATION_STYLE_ASSIGNMENT((#10565));
#10565 = SURFACE_STYLE_USAGE(.BOTH.,#10566);
#10566 = SURFACE_SIDE_STYLE('',(#10567));
#10567 = SURFACE_STYLE_FILL_AREA(#10568);
#10568 = FILL_AREA_STYLE('',(#10569));
#10569 = FILL_AREA_STYLE_COLOUR('',#10477);
#10570 = OVER_RIDING_STYLED_ITEM('overriding color',(#10571),#2436,
  #10460);
#10571 = PRESENTATION_STYLE_ASSIGNMENT((#10572));
#10572 = SURFACE_STYLE_USAGE(.BOTH.,#10573);
#10573 = SURFACE_SIDE_STYLE('',(#10574));
#10574 = SURFACE_STYLE_FILL_AREA(#10575);
#10575 = FILL_AREA_STYLE('',(#10576));
#10576 = FILL_AREA_STYLE_COLOUR('',#10485);
#10577 = OVER_RIDING_STYLED_ITEM('overriding color',(#10578),#2457,
  #10460);
#10578 = PRESENTATION_STYLE_ASSIGNMENT((#10579));
#10579 = SURFACE_STYLE_USAGE(.BOTH.,#10580);
#10580 = SURFACE_SIDE_STYLE('',(#10581));
#10581 = SURFACE_STYLE_FILL_AREA(#10582);
#10582 = FILL_AREA_STYLE('',(#10583));
#10583 = FILL_AREA_STYLE_COLOUR('',#10485);
#10584 = OVER_RIDING_STYLED_ITEM('overriding color',(#10585),#2482,
  #10460);
#10585 = PRESENTATION_STYLE_ASSIGNMENT((#10586));
#10586 = SURFACE_STYLE_USAGE(.BOTH.,#10587);
#10587 = SURFACE_SIDE_STYLE('',(#10588));
#10588 = SURFACE_STYLE_FILL_AREA(#10589);
#10589 = FILL_AREA_STYLE('',(#10590));
#10590 = FILL_AREA_STYLE_COLOUR('',#10591);
#10591 = DRAUGHTING_PRE_DEFINED_COLOUR('black');
#10592 = OVER_RIDING_STYLED_ITEM('overriding color',(#10593),#2492,
  #10460);
#10593 = PRESENTATION_STYLE_ASSIGNMENT((#10594));
#10594 = SURFACE_STYLE_USAGE(.BOTH.,#10595);
#10595 = SURFACE_SIDE_STYLE('',(#10596));
#10596 = SURFACE_STYLE_FILL_AREA(#10597);
#10597 = FILL_AREA_STYLE('',(#10598));
#10598 = FILL_AREA_STYLE_COLOUR('',#10477);
#10599 = OVER_RIDING_STYLED_ITEM('overriding color',(#10600),#2517,
  #10460);
#10600 = PRESENTATION_STYLE_ASSIGNMENT((#10601));
#10601 = SURFACE_STYLE_USAGE(.BOTH.,#10602);
#10602 = SURFACE_SIDE_STYLE('',(#10603));
#10603 = SURFACE_STYLE_FILL_AREA(#10604);
#10604 = FILL_AREA_STYLE('',(#10605));
#10605 = FILL_AREA_STYLE_COLOUR('',#10477);
#10606 = OVER_RIDING_STYLED_ITEM('overriding color',(#10607),#2527,
  #10460);
#10607 = PRESENTATION_STYLE_ASSIGNMENT((#10608));
#10608 = SURFACE_STYLE_USAGE(.BOTH.,#10609);
#10609 = SURFACE_SIDE_STYLE('',(#10610));
#10610 = SURFACE_STYLE_FILL_AREA(#10611);
#10611 = FILL_AREA_STYLE('',(#10612));
#10612 = FILL_AREA_STYLE_COLOUR('',#10477);
#10613 = OVER_RIDING_STYLED_ITEM('overriding color',(#10614),#2552,
  #10460);
#10614 = PRESENTATION_STYLE_ASSIGNMENT((#10615));
#10615 = SURFACE_STYLE_USAGE(.BOTH.,#10616);
#10616 = SURFACE_SIDE_STYLE('',(#10617));
#10617 = SURFACE_STYLE_FILL_AREA(#10618);
#10618 = FILL_AREA_STYLE('',(#10619));
#10619 = FILL_AREA_STYLE_COLOUR('',#10477);
#10620 = OVER_RIDING_STYLED_ITEM('overriding color',(#10621),#2562,
  #10460);
#10621 = PRESENTATION_STYLE_ASSIGNMENT((#10622));
#10622 = SURFACE_STYLE_USAGE(.BOTH.,#10623);
#10623 = SURFACE_SIDE_STYLE('',(#10624));
#10624 = SURFACE_STYLE_FILL_AREA(#10625);
#10625 = FILL_AREA_STYLE('',(#10626));
#10626 = FILL_AREA_STYLE_COLOUR('',#10477);
#10627 = OVER_RIDING_STYLED_ITEM('overriding color',(#10628),#2587,
  #10460);
#10628 = PRESENTATION_STYLE_ASSIGNMENT((#10629));
#10629 = SURFACE_STYLE_USAGE(.BOTH.,#10630);
#10630 = SURFACE_SIDE_STYLE('',(#10631));
#10631 = SURFACE_STYLE_FILL_AREA(#10632);
#10632 = FILL_AREA_STYLE('',(#10633));
#10633 = FILL_AREA_STYLE_COLOUR('',#10477);
#10634 = OVER_RIDING_STYLED_ITEM('overriding color',(#10635),#2608,
  #10460);
#10635 = PRESENTATION_STYLE_ASSIGNMENT((#10636));
#10636 = SURFACE_STYLE_USAGE(.BOTH.,#10637);
#10637 = SURFACE_SIDE_STYLE('',(#10638));
#10638 = SURFACE_STYLE_FILL_AREA(#10639);
#10639 = FILL_AREA_STYLE('',(#10640));
#10640 = FILL_AREA_STYLE_COLOUR('',#10477);
#10641 = OVER_RIDING_STYLED_ITEM('overriding color',(#10642),#2633,
  #10460);
#10642 = PRESENTATION_STYLE_ASSIGNMENT((#10643));
#10643 = SURFACE_STYLE_USAGE(.BOTH.,#10644);
#10644 = SURFACE_SIDE_STYLE('',(#10645));
#10645 = SURFACE_STYLE_FILL_AREA(#10646);
#10646 = FILL_AREA_STYLE('',(#10647));
#10647 = FILL_AREA_STYLE_COLOUR('',#10477);
#10648 = OVER_RIDING_STYLED_ITEM('overriding color',(#10649),#2654,
  #10460);
#10649 = PRESENTATION_STYLE_ASSIGNMENT((#10650));
#10650 = SURFACE_STYLE_USAGE(.BOTH.,#10651);
#10651 = SURFACE_SIDE_STYLE('',(#10652));
#10652 = SURFACE_STYLE_FILL_AREA(#10653);
#10653 = FILL_AREA_STYLE('',(#10654));
#10654 = FILL_AREA_STYLE_COLOUR('',#10655);
#10655 = COLOUR_RGB('',0.647058827698,0.647058827698,0.647058827698);
#10656 = OVER_RIDING_STYLED_ITEM('overriding color',(#10657),#2682,
  #10460);
#10657 = PRESENTATION_STYLE_ASSIGNMENT((#10658));
#10658 = SURFACE_STYLE_USAGE(.BOTH.,#10659);
#10659 = SURFACE_SIDE_STYLE('',(#10660));
#10660 = SURFACE_STYLE_FILL_AREA(#10661);
#10661 = FILL_AREA_STYLE('',(#10662));
#10662 = FILL_AREA_STYLE_COLOUR('',#10655);
#10663 = OVER_RIDING_STYLED_ITEM('overriding color',(#10664),#2704,
  #10460);
#10664 = PRESENTATION_STYLE_ASSIGNMENT((#10665));
#10665 = SURFACE_STYLE_USAGE(.BOTH.,#10666);
#10666 = SURFACE_SIDE_STYLE('',(#10667));
#10667 = SURFACE_STYLE_FILL_AREA(#10668);
#10668 = FILL_AREA_STYLE('',(#10669));
#10669 = FILL_AREA_STYLE_COLOUR('',#10655);
#10670 = OVER_RIDING_STYLED_ITEM('overriding color',(#10671),#2726,
  #10460);
#10671 = PRESENTATION_STYLE_ASSIGNMENT((#10672));
#10672 = SURFACE_STYLE_USAGE(.BOTH.,#10673);
#10673 = SURFACE_SIDE_STYLE('',(#10674));
#10674 = SURFACE_STYLE_FILL_AREA(#10675);
#10675 = FILL_AREA_STYLE('',(#10676));
#10676 = FILL_AREA_STYLE_COLOUR('',#10655);
#10677 = OVER_RIDING_STYLED_ITEM('overriding color',(#10678),#2748,
  #10460);
#10678 = PRESENTATION_STYLE_ASSIGNMENT((#10679));
#10679 = SURFACE_STYLE_USAGE(.BOTH.,#10680);
#10680 = SURFACE_SIDE_STYLE('',(#10681));
#10681 = SURFACE_STYLE_FILL_AREA(#10682);
#10682 = FILL_AREA_STYLE('',(#10683));
#10683 = FILL_AREA_STYLE_COLOUR('',#10655);
#10684 = OVER_RIDING_STYLED_ITEM('overriding color',(#10685),#2770,
  #10460);
#10685 = PRESENTATION_STYLE_ASSIGNMENT((#10686));
#10686 = SURFACE_STYLE_USAGE(.BOTH.,#10687);
#10687 = SURFACE_SIDE_STYLE('',(#10688));
#10688 = SURFACE_STYLE_FILL_AREA(#10689);
#10689 = FILL_AREA_STYLE('',(#10690));
#10690 = FILL_AREA_STYLE_COLOUR('',#10655);
#10691 = OVER_RIDING_STYLED_ITEM('overriding color',(#10692),#2792,
  #10460);
#10692 = PRESENTATION_STYLE_ASSIGNMENT((#10693));
#10693 = SURFACE_STYLE_USAGE(.BOTH.,#10694);
#10694 = SURFACE_SIDE_STYLE('',(#10695));
#10695 = SURFACE_STYLE_FILL_AREA(#10696);
#10696 = FILL_AREA_STYLE('',(#10697));
#10697 = FILL_AREA_STYLE_COLOUR('',#10655);
#10698 = OVER_RIDING_STYLED_ITEM('overriding color',(#10699),#2814,
  #10460);
#10699 = PRESENTATION_STYLE_ASSIGNMENT((#10700));
#10700 = SURFACE_STYLE_USAGE(.BOTH.,#10701);
#10701 = SURFACE_SIDE_STYLE('',(#10702));
#10702 = SURFACE_STYLE_FILL_AREA(#10703);
#10703 = FILL_AREA_STYLE('',(#10704));
#10704 = FILL_AREA_STYLE_COLOUR('',#10655);
#10705 = OVER_RIDING_STYLED_ITEM('overriding color',(#10706),#2830,
  #10460);
#10706 = PRESENTATION_STYLE_ASSIGNMENT((#10707));
#10707 = SURFACE_STYLE_USAGE(.BOTH.,#10708);
#10708 = SURFACE_SIDE_STYLE('',(#10709));
#10709 = SURFACE_STYLE_FILL_AREA(#10710);
#10710 = FILL_AREA_STYLE('',(#10711));
#10711 = FILL_AREA_STYLE_COLOUR('',#10655);
#10712 = OVER_RIDING_STYLED_ITEM('overriding color',(#10713),#2900,
  #10460);
#10713 = PRESENTATION_STYLE_ASSIGNMENT((#10714));
#10714 = SURFACE_STYLE_USAGE(.BOTH.,#10715);
#10715 = SURFACE_SIDE_STYLE('',(#10716));
#10716 = SURFACE_STYLE_FILL_AREA(#10717);
#10717 = FILL_AREA_STYLE('',(#10718));
#10718 = FILL_AREA_STYLE_COLOUR('',#10655);
#10719 = OVER_RIDING_STYLED_ITEM('overriding color',(#10720),#2928,
  #10460);
#10720 = PRESENTATION_STYLE_ASSIGNMENT((#10721));
#10721 = SURFACE_STYLE_USAGE(.BOTH.,#10722);
#10722 = SURFACE_SIDE_STYLE('',(#10723));
#10723 = SURFACE_STYLE_FILL_AREA(#10724);
#10724 = FILL_AREA_STYLE('',(#10725));
#10725 = FILL_AREA_STYLE_COLOUR('',#10655);
#10726 = OVER_RIDING_STYLED_ITEM('overriding color',(#10727),#2950,
  #10460);
#10727 = PRESENTATION_STYLE_ASSIGNMENT((#10728));
#10728 = SURFACE_STYLE_USAGE(.BOTH.,#10729);
#10729 = SURFACE_SIDE_STYLE('',(#10730));
#10730 = SURFACE_STYLE_FILL_AREA(#10731);
#10731 = FILL_AREA_STYLE('',(#10732));
#10732 = FILL_AREA_STYLE_COLOUR('',#10655);
#10733 = OVER_RIDING_STYLED_ITEM('overriding color',(#10734),#2987,
  #10460);
#10734 = PRESENTATION_STYLE_ASSIGNMENT((#10735));
#10735 = SURFACE_STYLE_USAGE(.BOTH.,#10736);
#10736 = SURFACE_SIDE_STYLE('',(#10737));
#10737 = SURFACE_STYLE_FILL_AREA(#10738);
#10738 = FILL_AREA_STYLE('',(#10739));
#10739 = FILL_AREA_STYLE_COLOUR('',#10655);
#10740 = OVER_RIDING_STYLED_ITEM('overriding color',(#10741),#3009,
  #10460);
#10741 = PRESENTATION_STYLE_ASSIGNMENT((#10742));
#10742 = SURFACE_STYLE_USAGE(.BOTH.,#10743);
#10743 = SURFACE_SIDE_STYLE('',(#10744));
#10744 = SURFACE_STYLE_FILL_AREA(#10745);
#10745 = FILL_AREA_STYLE('',(#10746));
#10746 = FILL_AREA_STYLE_COLOUR('',#10655);
#10747 = OVER_RIDING_STYLED_ITEM('overriding color',(#10748),#3046,
  #10460);
#10748 = PRESENTATION_STYLE_ASSIGNMENT((#10749));
#10749 = SURFACE_STYLE_USAGE(.BOTH.,#10750);
#10750 = SURFACE_SIDE_STYLE('',(#10751));
#10751 = SURFACE_STYLE_FILL_AREA(#10752);
#10752 = FILL_AREA_STYLE('',(#10753));
#10753 = FILL_AREA_STYLE_COLOUR('',#10655);
#10754 = OVER_RIDING_STYLED_ITEM('overriding color',(#10755),#3062,
  #10460);
#10755 = PRESENTATION_STYLE_ASSIGNMENT((#10756));
#10756 = SURFACE_STYLE_USAGE(.BOTH.,#10757);
#10757 = SURFACE_SIDE_STYLE('',(#10758));
#10758 = SURFACE_STYLE_FILL_AREA(#10759);
#10759 = FILL_AREA_STYLE('',(#10760));
#10760 = FILL_AREA_STYLE_COLOUR('',#10655);
#10761 = OVER_RIDING_STYLED_ITEM('overriding color',(#10762),#3090,
  #10460);
#10762 = PRESENTATION_STYLE_ASSIGNMENT((#10763));
#10763 = SURFACE_STYLE_USAGE(.BOTH.,#10764);
#10764 = SURFACE_SIDE_STYLE('',(#10765));
#10765 = SURFACE_STYLE_FILL_AREA(#10766);
#10766 = FILL_AREA_STYLE('',(#10767));
#10767 = FILL_AREA_STYLE_COLOUR('',#10655);
#10768 = OVER_RIDING_STYLED_ITEM('overriding color',(#10769),#3112,
  #10460);
#10769 = PRESENTATION_STYLE_ASSIGNMENT((#10770));
#10770 = SURFACE_STYLE_USAGE(.BOTH.,#10771);
#10771 = SURFACE_SIDE_STYLE('',(#10772));
#10772 = SURFACE_STYLE_FILL_AREA(#10773);
#10773 = FILL_AREA_STYLE('',(#10774));
#10774 = FILL_AREA_STYLE_COLOUR('',#10655);
#10775 = OVER_RIDING_STYLED_ITEM('overriding color',(#10776),#3134,
  #10460);
#10776 = PRESENTATION_STYLE_ASSIGNMENT((#10777));
#10777 = SURFACE_STYLE_USAGE(.BOTH.,#10778);
#10778 = SURFACE_SIDE_STYLE('',(#10779));
#10779 = SURFACE_STYLE_FILL_AREA(#10780);
#10780 = FILL_AREA_STYLE('',(#10781));
#10781 = FILL_AREA_STYLE_COLOUR('',#10655);
#10782 = OVER_RIDING_STYLED_ITEM('overriding color',(#10783),#3207,
  #10460);
#10783 = PRESENTATION_STYLE_ASSIGNMENT((#10784));
#10784 = SURFACE_STYLE_USAGE(.BOTH.,#10785);
#10785 = SURFACE_SIDE_STYLE('',(#10786));
#10786 = SURFACE_STYLE_FILL_AREA(#10787);
#10787 = FILL_AREA_STYLE('',(#10788));
#10788 = FILL_AREA_STYLE_COLOUR('',#10655);
#10789 = OVER_RIDING_STYLED_ITEM('overriding color',(#10790),#3274,
  #10460);
#10790 = PRESENTATION_STYLE_ASSIGNMENT((#10791));
#10791 = SURFACE_STYLE_USAGE(.BOTH.,#10792);
#10792 = SURFACE_SIDE_STYLE('',(#10793));
#10793 = SURFACE_STYLE_FILL_AREA(#10794);
#10794 = FILL_AREA_STYLE('',(#10795));
#10795 = FILL_AREA_STYLE_COLOUR('',#10655);
#10796 = OVER_RIDING_STYLED_ITEM('overriding color',(#10797),#3358,
  #10460);
#10797 = PRESENTATION_STYLE_ASSIGNMENT((#10798));
#10798 = SURFACE_STYLE_USAGE(.BOTH.,#10799);
#10799 = SURFACE_SIDE_STYLE('',(#10800));
#10800 = SURFACE_STYLE_FILL_AREA(#10801);
#10801 = FILL_AREA_STYLE('',(#10802));
#10802 = FILL_AREA_STYLE_COLOUR('',#10655);
#10803 = OVER_RIDING_STYLED_ITEM('overriding color',(#10804),#3386,
  #10460);
#10804 = PRESENTATION_STYLE_ASSIGNMENT((#10805));
#10805 = SURFACE_STYLE_USAGE(.BOTH.,#10806);
#10806 = SURFACE_SIDE_STYLE('',(#10807));
#10807 = SURFACE_STYLE_FILL_AREA(#10808);
#10808 = FILL_AREA_STYLE('',(#10809));
#10809 = FILL_AREA_STYLE_COLOUR('',#10655);
#10810 = OVER_RIDING_STYLED_ITEM('overriding color',(#10811),#3459,
  #10460);
#10811 = PRESENTATION_STYLE_ASSIGNMENT((#10812));
#10812 = SURFACE_STYLE_USAGE(.BOTH.,#10813);
#10813 = SURFACE_SIDE_STYLE('',(#10814));
#10814 = SURFACE_STYLE_FILL_AREA(#10815);
#10815 = FILL_AREA_STYLE('',(#10816));
#10816 = FILL_AREA_STYLE_COLOUR('',#10655);
#10817 = OVER_RIDING_STYLED_ITEM('overriding color',(#10818),#3532,
  #10460);
#10818 = PRESENTATION_STYLE_ASSIGNMENT((#10819));
#10819 = SURFACE_STYLE_USAGE(.BOTH.,#10820);
#10820 = SURFACE_SIDE_STYLE('',(#10821));
#10821 = SURFACE_STYLE_FILL_AREA(#10822);
#10822 = FILL_AREA_STYLE('',(#10823));
#10823 = FILL_AREA_STYLE_COLOUR('',#10655);
#10824 = OVER_RIDING_STYLED_ITEM('overriding color',(#10825),#3554,
  #10460);
#10825 = PRESENTATION_STYLE_ASSIGNMENT((#10826));
#10826 = SURFACE_STYLE_USAGE(.BOTH.,#10827);
#10827 = SURFACE_SIDE_STYLE('',(#10828));
#10828 = SURFACE_STYLE_FILL_AREA(#10829);
#10829 = FILL_AREA_STYLE('',(#10830));
#10830 = FILL_AREA_STYLE_COLOUR('',#10655);
#10831 = OVER_RIDING_STYLED_ITEM('overriding color',(#10832),#3570,
  #10460);
#10832 = PRESENTATION_STYLE_ASSIGNMENT((#10833));
#10833 = SURFACE_STYLE_USAGE(.BOTH.,#10834);
#10834 = SURFACE_SIDE_STYLE('',(#10835));
#10835 = SURFACE_STYLE_FILL_AREA(#10836);
#10836 = FILL_AREA_STYLE('',(#10837));
#10837 = FILL_AREA_STYLE_COLOUR('',#10655);
#10838 = OVER_RIDING_STYLED_ITEM('overriding color',(#10839),#3598,
  #10460);
#10839 = PRESENTATION_STYLE_ASSIGNMENT((#10840));
#10840 = SURFACE_STYLE_USAGE(.BOTH.,#10841);
#10841 = SURFACE_SIDE_STYLE('',(#10842));
#10842 = SURFACE_STYLE_FILL_AREA(#10843);
#10843 = FILL_AREA_STYLE('',(#10844));
#10844 = FILL_AREA_STYLE_COLOUR('',#10655);
#10845 = OVER_RIDING_STYLED_ITEM('overriding color',(#10846),#3620,
  #10460);
#10846 = PRESENTATION_STYLE_ASSIGNMENT((#10847));
#10847 = SURFACE_STYLE_USAGE(.BOTH.,#10848);
#10848 = SURFACE_SIDE_STYLE('',(#10849));
#10849 = SURFACE_STYLE_FILL_AREA(#10850);
#10850 = FILL_AREA_STYLE('',(#10851));
#10851 = FILL_AREA_STYLE_COLOUR('',#10655);
#10852 = OVER_RIDING_STYLED_ITEM('overriding color',(#10853),#3642,
  #10460);
#10853 = PRESENTATION_STYLE_ASSIGNMENT((#10854));
#10854 = SURFACE_STYLE_USAGE(.BOTH.,#10855);
#10855 = SURFACE_SIDE_STYLE('',(#10856));
#10856 = SURFACE_STYLE_FILL_AREA(#10857);
#10857 = FILL_AREA_STYLE('',(#10858));
#10858 = FILL_AREA_STYLE_COLOUR('',#10655);
#10859 = OVER_RIDING_STYLED_ITEM('overriding color',(#10860),#3664,
  #10460);
#10860 = PRESENTATION_STYLE_ASSIGNMENT((#10861));
#10861 = SURFACE_STYLE_USAGE(.BOTH.,#10862);
#10862 = SURFACE_SIDE_STYLE('',(#10863));
#10863 = SURFACE_STYLE_FILL_AREA(#10864);
#10864 = FILL_AREA_STYLE('',(#10865));
#10865 = FILL_AREA_STYLE_COLOUR('',#10655);
#10866 = OVER_RIDING_STYLED_ITEM('overriding color',(#10867),#3686,
  #10460);
#10867 = PRESENTATION_STYLE_ASSIGNMENT((#10868));
#10868 = SURFACE_STYLE_USAGE(.BOTH.,#10869);
#10869 = SURFACE_SIDE_STYLE('',(#10870));
#10870 = SURFACE_STYLE_FILL_AREA(#10871);
#10871 = FILL_AREA_STYLE('',(#10872));
#10872 = FILL_AREA_STYLE_COLOUR('',#10655);
#10873 = OVER_RIDING_STYLED_ITEM('overriding color',(#10874),#3708,
  #10460);
#10874 = PRESENTATION_STYLE_ASSIGNMENT((#10875));
#10875 = SURFACE_STYLE_USAGE(.BOTH.,#10876);
#10876 = SURFACE_SIDE_STYLE('',(#10877));
#10877 = SURFACE_STYLE_FILL_AREA(#10878);
#10878 = FILL_AREA_STYLE('',(#10879));
#10879 = FILL_AREA_STYLE_COLOUR('',#10655);
#10880 = OVER_RIDING_STYLED_ITEM('overriding color',(#10881),#3730,
  #10460);
#10881 = PRESENTATION_STYLE_ASSIGNMENT((#10882));
#10882 = SURFACE_STYLE_USAGE(.BOTH.,#10883);
#10883 = SURFACE_SIDE_STYLE('',(#10884));
#10884 = SURFACE_STYLE_FILL_AREA(#10885);
#10885 = FILL_AREA_STYLE('',(#10886));
#10886 = FILL_AREA_STYLE_COLOUR('',#10655);
#10887 = OVER_RIDING_STYLED_ITEM('overriding color',(#10888),#3752,
  #10460);
#10888 = PRESENTATION_STYLE_ASSIGNMENT((#10889));
#10889 = SURFACE_STYLE_USAGE(.BOTH.,#10890);
#10890 = SURFACE_SIDE_STYLE('',(#10891));
#10891 = SURFACE_STYLE_FILL_AREA(#10892);
#10892 = FILL_AREA_STYLE('',(#10893));
#10893 = FILL_AREA_STYLE_COLOUR('',#10655);
#10894 = OVER_RIDING_STYLED_ITEM('overriding color',(#10895),#3774,
  #10460);
#10895 = PRESENTATION_STYLE_ASSIGNMENT((#10896));
#10896 = SURFACE_STYLE_USAGE(.BOTH.,#10897);
#10897 = SURFACE_SIDE_STYLE('',(#10898));
#10898 = SURFACE_STYLE_FILL_AREA(#10899);
#10899 = FILL_AREA_STYLE('',(#10900));
#10900 = FILL_AREA_STYLE_COLOUR('',#10655);
#10901 = OVER_RIDING_STYLED_ITEM('overriding color',(#10902),#3796,
  #10460);
#10902 = PRESENTATION_STYLE_ASSIGNMENT((#10903));
#10903 = SURFACE_STYLE_USAGE(.BOTH.,#10904);
#10904 = SURFACE_SIDE_STYLE('',(#10905));
#10905 = SURFACE_STYLE_FILL_AREA(#10906);
#10906 = FILL_AREA_STYLE('',(#10907));
#10907 = FILL_AREA_STYLE_COLOUR('',#10655);
#10908 = OVER_RIDING_STYLED_ITEM('overriding color',(#10909),#3818,
  #10460);
#10909 = PRESENTATION_STYLE_ASSIGNMENT((#10910));
#10910 = SURFACE_STYLE_USAGE(.BOTH.,#10911);
#10911 = SURFACE_SIDE_STYLE('',(#10912));
#10912 = SURFACE_STYLE_FILL_AREA(#10913);
#10913 = FILL_AREA_STYLE('',(#10914));
#10914 = FILL_AREA_STYLE_COLOUR('',#10655);
#10915 = OVER_RIDING_STYLED_ITEM('overriding color',(#10916),#3834,
  #10460);
#10916 = PRESENTATION_STYLE_ASSIGNMENT((#10917));
#10917 = SURFACE_STYLE_USAGE(.BOTH.,#10918);
#10918 = SURFACE_SIDE_STYLE('',(#10919));
#10919 = SURFACE_STYLE_FILL_AREA(#10920);
#10920 = FILL_AREA_STYLE('',(#10921));
#10921 = FILL_AREA_STYLE_COLOUR('',#10655);
#10922 = OVER_RIDING_STYLED_ITEM('overriding color',(#10923),#3854,
  #10460);
#10923 = PRESENTATION_STYLE_ASSIGNMENT((#10924));
#10924 = SURFACE_STYLE_USAGE(.BOTH.,#10925);
#10925 = SURFACE_SIDE_STYLE('',(#10926));
#10926 = SURFACE_STYLE_FILL_AREA(#10927);
#10927 = FILL_AREA_STYLE('',(#10928));
#10928 = FILL_AREA_STYLE_COLOUR('',#10655);
#10929 = OVER_RIDING_STYLED_ITEM('overriding color',(#10930),#3882,
  #10460);
#10930 = PRESENTATION_STYLE_ASSIGNMENT((#10931));
#10931 = SURFACE_STYLE_USAGE(.BOTH.,#10932);
#10932 = SURFACE_SIDE_STYLE('',(#10933));
#10933 = SURFACE_STYLE_FILL_AREA(#10934);
#10934 = FILL_AREA_STYLE('',(#10935));
#10935 = FILL_AREA_STYLE_COLOUR('',#10655);
#10936 = OVER_RIDING_STYLED_ITEM('overriding color',(#10937),#3931,
  #10460);
#10937 = PRESENTATION_STYLE_ASSIGNMENT((#10938));
#10938 = SURFACE_STYLE_USAGE(.BOTH.,#10939);
#10939 = SURFACE_SIDE_STYLE('',(#10940));
#10940 = SURFACE_STYLE_FILL_AREA(#10941);
#10941 = FILL_AREA_STYLE('',(#10942));
#10942 = FILL_AREA_STYLE_COLOUR('',#10655);
#10943 = OVER_RIDING_STYLED_ITEM('overriding color',(#10944),#4004,
  #10460);
#10944 = PRESENTATION_STYLE_ASSIGNMENT((#10945));
#10945 = SURFACE_STYLE_USAGE(.BOTH.,#10946);
#10946 = SURFACE_SIDE_STYLE('',(#10947));
#10947 = SURFACE_STYLE_FILL_AREA(#10948);
#10948 = FILL_AREA_STYLE('',(#10949));
#10949 = FILL_AREA_STYLE_COLOUR('',#10655);
#10950 = OVER_RIDING_STYLED_ITEM('overriding color',(#10951),#4077,
  #10460);
#10951 = PRESENTATION_STYLE_ASSIGNMENT((#10952));
#10952 = SURFACE_STYLE_USAGE(.BOTH.,#10953);
#10953 = SURFACE_SIDE_STYLE('',(#10954));
#10954 = SURFACE_STYLE_FILL_AREA(#10955);
#10955 = FILL_AREA_STYLE('',(#10956));
#10956 = FILL_AREA_STYLE_COLOUR('',#10655);
#10957 = OVER_RIDING_STYLED_ITEM('overriding color',(#10958),#4126,
  #10460);
#10958 = PRESENTATION_STYLE_ASSIGNMENT((#10959));
#10959 = SURFACE_STYLE_USAGE(.BOTH.,#10960);
#10960 = SURFACE_SIDE_STYLE('',(#10961));
#10961 = SURFACE_STYLE_FILL_AREA(#10962);
#10962 = FILL_AREA_STYLE('',(#10963));
#10963 = FILL_AREA_STYLE_COLOUR('',#10655);
#10964 = OVER_RIDING_STYLED_ITEM('overriding color',(#10965),#4148,
  #10460);
#10965 = PRESENTATION_STYLE_ASSIGNMENT((#10966));
#10966 = SURFACE_STYLE_USAGE(.BOTH.,#10967);
#10967 = SURFACE_SIDE_STYLE('',(#10968));
#10968 = SURFACE_STYLE_FILL_AREA(#10969);
#10969 = FILL_AREA_STYLE('',(#10970));
#10970 = FILL_AREA_STYLE_COLOUR('',#10655);
#10971 = OVER_RIDING_STYLED_ITEM('overriding color',(#10972),#4197,
  #10460);
#10972 = PRESENTATION_STYLE_ASSIGNMENT((#10973));
#10973 = SURFACE_STYLE_USAGE(.BOTH.,#10974);
#10974 = SURFACE_SIDE_STYLE('',(#10975));
#10975 = SURFACE_STYLE_FILL_AREA(#10976);
#10976 = FILL_AREA_STYLE('',(#10977));
#10977 = FILL_AREA_STYLE_COLOUR('',#10655);
#10978 = OVER_RIDING_STYLED_ITEM('overriding color',(#10979),#4270,
  #10460);
#10979 = PRESENTATION_STYLE_ASSIGNMENT((#10980));
#10980 = SURFACE_STYLE_USAGE(.BOTH.,#10981);
#10981 = SURFACE_SIDE_STYLE('',(#10982));
#10982 = SURFACE_STYLE_FILL_AREA(#10983);
#10983 = FILL_AREA_STYLE('',(#10984));
#10984 = FILL_AREA_STYLE_COLOUR('',#10655);
#10985 = OVER_RIDING_STYLED_ITEM('overriding color',(#10986),#4343,
  #10460);
#10986 = PRESENTATION_STYLE_ASSIGNMENT((#10987));
#10987 = SURFACE_STYLE_USAGE(.BOTH.,#10988);
#10988 = SURFACE_SIDE_STYLE('',(#10989));
#10989 = SURFACE_STYLE_FILL_AREA(#10990);
#10990 = FILL_AREA_STYLE('',(#10991));
#10991 = FILL_AREA_STYLE_COLOUR('',#10655);
#10992 = OVER_RIDING_STYLED_ITEM('overriding color',(#10993),#4386,
  #10460);
#10993 = PRESENTATION_STYLE_ASSIGNMENT((#10994));
#10994 = SURFACE_STYLE_USAGE(.BOTH.,#10995);
#10995 = SURFACE_SIDE_STYLE('',(#10996));
#10996 = SURFACE_STYLE_FILL_AREA(#10997);
#10997 = FILL_AREA_STYLE('',(#10998));
#10998 = FILL_AREA_STYLE_COLOUR('',#10655);
#10999 = OVER_RIDING_STYLED_ITEM('overriding color',(#11000),#4404,
  #10460);
#11000 = PRESENTATION_STYLE_ASSIGNMENT((#11001));
#11001 = SURFACE_STYLE_USAGE(.BOTH.,#11002);
#11002 = SURFACE_SIDE_STYLE('',(#11003));
#11003 = SURFACE_STYLE_FILL_AREA(#11004);
#11004 = FILL_AREA_STYLE('',(#11005));
#11005 = FILL_AREA_STYLE_COLOUR('',#10655);
#11006 = OVER_RIDING_STYLED_ITEM('overriding color',(#11007),#4432,
  #10460);
#11007 = PRESENTATION_STYLE_ASSIGNMENT((#11008));
#11008 = SURFACE_STYLE_USAGE(.BOTH.,#11009);
#11009 = SURFACE_SIDE_STYLE('',(#11010));
#11010 = SURFACE_STYLE_FILL_AREA(#11011);
#11011 = FILL_AREA_STYLE('',(#11012));
#11012 = FILL_AREA_STYLE_COLOUR('',#10655);
#11013 = OVER_RIDING_STYLED_ITEM('overriding color',(#11014),#4454,
  #10460);
#11014 = PRESENTATION_STYLE_ASSIGNMENT((#11015));
#11015 = SURFACE_STYLE_USAGE(.BOTH.,#11016);
#11016 = SURFACE_SIDE_STYLE('',(#11017));
#11017 = SURFACE_STYLE_FILL_AREA(#11018);
#11018 = FILL_AREA_STYLE('',(#11019));
#11019 = FILL_AREA_STYLE_COLOUR('',#10655);
#11020 = OVER_RIDING_STYLED_ITEM('overriding color',(#11021),#4476,
  #10460);
#11021 = PRESENTATION_STYLE_ASSIGNMENT((#11022));
#11022 = SURFACE_STYLE_USAGE(.BOTH.,#11023);
#11023 = SURFACE_SIDE_STYLE('',(#11024));
#11024 = SURFACE_STYLE_FILL_AREA(#11025);
#11025 = FILL_AREA_STYLE('',(#11026));
#11026 = FILL_AREA_STYLE_COLOUR('',#10655);
#11027 = OVER_RIDING_STYLED_ITEM('overriding color',(#11028),#4498,
  #10460);
#11028 = PRESENTATION_STYLE_ASSIGNMENT((#11029));
#11029 = SURFACE_STYLE_USAGE(.BOTH.,#11030);
#11030 = SURFACE_SIDE_STYLE('',(#11031));
#11031 = SURFACE_STYLE_FILL_AREA(#11032);
#11032 = FILL_AREA_STYLE('',(#11033));
#11033 = FILL_AREA_STYLE_COLOUR('',#10655);
#11034 = OVER_RIDING_STYLED_ITEM('overriding color',(#11035),#4520,
  #10460);
#11035 = PRESENTATION_STYLE_ASSIGNMENT((#11036));
#11036 = SURFACE_STYLE_USAGE(.BOTH.,#11037);
#11037 = SURFACE_SIDE_STYLE('',(#11038));
#11038 = SURFACE_STYLE_FILL_AREA(#11039);
#11039 = FILL_AREA_STYLE('',(#11040));
#11040 = FILL_AREA_STYLE_COLOUR('',#10655);
#11041 = OVER_RIDING_STYLED_ITEM('overriding color',(#11042),#4536,
  #10460);
#11042 = PRESENTATION_STYLE_ASSIGNMENT((#11043));
#11043 = SURFACE_STYLE_USAGE(.BOTH.,#11044);
#11044 = SURFACE_SIDE_STYLE('',(#11045));
#11045 = SURFACE_STYLE_FILL_AREA(#11046);
#11046 = FILL_AREA_STYLE('',(#11047));
#11047 = FILL_AREA_STYLE_COLOUR('',#10655);
#11048 = OVER_RIDING_STYLED_ITEM('overriding color',(#11049),#4550,
  #10460);
#11049 = PRESENTATION_STYLE_ASSIGNMENT((#11050));
#11050 = SURFACE_STYLE_USAGE(.BOTH.,#11051);
#11051 = SURFACE_SIDE_STYLE('',(#11052));
#11052 = SURFACE_STYLE_FILL_AREA(#11053);
#11053 = FILL_AREA_STYLE('',(#11054));
#11054 = FILL_AREA_STYLE_COLOUR('',#10477);
#11055 = OVER_RIDING_STYLED_ITEM('overriding color',(#11056),#4564,
  #10460);
#11056 = PRESENTATION_STYLE_ASSIGNMENT((#11057));
#11057 = SURFACE_STYLE_USAGE(.BOTH.,#11058);
#11058 = SURFACE_SIDE_STYLE('',(#11059));
#11059 = SURFACE_STYLE_FILL_AREA(#11060);
#11060 = FILL_AREA_STYLE('',(#11061));
#11061 = FILL_AREA_STYLE_COLOUR('',#10477);
#11062 = OVER_RIDING_STYLED_ITEM('overriding color',(#11063),#4577,
  #10460);
#11063 = PRESENTATION_STYLE_ASSIGNMENT((#11064));
#11064 = SURFACE_STYLE_USAGE(.BOTH.,#11065);
#11065 = SURFACE_SIDE_STYLE('',(#11066));
#11066 = SURFACE_STYLE_FILL_AREA(#11067);
#11067 = FILL_AREA_STYLE('',(#11068));
#11068 = FILL_AREA_STYLE_COLOUR('',#10485);
#11069 = OVER_RIDING_STYLED_ITEM('overriding color',(#11070),#4602,
  #10460);
#11070 = PRESENTATION_STYLE_ASSIGNMENT((#11071));
#11071 = SURFACE_STYLE_USAGE(.BOTH.,#11072);
#11072 = SURFACE_SIDE_STYLE('',(#11073));
#11073 = SURFACE_STYLE_FILL_AREA(#11074);
#11074 = FILL_AREA_STYLE('',(#11075));
#11075 = FILL_AREA_STYLE_COLOUR('',#10485);
#11076 = OVER_RIDING_STYLED_ITEM('overriding color',(#11077),#4612,
  #10460);
#11077 = PRESENTATION_STYLE_ASSIGNMENT((#11078));
#11078 = SURFACE_STYLE_USAGE(.BOTH.,#11079);
#11079 = SURFACE_SIDE_STYLE('',(#11080));
#11080 = SURFACE_STYLE_FILL_AREA(#11081);
#11081 = FILL_AREA_STYLE('',(#11082));
#11082 = FILL_AREA_STYLE_COLOUR('',#10485);
#11083 = OVER_RIDING_STYLED_ITEM('overriding color',(#11084),#4637,
  #10460);
#11084 = PRESENTATION_STYLE_ASSIGNMENT((#11085));
#11085 = SURFACE_STYLE_USAGE(.BOTH.,#11086);
#11086 = SURFACE_SIDE_STYLE('',(#11087));
#11087 = SURFACE_STYLE_FILL_AREA(#11088);
#11088 = FILL_AREA_STYLE('',(#11089));
#11089 = FILL_AREA_STYLE_COLOUR('',#10485);
#11090 = OVER_RIDING_STYLED_ITEM('overriding color',(#11091),#4647,
  #10460);
#11091 = PRESENTATION_STYLE_ASSIGNMENT((#11092));
#11092 = SURFACE_STYLE_USAGE(.BOTH.,#11093);
#11093 = SURFACE_SIDE_STYLE('',(#11094));
#11094 = SURFACE_STYLE_FILL_AREA(#11095);
#11095 = FILL_AREA_STYLE('',(#11096));
#11096 = FILL_AREA_STYLE_COLOUR('',#10477);
#11097 = OVER_RIDING_STYLED_ITEM('overriding color',(#11098),#4670,
  #10460);
#11098 = PRESENTATION_STYLE_ASSIGNMENT((#11099));
#11099 = SURFACE_STYLE_USAGE(.BOTH.,#11100);
#11100 = SURFACE_SIDE_STYLE('',(#11101));
#11101 = SURFACE_STYLE_FILL_AREA(#11102);
#11102 = FILL_AREA_STYLE('',(#11103));
#11103 = FILL_AREA_STYLE_COLOUR('',#10467);
#11104 = OVER_RIDING_STYLED_ITEM('overriding color',(#11105),#4698,
  #10460);
#11105 = PRESENTATION_STYLE_ASSIGNMENT((#11106));
#11106 = SURFACE_STYLE_USAGE(.BOTH.,#11107);
#11107 = SURFACE_SIDE_STYLE('',(#11108));
#11108 = SURFACE_STYLE_FILL_AREA(#11109);
#11109 = FILL_AREA_STYLE('',(#11110));
#11110 = FILL_AREA_STYLE_COLOUR('',#10467);
#11111 = OVER_RIDING_STYLED_ITEM('overriding color',(#11112),#4720,
  #10460);
#11112 = PRESENTATION_STYLE_ASSIGNMENT((#11113));
#11113 = SURFACE_STYLE_USAGE(.BOTH.,#11114);
#11114 = SURFACE_SIDE_STYLE('',(#11115));
#11115 = SURFACE_STYLE_FILL_AREA(#11116);
#11116 = FILL_AREA_STYLE('',(#11117));
#11117 = FILL_AREA_STYLE_COLOUR('',#10467);
#11118 = OVER_RIDING_STYLED_ITEM('overriding color',(#11119),#4742,
  #10460);
#11119 = PRESENTATION_STYLE_ASSIGNMENT((#11120));
#11120 = SURFACE_STYLE_USAGE(.BOTH.,#11121);
#11121 = SURFACE_SIDE_STYLE('',(#11122));
#11122 = SURFACE_STYLE_FILL_AREA(#11123);
#11123 = FILL_AREA_STYLE('',(#11124));
#11124 = FILL_AREA_STYLE_COLOUR('',#10467);
#11125 = OVER_RIDING_STYLED_ITEM('overriding color',(#11126),#4764,
  #10460);
#11126 = PRESENTATION_STYLE_ASSIGNMENT((#11127));
#11127 = SURFACE_STYLE_USAGE(.BOTH.,#11128);
#11128 = SURFACE_SIDE_STYLE('',(#11129));
#11129 = SURFACE_STYLE_FILL_AREA(#11130);
#11130 = FILL_AREA_STYLE('',(#11131));
#11131 = FILL_AREA_STYLE_COLOUR('',#10467);
#11132 = OVER_RIDING_STYLED_ITEM('overriding color',(#11133),#4786,
  #10460);
#11133 = PRESENTATION_STYLE_ASSIGNMENT((#11134));
#11134 = SURFACE_STYLE_USAGE(.BOTH.,#11135);
#11135 = SURFACE_SIDE_STYLE('',(#11136));
#11136 = SURFACE_STYLE_FILL_AREA(#11137);
#11137 = FILL_AREA_STYLE('',(#11138));
#11138 = FILL_AREA_STYLE_COLOUR('',#10467);
#11139 = OVER_RIDING_STYLED_ITEM('overriding color',(#11140),#4802,
  #10460);
#11140 = PRESENTATION_STYLE_ASSIGNMENT((#11141));
#11141 = SURFACE_STYLE_USAGE(.BOTH.,#11142);
#11142 = SURFACE_SIDE_STYLE('',(#11143));
#11143 = SURFACE_STYLE_FILL_AREA(#11144);
#11144 = FILL_AREA_STYLE('',(#11145));
#11145 = FILL_AREA_STYLE_COLOUR('',#10467);
#11146 = OVER_RIDING_STYLED_ITEM('overriding color',(#11147),#4816,
  #10460);
#11147 = PRESENTATION_STYLE_ASSIGNMENT((#11148));
#11148 = SURFACE_STYLE_USAGE(.BOTH.,#11149);
#11149 = SURFACE_SIDE_STYLE('',(#11150));
#11150 = SURFACE_STYLE_FILL_AREA(#11151);
#11151 = FILL_AREA_STYLE('',(#11152));
#11152 = FILL_AREA_STYLE_COLOUR('',#10467);
#11153 = OVER_RIDING_STYLED_ITEM('overriding color',(#11154),#4850,
  #10460);
#11154 = PRESENTATION_STYLE_ASSIGNMENT((#11155));
#11155 = SURFACE_STYLE_USAGE(.BOTH.,#11156);
#11156 = SURFACE_SIDE_STYLE('',(#11157));
#11157 = SURFACE_STYLE_FILL_AREA(#11158);
#11158 = FILL_AREA_STYLE('',(#11159));
#11159 = FILL_AREA_STYLE_COLOUR('',#10467);
#11160 = OVER_RIDING_STYLED_ITEM('overriding color',(#11161),#4872,
  #10460);
#11161 = PRESENTATION_STYLE_ASSIGNMENT((#11162));
#11162 = SURFACE_STYLE_USAGE(.BOTH.,#11163);
#11163 = SURFACE_SIDE_STYLE('',(#11164));
#11164 = SURFACE_STYLE_FILL_AREA(#11165);
#11165 = FILL_AREA_STYLE('',(#11166));
#11166 = FILL_AREA_STYLE_COLOUR('',#10467);
#11167 = OVER_RIDING_STYLED_ITEM('overriding color',(#11168),#4900,
  #10460);
#11168 = PRESENTATION_STYLE_ASSIGNMENT((#11169));
#11169 = SURFACE_STYLE_USAGE(.BOTH.,#11170);
#11170 = SURFACE_SIDE_STYLE('',(#11171));
#11171 = SURFACE_STYLE_FILL_AREA(#11172);
#11172 = FILL_AREA_STYLE('',(#11173));
#11173 = FILL_AREA_STYLE_COLOUR('',#10467);
#11174 = OVER_RIDING_STYLED_ITEM('overriding color',(#11175),#4928,
  #10460);
#11175 = PRESENTATION_STYLE_ASSIGNMENT((#11176));
#11176 = SURFACE_STYLE_USAGE(.BOTH.,#11177);
#11177 = SURFACE_SIDE_STYLE('',(#11178));
#11178 = SURFACE_STYLE_FILL_AREA(#11179);
#11179 = FILL_AREA_STYLE('',(#11180));
#11180 = FILL_AREA_STYLE_COLOUR('',#10467);
#11181 = OVER_RIDING_STYLED_ITEM('overriding color',(#11182),#4956,
  #10460);
#11182 = PRESENTATION_STYLE_ASSIGNMENT((#11183));
#11183 = SURFACE_STYLE_USAGE(.BOTH.,#11184);
#11184 = SURFACE_SIDE_STYLE('',(#11185));
#11185 = SURFACE_STYLE_FILL_AREA(#11186);
#11186 = FILL_AREA_STYLE('',(#11187));
#11187 = FILL_AREA_STYLE_COLOUR('',#10467);
#11188 = OVER_RIDING_STYLED_ITEM('overriding color',(#11189),#4984,
  #10460);
#11189 = PRESENTATION_STYLE_ASSIGNMENT((#11190));
#11190 = SURFACE_STYLE_USAGE(.BOTH.,#11191);
#11191 = SURFACE_SIDE_STYLE('',(#11192));
#11192 = SURFACE_STYLE_FILL_AREA(#11193);
#11193 = FILL_AREA_STYLE('',(#11194));
#11194 = FILL_AREA_STYLE_COLOUR('',#10467);
#11195 = OVER_RIDING_STYLED_ITEM('overriding color',(#11196),#5012,
  #10460);
#11196 = PRESENTATION_STYLE_ASSIGNMENT((#11197));
#11197 = SURFACE_STYLE_USAGE(.BOTH.,#11198);
#11198 = SURFACE_SIDE_STYLE('',(#11199));
#11199 = SURFACE_STYLE_FILL_AREA(#11200);
#11200 = FILL_AREA_STYLE('',(#11201));
#11201 = FILL_AREA_STYLE_COLOUR('',#10467);
#11202 = OVER_RIDING_STYLED_ITEM('overriding color',(#11203),#5040,
  #10460);
#11203 = PRESENTATION_STYLE_ASSIGNMENT((#11204));
#11204 = SURFACE_STYLE_USAGE(.BOTH.,#11205);
#11205 = SURFACE_SIDE_STYLE('',(#11206));
#11206 = SURFACE_STYLE_FILL_AREA(#11207);
#11207 = FILL_AREA_STYLE('',(#11208));
#11208 = FILL_AREA_STYLE_COLOUR('',#10467);
#11209 = OVER_RIDING_STYLED_ITEM('overriding color',(#11210),#5062,
  #10460);
#11210 = PRESENTATION_STYLE_ASSIGNMENT((#11211));
#11211 = SURFACE_STYLE_USAGE(.BOTH.,#11212);
#11212 = SURFACE_SIDE_STYLE('',(#11213));
#11213 = SURFACE_STYLE_FILL_AREA(#11214);
#11214 = FILL_AREA_STYLE('',(#11215));
#11215 = FILL_AREA_STYLE_COLOUR('',#10467);
#11216 = OVER_RIDING_STYLED_ITEM('overriding color',(#11217),#5090,
  #10460);
#11217 = PRESENTATION_STYLE_ASSIGNMENT((#11218));
#11218 = SURFACE_STYLE_USAGE(.BOTH.,#11219);
#11219 = SURFACE_SIDE_STYLE('',(#11220));
#11220 = SURFACE_STYLE_FILL_AREA(#11221);
#11221 = FILL_AREA_STYLE('',(#11222));
#11222 = FILL_AREA_STYLE_COLOUR('',#10467);
#11223 = OVER_RIDING_STYLED_ITEM('overriding color',(#11224),#5118,
  #10460);
#11224 = PRESENTATION_STYLE_ASSIGNMENT((#11225));
#11225 = SURFACE_STYLE_USAGE(.BOTH.,#11226);
#11226 = SURFACE_SIDE_STYLE('',(#11227));
#11227 = SURFACE_STYLE_FILL_AREA(#11228);
#11228 = FILL_AREA_STYLE('',(#11229));
#11229 = FILL_AREA_STYLE_COLOUR('',#10467);
#11230 = OVER_RIDING_STYLED_ITEM('overriding color',(#11231),#5146,
  #10460);
#11231 = PRESENTATION_STYLE_ASSIGNMENT((#11232));
#11232 = SURFACE_STYLE_USAGE(.BOTH.,#11233);
#11233 = SURFACE_SIDE_STYLE('',(#11234));
#11234 = SURFACE_STYLE_FILL_AREA(#11235);
#11235 = FILL_AREA_STYLE('',(#11236));
#11236 = FILL_AREA_STYLE_COLOUR('',#10467);
#11237 = OVER_RIDING_STYLED_ITEM('overriding color',(#11238),#5174,
  #10460);
#11238 = PRESENTATION_STYLE_ASSIGNMENT((#11239));
#11239 = SURFACE_STYLE_USAGE(.BOTH.,#11240);
#11240 = SURFACE_SIDE_STYLE('',(#11241));
#11241 = SURFACE_STYLE_FILL_AREA(#11242);
#11242 = FILL_AREA_STYLE('',(#11243));
#11243 = FILL_AREA_STYLE_COLOUR('',#10467);
#11244 = OVER_RIDING_STYLED_ITEM('overriding color',(#11245),#5196,
  #10460);
#11245 = PRESENTATION_STYLE_ASSIGNMENT((#11246));
#11246 = SURFACE_STYLE_USAGE(.BOTH.,#11247);
#11247 = SURFACE_SIDE_STYLE('',(#11248));
#11248 = SURFACE_STYLE_FILL_AREA(#11249);
#11249 = FILL_AREA_STYLE('',(#11250));
#11250 = FILL_AREA_STYLE_COLOUR('',#10467);
#11251 = OVER_RIDING_STYLED_ITEM('overriding color',(#11252),#5218,
  #10460);
#11252 = PRESENTATION_STYLE_ASSIGNMENT((#11253));
#11253 = SURFACE_STYLE_USAGE(.BOTH.,#11254);
#11254 = SURFACE_SIDE_STYLE('',(#11255));
#11255 = SURFACE_STYLE_FILL_AREA(#11256);
#11256 = FILL_AREA_STYLE('',(#11257));
#11257 = FILL_AREA_STYLE_COLOUR('',#10467);
#11258 = OVER_RIDING_STYLED_ITEM('overriding color',(#11259),#5246,
  #10460);
#11259 = PRESENTATION_STYLE_ASSIGNMENT((#11260));
#11260 = SURFACE_STYLE_USAGE(.BOTH.,#11261);
#11261 = SURFACE_SIDE_STYLE('',(#11262));
#11262 = SURFACE_STYLE_FILL_AREA(#11263);
#11263 = FILL_AREA_STYLE('',(#11264));
#11264 = FILL_AREA_STYLE_COLOUR('',#10467);
#11265 = OVER_RIDING_STYLED_ITEM('overriding color',(#11266),#5268,
  #10460);
#11266 = PRESENTATION_STYLE_ASSIGNMENT((#11267));
#11267 = SURFACE_STYLE_USAGE(.BOTH.,#11268);
#11268 = SURFACE_SIDE_STYLE('',(#11269));
#11269 = SURFACE_STYLE_FILL_AREA(#11270);
#11270 = FILL_AREA_STYLE('',(#11271));
#11271 = FILL_AREA_STYLE_COLOUR('',#10467);
#11272 = OVER_RIDING_STYLED_ITEM('overriding color',(#11273),#5290,
  #10460);
#11273 = PRESENTATION_STYLE_ASSIGNMENT((#11274));
#11274 = SURFACE_STYLE_USAGE(.BOTH.,#11275);
#11275 = SURFACE_SIDE_STYLE('',(#11276));
#11276 = SURFACE_STYLE_FILL_AREA(#11277);
#11277 = FILL_AREA_STYLE('',(#11278));
#11278 = FILL_AREA_STYLE_COLOUR('',#10467);
#11279 = OVER_RIDING_STYLED_ITEM('overriding color',(#11280),#5312,
  #10460);
#11280 = PRESENTATION_STYLE_ASSIGNMENT((#11281));
#11281 = SURFACE_STYLE_USAGE(.BOTH.,#11282);
#11282 = SURFACE_SIDE_STYLE('',(#11283));
#11283 = SURFACE_STYLE_FILL_AREA(#11284);
#11284 = FILL_AREA_STYLE('',(#11285));
#11285 = FILL_AREA_STYLE_COLOUR('',#10467);
#11286 = OVER_RIDING_STYLED_ITEM('overriding color',(#11287),#5334,
  #10460);
#11287 = PRESENTATION_STYLE_ASSIGNMENT((#11288));
#11288 = SURFACE_STYLE_USAGE(.BOTH.,#11289);
#11289 = SURFACE_SIDE_STYLE('',(#11290));
#11290 = SURFACE_STYLE_FILL_AREA(#11291);
#11291 = FILL_AREA_STYLE('',(#11292));
#11292 = FILL_AREA_STYLE_COLOUR('',#10467);
#11293 = OVER_RIDING_STYLED_ITEM('overriding color',(#11294),#5356,
  #10460);
#11294 = PRESENTATION_STYLE_ASSIGNMENT((#11295));
#11295 = SURFACE_STYLE_USAGE(.BOTH.,#11296);
#11296 = SURFACE_SIDE_STYLE('',(#11297));
#11297 = SURFACE_STYLE_FILL_AREA(#11298);
#11298 = FILL_AREA_STYLE('',(#11299));
#11299 = FILL_AREA_STYLE_COLOUR('',#10467);
#11300 = OVER_RIDING_STYLED_ITEM('overriding color',(#11301),#5378,
  #10460);
#11301 = PRESENTATION_STYLE_ASSIGNMENT((#11302));
#11302 = SURFACE_STYLE_USAGE(.BOTH.,#11303);
#11303 = SURFACE_SIDE_STYLE('',(#11304));
#11304 = SURFACE_STYLE_FILL_AREA(#11305);
#11305 = FILL_AREA_STYLE('',(#11306));
#11306 = FILL_AREA_STYLE_COLOUR('',#10467);
#11307 = OVER_RIDING_STYLED_ITEM('overriding color',(#11308),#5400,
  #10460);
#11308 = PRESENTATION_STYLE_ASSIGNMENT((#11309));
#11309 = SURFACE_STYLE_USAGE(.BOTH.,#11310);
#11310 = SURFACE_SIDE_STYLE('',(#11311));
#11311 = SURFACE_STYLE_FILL_AREA(#11312);
#11312 = FILL_AREA_STYLE('',(#11313));
#11313 = FILL_AREA_STYLE_COLOUR('',#10467);
#11314 = OVER_RIDING_STYLED_ITEM('overriding color',(#11315),#5422,
  #10460);
#11315 = PRESENTATION_STYLE_ASSIGNMENT((#11316));
#11316 = SURFACE_STYLE_USAGE(.BOTH.,#11317);
#11317 = SURFACE_SIDE_STYLE('',(#11318));
#11318 = SURFACE_STYLE_FILL_AREA(#11319);
#11319 = FILL_AREA_STYLE('',(#11320));
#11320 = FILL_AREA_STYLE_COLOUR('',#10467);
#11321 = OVER_RIDING_STYLED_ITEM('overriding color',(#11322),#5444,
  #10460);
#11322 = PRESENTATION_STYLE_ASSIGNMENT((#11323));
#11323 = SURFACE_STYLE_USAGE(.BOTH.,#11324);
#11324 = SURFACE_SIDE_STYLE('',(#11325));
#11325 = SURFACE_STYLE_FILL_AREA(#11326);
#11326 = FILL_AREA_STYLE('',(#11327));
#11327 = FILL_AREA_STYLE_COLOUR('',#10467);
#11328 = OVER_RIDING_STYLED_ITEM('overriding color',(#11329),#5466,
  #10460);
#11329 = PRESENTATION_STYLE_ASSIGNMENT((#11330));
#11330 = SURFACE_STYLE_USAGE(.BOTH.,#11331);
#11331 = SURFACE_SIDE_STYLE('',(#11332));
#11332 = SURFACE_STYLE_FILL_AREA(#11333);
#11333 = FILL_AREA_STYLE('',(#11334));
#11334 = FILL_AREA_STYLE_COLOUR('',#10467);
#11335 = OVER_RIDING_STYLED_ITEM('overriding color',(#11336),#5482,
  #10460);
#11336 = PRESENTATION_STYLE_ASSIGNMENT((#11337));
#11337 = SURFACE_STYLE_USAGE(.BOTH.,#11338);
#11338 = SURFACE_SIDE_STYLE('',(#11339));
#11339 = SURFACE_STYLE_FILL_AREA(#11340);
#11340 = FILL_AREA_STYLE('',(#11341));
#11341 = FILL_AREA_STYLE_COLOUR('',#10467);
#11342 = OVER_RIDING_STYLED_ITEM('overriding color',(#11343),#5502,
  #10460);
#11343 = PRESENTATION_STYLE_ASSIGNMENT((#11344));
#11344 = SURFACE_STYLE_USAGE(.BOTH.,#11345);
#11345 = SURFACE_SIDE_STYLE('',(#11346));
#11346 = SURFACE_STYLE_FILL_AREA(#11347);
#11347 = FILL_AREA_STYLE('',(#11348));
#11348 = FILL_AREA_STYLE_COLOUR('',#10467);
#11349 = OVER_RIDING_STYLED_ITEM('overriding color',(#11350),#5626,
  #10460);
#11350 = PRESENTATION_STYLE_ASSIGNMENT((#11351));
#11351 = SURFACE_STYLE_USAGE(.BOTH.,#11352);
#11352 = SURFACE_SIDE_STYLE('',(#11353));
#11353 = SURFACE_STYLE_FILL_AREA(#11354);
#11354 = FILL_AREA_STYLE('',(#11355));
#11355 = FILL_AREA_STYLE_COLOUR('',#10467);
#11356 = OVER_RIDING_STYLED_ITEM('overriding color',(#11357),#5646,
  #10460);
#11357 = PRESENTATION_STYLE_ASSIGNMENT((#11358));
#11358 = SURFACE_STYLE_USAGE(.BOTH.,#11359);
#11359 = SURFACE_SIDE_STYLE('',(#11360));
#11360 = SURFACE_STYLE_FILL_AREA(#11361);
#11361 = FILL_AREA_STYLE('',(#11362));
#11362 = FILL_AREA_STYLE_COLOUR('',#10467);
#11363 = OVER_RIDING_STYLED_ITEM('overriding color',(#11364),#5666,
  #10460);
#11364 = PRESENTATION_STYLE_ASSIGNMENT((#11365));
#11365 = SURFACE_STYLE_USAGE(.BOTH.,#11366);
#11366 = SURFACE_SIDE_STYLE('',(#11367));
#11367 = SURFACE_STYLE_FILL_AREA(#11368);
#11368 = FILL_AREA_STYLE('',(#11369));
#11369 = FILL_AREA_STYLE_COLOUR('',#10467);
#11370 = OVER_RIDING_STYLED_ITEM('overriding color',(#11371),#5686,
  #10460);
#11371 = PRESENTATION_STYLE_ASSIGNMENT((#11372));
#11372 = SURFACE_STYLE_USAGE(.BOTH.,#11373);
#11373 = SURFACE_SIDE_STYLE('',(#11374));
#11374 = SURFACE_STYLE_FILL_AREA(#11375);
#11375 = FILL_AREA_STYLE('',(#11376));
#11376 = FILL_AREA_STYLE_COLOUR('',#10467);
#11377 = OVER_RIDING_STYLED_ITEM('overriding color',(#11378),#5706,
  #10460);
#11378 = PRESENTATION_STYLE_ASSIGNMENT((#11379));
#11379 = SURFACE_STYLE_USAGE(.BOTH.,#11380);
#11380 = SURFACE_SIDE_STYLE('',(#11381));
#11381 = SURFACE_STYLE_FILL_AREA(#11382);
#11382 = FILL_AREA_STYLE('',(#11383));
#11383 = FILL_AREA_STYLE_COLOUR('',#10467);
#11384 = OVER_RIDING_STYLED_ITEM('overriding color',(#11385),#5726,
  #10460);
#11385 = PRESENTATION_STYLE_ASSIGNMENT((#11386));
#11386 = SURFACE_STYLE_USAGE(.BOTH.,#11387);
#11387 = SURFACE_SIDE_STYLE('',(#11388));
#11388 = SURFACE_STYLE_FILL_AREA(#11389);
#11389 = FILL_AREA_STYLE('',(#11390));
#11390 = FILL_AREA_STYLE_COLOUR('',#10467);
#11391 = OVER_RIDING_STYLED_ITEM('overriding color',(#11392),#5742,
  #10460);
#11392 = PRESENTATION_STYLE_ASSIGNMENT((#11393));
#11393 = SURFACE_STYLE_USAGE(.BOTH.,#11394);
#11394 = SURFACE_SIDE_STYLE('',(#11395));
#11395 = SURFACE_STYLE_FILL_AREA(#11396);
#11396 = FILL_AREA_STYLE('',(#11397));
#11397 = FILL_AREA_STYLE_COLOUR('',#10467);
#11398 = OVER_RIDING_STYLED_ITEM('overriding color',(#11399),#5754,
  #10460);
#11399 = PRESENTATION_STYLE_ASSIGNMENT((#11400));
#11400 = SURFACE_STYLE_USAGE(.BOTH.,#11401);
#11401 = SURFACE_SIDE_STYLE('',(#11402));
#11402 = SURFACE_STYLE_FILL_AREA(#11403);
#11403 = FILL_AREA_STYLE('',(#11404));
#11404 = FILL_AREA_STYLE_COLOUR('',#10467);
#11405 = OVER_RIDING_STYLED_ITEM('overriding color',(#11406),#5782,
  #10460);
#11406 = PRESENTATION_STYLE_ASSIGNMENT((#11407));
#11407 = SURFACE_STYLE_USAGE(.BOTH.,#11408);
#11408 = SURFACE_SIDE_STYLE('',(#11409));
#11409 = SURFACE_STYLE_FILL_AREA(#11410);
#11410 = FILL_AREA_STYLE('',(#11411));
#11411 = FILL_AREA_STYLE_COLOUR('',#10467);
#11412 = OVER_RIDING_STYLED_ITEM('overriding color',(#11413),#5804,
  #10460);
#11413 = PRESENTATION_STYLE_ASSIGNMENT((#11414));
#11414 = SURFACE_STYLE_USAGE(.BOTH.,#11415);
#11415 = SURFACE_SIDE_STYLE('',(#11416));
#11416 = SURFACE_STYLE_FILL_AREA(#11417);
#11417 = FILL_AREA_STYLE('',(#11418));
#11418 = FILL_AREA_STYLE_COLOUR('',#10467);
#11419 = OVER_RIDING_STYLED_ITEM('overriding color',(#11420),#5826,
  #10460);
#11420 = PRESENTATION_STYLE_ASSIGNMENT((#11421));
#11421 = SURFACE_STYLE_USAGE(.BOTH.,#11422);
#11422 = SURFACE_SIDE_STYLE('',(#11423));
#11423 = SURFACE_STYLE_FILL_AREA(#11424);
#11424 = FILL_AREA_STYLE('',(#11425));
#11425 = FILL_AREA_STYLE_COLOUR('',#10467);
#11426 = OVER_RIDING_STYLED_ITEM('overriding color',(#11427),#5854,
  #10460);
#11427 = PRESENTATION_STYLE_ASSIGNMENT((#11428));
#11428 = SURFACE_STYLE_USAGE(.BOTH.,#11429);
#11429 = SURFACE_SIDE_STYLE('',(#11430));
#11430 = SURFACE_STYLE_FILL_AREA(#11431);
#11431 = FILL_AREA_STYLE('',(#11432));
#11432 = FILL_AREA_STYLE_COLOUR('',#10467);
#11433 = OVER_RIDING_STYLED_ITEM('overriding color',(#11434),#5882,
  #10460);
#11434 = PRESENTATION_STYLE_ASSIGNMENT((#11435));
#11435 = SURFACE_STYLE_USAGE(.BOTH.,#11436);
#11436 = SURFACE_SIDE_STYLE('',(#11437));
#11437 = SURFACE_STYLE_FILL_AREA(#11438);
#11438 = FILL_AREA_STYLE('',(#11439));
#11439 = FILL_AREA_STYLE_COLOUR('',#10467);
#11440 = OVER_RIDING_STYLED_ITEM('overriding color',(#11441),#5910,
  #10460);
#11441 = PRESENTATION_STYLE_ASSIGNMENT((#11442));
#11442 = SURFACE_STYLE_USAGE(.BOTH.,#11443);
#11443 = SURFACE_SIDE_STYLE('',(#11444));
#11444 = SURFACE_STYLE_FILL_AREA(#11445);
#11445 = FILL_AREA_STYLE('',(#11446));
#11446 = FILL_AREA_STYLE_COLOUR('',#10467);
#11447 = OVER_RIDING_STYLED_ITEM('overriding color',(#11448),#5932,
  #10460);
#11448 = PRESENTATION_STYLE_ASSIGNMENT((#11449));
#11449 = SURFACE_STYLE_USAGE(.BOTH.,#11450);
#11450 = SURFACE_SIDE_STYLE('',(#11451));
#11451 = SURFACE_STYLE_FILL_AREA(#11452);
#11452 = FILL_AREA_STYLE('',(#11453));
#11453 = FILL_AREA_STYLE_COLOUR('',#10477);
#11454 = OVER_RIDING_STYLED_ITEM('overriding color',(#11455),#5947,
  #10460);
#11455 = PRESENTATION_STYLE_ASSIGNMENT((#11456));
#11456 = SURFACE_STYLE_USAGE(.BOTH.,#11457);
#11457 = SURFACE_SIDE_STYLE('',(#11458));
#11458 = SURFACE_STYLE_FILL_AREA(#11459);
#11459 = FILL_AREA_STYLE('',(#11460));
#11460 = FILL_AREA_STYLE_COLOUR('',#10467);
#11461 = OVER_RIDING_STYLED_ITEM('overriding color',(#11462),#6059,
  #10460);
#11462 = PRESENTATION_STYLE_ASSIGNMENT((#11463));
#11463 = SURFACE_STYLE_USAGE(.BOTH.,#11464);
#11464 = SURFACE_SIDE_STYLE('',(#11465));
#11465 = SURFACE_STYLE_FILL_AREA(#11466);
#11466 = FILL_AREA_STYLE('',(#11467));
#11467 = FILL_AREA_STYLE_COLOUR('',#10467);
#11468 = OVER_RIDING_STYLED_ITEM('overriding color',(#11469),#6079,
  #10460);
#11469 = PRESENTATION_STYLE_ASSIGNMENT((#11470));
#11470 = SURFACE_STYLE_USAGE(.BOTH.,#11471);
#11471 = SURFACE_SIDE_STYLE('',(#11472));
#11472 = SURFACE_STYLE_FILL_AREA(#11473);
#11473 = FILL_AREA_STYLE('',(#11474));
#11474 = FILL_AREA_STYLE_COLOUR('',#10467);
#11475 = OVER_RIDING_STYLED_ITEM('overriding color',(#11476),#6095,
  #10460);
#11476 = PRESENTATION_STYLE_ASSIGNMENT((#11477));
#11477 = SURFACE_STYLE_USAGE(.BOTH.,#11478);
#11478 = SURFACE_SIDE_STYLE('',(#11479));
#11479 = SURFACE_STYLE_FILL_AREA(#11480);
#11480 = FILL_AREA_STYLE('',(#11481));
#11481 = FILL_AREA_STYLE_COLOUR('',#10467);
#11482 = OVER_RIDING_STYLED_ITEM('overriding color',(#11483),#6111,
  #10460);
#11483 = PRESENTATION_STYLE_ASSIGNMENT((#11484));
#11484 = SURFACE_STYLE_USAGE(.BOTH.,#11485);
#11485 = SURFACE_SIDE_STYLE('',(#11486));
#11486 = SURFACE_STYLE_FILL_AREA(#11487);
#11487 = FILL_AREA_STYLE('',(#11488));
#11488 = FILL_AREA_STYLE_COLOUR('',#10467);
#11489 = OVER_RIDING_STYLED_ITEM('overriding color',(#11490),#6127,
  #10460);
#11490 = PRESENTATION_STYLE_ASSIGNMENT((#11491));
#11491 = SURFACE_STYLE_USAGE(.BOTH.,#11492);
#11492 = SURFACE_SIDE_STYLE('',(#11493));
#11493 = SURFACE_STYLE_FILL_AREA(#11494);
#11494 = FILL_AREA_STYLE('',(#11495));
#11495 = FILL_AREA_STYLE_COLOUR('',#10467);
#11496 = OVER_RIDING_STYLED_ITEM('overriding color',(#11497),#6143,
  #10460);
#11497 = PRESENTATION_STYLE_ASSIGNMENT((#11498));
#11498 = SURFACE_STYLE_USAGE(.BOTH.,#11499);
#11499 = SURFACE_SIDE_STYLE('',(#11500));
#11500 = SURFACE_STYLE_FILL_AREA(#11501);
#11501 = FILL_AREA_STYLE('',(#11502));
#11502 = FILL_AREA_STYLE_COLOUR('',#10467);
#11503 = OVER_RIDING_STYLED_ITEM('overriding color',(#11504),#6159,
  #10460);
#11504 = PRESENTATION_STYLE_ASSIGNMENT((#11505));
#11505 = SURFACE_STYLE_USAGE(.BOTH.,#11506);
#11506 = SURFACE_SIDE_STYLE('',(#11507));
#11507 = SURFACE_STYLE_FILL_AREA(#11508);
#11508 = FILL_AREA_STYLE('',(#11509));
#11509 = FILL_AREA_STYLE_COLOUR('',#10467);
#11510 = OVER_RIDING_STYLED_ITEM('overriding color',(#11511),#6175,
  #10460);
#11511 = PRESENTATION_STYLE_ASSIGNMENT((#11512));
#11512 = SURFACE_STYLE_USAGE(.BOTH.,#11513);
#11513 = SURFACE_SIDE_STYLE('',(#11514));
#11514 = SURFACE_STYLE_FILL_AREA(#11515);
#11515 = FILL_AREA_STYLE('',(#11516));
#11516 = FILL_AREA_STYLE_COLOUR('',#10467);
#11517 = OVER_RIDING_STYLED_ITEM('overriding color',(#11518),#6187,
  #10460);
#11518 = PRESENTATION_STYLE_ASSIGNMENT((#11519));
#11519 = SURFACE_STYLE_USAGE(.BOTH.,#11520);
#11520 = SURFACE_SIDE_STYLE('',(#11521));
#11521 = SURFACE_STYLE_FILL_AREA(#11522);
#11522 = FILL_AREA_STYLE('',(#11523));
#11523 = FILL_AREA_STYLE_COLOUR('',#10467);
#11524 = OVER_RIDING_STYLED_ITEM('overriding color',(#11525),#6215,
  #10460);
#11525 = PRESENTATION_STYLE_ASSIGNMENT((#11526));
#11526 = SURFACE_STYLE_USAGE(.BOTH.,#11527);
#11527 = SURFACE_SIDE_STYLE('',(#11528));
#11528 = SURFACE_STYLE_FILL_AREA(#11529);
#11529 = FILL_AREA_STYLE('',(#11530));
#11530 = FILL_AREA_STYLE_COLOUR('',#10467);
#11531 = OVER_RIDING_STYLED_ITEM('overriding color',(#11532),#6237,
  #10460);
#11532 = PRESENTATION_STYLE_ASSIGNMENT((#11533));
#11533 = SURFACE_STYLE_USAGE(.BOTH.,#11534);
#11534 = SURFACE_SIDE_STYLE('',(#11535));
#11535 = SURFACE_STYLE_FILL_AREA(#11536);
#11536 = FILL_AREA_STYLE('',(#11537));
#11537 = FILL_AREA_STYLE_COLOUR('',#10467);
#11538 = OVER_RIDING_STYLED_ITEM('overriding color',(#11539),#6265,
  #10460);
#11539 = PRESENTATION_STYLE_ASSIGNMENT((#11540));
#11540 = SURFACE_STYLE_USAGE(.BOTH.,#11541);
#11541 = SURFACE_SIDE_STYLE('',(#11542));
#11542 = SURFACE_STYLE_FILL_AREA(#11543);
#11543 = FILL_AREA_STYLE('',(#11544));
#11544 = FILL_AREA_STYLE_COLOUR('',#10467);
#11545 = OVER_RIDING_STYLED_ITEM('overriding color',(#11546),#6287,
  #10460);
#11546 = PRESENTATION_STYLE_ASSIGNMENT((#11547));
#11547 = SURFACE_STYLE_USAGE(.BOTH.,#11548);
#11548 = SURFACE_SIDE_STYLE('',(#11549));
#11549 = SURFACE_STYLE_FILL_AREA(#11550);
#11550 = FILL_AREA_STYLE('',(#11551));
#11551 = FILL_AREA_STYLE_COLOUR('',#10467);
#11552 = OVER_RIDING_STYLED_ITEM('overriding color',(#11553),#6315,
  #10460);
#11553 = PRESENTATION_STYLE_ASSIGNMENT((#11554));
#11554 = SURFACE_STYLE_USAGE(.BOTH.,#11555);
#11555 = SURFACE_SIDE_STYLE('',(#11556));
#11556 = SURFACE_STYLE_FILL_AREA(#11557);
#11557 = FILL_AREA_STYLE('',(#11558));
#11558 = FILL_AREA_STYLE_COLOUR('',#10467);
#11559 = OVER_RIDING_STYLED_ITEM('overriding color',(#11560),#6331,
  #10460);
#11560 = PRESENTATION_STYLE_ASSIGNMENT((#11561));
#11561 = SURFACE_STYLE_USAGE(.BOTH.,#11562);
#11562 = SURFACE_SIDE_STYLE('',(#11563));
#11563 = SURFACE_STYLE_FILL_AREA(#11564);
#11564 = FILL_AREA_STYLE('',(#11565));
#11565 = FILL_AREA_STYLE_COLOUR('',#10477);
#11566 = OVER_RIDING_STYLED_ITEM('overriding color',(#11567),#6345,
  #10460);
#11567 = PRESENTATION_STYLE_ASSIGNMENT((#11568));
#11568 = SURFACE_STYLE_USAGE(.BOTH.,#11569);
#11569 = SURFACE_SIDE_STYLE('',(#11570));
#11570 = SURFACE_STYLE_FILL_AREA(#11571);
#11571 = FILL_AREA_STYLE('',(#11572));
#11572 = FILL_AREA_STYLE_COLOUR('',#10467);
#11573 = OVER_RIDING_STYLED_ITEM('overriding color',(#11574),#6373,
  #10460);
#11574 = PRESENTATION_STYLE_ASSIGNMENT((#11575));
#11575 = SURFACE_STYLE_USAGE(.BOTH.,#11576);
#11576 = SURFACE_SIDE_STYLE('',(#11577));
#11577 = SURFACE_STYLE_FILL_AREA(#11578);
#11578 = FILL_AREA_STYLE('',(#11579));
#11579 = FILL_AREA_STYLE_COLOUR('',#10467);
#11580 = OVER_RIDING_STYLED_ITEM('overriding color',(#11581),#6395,
  #10460);
#11581 = PRESENTATION_STYLE_ASSIGNMENT((#11582));
#11582 = SURFACE_STYLE_USAGE(.BOTH.,#11583);
#11583 = SURFACE_SIDE_STYLE('',(#11584));
#11584 = SURFACE_STYLE_FILL_AREA(#11585);
#11585 = FILL_AREA_STYLE('',(#11586));
#11586 = FILL_AREA_STYLE_COLOUR('',#10467);
#11587 = OVER_RIDING_STYLED_ITEM('overriding color',(#11588),#6417,
  #10460);
#11588 = PRESENTATION_STYLE_ASSIGNMENT((#11589));
#11589 = SURFACE_STYLE_USAGE(.BOTH.,#11590);
#11590 = SURFACE_SIDE_STYLE('',(#11591));
#11591 = SURFACE_STYLE_FILL_AREA(#11592);
#11592 = FILL_AREA_STYLE('',(#11593));
#11593 = FILL_AREA_STYLE_COLOUR('',#10467);
#11594 = OVER_RIDING_STYLED_ITEM('overriding color',(#11595),#6439,
  #10460);
#11595 = PRESENTATION_STYLE_ASSIGNMENT((#11596));
#11596 = SURFACE_STYLE_USAGE(.BOTH.,#11597);
#11597 = SURFACE_SIDE_STYLE('',(#11598));
#11598 = SURFACE_STYLE_FILL_AREA(#11599);
#11599 = FILL_AREA_STYLE('',(#11600));
#11600 = FILL_AREA_STYLE_COLOUR('',#10467);
#11601 = OVER_RIDING_STYLED_ITEM('overriding color',(#11602),#6461,
  #10460);
#11602 = PRESENTATION_STYLE_ASSIGNMENT((#11603));
#11603 = SURFACE_STYLE_USAGE(.BOTH.,#11604);
#11604 = SURFACE_SIDE_STYLE('',(#11605));
#11605 = SURFACE_STYLE_FILL_AREA(#11606);
#11606 = FILL_AREA_STYLE('',(#11607));
#11607 = FILL_AREA_STYLE_COLOUR('',#10467);
#11608 = OVER_RIDING_STYLED_ITEM('overriding color',(#11609),#6483,
  #10460);
#11609 = PRESENTATION_STYLE_ASSIGNMENT((#11610));
#11610 = SURFACE_STYLE_USAGE(.BOTH.,#11611);
#11611 = SURFACE_SIDE_STYLE('',(#11612));
#11612 = SURFACE_STYLE_FILL_AREA(#11613);
#11613 = FILL_AREA_STYLE('',(#11614));
#11614 = FILL_AREA_STYLE_COLOUR('',#10467);
#11615 = OVER_RIDING_STYLED_ITEM('overriding color',(#11616),#6505,
  #10460);
#11616 = PRESENTATION_STYLE_ASSIGNMENT((#11617));
#11617 = SURFACE_STYLE_USAGE(.BOTH.,#11618);
#11618 = SURFACE_SIDE_STYLE('',(#11619));
#11619 = SURFACE_STYLE_FILL_AREA(#11620);
#11620 = FILL_AREA_STYLE('',(#11621));
#11621 = FILL_AREA_STYLE_COLOUR('',#10467);
#11622 = OVER_RIDING_STYLED_ITEM('overriding color',(#11623),#6527,
  #10460);
#11623 = PRESENTATION_STYLE_ASSIGNMENT((#11624));
#11624 = SURFACE_STYLE_USAGE(.BOTH.,#11625);
#11625 = SURFACE_SIDE_STYLE('',(#11626));
#11626 = SURFACE_STYLE_FILL_AREA(#11627);
#11627 = FILL_AREA_STYLE('',(#11628));
#11628 = FILL_AREA_STYLE_COLOUR('',#10467);
#11629 = OVER_RIDING_STYLED_ITEM('overriding color',(#11630),#6549,
  #10460);
#11630 = PRESENTATION_STYLE_ASSIGNMENT((#11631));
#11631 = SURFACE_STYLE_USAGE(.BOTH.,#11632);
#11632 = SURFACE_SIDE_STYLE('',(#11633));
#11633 = SURFACE_STYLE_FILL_AREA(#11634);
#11634 = FILL_AREA_STYLE('',(#11635));
#11635 = FILL_AREA_STYLE_COLOUR('',#10467);
#11636 = OVER_RIDING_STYLED_ITEM('overriding color',(#11637),#6571,
  #10460);
#11637 = PRESENTATION_STYLE_ASSIGNMENT((#11638));
#11638 = SURFACE_STYLE_USAGE(.BOTH.,#11639);
#11639 = SURFACE_SIDE_STYLE('',(#11640));
#11640 = SURFACE_STYLE_FILL_AREA(#11641);
#11641 = FILL_AREA_STYLE('',(#11642));
#11642 = FILL_AREA_STYLE_COLOUR('',#10467);
#11643 = OVER_RIDING_STYLED_ITEM('overriding color',(#11644),#6593,
  #10460);
#11644 = PRESENTATION_STYLE_ASSIGNMENT((#11645));
#11645 = SURFACE_STYLE_USAGE(.BOTH.,#11646);
#11646 = SURFACE_SIDE_STYLE('',(#11647));
#11647 = SURFACE_STYLE_FILL_AREA(#11648);
#11648 = FILL_AREA_STYLE('',(#11649));
#11649 = FILL_AREA_STYLE_COLOUR('',#10467);
#11650 = OVER_RIDING_STYLED_ITEM('overriding color',(#11651),#6609,
  #10460);
#11651 = PRESENTATION_STYLE_ASSIGNMENT((#11652));
#11652 = SURFACE_STYLE_USAGE(.BOTH.,#11653);
#11653 = SURFACE_SIDE_STYLE('',(#11654));
#11654 = SURFACE_STYLE_FILL_AREA(#11655);
#11655 = FILL_AREA_STYLE('',(#11656));
#11656 = FILL_AREA_STYLE_COLOUR('',#10467);
#11657 = OVER_RIDING_STYLED_ITEM('overriding color',(#11658),#6629,
  #10460);
#11658 = PRESENTATION_STYLE_ASSIGNMENT((#11659));
#11659 = SURFACE_STYLE_USAGE(.BOTH.,#11660);
#11660 = SURFACE_SIDE_STYLE('',(#11661));
#11661 = SURFACE_STYLE_FILL_AREA(#11662);
#11662 = FILL_AREA_STYLE('',(#11663));
#11663 = FILL_AREA_STYLE_COLOUR('',#10467);
#11664 = OVER_RIDING_STYLED_ITEM('overriding color',(#11665),#6821,
  #10460);
#11665 = PRESENTATION_STYLE_ASSIGNMENT((#11666));
#11666 = SURFACE_STYLE_USAGE(.BOTH.,#11667);
#11667 = SURFACE_SIDE_STYLE('',(#11668));
#11668 = SURFACE_STYLE_FILL_AREA(#11669);
#11669 = FILL_AREA_STYLE('',(#11670));
#11670 = FILL_AREA_STYLE_COLOUR('',#10467);
#11671 = OVER_RIDING_STYLED_ITEM('overriding color',(#11672),#6845,
  #10460);
#11672 = PRESENTATION_STYLE_ASSIGNMENT((#11673));
#11673 = SURFACE_STYLE_USAGE(.BOTH.,#11674);
#11674 = SURFACE_SIDE_STYLE('',(#11675));
#11675 = SURFACE_STYLE_FILL_AREA(#11676);
#11676 = FILL_AREA_STYLE('',(#11677));
#11677 = FILL_AREA_STYLE_COLOUR('',#10467);
#11678 = OVER_RIDING_STYLED_ITEM('overriding color',(#11679),#6861,
  #10460);
#11679 = PRESENTATION_STYLE_ASSIGNMENT((#11680));
#11680 = SURFACE_STYLE_USAGE(.BOTH.,#11681);
#11681 = SURFACE_SIDE_STYLE('',(#11682));
#11682 = SURFACE_STYLE_FILL_AREA(#11683);
#11683 = FILL_AREA_STYLE('',(#11684));
#11684 = FILL_AREA_STYLE_COLOUR('',#10467);
#11685 = OVER_RIDING_STYLED_ITEM('overriding color',(#11686),#6881,
  #10460);
#11686 = PRESENTATION_STYLE_ASSIGNMENT((#11687));
#11687 = SURFACE_STYLE_USAGE(.BOTH.,#11688);
#11688 = SURFACE_SIDE_STYLE('',(#11689));
#11689 = SURFACE_STYLE_FILL_AREA(#11690);
#11690 = FILL_AREA_STYLE('',(#11691));
#11691 = FILL_AREA_STYLE_COLOUR('',#10467);
#11692 = OVER_RIDING_STYLED_ITEM('overriding color',(#11693),#6901,
  #10460);
#11693 = PRESENTATION_STYLE_ASSIGNMENT((#11694));
#11694 = SURFACE_STYLE_USAGE(.BOTH.,#11695);
#11695 = SURFACE_SIDE_STYLE('',(#11696));
#11696 = SURFACE_STYLE_FILL_AREA(#11697);
#11697 = FILL_AREA_STYLE('',(#11698));
#11698 = FILL_AREA_STYLE_COLOUR('',#10467);
#11699 = OVER_RIDING_STYLED_ITEM('overriding color',(#11700),#6917,
  #10460);
#11700 = PRESENTATION_STYLE_ASSIGNMENT((#11701));
#11701 = SURFACE_STYLE_USAGE(.BOTH.,#11702);
#11702 = SURFACE_SIDE_STYLE('',(#11703));
#11703 = SURFACE_STYLE_FILL_AREA(#11704);
#11704 = FILL_AREA_STYLE('',(#11705));
#11705 = FILL_AREA_STYLE_COLOUR('',#10467);
#11706 = OVER_RIDING_STYLED_ITEM('overriding color',(#11707),#6937,
  #10460);
#11707 = PRESENTATION_STYLE_ASSIGNMENT((#11708));
#11708 = SURFACE_STYLE_USAGE(.BOTH.,#11709);
#11709 = SURFACE_SIDE_STYLE('',(#11710));
#11710 = SURFACE_STYLE_FILL_AREA(#11711);
#11711 = FILL_AREA_STYLE('',(#11712));
#11712 = FILL_AREA_STYLE_COLOUR('',#10467);
#11713 = OVER_RIDING_STYLED_ITEM('overriding color',(#11714),#6957,
  #10460);
#11714 = PRESENTATION_STYLE_ASSIGNMENT((#11715));
#11715 = SURFACE_STYLE_USAGE(.BOTH.,#11716);
#11716 = SURFACE_SIDE_STYLE('',(#11717));
#11717 = SURFACE_STYLE_FILL_AREA(#11718);
#11718 = FILL_AREA_STYLE('',(#11719));
#11719 = FILL_AREA_STYLE_COLOUR('',#10467);
#11720 = OVER_RIDING_STYLED_ITEM('overriding color',(#11721),#6977,
  #10460);
#11721 = PRESENTATION_STYLE_ASSIGNMENT((#11722));
#11722 = SURFACE_STYLE_USAGE(.BOTH.,#11723);
#11723 = SURFACE_SIDE_STYLE('',(#11724));
#11724 = SURFACE_STYLE_FILL_AREA(#11725);
#11725 = FILL_AREA_STYLE('',(#11726));
#11726 = FILL_AREA_STYLE_COLOUR('',#10467);
#11727 = OVER_RIDING_STYLED_ITEM('overriding color',(#11728),#6997,
  #10460);
#11728 = PRESENTATION_STYLE_ASSIGNMENT((#11729));
#11729 = SURFACE_STYLE_USAGE(.BOTH.,#11730);
#11730 = SURFACE_SIDE_STYLE('',(#11731));
#11731 = SURFACE_STYLE_FILL_AREA(#11732);
#11732 = FILL_AREA_STYLE('',(#11733));
#11733 = FILL_AREA_STYLE_COLOUR('',#10467);
#11734 = OVER_RIDING_STYLED_ITEM('overriding color',(#11735),#7013,
  #10460);
#11735 = PRESENTATION_STYLE_ASSIGNMENT((#11736));
#11736 = SURFACE_STYLE_USAGE(.BOTH.,#11737);
#11737 = SURFACE_SIDE_STYLE('',(#11738));
#11738 = SURFACE_STYLE_FILL_AREA(#11739);
#11739 = FILL_AREA_STYLE('',(#11740));
#11740 = FILL_AREA_STYLE_COLOUR('',#10467);
#11741 = OVER_RIDING_STYLED_ITEM('overriding color',(#11742),#7029,
  #10460);
#11742 = PRESENTATION_STYLE_ASSIGNMENT((#11743));
#11743 = SURFACE_STYLE_USAGE(.BOTH.,#11744);
#11744 = SURFACE_SIDE_STYLE('',(#11745));
#11745 = SURFACE_STYLE_FILL_AREA(#11746);
#11746 = FILL_AREA_STYLE('',(#11747));
#11747 = FILL_AREA_STYLE_COLOUR('',#10467);
#11748 = OVER_RIDING_STYLED_ITEM('overriding color',(#11749),#7045,
  #10460);
#11749 = PRESENTATION_STYLE_ASSIGNMENT((#11750));
#11750 = SURFACE_STYLE_USAGE(.BOTH.,#11751);
#11751 = SURFACE_SIDE_STYLE('',(#11752));
#11752 = SURFACE_STYLE_FILL_AREA(#11753);
#11753 = FILL_AREA_STYLE('',(#11754));
#11754 = FILL_AREA_STYLE_COLOUR('',#10467);
#11755 = OVER_RIDING_STYLED_ITEM('overriding color',(#11756),#7061,
  #10460);
#11756 = PRESENTATION_STYLE_ASSIGNMENT((#11757));
#11757 = SURFACE_STYLE_USAGE(.BOTH.,#11758);
#11758 = SURFACE_SIDE_STYLE('',(#11759));
#11759 = SURFACE_STYLE_FILL_AREA(#11760);
#11760 = FILL_AREA_STYLE('',(#11761));
#11761 = FILL_AREA_STYLE_COLOUR('',#10467);
#11762 = OVER_RIDING_STYLED_ITEM('overriding color',(#11763),#7077,
  #10460);
#11763 = PRESENTATION_STYLE_ASSIGNMENT((#11764));
#11764 = SURFACE_STYLE_USAGE(.BOTH.,#11765);
#11765 = SURFACE_SIDE_STYLE('',(#11766));
#11766 = SURFACE_STYLE_FILL_AREA(#11767);
#11767 = FILL_AREA_STYLE('',(#11768));
#11768 = FILL_AREA_STYLE_COLOUR('',#10467);
#11769 = OVER_RIDING_STYLED_ITEM('overriding color',(#11770),#7111,
  #10460);
#11770 = PRESENTATION_STYLE_ASSIGNMENT((#11771));
#11771 = SURFACE_STYLE_USAGE(.BOTH.,#11772);
#11772 = SURFACE_SIDE_STYLE('',(#11773));
#11773 = SURFACE_STYLE_FILL_AREA(#11774);
#11774 = FILL_AREA_STYLE('',(#11775));
#11775 = FILL_AREA_STYLE_COLOUR('',#10467);
#11776 = OVER_RIDING_STYLED_ITEM('overriding color',(#11777),#7139,
  #10460);
#11777 = PRESENTATION_STYLE_ASSIGNMENT((#11778));
#11778 = SURFACE_STYLE_USAGE(.BOTH.,#11779);
#11779 = SURFACE_SIDE_STYLE('',(#11780));
#11780 = SURFACE_STYLE_FILL_AREA(#11781);
#11781 = FILL_AREA_STYLE('',(#11782));
#11782 = FILL_AREA_STYLE_COLOUR('',#10467);
#11783 = OVER_RIDING_STYLED_ITEM('overriding color',(#11784),#7167,
  #10460);
#11784 = PRESENTATION_STYLE_ASSIGNMENT((#11785));
#11785 = SURFACE_STYLE_USAGE(.BOTH.,#11786);
#11786 = SURFACE_SIDE_STYLE('',(#11787));
#11787 = SURFACE_STYLE_FILL_AREA(#11788);
#11788 = FILL_AREA_STYLE('',(#11789));
#11789 = FILL_AREA_STYLE_COLOUR('',#10467);
#11790 = OVER_RIDING_STYLED_ITEM('overriding color',(#11791),#7195,
  #10460);
#11791 = PRESENTATION_STYLE_ASSIGNMENT((#11792));
#11792 = SURFACE_STYLE_USAGE(.BOTH.,#11793);
#11793 = SURFACE_SIDE_STYLE('',(#11794));
#11794 = SURFACE_STYLE_FILL_AREA(#11795);
#11795 = FILL_AREA_STYLE('',(#11796));
#11796 = FILL_AREA_STYLE_COLOUR('',#10467);
#11797 = OVER_RIDING_STYLED_ITEM('overriding color',(#11798),#7223,
  #10460);
#11798 = PRESENTATION_STYLE_ASSIGNMENT((#11799));
#11799 = SURFACE_STYLE_USAGE(.BOTH.,#11800);
#11800 = SURFACE_SIDE_STYLE('',(#11801));
#11801 = SURFACE_STYLE_FILL_AREA(#11802);
#11802 = FILL_AREA_STYLE('',(#11803));
#11803 = FILL_AREA_STYLE_COLOUR('',#10467);
#11804 = OVER_RIDING_STYLED_ITEM('overriding color',(#11805),#7251,
  #10460);
#11805 = PRESENTATION_STYLE_ASSIGNMENT((#11806));
#11806 = SURFACE_STYLE_USAGE(.BOTH.,#11807);
#11807 = SURFACE_SIDE_STYLE('',(#11808));
#11808 = SURFACE_STYLE_FILL_AREA(#11809);
#11809 = FILL_AREA_STYLE('',(#11810));
#11810 = FILL_AREA_STYLE_COLOUR('',#10467);
#11811 = OVER_RIDING_STYLED_ITEM('overriding color',(#11812),#7273,
  #10460);
#11812 = PRESENTATION_STYLE_ASSIGNMENT((#11813));
#11813 = SURFACE_STYLE_USAGE(.BOTH.,#11814);
#11814 = SURFACE_SIDE_STYLE('',(#11815));
#11815 = SURFACE_STYLE_FILL_AREA(#11816);
#11816 = FILL_AREA_STYLE('',(#11817));
#11817 = FILL_AREA_STYLE_COLOUR('',#10467);
#11818 = OVER_RIDING_STYLED_ITEM('overriding color',(#11819),#7289,
  #10460);
#11819 = PRESENTATION_STYLE_ASSIGNMENT((#11820));
#11820 = SURFACE_STYLE_USAGE(.BOTH.,#11821);
#11821 = SURFACE_SIDE_STYLE('',(#11822));
#11822 = SURFACE_STYLE_FILL_AREA(#11823);
#11823 = FILL_AREA_STYLE('',(#11824));
#11824 = FILL_AREA_STYLE_COLOUR('',#10477);
#11825 = OVER_RIDING_STYLED_ITEM('overriding color',(#11826),#7305,
  #10460);
#11826 = PRESENTATION_STYLE_ASSIGNMENT((#11827));
#11827 = SURFACE_STYLE_USAGE(.BOTH.,#11828);
#11828 = SURFACE_SIDE_STYLE('',(#11829));
#11829 = SURFACE_STYLE_FILL_AREA(#11830);
#11830 = FILL_AREA_STYLE('',(#11831));
#11831 = FILL_AREA_STYLE_COLOUR('',#10467);
#11832 = OVER_RIDING_STYLED_ITEM('overriding color',(#11833),#7339,
  #10460);
#11833 = PRESENTATION_STYLE_ASSIGNMENT((#11834));
#11834 = SURFACE_STYLE_USAGE(.BOTH.,#11835);
#11835 = SURFACE_SIDE_STYLE('',(#11836));
#11836 = SURFACE_STYLE_FILL_AREA(#11837);
#11837 = FILL_AREA_STYLE('',(#11838));
#11838 = FILL_AREA_STYLE_COLOUR('',#10467);
#11839 = OVER_RIDING_STYLED_ITEM('overriding color',(#11840),#7361,
  #10460);
#11840 = PRESENTATION_STYLE_ASSIGNMENT((#11841));
#11841 = SURFACE_STYLE_USAGE(.BOTH.,#11842);
#11842 = SURFACE_SIDE_STYLE('',(#11843));
#11843 = SURFACE_STYLE_FILL_AREA(#11844);
#11844 = FILL_AREA_STYLE('',(#11845));
#11845 = FILL_AREA_STYLE_COLOUR('',#10467);
#11846 = OVER_RIDING_STYLED_ITEM('overriding color',(#11847),#7389,
  #10460);
#11847 = PRESENTATION_STYLE_ASSIGNMENT((#11848));
#11848 = SURFACE_STYLE_USAGE(.BOTH.,#11849);
#11849 = SURFACE_SIDE_STYLE('',(#11850));
#11850 = SURFACE_STYLE_FILL_AREA(#11851);
#11851 = FILL_AREA_STYLE('',(#11852));
#11852 = FILL_AREA_STYLE_COLOUR('',#10467);
#11853 = OVER_RIDING_STYLED_ITEM('overriding color',(#11854),#7417,
  #10460);
#11854 = PRESENTATION_STYLE_ASSIGNMENT((#11855));
#11855 = SURFACE_STYLE_USAGE(.BOTH.,#11856);
#11856 = SURFACE_SIDE_STYLE('',(#11857));
#11857 = SURFACE_STYLE_FILL_AREA(#11858);
#11858 = FILL_AREA_STYLE('',(#11859));
#11859 = FILL_AREA_STYLE_COLOUR('',#10467);
#11860 = OVER_RIDING_STYLED_ITEM('overriding color',(#11861),#7445,
  #10460);
#11861 = PRESENTATION_STYLE_ASSIGNMENT((#11862));
#11862 = SURFACE_STYLE_USAGE(.BOTH.,#11863);
#11863 = SURFACE_SIDE_STYLE('',(#11864));
#11864 = SURFACE_STYLE_FILL_AREA(#11865);
#11865 = FILL_AREA_STYLE('',(#11866));
#11866 = FILL_AREA_STYLE_COLOUR('',#10467);
#11867 = OVER_RIDING_STYLED_ITEM('overriding color',(#11868),#7473,
  #10460);
#11868 = PRESENTATION_STYLE_ASSIGNMENT((#11869));
#11869 = SURFACE_STYLE_USAGE(.BOTH.,#11870);
#11870 = SURFACE_SIDE_STYLE('',(#11871));
#11871 = SURFACE_STYLE_FILL_AREA(#11872);
#11872 = FILL_AREA_STYLE('',(#11873));
#11873 = FILL_AREA_STYLE_COLOUR('',#10467);
#11874 = OVER_RIDING_STYLED_ITEM('overriding color',(#11875),#7501,
  #10460);
#11875 = PRESENTATION_STYLE_ASSIGNMENT((#11876));
#11876 = SURFACE_STYLE_USAGE(.BOTH.,#11877);
#11877 = SURFACE_SIDE_STYLE('',(#11878));
#11878 = SURFACE_STYLE_FILL_AREA(#11879);
#11879 = FILL_AREA_STYLE('',(#11880));
#11880 = FILL_AREA_STYLE_COLOUR('',#10467);
#11881 = OVER_RIDING_STYLED_ITEM('overriding color',(#11882),#7529,
  #10460);
#11882 = PRESENTATION_STYLE_ASSIGNMENT((#11883));
#11883 = SURFACE_STYLE_USAGE(.BOTH.,#11884);
#11884 = SURFACE_SIDE_STYLE('',(#11885));
#11885 = SURFACE_STYLE_FILL_AREA(#11886);
#11886 = FILL_AREA_STYLE('',(#11887));
#11887 = FILL_AREA_STYLE_COLOUR('',#10467);
#11888 = OVER_RIDING_STYLED_ITEM('overriding color',(#11889),#7557,
  #10460);
#11889 = PRESENTATION_STYLE_ASSIGNMENT((#11890));
#11890 = SURFACE_STYLE_USAGE(.BOTH.,#11891);
#11891 = SURFACE_SIDE_STYLE('',(#11892));
#11892 = SURFACE_STYLE_FILL_AREA(#11893);
#11893 = FILL_AREA_STYLE('',(#11894));
#11894 = FILL_AREA_STYLE_COLOUR('',#10467);
#11895 = OVER_RIDING_STYLED_ITEM('overriding color',(#11896),#7585,
  #10460);
#11896 = PRESENTATION_STYLE_ASSIGNMENT((#11897));
#11897 = SURFACE_STYLE_USAGE(.BOTH.,#11898);
#11898 = SURFACE_SIDE_STYLE('',(#11899));
#11899 = SURFACE_STYLE_FILL_AREA(#11900);
#11900 = FILL_AREA_STYLE('',(#11901));
#11901 = FILL_AREA_STYLE_COLOUR('',#10467);
#11902 = OVER_RIDING_STYLED_ITEM('overriding color',(#11903),#7613,
  #10460);
#11903 = PRESENTATION_STYLE_ASSIGNMENT((#11904));
#11904 = SURFACE_STYLE_USAGE(.BOTH.,#11905);
#11905 = SURFACE_SIDE_STYLE('',(#11906));
#11906 = SURFACE_STYLE_FILL_AREA(#11907);
#11907 = FILL_AREA_STYLE('',(#11908));
#11908 = FILL_AREA_STYLE_COLOUR('',#10467);
#11909 = OVER_RIDING_STYLED_ITEM('overriding color',(#11910),#7641,
  #10460);
#11910 = PRESENTATION_STYLE_ASSIGNMENT((#11911));
#11911 = SURFACE_STYLE_USAGE(.BOTH.,#11912);
#11912 = SURFACE_SIDE_STYLE('',(#11913));
#11913 = SURFACE_STYLE_FILL_AREA(#11914);
#11914 = FILL_AREA_STYLE('',(#11915));
#11915 = FILL_AREA_STYLE_COLOUR('',#10467);
#11916 = OVER_RIDING_STYLED_ITEM('overriding color',(#11917),#7663,
  #10460);
#11917 = PRESENTATION_STYLE_ASSIGNMENT((#11918));
#11918 = SURFACE_STYLE_USAGE(.BOTH.,#11919);
#11919 = SURFACE_SIDE_STYLE('',(#11920));
#11920 = SURFACE_STYLE_FILL_AREA(#11921);
#11921 = FILL_AREA_STYLE('',(#11922));
#11922 = FILL_AREA_STYLE_COLOUR('',#10467);
#11923 = OVER_RIDING_STYLED_ITEM('overriding color',(#11924),#7691,
  #10460);
#11924 = PRESENTATION_STYLE_ASSIGNMENT((#11925));
#11925 = SURFACE_STYLE_USAGE(.BOTH.,#11926);
#11926 = SURFACE_SIDE_STYLE('',(#11927));
#11927 = SURFACE_STYLE_FILL_AREA(#11928);
#11928 = FILL_AREA_STYLE('',(#11929));
#11929 = FILL_AREA_STYLE_COLOUR('',#10467);
#11930 = OVER_RIDING_STYLED_ITEM('overriding color',(#11931),#7719,
  #10460);
#11931 = PRESENTATION_STYLE_ASSIGNMENT((#11932));
#11932 = SURFACE_STYLE_USAGE(.BOTH.,#11933);
#11933 = SURFACE_SIDE_STYLE('',(#11934));
#11934 = SURFACE_STYLE_FILL_AREA(#11935);
#11935 = FILL_AREA_STYLE('',(#11936));
#11936 = FILL_AREA_STYLE_COLOUR('',#10467);
#11937 = OVER_RIDING_STYLED_ITEM('overriding color',(#11938),#7747,
  #10460);
#11938 = PRESENTATION_STYLE_ASSIGNMENT((#11939));
#11939 = SURFACE_STYLE_USAGE(.BOTH.,#11940);
#11940 = SURFACE_SIDE_STYLE('',(#11941));
#11941 = SURFACE_STYLE_FILL_AREA(#11942);
#11942 = FILL_AREA_STYLE('',(#11943));
#11943 = FILL_AREA_STYLE_COLOUR('',#10467);
#11944 = OVER_RIDING_STYLED_ITEM('overriding color',(#11945),#7775,
  #10460);
#11945 = PRESENTATION_STYLE_ASSIGNMENT((#11946));
#11946 = SURFACE_STYLE_USAGE(.BOTH.,#11947);
#11947 = SURFACE_SIDE_STYLE('',(#11948));
#11948 = SURFACE_STYLE_FILL_AREA(#11949);
#11949 = FILL_AREA_STYLE('',(#11950));
#11950 = FILL_AREA_STYLE_COLOUR('',#10467);
#11951 = OVER_RIDING_STYLED_ITEM('overriding color',(#11952),#7803,
  #10460);
#11952 = PRESENTATION_STYLE_ASSIGNMENT((#11953));
#11953 = SURFACE_STYLE_USAGE(.BOTH.,#11954);
#11954 = SURFACE_SIDE_STYLE('',(#11955));
#11955 = SURFACE_STYLE_FILL_AREA(#11956);
#11956 = FILL_AREA_STYLE('',(#11957));
#11957 = FILL_AREA_STYLE_COLOUR('',#10467);
#11958 = OVER_RIDING_STYLED_ITEM('overriding color',(#11959),#7831,
  #10460);
#11959 = PRESENTATION_STYLE_ASSIGNMENT((#11960));
#11960 = SURFACE_STYLE_USAGE(.BOTH.,#11961);
#11961 = SURFACE_SIDE_STYLE('',(#11962));
#11962 = SURFACE_STYLE_FILL_AREA(#11963);
#11963 = FILL_AREA_STYLE('',(#11964));
#11964 = FILL_AREA_STYLE_COLOUR('',#10467);
#11965 = OVER_RIDING_STYLED_ITEM('overriding color',(#11966),#7859,
  #10460);
#11966 = PRESENTATION_STYLE_ASSIGNMENT((#11967));
#11967 = SURFACE_STYLE_USAGE(.BOTH.,#11968);
#11968 = SURFACE_SIDE_STYLE('',(#11969));
#11969 = SURFACE_STYLE_FILL_AREA(#11970);
#11970 = FILL_AREA_STYLE('',(#11971));
#11971 = FILL_AREA_STYLE_COLOUR('',#10467);
#11972 = OVER_RIDING_STYLED_ITEM('overriding color',(#11973),#7881,
  #10460);
#11973 = PRESENTATION_STYLE_ASSIGNMENT((#11974));
#11974 = SURFACE_STYLE_USAGE(.BOTH.,#11975);
#11975 = SURFACE_SIDE_STYLE('',(#11976));
#11976 = SURFACE_STYLE_FILL_AREA(#11977);
#11977 = FILL_AREA_STYLE('',(#11978));
#11978 = FILL_AREA_STYLE_COLOUR('',#10467);
#11979 = OVER_RIDING_STYLED_ITEM('overriding color',(#11980),#7910,
  #10460);
#11980 = PRESENTATION_STYLE_ASSIGNMENT((#11981));
#11981 = SURFACE_STYLE_USAGE(.BOTH.,#11982);
#11982 = SURFACE_SIDE_STYLE('',(#11983));
#11983 = SURFACE_STYLE_FILL_AREA(#11984);
#11984 = FILL_AREA_STYLE('',(#11985));
#11985 = FILL_AREA_STYLE_COLOUR('',#10467);
#11986 = OVER_RIDING_STYLED_ITEM('overriding color',(#11987),#7938,
  #10460);
#11987 = PRESENTATION_STYLE_ASSIGNMENT((#11988));
#11988 = SURFACE_STYLE_USAGE(.BOTH.,#11989);
#11989 = SURFACE_SIDE_STYLE('',(#11990));
#11990 = SURFACE_STYLE_FILL_AREA(#11991);
#11991 = FILL_AREA_STYLE('',(#11992));
#11992 = FILL_AREA_STYLE_COLOUR('',#10467);
#11993 = OVER_RIDING_STYLED_ITEM('overriding color',(#11994),#7960,
  #10460);
#11994 = PRESENTATION_STYLE_ASSIGNMENT((#11995));
#11995 = SURFACE_STYLE_USAGE(.BOTH.,#11996);
#11996 = SURFACE_SIDE_STYLE('',(#11997));
#11997 = SURFACE_STYLE_FILL_AREA(#11998);
#11998 = FILL_AREA_STYLE('',(#11999));
#11999 = FILL_AREA_STYLE_COLOUR('',#10467);
#12000 = OVER_RIDING_STYLED_ITEM('overriding color',(#12001),#7988,
  #10460);
#12001 = PRESENTATION_STYLE_ASSIGNMENT((#12002));
#12002 = SURFACE_STYLE_USAGE(.BOTH.,#12003);
#12003 = SURFACE_SIDE_STYLE('',(#12004));
#12004 = SURFACE_STYLE_FILL_AREA(#12005);
#12005 = FILL_AREA_STYLE('',(#12006));
#12006 = FILL_AREA_STYLE_COLOUR('',#10467);
#12007 = OVER_RIDING_STYLED_ITEM('overriding color',(#12008),#8010,
  #10460);
#12008 = PRESENTATION_STYLE_ASSIGNMENT((#12009));
#12009 = SURFACE_STYLE_USAGE(.BOTH.,#12010);
#12010 = SURFACE_SIDE_STYLE('',(#12011));
#12011 = SURFACE_STYLE_FILL_AREA(#12012);
#12012 = FILL_AREA_STYLE('',(#12013));
#12013 = FILL_AREA_STYLE_COLOUR('',#10467);
#12014 = OVER_RIDING_STYLED_ITEM('overriding color',(#12015),#8032,
  #10460);
#12015 = PRESENTATION_STYLE_ASSIGNMENT((#12016));
#12016 = SURFACE_STYLE_USAGE(.BOTH.,#12017);
#12017 = SURFACE_SIDE_STYLE('',(#12018));
#12018 = SURFACE_STYLE_FILL_AREA(#12019);
#12019 = FILL_AREA_STYLE('',(#12020));
#12020 = FILL_AREA_STYLE_COLOUR('',#10467);
#12021 = OVER_RIDING_STYLED_ITEM('overriding color',(#12022),#8054,
  #10460);
#12022 = PRESENTATION_STYLE_ASSIGNMENT((#12023));
#12023 = SURFACE_STYLE_USAGE(.BOTH.,#12024);
#12024 = SURFACE_SIDE_STYLE('',(#12025));
#12025 = SURFACE_STYLE_FILL_AREA(#12026);
#12026 = FILL_AREA_STYLE('',(#12027));
#12027 = FILL_AREA_STYLE_COLOUR('',#10467);
#12028 = OVER_RIDING_STYLED_ITEM('overriding color',(#12029),#8076,
  #10460);
#12029 = PRESENTATION_STYLE_ASSIGNMENT((#12030));
#12030 = SURFACE_STYLE_USAGE(.BOTH.,#12031);
#12031 = SURFACE_SIDE_STYLE('',(#12032));
#12032 = SURFACE_STYLE_FILL_AREA(#12033);
#12033 = FILL_AREA_STYLE('',(#12034));
#12034 = FILL_AREA_STYLE_COLOUR('',#10467);
#12035 = OVER_RIDING_STYLED_ITEM('overriding color',(#12036),#8098,
  #10460);
#12036 = PRESENTATION_STYLE_ASSIGNMENT((#12037));
#12037 = SURFACE_STYLE_USAGE(.BOTH.,#12038);
#12038 = SURFACE_SIDE_STYLE('',(#12039));
#12039 = SURFACE_STYLE_FILL_AREA(#12040);
#12040 = FILL_AREA_STYLE('',(#12041));
#12041 = FILL_AREA_STYLE_COLOUR('',#10467);
#12042 = OVER_RIDING_STYLED_ITEM('overriding color',(#12043),#8120,
  #10460);
#12043 = PRESENTATION_STYLE_ASSIGNMENT((#12044));
#12044 = SURFACE_STYLE_USAGE(.BOTH.,#12045);
#12045 = SURFACE_SIDE_STYLE('',(#12046));
#12046 = SURFACE_STYLE_FILL_AREA(#12047);
#12047 = FILL_AREA_STYLE('',(#12048));
#12048 = FILL_AREA_STYLE_COLOUR('',#10467);
#12049 = OVER_RIDING_STYLED_ITEM('overriding color',(#12050),#8148,
  #10460);
#12050 = PRESENTATION_STYLE_ASSIGNMENT((#12051));
#12051 = SURFACE_STYLE_USAGE(.BOTH.,#12052);
#12052 = SURFACE_SIDE_STYLE('',(#12053));
#12053 = SURFACE_STYLE_FILL_AREA(#12054);
#12054 = FILL_AREA_STYLE('',(#12055));
#12055 = FILL_AREA_STYLE_COLOUR('',#10467);
#12056 = OVER_RIDING_STYLED_ITEM('overriding color',(#12057),#8176,
  #10460);
#12057 = PRESENTATION_STYLE_ASSIGNMENT((#12058));
#12058 = SURFACE_STYLE_USAGE(.BOTH.,#12059);
#12059 = SURFACE_SIDE_STYLE('',(#12060));
#12060 = SURFACE_STYLE_FILL_AREA(#12061);
#12061 = FILL_AREA_STYLE('',(#12062));
#12062 = FILL_AREA_STYLE_COLOUR('',#10467);
#12063 = OVER_RIDING_STYLED_ITEM('overriding color',(#12064),#8198,
  #10460);
#12064 = PRESENTATION_STYLE_ASSIGNMENT((#12065));
#12065 = SURFACE_STYLE_USAGE(.BOTH.,#12066);
#12066 = SURFACE_SIDE_STYLE('',(#12067));
#12067 = SURFACE_STYLE_FILL_AREA(#12068);
#12068 = FILL_AREA_STYLE('',(#12069));
#12069 = FILL_AREA_STYLE_COLOUR('',#10467);
#12070 = OVER_RIDING_STYLED_ITEM('overriding color',(#12071),#8226,
  #10460);
#12071 = PRESENTATION_STYLE_ASSIGNMENT((#12072));
#12072 = SURFACE_STYLE_USAGE(.BOTH.,#12073);
#12073 = SURFACE_SIDE_STYLE('',(#12074));
#12074 = SURFACE_STYLE_FILL_AREA(#12075);
#12075 = FILL_AREA_STYLE('',(#12076));
#12076 = FILL_AREA_STYLE_COLOUR('',#10467);
#12077 = OVER_RIDING_STYLED_ITEM('overriding color',(#12078),#8254,
  #10460);
#12078 = PRESENTATION_STYLE_ASSIGNMENT((#12079));
#12079 = SURFACE_STYLE_USAGE(.BOTH.,#12080);
#12080 = SURFACE_SIDE_STYLE('',(#12081));
#12081 = SURFACE_STYLE_FILL_AREA(#12082);
#12082 = FILL_AREA_STYLE('',(#12083));
#12083 = FILL_AREA_STYLE_COLOUR('',#10467);
#12084 = OVER_RIDING_STYLED_ITEM('overriding color',(#12085),#8270,
  #10460);
#12085 = PRESENTATION_STYLE_ASSIGNMENT((#12086));
#12086 = SURFACE_STYLE_USAGE(.BOTH.,#12087);
#12087 = SURFACE_SIDE_STYLE('',(#12088));
#12088 = SURFACE_STYLE_FILL_AREA(#12089);
#12089 = FILL_AREA_STYLE('',(#12090));
#12090 = FILL_AREA_STYLE_COLOUR('',#10467);
#12091 = OVER_RIDING_STYLED_ITEM('overriding color',(#12092),#8293,
  #10460);
#12092 = PRESENTATION_STYLE_ASSIGNMENT((#12093));
#12093 = SURFACE_STYLE_USAGE(.BOTH.,#12094);
#12094 = SURFACE_SIDE_STYLE('',(#12095));
#12095 = SURFACE_STYLE_FILL_AREA(#12096);
#12096 = FILL_AREA_STYLE('',(#12097));
#12097 = FILL_AREA_STYLE_COLOUR('',#10467);
#12098 = OVER_RIDING_STYLED_ITEM('overriding color',(#12099),#8321,
  #10460);
#12099 = PRESENTATION_STYLE_ASSIGNMENT((#12100));
#12100 = SURFACE_STYLE_USAGE(.BOTH.,#12101);
#12101 = SURFACE_SIDE_STYLE('',(#12102));
#12102 = SURFACE_STYLE_FILL_AREA(#12103);
#12103 = FILL_AREA_STYLE('',(#12104));
#12104 = FILL_AREA_STYLE_COLOUR('',#10467);
#12105 = OVER_RIDING_STYLED_ITEM('overriding color',(#12106),#8343,
  #10460);
#12106 = PRESENTATION_STYLE_ASSIGNMENT((#12107));
#12107 = SURFACE_STYLE_USAGE(.BOTH.,#12108);
#12108 = SURFACE_SIDE_STYLE('',(#12109));
#12109 = SURFACE_STYLE_FILL_AREA(#12110);
#12110 = FILL_AREA_STYLE('',(#12111));
#12111 = FILL_AREA_STYLE_COLOUR('',#10467);
#12112 = OVER_RIDING_STYLED_ITEM('overriding color',(#12113),#8365,
  #10460);
#12113 = PRESENTATION_STYLE_ASSIGNMENT((#12114));
#12114 = SURFACE_STYLE_USAGE(.BOTH.,#12115);
#12115 = SURFACE_SIDE_STYLE('',(#12116));
#12116 = SURFACE_STYLE_FILL_AREA(#12117);
#12117 = FILL_AREA_STYLE('',(#12118));
#12118 = FILL_AREA_STYLE_COLOUR('',#10467);
#12119 = OVER_RIDING_STYLED_ITEM('overriding color',(#12120),#8387,
  #10460);
#12120 = PRESENTATION_STYLE_ASSIGNMENT((#12121));
#12121 = SURFACE_STYLE_USAGE(.BOTH.,#12122);
#12122 = SURFACE_SIDE_STYLE('',(#12123));
#12123 = SURFACE_STYLE_FILL_AREA(#12124);
#12124 = FILL_AREA_STYLE('',(#12125));
#12125 = FILL_AREA_STYLE_COLOUR('',#10467);
#12126 = OVER_RIDING_STYLED_ITEM('overriding color',(#12127),#8409,
  #10460);
#12127 = PRESENTATION_STYLE_ASSIGNMENT((#12128));
#12128 = SURFACE_STYLE_USAGE(.BOTH.,#12129);
#12129 = SURFACE_SIDE_STYLE('',(#12130));
#12130 = SURFACE_STYLE_FILL_AREA(#12131);
#12131 = FILL_AREA_STYLE('',(#12132));
#12132 = FILL_AREA_STYLE_COLOUR('',#10467);
#12133 = OVER_RIDING_STYLED_ITEM('overriding color',(#12134),#8431,
  #10460);
#12134 = PRESENTATION_STYLE_ASSIGNMENT((#12135));
#12135 = SURFACE_STYLE_USAGE(.BOTH.,#12136);
#12136 = SURFACE_SIDE_STYLE('',(#12137));
#12137 = SURFACE_STYLE_FILL_AREA(#12138);
#12138 = FILL_AREA_STYLE('',(#12139));
#12139 = FILL_AREA_STYLE_COLOUR('',#10467);
#12140 = OVER_RIDING_STYLED_ITEM('overriding color',(#12141),#8453,
  #10460);
#12141 = PRESENTATION_STYLE_ASSIGNMENT((#12142));
#12142 = SURFACE_STYLE_USAGE(.BOTH.,#12143);
#12143 = SURFACE_SIDE_STYLE('',(#12144));
#12144 = SURFACE_STYLE_FILL_AREA(#12145);
#12145 = FILL_AREA_STYLE('',(#12146));
#12146 = FILL_AREA_STYLE_COLOUR('',#10467);
#12147 = OVER_RIDING_STYLED_ITEM('overriding color',(#12148),#8475,
  #10460);
#12148 = PRESENTATION_STYLE_ASSIGNMENT((#12149));
#12149 = SURFACE_STYLE_USAGE(.BOTH.,#12150);
#12150 = SURFACE_SIDE_STYLE('',(#12151));
#12151 = SURFACE_STYLE_FILL_AREA(#12152);
#12152 = FILL_AREA_STYLE('',(#12153));
#12153 = FILL_AREA_STYLE_COLOUR('',#10467);
#12154 = OVER_RIDING_STYLED_ITEM('overriding color',(#12155),#8497,
  #10460);
#12155 = PRESENTATION_STYLE_ASSIGNMENT((#12156));
#12156 = SURFACE_STYLE_USAGE(.BOTH.,#12157);
#12157 = SURFACE_SIDE_STYLE('',(#12158));
#12158 = SURFACE_STYLE_FILL_AREA(#12159);
#12159 = FILL_AREA_STYLE('',(#12160));
#12160 = FILL_AREA_STYLE_COLOUR('',#10467);
#12161 = OVER_RIDING_STYLED_ITEM('overriding color',(#12162),#8519,
  #10460);
#12162 = PRESENTATION_STYLE_ASSIGNMENT((#12163));
#12163 = SURFACE_STYLE_USAGE(.BOTH.,#12164);
#12164 = SURFACE_SIDE_STYLE('',(#12165));
#12165 = SURFACE_STYLE_FILL_AREA(#12166);
#12166 = FILL_AREA_STYLE('',(#12167));
#12167 = FILL_AREA_STYLE_COLOUR('',#10467);
#12168 = OVER_RIDING_STYLED_ITEM('overriding color',(#12169),#8541,
  #10460);
#12169 = PRESENTATION_STYLE_ASSIGNMENT((#12170));
#12170 = SURFACE_STYLE_USAGE(.BOTH.,#12171);
#12171 = SURFACE_SIDE_STYLE('',(#12172));
#12172 = SURFACE_STYLE_FILL_AREA(#12173);
#12173 = FILL_AREA_STYLE('',(#12174));
#12174 = FILL_AREA_STYLE_COLOUR('',#10467);
#12175 = OVER_RIDING_STYLED_ITEM('overriding color',(#12176),#8557,
  #10460);
#12176 = PRESENTATION_STYLE_ASSIGNMENT((#12177));
#12177 = SURFACE_STYLE_USAGE(.BOTH.,#12178);
#12178 = SURFACE_SIDE_STYLE('',(#12179));
#12179 = SURFACE_STYLE_FILL_AREA(#12180);
#12180 = FILL_AREA_STYLE('',(#12181));
#12181 = FILL_AREA_STYLE_COLOUR('',#10467);
#12182 = OVER_RIDING_STYLED_ITEM('overriding color',(#12183),#8577,
  #10460);
#12183 = PRESENTATION_STYLE_ASSIGNMENT((#12184));
#12184 = SURFACE_STYLE_USAGE(.BOTH.,#12185);
#12185 = SURFACE_SIDE_STYLE('',(#12186));
#12186 = SURFACE_STYLE_FILL_AREA(#12187);
#12187 = FILL_AREA_STYLE('',(#12188));
#12188 = FILL_AREA_STYLE_COLOUR('',#10467);
#12189 = OVER_RIDING_STYLED_ITEM('overriding color',(#12190),#8701,
  #10460);
#12190 = PRESENTATION_STYLE_ASSIGNMENT((#12191));
#12191 = SURFACE_STYLE_USAGE(.BOTH.,#12192);
#12192 = SURFACE_SIDE_STYLE('',(#12193));
#12193 = SURFACE_STYLE_FILL_AREA(#12194);
#12194 = FILL_AREA_STYLE('',(#12195));
#12195 = FILL_AREA_STYLE_COLOUR('',#10467);
#12196 = OVER_RIDING_STYLED_ITEM('overriding color',(#12197),#8721,
  #10460);
#12197 = PRESENTATION_STYLE_ASSIGNMENT((#12198));
#12198 = SURFACE_STYLE_USAGE(.BOTH.,#12199);
#12199 = SURFACE_SIDE_STYLE('',(#12200));
#12200 = SURFACE_STYLE_FILL_AREA(#12201);
#12201 = FILL_AREA_STYLE('',(#12202));
#12202 = FILL_AREA_STYLE_COLOUR('',#10467);
#12203 = OVER_RIDING_STYLED_ITEM('overriding color',(#12204),#8741,
  #10460);
#12204 = PRESENTATION_STYLE_ASSIGNMENT((#12205));
#12205 = SURFACE_STYLE_USAGE(.BOTH.,#12206);
#12206 = SURFACE_SIDE_STYLE('',(#12207));
#12207 = SURFACE_STYLE_FILL_AREA(#12208);
#12208 = FILL_AREA_STYLE('',(#12209));
#12209 = FILL_AREA_STYLE_COLOUR('',#10467);
#12210 = OVER_RIDING_STYLED_ITEM('overriding color',(#12211),#8761,
  #10460);
#12211 = PRESENTATION_STYLE_ASSIGNMENT((#12212));
#12212 = SURFACE_STYLE_USAGE(.BOTH.,#12213);
#12213 = SURFACE_SIDE_STYLE('',(#12214));
#12214 = SURFACE_STYLE_FILL_AREA(#12215);
#12215 = FILL_AREA_STYLE('',(#12216));
#12216 = FILL_AREA_STYLE_COLOUR('',#10467);
#12217 = OVER_RIDING_STYLED_ITEM('overriding color',(#12218),#8781,
  #10460);
#12218 = PRESENTATION_STYLE_ASSIGNMENT((#12219));
#12219 = SURFACE_STYLE_USAGE(.BOTH.,#12220);
#12220 = SURFACE_SIDE_STYLE('',(#12221));
#12221 = SURFACE_STYLE_FILL_AREA(#12222);
#12222 = FILL_AREA_STYLE('',(#12223));
#12223 = FILL_AREA_STYLE_COLOUR('',#10467);
#12224 = OVER_RIDING_STYLED_ITEM('overriding color',(#12225),#8801,
  #10460);
#12225 = PRESENTATION_STYLE_ASSIGNMENT((#12226));
#12226 = SURFACE_STYLE_USAGE(.BOTH.,#12227);
#12227 = SURFACE_SIDE_STYLE('',(#12228));
#12228 = SURFACE_STYLE_FILL_AREA(#12229);
#12229 = FILL_AREA_STYLE('',(#12230));
#12230 = FILL_AREA_STYLE_COLOUR('',#10467);
#12231 = OVER_RIDING_STYLED_ITEM('overriding color',(#12232),#8817,
  #10460);
#12232 = PRESENTATION_STYLE_ASSIGNMENT((#12233));
#12233 = SURFACE_STYLE_USAGE(.BOTH.,#12234);
#12234 = SURFACE_SIDE_STYLE('',(#12235));
#12235 = SURFACE_STYLE_FILL_AREA(#12236);
#12236 = FILL_AREA_STYLE('',(#12237));
#12237 = FILL_AREA_STYLE_COLOUR('',#10467);
#12238 = OVER_RIDING_STYLED_ITEM('overriding color',(#12239),#8829,
  #10460);
#12239 = PRESENTATION_STYLE_ASSIGNMENT((#12240));
#12240 = SURFACE_STYLE_USAGE(.BOTH.,#12241);
#12241 = SURFACE_SIDE_STYLE('',(#12242));
#12242 = SURFACE_STYLE_FILL_AREA(#12243);
#12243 = FILL_AREA_STYLE('',(#12244));
#12244 = FILL_AREA_STYLE_COLOUR('',#10467);
#12245 = OVER_RIDING_STYLED_ITEM('overriding color',(#12246),#8857,
  #10460);
#12246 = PRESENTATION_STYLE_ASSIGNMENT((#12247));
#12247 = SURFACE_STYLE_USAGE(.BOTH.,#12248);
#12248 = SURFACE_SIDE_STYLE('',(#12249));
#12249 = SURFACE_STYLE_FILL_AREA(#12250);
#12250 = FILL_AREA_STYLE('',(#12251));
#12251 = FILL_AREA_STYLE_COLOUR('',#10467);
#12252 = OVER_RIDING_STYLED_ITEM('overriding color',(#12253),#8879,
  #10460);
#12253 = PRESENTATION_STYLE_ASSIGNMENT((#12254));
#12254 = SURFACE_STYLE_USAGE(.BOTH.,#12255);
#12255 = SURFACE_SIDE_STYLE('',(#12256));
#12256 = SURFACE_STYLE_FILL_AREA(#12257);
#12257 = FILL_AREA_STYLE('',(#12258));
#12258 = FILL_AREA_STYLE_COLOUR('',#10467);
#12259 = OVER_RIDING_STYLED_ITEM('overriding color',(#12260),#8901,
  #10460);
#12260 = PRESENTATION_STYLE_ASSIGNMENT((#12261));
#12261 = SURFACE_STYLE_USAGE(.BOTH.,#12262);
#12262 = SURFACE_SIDE_STYLE('',(#12263));
#12263 = SURFACE_STYLE_FILL_AREA(#12264);
#12264 = FILL_AREA_STYLE('',(#12265));
#12265 = FILL_AREA_STYLE_COLOUR('',#10467);
#12266 = OVER_RIDING_STYLED_ITEM('overriding color',(#12267),#8929,
  #10460);
#12267 = PRESENTATION_STYLE_ASSIGNMENT((#12268));
#12268 = SURFACE_STYLE_USAGE(.BOTH.,#12269);
#12269 = SURFACE_SIDE_STYLE('',(#12270));
#12270 = SURFACE_STYLE_FILL_AREA(#12271);
#12271 = FILL_AREA_STYLE('',(#12272));
#12272 = FILL_AREA_STYLE_COLOUR('',#10467);
#12273 = OVER_RIDING_STYLED_ITEM('overriding color',(#12274),#8957,
  #10460);
#12274 = PRESENTATION_STYLE_ASSIGNMENT((#12275));
#12275 = SURFACE_STYLE_USAGE(.BOTH.,#12276);
#12276 = SURFACE_SIDE_STYLE('',(#12277));
#12277 = SURFACE_STYLE_FILL_AREA(#12278);
#12278 = FILL_AREA_STYLE('',(#12279));
#12279 = FILL_AREA_STYLE_COLOUR('',#10467);
#12280 = OVER_RIDING_STYLED_ITEM('overriding color',(#12281),#8985,
  #10460);
#12281 = PRESENTATION_STYLE_ASSIGNMENT((#12282));
#12282 = SURFACE_STYLE_USAGE(.BOTH.,#12283);
#12283 = SURFACE_SIDE_STYLE('',(#12284));
#12284 = SURFACE_STYLE_FILL_AREA(#12285);
#12285 = FILL_AREA_STYLE('',(#12286));
#12286 = FILL_AREA_STYLE_COLOUR('',#10467);
#12287 = OVER_RIDING_STYLED_ITEM('overriding color',(#12288),#9007,
  #10460);
#12288 = PRESENTATION_STYLE_ASSIGNMENT((#12289));
#12289 = SURFACE_STYLE_USAGE(.BOTH.,#12290);
#12290 = SURFACE_SIDE_STYLE('',(#12291));
#12291 = SURFACE_STYLE_FILL_AREA(#12292);
#12292 = FILL_AREA_STYLE('',(#12293));
#12293 = FILL_AREA_STYLE_COLOUR('',#10477);
#12294 = OVER_RIDING_STYLED_ITEM('overriding color',(#12295),#9022,
  #10460);
#12295 = PRESENTATION_STYLE_ASSIGNMENT((#12296));
#12296 = SURFACE_STYLE_USAGE(.BOTH.,#12297);
#12297 = SURFACE_SIDE_STYLE('',(#12298));
#12298 = SURFACE_STYLE_FILL_AREA(#12299);
#12299 = FILL_AREA_STYLE('',(#12300));
#12300 = FILL_AREA_STYLE_COLOUR('',#10467);
#12301 = OVER_RIDING_STYLED_ITEM('overriding color',(#12302),#9134,
  #10460);
#12302 = PRESENTATION_STYLE_ASSIGNMENT((#12303));
#12303 = SURFACE_STYLE_USAGE(.BOTH.,#12304);
#12304 = SURFACE_SIDE_STYLE('',(#12305));
#12305 = SURFACE_STYLE_FILL_AREA(#12306);
#12306 = FILL_AREA_STYLE('',(#12307));
#12307 = FILL_AREA_STYLE_COLOUR('',#10467);
#12308 = OVER_RIDING_STYLED_ITEM('overriding color',(#12309),#9154,
  #10460);
#12309 = PRESENTATION_STYLE_ASSIGNMENT((#12310));
#12310 = SURFACE_STYLE_USAGE(.BOTH.,#12311);
#12311 = SURFACE_SIDE_STYLE('',(#12312));
#12312 = SURFACE_STYLE_FILL_AREA(#12313);
#12313 = FILL_AREA_STYLE('',(#12314));
#12314 = FILL_AREA_STYLE_COLOUR('',#10467);
#12315 = OVER_RIDING_STYLED_ITEM('overriding color',(#12316),#9170,
  #10460);
#12316 = PRESENTATION_STYLE_ASSIGNMENT((#12317));
#12317 = SURFACE_STYLE_USAGE(.BOTH.,#12318);
#12318 = SURFACE_SIDE_STYLE('',(#12319));
#12319 = SURFACE_STYLE_FILL_AREA(#12320);
#12320 = FILL_AREA_STYLE('',(#12321));
#12321 = FILL_AREA_STYLE_COLOUR('',#10467);
#12322 = OVER_RIDING_STYLED_ITEM('overriding color',(#12323),#9186,
  #10460);
#12323 = PRESENTATION_STYLE_ASSIGNMENT((#12324));
#12324 = SURFACE_STYLE_USAGE(.BOTH.,#12325);
#12325 = SURFACE_SIDE_STYLE('',(#12326));
#12326 = SURFACE_STYLE_FILL_AREA(#12327);
#12327 = FILL_AREA_STYLE('',(#12328));
#12328 = FILL_AREA_STYLE_COLOUR('',#10467);
#12329 = OVER_RIDING_STYLED_ITEM('overriding color',(#12330),#9202,
  #10460);
#12330 = PRESENTATION_STYLE_ASSIGNMENT((#12331));
#12331 = SURFACE_STYLE_USAGE(.BOTH.,#12332);
#12332 = SURFACE_SIDE_STYLE('',(#12333));
#12333 = SURFACE_STYLE_FILL_AREA(#12334);
#12334 = FILL_AREA_STYLE('',(#12335));
#12335 = FILL_AREA_STYLE_COLOUR('',#10467);
#12336 = OVER_RIDING_STYLED_ITEM('overriding color',(#12337),#9218,
  #10460);
#12337 = PRESENTATION_STYLE_ASSIGNMENT((#12338));
#12338 = SURFACE_STYLE_USAGE(.BOTH.,#12339);
#12339 = SURFACE_SIDE_STYLE('',(#12340));
#12340 = SURFACE_STYLE_FILL_AREA(#12341);
#12341 = FILL_AREA_STYLE('',(#12342));
#12342 = FILL_AREA_STYLE_COLOUR('',#10467);
#12343 = OVER_RIDING_STYLED_ITEM('overriding color',(#12344),#9234,
  #10460);
#12344 = PRESENTATION_STYLE_ASSIGNMENT((#12345));
#12345 = SURFACE_STYLE_USAGE(.BOTH.,#12346);
#12346 = SURFACE_SIDE_STYLE('',(#12347));
#12347 = SURFACE_STYLE_FILL_AREA(#12348);
#12348 = FILL_AREA_STYLE('',(#12349));
#12349 = FILL_AREA_STYLE_COLOUR('',#10467);
#12350 = OVER_RIDING_STYLED_ITEM('overriding color',(#12351),#9250,
  #10460);
#12351 = PRESENTATION_STYLE_ASSIGNMENT((#12352));
#12352 = SURFACE_STYLE_USAGE(.BOTH.,#12353);
#12353 = SURFACE_SIDE_STYLE('',(#12354));
#12354 = SURFACE_STYLE_FILL_AREA(#12355);
#12355 = FILL_AREA_STYLE('',(#12356));
#12356 = FILL_AREA_STYLE_COLOUR('',#10467);
#12357 = OVER_RIDING_STYLED_ITEM('overriding color',(#12358),#9262,
  #10460);
#12358 = PRESENTATION_STYLE_ASSIGNMENT((#12359));
#12359 = SURFACE_STYLE_USAGE(.BOTH.,#12360);
#12360 = SURFACE_SIDE_STYLE('',(#12361));
#12361 = SURFACE_STYLE_FILL_AREA(#12362);
#12362 = FILL_AREA_STYLE('',(#12363));
#12363 = FILL_AREA_STYLE_COLOUR('',#10467);
#12364 = OVER_RIDING_STYLED_ITEM('overriding color',(#12365),#9290,
  #10460);
#12365 = PRESENTATION_STYLE_ASSIGNMENT((#12366));
#12366 = SURFACE_STYLE_USAGE(.BOTH.,#12367);
#12367 = SURFACE_SIDE_STYLE('',(#12368));
#12368 = SURFACE_STYLE_FILL_AREA(#12369);
#12369 = FILL_AREA_STYLE('',(#12370));
#12370 = FILL_AREA_STYLE_COLOUR('',#10467);
#12371 = OVER_RIDING_STYLED_ITEM('overriding color',(#12372),#9312,
  #10460);
#12372 = PRESENTATION_STYLE_ASSIGNMENT((#12373));
#12373 = SURFACE_STYLE_USAGE(.BOTH.,#12374);
#12374 = SURFACE_SIDE_STYLE('',(#12375));
#12375 = SURFACE_STYLE_FILL_AREA(#12376);
#12376 = FILL_AREA_STYLE('',(#12377));
#12377 = FILL_AREA_STYLE_COLOUR('',#10467);
#12378 = OVER_RIDING_STYLED_ITEM('overriding color',(#12379),#9340,
  #10460);
#12379 = PRESENTATION_STYLE_ASSIGNMENT((#12380));
#12380 = SURFACE_STYLE_USAGE(.BOTH.,#12381);
#12381 = SURFACE_SIDE_STYLE('',(#12382));
#12382 = SURFACE_STYLE_FILL_AREA(#12383);
#12383 = FILL_AREA_STYLE('',(#12384));
#12384 = FILL_AREA_STYLE_COLOUR('',#10467);
#12385 = OVER_RIDING_STYLED_ITEM('overriding color',(#12386),#9362,
  #10460);
#12386 = PRESENTATION_STYLE_ASSIGNMENT((#12387));
#12387 = SURFACE_STYLE_USAGE(.BOTH.,#12388);
#12388 = SURFACE_SIDE_STYLE('',(#12389));
#12389 = SURFACE_STYLE_FILL_AREA(#12390);
#12390 = FILL_AREA_STYLE('',(#12391));
#12391 = FILL_AREA_STYLE_COLOUR('',#10467);
#12392 = OVER_RIDING_STYLED_ITEM('overriding color',(#12393),#9390,
  #10460);
#12393 = PRESENTATION_STYLE_ASSIGNMENT((#12394));
#12394 = SURFACE_STYLE_USAGE(.BOTH.,#12395);
#12395 = SURFACE_SIDE_STYLE('',(#12396));
#12396 = SURFACE_STYLE_FILL_AREA(#12397);
#12397 = FILL_AREA_STYLE('',(#12398));
#12398 = FILL_AREA_STYLE_COLOUR('',#10467);
#12399 = OVER_RIDING_STYLED_ITEM('overriding color',(#12400),#9406,
  #10460);
#12400 = PRESENTATION_STYLE_ASSIGNMENT((#12401));
#12401 = SURFACE_STYLE_USAGE(.BOTH.,#12402);
#12402 = SURFACE_SIDE_STYLE('',(#12403));
#12403 = SURFACE_STYLE_FILL_AREA(#12404);
#12404 = FILL_AREA_STYLE('',(#12405));
#12405 = FILL_AREA_STYLE_COLOUR('',#10477);
#12406 = OVER_RIDING_STYLED_ITEM('overriding color',(#12407),#9420,
  #10460);
#12407 = PRESENTATION_STYLE_ASSIGNMENT((#12408));
#12408 = SURFACE_STYLE_USAGE(.BOTH.,#12409);
#12409 = SURFACE_SIDE_STYLE('',(#12410));
#12410 = SURFACE_STYLE_FILL_AREA(#12411);
#12411 = FILL_AREA_STYLE('',(#12412));
#12412 = FILL_AREA_STYLE_COLOUR('',#10467);
#12413 = OVER_RIDING_STYLED_ITEM('overriding color',(#12414),#9740,
  #10460);
#12414 = PRESENTATION_STYLE_ASSIGNMENT((#12415));
#12415 = SURFACE_STYLE_USAGE(.BOTH.,#12416);
#12416 = SURFACE_SIDE_STYLE('',(#12417));
#12417 = SURFACE_STYLE_FILL_AREA(#12418);
#12418 = FILL_AREA_STYLE('',(#12419));
#12419 = FILL_AREA_STYLE_COLOUR('',#10467);
#12420 = OVER_RIDING_STYLED_ITEM('overriding color',(#12421),#9764,
  #10460);
#12421 = PRESENTATION_STYLE_ASSIGNMENT((#12422));
#12422 = SURFACE_STYLE_USAGE(.BOTH.,#12423);
#12423 = SURFACE_SIDE_STYLE('',(#12424));
#12424 = SURFACE_STYLE_FILL_AREA(#12425);
#12425 = FILL_AREA_STYLE('',(#12426));
#12426 = FILL_AREA_STYLE_COLOUR('',#10467);
#12427 = OVER_RIDING_STYLED_ITEM('overriding color',(#12428),#9784,
  #10460);
#12428 = PRESENTATION_STYLE_ASSIGNMENT((#12429));
#12429 = SURFACE_STYLE_USAGE(.BOTH.,#12430);
#12430 = SURFACE_SIDE_STYLE('',(#12431));
#12431 = SURFACE_STYLE_FILL_AREA(#12432);
#12432 = FILL_AREA_STYLE('',(#12433));
#12433 = FILL_AREA_STYLE_COLOUR('',#10467);
#12434 = OVER_RIDING_STYLED_ITEM('overriding color',(#12435),#9804,
  #10460);
#12435 = PRESENTATION_STYLE_ASSIGNMENT((#12436));
#12436 = SURFACE_STYLE_USAGE(.BOTH.,#12437);
#12437 = SURFACE_SIDE_STYLE('',(#12438));
#12438 = SURFACE_STYLE_FILL_AREA(#12439);
#12439 = FILL_AREA_STYLE('',(#12440));
#12440 = FILL_AREA_STYLE_COLOUR('',#10467);
#12441 = OVER_RIDING_STYLED_ITEM('overriding color',(#12442),#9824,
  #10460);
#12442 = PRESENTATION_STYLE_ASSIGNMENT((#12443));
#12443 = SURFACE_STYLE_USAGE(.BOTH.,#12444);
#12444 = SURFACE_SIDE_STYLE('',(#12445));
#12445 = SURFACE_STYLE_FILL_AREA(#12446);
#12446 = FILL_AREA_STYLE('',(#12447));
#12447 = FILL_AREA_STYLE_COLOUR('',#10467);
#12448 = OVER_RIDING_STYLED_ITEM('overriding color',(#12449),#9844,
  #10460);
#12449 = PRESENTATION_STYLE_ASSIGNMENT((#12450));
#12450 = SURFACE_STYLE_USAGE(.BOTH.,#12451);
#12451 = SURFACE_SIDE_STYLE('',(#12452));
#12452 = SURFACE_STYLE_FILL_AREA(#12453);
#12453 = FILL_AREA_STYLE('',(#12454));
#12454 = FILL_AREA_STYLE_COLOUR('',#10467);
#12455 = OVER_RIDING_STYLED_ITEM('overriding color',(#12456),#9864,
  #10460);
#12456 = PRESENTATION_STYLE_ASSIGNMENT((#12457));
#12457 = SURFACE_STYLE_USAGE(.BOTH.,#12458);
#12458 = SURFACE_SIDE_STYLE('',(#12459));
#12459 = SURFACE_STYLE_FILL_AREA(#12460);
#12460 = FILL_AREA_STYLE('',(#12461));
#12461 = FILL_AREA_STYLE_COLOUR('',#10467);
#12462 = OVER_RIDING_STYLED_ITEM('overriding color',(#12463),#9884,
  #10460);
#12463 = PRESENTATION_STYLE_ASSIGNMENT((#12464));
#12464 = SURFACE_STYLE_USAGE(.BOTH.,#12465);
#12465 = SURFACE_SIDE_STYLE('',(#12466));
#12466 = SURFACE_STYLE_FILL_AREA(#12467);
#12467 = FILL_AREA_STYLE('',(#12468));
#12468 = FILL_AREA_STYLE_COLOUR('',#10467);
#12469 = OVER_RIDING_STYLED_ITEM('overriding color',(#12470),#9904,
  #10460);
#12470 = PRESENTATION_STYLE_ASSIGNMENT((#12471));
#12471 = SURFACE_STYLE_USAGE(.BOTH.,#12472);
#12472 = SURFACE_SIDE_STYLE('',(#12473));
#12473 = SURFACE_STYLE_FILL_AREA(#12474);
#12474 = FILL_AREA_STYLE('',(#12475));
#12475 = FILL_AREA_STYLE_COLOUR('',#10467);
#12476 = OVER_RIDING_STYLED_ITEM('overriding color',(#12477),#9924,
  #10460);
#12477 = PRESENTATION_STYLE_ASSIGNMENT((#12478));
#12478 = SURFACE_STYLE_USAGE(.BOTH.,#12479);
#12479 = SURFACE_SIDE_STYLE('',(#12480));
#12480 = SURFACE_STYLE_FILL_AREA(#12481);
#12481 = FILL_AREA_STYLE('',(#12482));
#12482 = FILL_AREA_STYLE_COLOUR('',#10467);
#12483 = OVER_RIDING_STYLED_ITEM('overriding color',(#12484),#9944,
  #10460);
#12484 = PRESENTATION_STYLE_ASSIGNMENT((#12485));
#12485 = SURFACE_STYLE_USAGE(.BOTH.,#12486);
#12486 = SURFACE_SIDE_STYLE('',(#12487));
#12487 = SURFACE_STYLE_FILL_AREA(#12488);
#12488 = FILL_AREA_STYLE('',(#12489));
#12489 = FILL_AREA_STYLE_COLOUR('',#10467);
#12490 = OVER_RIDING_STYLED_ITEM('overriding color',(#12491),#9964,
  #10460);
#12491 = PRESENTATION_STYLE_ASSIGNMENT((#12492));
#12492 = SURFACE_STYLE_USAGE(.BOTH.,#12493);
#12493 = SURFACE_SIDE_STYLE('',(#12494));
#12494 = SURFACE_STYLE_FILL_AREA(#12495);
#12495 = FILL_AREA_STYLE('',(#12496));
#12496 = FILL_AREA_STYLE_COLOUR('',#10467);
#12497 = OVER_RIDING_STYLED_ITEM('overriding color',(#12498),#9984,
  #10460);
#12498 = PRESENTATION_STYLE_ASSIGNMENT((#12499));
#12499 = SURFACE_STYLE_USAGE(.BOTH.,#12500);
#12500 = SURFACE_SIDE_STYLE('',(#12501));
#12501 = SURFACE_STYLE_FILL_AREA(#12502);
#12502 = FILL_AREA_STYLE('',(#12503));
#12503 = FILL_AREA_STYLE_COLOUR('',#10467);
#12504 = OVER_RIDING_STYLED_ITEM('overriding color',(#12505),#10000,
  #10460);
#12505 = PRESENTATION_STYLE_ASSIGNMENT((#12506));
#12506 = SURFACE_STYLE_USAGE(.BOTH.,#12507);
#12507 = SURFACE_SIDE_STYLE('',(#12508));
#12508 = SURFACE_STYLE_FILL_AREA(#12509);
#12509 = FILL_AREA_STYLE('',(#12510));
#12510 = FILL_AREA_STYLE_COLOUR('',#10467);
#12511 = OVER_RIDING_STYLED_ITEM('overriding color',(#12512),#10016,
  #10460);
#12512 = PRESENTATION_STYLE_ASSIGNMENT((#12513));
#12513 = SURFACE_STYLE_USAGE(.BOTH.,#12514);
#12514 = SURFACE_SIDE_STYLE('',(#12515));
#12515 = SURFACE_STYLE_FILL_AREA(#12516);
#12516 = FILL_AREA_STYLE('',(#12517));
#12517 = FILL_AREA_STYLE_COLOUR('',#10467);
#12518 = OVER_RIDING_STYLED_ITEM('overriding color',(#12519),#10032,
  #10460);
#12519 = PRESENTATION_STYLE_ASSIGNMENT((#12520));
#12520 = SURFACE_STYLE_USAGE(.BOTH.,#12521);
#12521 = SURFACE_SIDE_STYLE('',(#12522));
#12522 = SURFACE_STYLE_FILL_AREA(#12523);
#12523 = FILL_AREA_STYLE('',(#12524));
#12524 = FILL_AREA_STYLE_COLOUR('',#10467);
#12525 = OVER_RIDING_STYLED_ITEM('overriding color',(#12526),#10048,
  #10460);
#12526 = PRESENTATION_STYLE_ASSIGNMENT((#12527));
#12527 = SURFACE_STYLE_USAGE(.BOTH.,#12528);
#12528 = SURFACE_SIDE_STYLE('',(#12529));
#12529 = SURFACE_STYLE_FILL_AREA(#12530);
#12530 = FILL_AREA_STYLE('',(#12531));
#12531 = FILL_AREA_STYLE_COLOUR('',#10467);
#12532 = OVER_RIDING_STYLED_ITEM('overriding color',(#12533),#10068,
  #10460);
#12533 = PRESENTATION_STYLE_ASSIGNMENT((#12534));
#12534 = SURFACE_STYLE_USAGE(.BOTH.,#12535);
#12535 = SURFACE_SIDE_STYLE('',(#12536));
#12536 = SURFACE_STYLE_FILL_AREA(#12537);
#12537 = FILL_AREA_STYLE('',(#12538));
#12538 = FILL_AREA_STYLE_COLOUR('',#10467);
#12539 = OVER_RIDING_STYLED_ITEM('overriding color',(#12540),#10088,
  #10460);
#12540 = PRESENTATION_STYLE_ASSIGNMENT((#12541));
#12541 = SURFACE_STYLE_USAGE(.BOTH.,#12542);
#12542 = SURFACE_SIDE_STYLE('',(#12543));
#12543 = SURFACE_STYLE_FILL_AREA(#12544);
#12544 = FILL_AREA_STYLE('',(#12545));
#12545 = FILL_AREA_STYLE_COLOUR('',#10467);
#12546 = OVER_RIDING_STYLED_ITEM('overriding color',(#12547),#10108,
  #10460);
#12547 = PRESENTATION_STYLE_ASSIGNMENT((#12548));
#12548 = SURFACE_STYLE_USAGE(.BOTH.,#12549);
#12549 = SURFACE_SIDE_STYLE('',(#12550));
#12550 = SURFACE_STYLE_FILL_AREA(#12551);
#12551 = FILL_AREA_STYLE('',(#12552));
#12552 = FILL_AREA_STYLE_COLOUR('',#10467);
#12553 = OVER_RIDING_STYLED_ITEM('overriding color',(#12554),#10128,
  #10460);
#12554 = PRESENTATION_STYLE_ASSIGNMENT((#12555));
#12555 = SURFACE_STYLE_USAGE(.BOTH.,#12556);
#12556 = SURFACE_SIDE_STYLE('',(#12557));
#12557 = SURFACE_STYLE_FILL_AREA(#12558);
#12558 = FILL_AREA_STYLE('',(#12559));
#12559 = FILL_AREA_STYLE_COLOUR('',#10467);
#12560 = OVER_RIDING_STYLED_ITEM('overriding color',(#12561),#10148,
  #10460);
#12561 = PRESENTATION_STYLE_ASSIGNMENT((#12562));
#12562 = SURFACE_STYLE_USAGE(.BOTH.,#12563);
#12563 = SURFACE_SIDE_STYLE('',(#12564));
#12564 = SURFACE_STYLE_FILL_AREA(#12565);
#12565 = FILL_AREA_STYLE('',(#12566));
#12566 = FILL_AREA_STYLE_COLOUR('',#10467);
#12567 = OVER_RIDING_STYLED_ITEM('overriding color',(#12568),#10168,
  #10460);
#12568 = PRESENTATION_STYLE_ASSIGNMENT((#12569));
#12569 = SURFACE_STYLE_USAGE(.BOTH.,#12570);
#12570 = SURFACE_SIDE_STYLE('',(#12571));
#12571 = SURFACE_STYLE_FILL_AREA(#12572);
#12572 = FILL_AREA_STYLE('',(#12573));
#12573 = FILL_AREA_STYLE_COLOUR('',#10467);
#12574 = OVER_RIDING_STYLED_ITEM('overriding color',(#12575),#10188,
  #10460);
#12575 = PRESENTATION_STYLE_ASSIGNMENT((#12576));
#12576 = SURFACE_STYLE_USAGE(.BOTH.,#12577);
#12577 = SURFACE_SIDE_STYLE('',(#12578));
#12578 = SURFACE_STYLE_FILL_AREA(#12579);
#12579 = FILL_AREA_STYLE('',(#12580));
#12580 = FILL_AREA_STYLE_COLOUR('',#10467);
#12581 = OVER_RIDING_STYLED_ITEM('overriding color',(#12582),#10204,
  #10460);
#12582 = PRESENTATION_STYLE_ASSIGNMENT((#12583));
#12583 = SURFACE_STYLE_USAGE(.BOTH.,#12584);
#12584 = SURFACE_SIDE_STYLE('',(#12585));
#12585 = SURFACE_STYLE_FILL_AREA(#12586);
#12586 = FILL_AREA_STYLE('',(#12587));
#12587 = FILL_AREA_STYLE_COLOUR('',#10467);
#12588 = OVER_RIDING_STYLED_ITEM('overriding color',(#12589),#10224,
  #10460);
#12589 = PRESENTATION_STYLE_ASSIGNMENT((#12590));
#12590 = SURFACE_STYLE_USAGE(.BOTH.,#12591);
#12591 = SURFACE_SIDE_STYLE('',(#12592));
#12592 = SURFACE_STYLE_FILL_AREA(#12593);
#12593 = FILL_AREA_STYLE('',(#12594));
#12594 = FILL_AREA_STYLE_COLOUR('',#10467);
#12595 = OVER_RIDING_STYLED_ITEM('overriding color',(#12596),#10244,
  #10460);
#12596 = PRESENTATION_STYLE_ASSIGNMENT((#12597));
#12597 = SURFACE_STYLE_USAGE(.BOTH.,#12598);
#12598 = SURFACE_SIDE_STYLE('',(#12599));
#12599 = SURFACE_STYLE_FILL_AREA(#12600);
#12600 = FILL_AREA_STYLE('',(#12601));
#12601 = FILL_AREA_STYLE_COLOUR('',#10467);
#12602 = OVER_RIDING_STYLED_ITEM('overriding color',(#12603),#10260,
  #10460);
#12603 = PRESENTATION_STYLE_ASSIGNMENT((#12604));
#12604 = SURFACE_STYLE_USAGE(.BOTH.,#12605);
#12605 = SURFACE_SIDE_STYLE('',(#12606));
#12606 = SURFACE_STYLE_FILL_AREA(#12607);
#12607 = FILL_AREA_STYLE('',(#12608));
#12608 = FILL_AREA_STYLE_COLOUR('',#10467);
#12609 = OVER_RIDING_STYLED_ITEM('overriding color',(#12610),#10280,
  #10460);
#12610 = PRESENTATION_STYLE_ASSIGNMENT((#12611));
#12611 = SURFACE_STYLE_USAGE(.BOTH.,#12612);
#12612 = SURFACE_SIDE_STYLE('',(#12613));
#12613 = SURFACE_STYLE_FILL_AREA(#12614);
#12614 = FILL_AREA_STYLE('',(#12615));
#12615 = FILL_AREA_STYLE_COLOUR('',#10467);
#12616 = OVER_RIDING_STYLED_ITEM('overriding color',(#12617),#10300,
  #10460);
#12617 = PRESENTATION_STYLE_ASSIGNMENT((#12618));
#12618 = SURFACE_STYLE_USAGE(.BOTH.,#12619);
#12619 = SURFACE_SIDE_STYLE('',(#12620));
#12620 = SURFACE_STYLE_FILL_AREA(#12621);
#12621 = FILL_AREA_STYLE('',(#12622));
#12622 = FILL_AREA_STYLE_COLOUR('',#10467);
#12623 = OVER_RIDING_STYLED_ITEM('overriding color',(#12624),#10320,
  #10460);
#12624 = PRESENTATION_STYLE_ASSIGNMENT((#12625));
#12625 = SURFACE_STYLE_USAGE(.BOTH.,#12626);
#12626 = SURFACE_SIDE_STYLE('',(#12627));
#12627 = SURFACE_STYLE_FILL_AREA(#12628);
#12628 = FILL_AREA_STYLE('',(#12629));
#12629 = FILL_AREA_STYLE_COLOUR('',#10467);
#12630 = OVER_RIDING_STYLED_ITEM('overriding color',(#12631),#10336,
  #10460);
#12631 = PRESENTATION_STYLE_ASSIGNMENT((#12632));
#12632 = SURFACE_STYLE_USAGE(.BOTH.,#12633);
#12633 = SURFACE_SIDE_STYLE('',(#12634));
#12634 = SURFACE_STYLE_FILL_AREA(#12635);
#12635 = FILL_AREA_STYLE('',(#12636));
#12636 = FILL_AREA_STYLE_COLOUR('',#10467);
#12637 = OVER_RIDING_STYLED_ITEM('overriding color',(#12638),#10356,
  #10460);
#12638 = PRESENTATION_STYLE_ASSIGNMENT((#12639));
#12639 = SURFACE_STYLE_USAGE(.BOTH.,#12640);
#12640 = SURFACE_SIDE_STYLE('',(#12641));
#12641 = SURFACE_STYLE_FILL_AREA(#12642);
#12642 = FILL_AREA_STYLE('',(#12643));
#12643 = FILL_AREA_STYLE_COLOUR('',#10467);
#12644 = OVER_RIDING_STYLED_ITEM('overriding color',(#12645),#10372,
  #10460);
#12645 = PRESENTATION_STYLE_ASSIGNMENT((#12646));
#12646 = SURFACE_STYLE_USAGE(.BOTH.,#12647);
#12647 = SURFACE_SIDE_STYLE('',(#12648));
#12648 = SURFACE_STYLE_FILL_AREA(#12649);
#12649 = FILL_AREA_STYLE('',(#12650));
#12650 = FILL_AREA_STYLE_COLOUR('',#10467);
#12651 = OVER_RIDING_STYLED_ITEM('overriding color',(#12652),#10415,
  #10460);
#12652 = PRESENTATION_STYLE_ASSIGNMENT((#12653));
#12653 = SURFACE_STYLE_USAGE(.BOTH.,#12654);
#12654 = SURFACE_SIDE_STYLE('',(#12655));
#12655 = SURFACE_STYLE_FILL_AREA(#12656);
#12656 = FILL_AREA_STYLE('',(#12657));
#12657 = FILL_AREA_STYLE_COLOUR('',#10467);
#12658 = OVER_RIDING_STYLED_ITEM('overriding color',(#12659),#10443,
  #10460);
#12659 = PRESENTATION_STYLE_ASSIGNMENT((#12660));
#12660 = SURFACE_STYLE_USAGE(.BOTH.,#12661);
#12661 = SURFACE_SIDE_STYLE('',(#12662));
#12662 = SURFACE_STYLE_FILL_AREA(#12663);
#12663 = FILL_AREA_STYLE('',(#12664));
#12664 = FILL_AREA_STYLE_COLOUR('',#10477);
ENDSEC;
END-ISO-10303-21;
