ISO-10303-21;
HEADER;
FILE_DESCRIPTION(('Open CASCADE Model'),'2;1');
FILE_NAME('Open CASCADE Shape Model','2026-04-19T08:42:16',('Author'),(
    'Open CASCADE'),'Open CASCADE STEP processor 7.9','Open CASCADE 7.9'
  ,'Unknown');
FILE_SCHEMA(('AUTOMOTIVE_DESIGN { 1 0 10303 214 1 1 1 1 }'));
ENDSEC;
DATA;
#1 = APPLICATION_PROTOCOL_DEFINITION('international standard',
  'automotive_design',2000,#2);
#2 = APPLICATION_CONTEXT(
  'core data for automotive mechanical design processes');
#3 = SHAPE_DEFINITION_REPRESENTATION(#4,#10);
#4 = PRODUCT_DEFINITION_SHAPE('','',#5);
#5 = PRODUCT_DEFINITION('design','',#6,#9);
#6 = PRODUCT_DEFINITION_FORMATION('','',#7);
#7 = PRODUCT('COMPOUND','COMPOUND','',(#8));
#8 = PRODUCT_CONTEXT('',#2,'mechanical');
#9 = PRODUCT_DEFINITION_CONTEXT('part definition',#2,'design');
#10 = SHAPE_REPRESENTATION('',(#11,#15,#12025),#12127);
#11 = AXIS2_PLACEMENT_3D('',#12,#13,#14);
#12 = CARTESIAN_POINT('',(0.,0.,0.));
#13 = DIRECTION('',(0.,0.,1.));
#14 = DIRECTION('',(1.,0.,-0.));
#15 = MANIFOLD_SOLID_BREP('',#16);
#16 = CLOSED_SHELL('',(#17,#65,#113,#1518,#1568,#1618,#1856,#1906,#2114,
    #2449,#2495,#2520,#2542,#2567,#2583,#2597,#2628,#2650,#2675,#2691,
    #2719,#2733,#2764,#2786,#2811,#2839,#2855,#2869,#2891,#2913,#2938,
    #2960,#2979,#2993,#3024,#3046,#3071,#3087,#3103,#3117,#3139,#3164,
    #3186,#3205,#3219,#3254,#3283,#3311,#3343,#3371,#3403,#3423,#3451,
    #3483,#3511,#3535,#3555,#3577,#3613,#3640,#3669,#3701,#3729,#3761,
    #3781,#3809,#3841,#3869,#3893,#3913,#3935,#3971,#3999,#4027,#4059,
    #4087,#4119,#4139,#4167,#4199,#4227,#4251,#4271,#4291,#4327,#4355,
    #4383,#4415,#4443,#4475,#4495,#4523,#4555,#4583,#4607,#4627,#4647,
    #4682,#4711,#4739,#4771,#4799,#4831,#4851,#4879,#4911,#4939,#4963,
    #4985,#5005,#5041,#5068,#5097,#5129,#5157,#5189,#5209,#5237,#5269,
    #5297,#5321,#5343,#5363,#5388,#5518,#5546,#5568,#5590,#5606,#5618,
    #5646,#5668,#5690,#5706,#5718,#5746,#5768,#5790,#5806,#5818,#5846,
    #5868,#5890,#5906,#5918,#5946,#5968,#5990,#6012,#6034,#6050,#6064,
    #6098,#6120,#6148,#6176,#6204,#6232,#6260,#6288,#6310,#6338,#6366,
    #6394,#6422,#6444,#6466,#6494,#6516,#6538,#6560,#6582,#6604,#6626,
    #6648,#6670,#6692,#6714,#6730,#6750,#6874,#6894,#6914,#6934,#6954,
    #6974,#6990,#7002,#7030,#7052,#7074,#7102,#7130,#7158,#7180,#7195,
    #7307,#7327,#7343,#7359,#7375,#7391,#7407,#7423,#7435,#7463,#7485,
    #7513,#7535,#7563,#7579,#7593,#7621,#7643,#7665,#7687,#7709,#7731,
    #7753,#7775,#7797,#7819,#7841,#7857,#7877,#8069,#8093,#8109,#8129,
    #8149,#8165,#8185,#8205,#8225,#8245,#8261,#8277,#8293,#8309,#8325,
    #8359,#8387,#8415,#8443,#8471,#8499,#8521,#8537,#8553,#8587,#8609,
    #8637,#8665,#8693,#8721,#8749,#8777,#8805,#8833,#8861,#8889,#8911,
    #8939,#8967,#8995,#9023,#9051,#9079,#9107,#9129,#9158,#9186,#9208,
    #9236,#9258,#9280,#9302,#9324,#9346,#9368,#9396,#9424,#9446,#9474,
    #9502,#9518,#9541,#9569,#9591,#9613,#9635,#9657,#9679,#9701,#9723,
    #9745,#9767,#9789,#9805,#9825,#9949,#9969,#9989,#10009,#10029,#10049
    ,#10065,#10077,#10105,#10127,#10149,#10177,#10205,#10233,#10255,
    #10270,#10382,#10402,#10418,#10434,#10450,#10466,#10482,#10498,
    #10510,#10538,#10560,#10588,#10610,#10638,#10654,#10668,#10988,
    #11012,#11032,#11052,#11072,#11092,#11112,#11132,#11152,#11172,
    #11192,#11212,#11232,#11248,#11264,#11280,#11296,#11316,#11336,
    #11356,#11376,#11396,#11416,#11436,#11452,#11472,#11492,#11508,
    #11528,#11548,#11568,#11584,#11604,#11620,#11663,#11691,#11701,
    #11726,#11736,#11764,#11786,#11808,#11824,#11836,#11864,#11886,
    #11908,#11924,#11936,#11952,#11969,#11983,#11997,#12011));
#17 = ADVANCED_FACE('',(#18),#54,.F.);
#18 = FACE_BOUND('',#19,.F.);
#19 = EDGE_LOOP('',(#20,#29,#39,#46));
#20 = ORIENTED_EDGE('',*,*,#21,.T.);
#21 = EDGE_CURVE('',#22,#24,#26,.T.);
#22 = VERTEX_POINT('',#23);
#23 = CARTESIAN_POINT('',(-0.675,-4.999999999997E-04,0.1250001));
#24 = VERTEX_POINT('',#25);
#25 = CARTESIAN_POINT('',(-0.675,-4.999999999997E-04,2.50001E-02));
#26 = B_SPLINE_CURVE_WITH_KNOTS('',1,(#27,#28),.UNSPECIFIED.,.F.,.F.,(2,
    2),(-0.,0.1),.PIECEWISE_BEZIER_KNOTS.);
#27 = CARTESIAN_POINT('',(-0.675,-4.999999999997E-04,0.1250001));
#28 = CARTESIAN_POINT('',(-0.675,-4.999999999997E-04,2.50001E-02));
#29 = ORIENTED_EDGE('',*,*,#30,.F.);
#30 = EDGE_CURVE('',#31,#24,#33,.T.);
#31 = VERTEX_POINT('',#32);
#32 = CARTESIAN_POINT('',(0.675,-4.999999999996E-04,2.50001E-02));
#33 = ( BOUNDED_CURVE() B_SPLINE_CURVE(2,(#34,#35,#36,#37,#38),
.UNSPECIFIED.,.F.,.F.) B_SPLINE_CURVE_WITH_KNOTS((3,2,3),(3.14159265359,
4.712388980385,6.28318530718),.PIECEWISE_BEZIER_KNOTS.) CURVE() 
GEOMETRIC_REPRESENTATION_ITEM() RATIONAL_B_SPLINE_CURVE((1.,
0.707106781187,1.,0.707106781187,1.)) REPRESENTATION_ITEM('') );
#34 = CARTESIAN_POINT('',(0.675,-4.999999999996E-04,2.50001E-02));
#35 = CARTESIAN_POINT('',(0.675,-0.6755,2.50001E-02));
#36 = CARTESIAN_POINT('',(1.239954884137E-16,-0.6755,2.50001E-02));
#37 = CARTESIAN_POINT('',(-0.675,-0.6755,2.50001E-02));
#38 = CARTESIAN_POINT('',(-0.675,-4.999999999999E-04,2.50001E-02));
#39 = ORIENTED_EDGE('',*,*,#40,.F.);
#40 = EDGE_CURVE('',#41,#31,#43,.T.);
#41 = VERTEX_POINT('',#42);
#42 = CARTESIAN_POINT('',(0.675,-4.999999999996E-04,0.1250001));
#43 = B_SPLINE_CURVE_WITH_KNOTS('',1,(#44,#45),.UNSPECIFIED.,.F.,.F.,(2,
    2),(-0.,0.1),.PIECEWISE_BEZIER_KNOTS.);
#44 = CARTESIAN_POINT('',(0.675,-4.999999999996E-04,0.1250001));
#45 = CARTESIAN_POINT('',(0.675,-4.999999999996E-04,2.50001E-02));
#46 = ORIENTED_EDGE('',*,*,#47,.T.);
#47 = EDGE_CURVE('',#41,#22,#48,.T.);
#48 = ( BOUNDED_CURVE() B_SPLINE_CURVE(2,(#49,#50,#51,#52,#53),
.UNSPECIFIED.,.F.,.F.) B_SPLINE_CURVE_WITH_KNOTS((3,2,3),(3.14159265359,
4.712388980385,6.28318530718),.PIECEWISE_BEZIER_KNOTS.) CURVE() 
GEOMETRIC_REPRESENTATION_ITEM() RATIONAL_B_SPLINE_CURVE((1.,
0.707106781187,1.,0.707106781187,1.)) REPRESENTATION_ITEM('') );
#49 = CARTESIAN_POINT('',(0.675,-4.999999999996E-04,0.1250001));
#50 = CARTESIAN_POINT('',(0.675,-0.6755,0.1250001));
#51 = CARTESIAN_POINT('',(1.239954884137E-16,-0.6755,0.1250001));
#52 = CARTESIAN_POINT('',(-0.675,-0.6755,0.1250001));
#53 = CARTESIAN_POINT('',(-0.675,-4.999999999999E-04,0.1250001));
#54 = ( BOUNDED_SURFACE() B_SPLINE_SURFACE(2,1,(
    (#55,#56)
    ,(#57,#58)
    ,(#59,#60)
    ,(#61,#62)
,(#63,#64
    )),.UNSPECIFIED.,.F.,.F.,.F.) B_SPLINE_SURFACE_WITH_KNOTS((3,2,3),(2
    ,2),(3.14159265359,4.712388980385,6.28318530718),(0.,0.1),
.PIECEWISE_BEZIER_KNOTS.) GEOMETRIC_REPRESENTATION_ITEM() 
RATIONAL_B_SPLINE_SURFACE((
    (1.,1.)
    ,(0.707106781187,0.707106781187)
    ,(1.,1.)
    ,(0.707106781187,0.707106781187)
,(1.,1.))) REPRESENTATION_ITEM('') SURFACE() );
#55 = CARTESIAN_POINT('',(0.675,-4.999999999996E-04,0.1250001));
#56 = CARTESIAN_POINT('',(0.675,-4.999999999996E-04,2.50001E-02));
#57 = CARTESIAN_POINT('',(0.675,-0.6755,0.1250001));
#58 = CARTESIAN_POINT('',(0.675,-0.6755,2.50001E-02));
#59 = CARTESIAN_POINT('',(1.239954884137E-16,-0.6755,0.1250001));
#60 = CARTESIAN_POINT('',(1.239954884137E-16,-0.6755,2.50001E-02));
#61 = CARTESIAN_POINT('',(-0.675,-0.6755,0.1250001));
#62 = CARTESIAN_POINT('',(-0.675,-0.6755,2.50001E-02));
#63 = CARTESIAN_POINT('',(-0.675,-4.999999999999E-04,0.1250001));
#64 = CARTESIAN_POINT('',(-0.675,-4.999999999999E-04,2.50001E-02));
#65 = ADVANCED_FACE('',(#66),#102,.F.);
#66 = FACE_BOUND('',#67,.F.);
#67 = EDGE_LOOP('',(#68,#77,#87,#94));
#68 = ORIENTED_EDGE('',*,*,#69,.T.);
#69 = EDGE_CURVE('',#70,#72,#74,.T.);
#70 = VERTEX_POINT('',#71);
#71 = CARTESIAN_POINT('',(2.,-4.999999999997E-04,1.1250001));
#72 = VERTEX_POINT('',#73);
#73 = CARTESIAN_POINT('',(2.,-4.999999999997E-04,1.6250001));
#74 = B_SPLINE_CURVE_WITH_KNOTS('',1,(#75,#76),.UNSPECIFIED.,.F.,.F.,(2,
    2),(0.,0.5),.PIECEWISE_BEZIER_KNOTS.);
#75 = CARTESIAN_POINT('',(2.,-4.999999999997E-04,1.1250001));
#76 = CARTESIAN_POINT('',(2.,-4.999999999997E-04,1.6250001));
#77 = ORIENTED_EDGE('',*,*,#78,.F.);
#78 = EDGE_CURVE('',#79,#72,#81,.T.);
#79 = VERTEX_POINT('',#80);
#80 = CARTESIAN_POINT('',(-2.,-4.999999999995E-04,1.6250001));
#81 = ( BOUNDED_CURVE() B_SPLINE_CURVE(2,(#82,#83,#84,#85,#86),
.UNSPECIFIED.,.F.,.F.) B_SPLINE_CURVE_WITH_KNOTS((3,2,3),(3.14159265359,
4.712388980385,6.28318530718),.PIECEWISE_BEZIER_KNOTS.) CURVE() 
GEOMETRIC_REPRESENTATION_ITEM() RATIONAL_B_SPLINE_CURVE((1.,
0.707106781187,1.,0.707106781187,1.)) REPRESENTATION_ITEM('') );
#82 = CARTESIAN_POINT('',(-2.,-4.999999999995E-04,1.6250001));
#83 = CARTESIAN_POINT('',(-2.,-2.0005,1.6250001));
#84 = CARTESIAN_POINT('',(-3.673940397442E-16,-2.0005,1.6250001));
#85 = CARTESIAN_POINT('',(2.,-2.0005,1.6250001));
#86 = CARTESIAN_POINT('',(2.,-5.000000000002E-04,1.6250001));
#87 = ORIENTED_EDGE('',*,*,#88,.F.);
#88 = EDGE_CURVE('',#89,#79,#91,.T.);
#89 = VERTEX_POINT('',#90);
#90 = CARTESIAN_POINT('',(-2.,-4.999999999995E-04,1.1250001));
#91 = B_SPLINE_CURVE_WITH_KNOTS('',1,(#92,#93),.UNSPECIFIED.,.F.,.F.,(2,
    2),(0.,0.5),.PIECEWISE_BEZIER_KNOTS.);
#92 = CARTESIAN_POINT('',(-2.,-4.999999999995E-04,1.1250001));
#93 = CARTESIAN_POINT('',(-2.,-4.999999999995E-04,1.6250001));
#94 = ORIENTED_EDGE('',*,*,#95,.T.);
#95 = EDGE_CURVE('',#89,#70,#96,.T.);
#96 = ( BOUNDED_CURVE() B_SPLINE_CURVE(2,(#97,#98,#99,#100,#101),
.UNSPECIFIED.,.F.,.F.) B_SPLINE_CURVE_WITH_KNOTS((3,2,3),(3.14159265359,
4.712388980385,6.28318530718),.PIECEWISE_BEZIER_KNOTS.) CURVE() 
GEOMETRIC_REPRESENTATION_ITEM() RATIONAL_B_SPLINE_CURVE((1.,
0.707106781187,1.,0.707106781187,1.)) REPRESENTATION_ITEM('') );
#97 = CARTESIAN_POINT('',(-2.,-4.999999999995E-04,1.1250001));
#98 = CARTESIAN_POINT('',(-2.,-2.0005,1.1250001));
#99 = CARTESIAN_POINT('',(-3.673940397442E-16,-2.0005,1.1250001));
#100 = CARTESIAN_POINT('',(2.,-2.0005,1.1250001));
#101 = CARTESIAN_POINT('',(2.,-5.000000000002E-04,1.1250001));
#102 = ( BOUNDED_SURFACE() B_SPLINE_SURFACE(2,1,(
    (#103,#104)
    ,(#105,#106)
    ,(#107,#108)
    ,(#109,#110)
,(#111,#112
    )),.UNSPECIFIED.,.F.,.F.,.F.) B_SPLINE_SURFACE_WITH_KNOTS((3,2,3),(2
    ,2),(3.14159265359,4.712388980385,6.28318530718),(0.,0.5),
.PIECEWISE_BEZIER_KNOTS.) GEOMETRIC_REPRESENTATION_ITEM() 
RATIONAL_B_SPLINE_SURFACE((
    (1.,1.)
    ,(0.707106781187,0.707106781187)
    ,(1.,1.)
    ,(0.707106781187,0.707106781187)
,(1.,1.))) REPRESENTATION_ITEM('') SURFACE() );
#103 = CARTESIAN_POINT('',(-2.,-4.999999999995E-04,1.1250001));
#104 = CARTESIAN_POINT('',(-2.,-4.999999999995E-04,1.6250001));
#105 = CARTESIAN_POINT('',(-2.,-2.0005,1.1250001));
#106 = CARTESIAN_POINT('',(-2.,-2.0005,1.6250001));
#107 = CARTESIAN_POINT('',(-3.673940397442E-16,-2.0005,1.1250001));
#108 = CARTESIAN_POINT('',(-3.673940397442E-16,-2.0005,1.6250001));
#109 = CARTESIAN_POINT('',(2.,-2.0005,1.1250001));
#110 = CARTESIAN_POINT('',(2.,-2.0005,1.6250001));
#111 = CARTESIAN_POINT('',(2.,-5.000000000002E-04,1.1250001));
#112 = CARTESIAN_POINT('',(2.,-5.000000000002E-04,1.6250001));
#113 = ADVANCED_FACE('',(#114,#172,#258,#375,#562,#678,#737,#767,#811,
    #935,#1021,#1079,#1165,#1224),#1513,.T.);
#114 = FACE_BOUND('',#115,.T.);
#115 = EDGE_LOOP('',(#116,#125,#132,#139,#146,#153,#160,#167));
#116 = ORIENTED_EDGE('',*,*,#117,.F.);
#117 = EDGE_CURVE('',#118,#120,#122,.T.);
#118 = VERTEX_POINT('',#119);
#119 = CARTESIAN_POINT('',(-0.522203911659,2.4995,1.058419127079));
#120 = VERTEX_POINT('',#121);
#121 = CARTESIAN_POINT('',(-0.503488269164,2.4995,1.058419127079));
#122 = B_SPLINE_CURVE_WITH_KNOTS('',1,(#123,#124),.UNSPECIFIED.,.F.,.F.,
  (2,2),(-1.871564249456E-02,0.),.PIECEWISE_BEZIER_KNOTS.);
#123 = CARTESIAN_POINT('',(-0.522203911659,2.4995,1.058419127079));
#124 = CARTESIAN_POINT('',(-0.503488269164,2.4995,1.058419127079));
#125 = ORIENTED_EDGE('',*,*,#126,.F.);
#126 = EDGE_CURVE('',#127,#118,#129,.T.);
#127 = VERTEX_POINT('',#128);
#128 = CARTESIAN_POINT('',(-0.573845221502,2.4995,0.922834694791));
#129 = B_SPLINE_CURVE_WITH_KNOTS('',1,(#130,#131),.UNSPECIFIED.,.F.,.F.,
  (2,2),(-0.14508605433,0.),.PIECEWISE_BEZIER_KNOTS.);
#130 = CARTESIAN_POINT('',(-0.573845221502,2.4995,0.922834694791));
#131 = CARTESIAN_POINT('',(-0.522203911659,2.4995,1.058419127079));
#132 = ORIENTED_EDGE('',*,*,#133,.F.);
#133 = EDGE_CURVE('',#134,#127,#136,.T.);
#134 = VERTEX_POINT('',#135);
#135 = CARTESIAN_POINT('',(-0.554505724259,2.4995,0.922834694791));
#136 = B_SPLINE_CURVE_WITH_KNOTS('',1,(#137,#138),.UNSPECIFIED.,.F.,.F.,
  (2,2),(-1.933949724271E-02,0.),.PIECEWISE_BEZIER_KNOTS.);
#137 = CARTESIAN_POINT('',(-0.554505724259,2.4995,0.922834694791));
#138 = CARTESIAN_POINT('',(-0.573845221502,2.4995,0.922834694791));
#139 = ORIENTED_EDGE('',*,*,#140,.F.);
#140 = EDGE_CURVE('',#141,#134,#143,.T.);
#141 = VERTEX_POINT('',#142);
#142 = CARTESIAN_POINT('',(-0.540676943971,2.4995,0.959919393806));
#143 = B_SPLINE_CURVE_WITH_KNOTS('',1,(#144,#145),.UNSPECIFIED.,.F.,.F.,
  (2,2),(-3.957916200801E-02,-0.),.PIECEWISE_BEZIER_KNOTS.);
#144 = CARTESIAN_POINT('',(-0.540676943971,2.4995,0.959919393806));
#145 = CARTESIAN_POINT('',(-0.554505724259,2.4995,0.922834694791));
#146 = ORIENTED_EDGE('',*,*,#147,.F.);
#147 = EDGE_CURVE('',#148,#141,#150,.T.);
#148 = VERTEX_POINT('',#149);
#149 = CARTESIAN_POINT('',(-0.484218089115,2.4995,0.959919393806));
#150 = B_SPLINE_CURVE_WITH_KNOTS('',1,(#151,#152),.UNSPECIFIED.,.F.,.F.,
  (2,2),(-5.645885485636E-02,0.),.PIECEWISE_BEZIER_KNOTS.);
#151 = CARTESIAN_POINT('',(-0.484218089115,2.4995,0.959919393806));
#152 = CARTESIAN_POINT('',(-0.540676943971,2.4995,0.959919393806));
#153 = ORIENTED_EDGE('',*,*,#154,.F.);
#154 = EDGE_CURVE('',#155,#148,#157,.T.);
#155 = VERTEX_POINT('',#156);
#156 = CARTESIAN_POINT('',(-0.471186456564,2.4995,0.922834694791));
#157 = B_SPLINE_CURVE_WITH_KNOTS('',1,(#158,#159),.UNSPECIFIED.,.F.,.F.,
  (2,2),(-3.930773903384E-02,0.),.PIECEWISE_BEZIER_KNOTS.);
#158 = CARTESIAN_POINT('',(-0.471186456564,2.4995,0.922834694791));
#159 = CARTESIAN_POINT('',(-0.484218089115,2.4995,0.959919393806));
#160 = ORIENTED_EDGE('',*,*,#161,.F.);
#161 = EDGE_CURVE('',#162,#155,#164,.T.);
#162 = VERTEX_POINT('',#163);
#163 = CARTESIAN_POINT('',(-0.45184695932,2.4995,0.922834694791));
#164 = B_SPLINE_CURVE_WITH_KNOTS('',1,(#165,#166),.UNSPECIFIED.,.F.,.F.,
  (2,2),(-1.933949724364E-02,0.),.PIECEWISE_BEZIER_KNOTS.);
#165 = CARTESIAN_POINT('',(-0.45184695932,2.4995,0.922834694791));
#166 = CARTESIAN_POINT('',(-0.471186456564,2.4995,0.922834694791));
#167 = ORIENTED_EDGE('',*,*,#168,.F.);
#168 = EDGE_CURVE('',#120,#162,#169,.T.);
#169 = B_SPLINE_CURVE_WITH_KNOTS('',1,(#170,#171),.UNSPECIFIED.,.F.,.F.,
  (2,2),(-0.14508605433,0.),.PIECEWISE_BEZIER_KNOTS.);
#170 = CARTESIAN_POINT('',(-0.503488269164,2.4995,1.058419127079));
#171 = CARTESIAN_POINT('',(-0.45184695932,2.4995,0.922834694791));
#172 = FACE_BOUND('',#173,.T.);
#173 = EDGE_LOOP('',(#174,#183,#190,#197,#204,#211,#218,#225,#232,#239,
    #246,#253));
#174 = ORIENTED_EDGE('',*,*,#175,.F.);
#175 = EDGE_CURVE('',#176,#178,#180,.T.);
#176 = VERTEX_POINT('',#177);
#177 = CARTESIAN_POINT('',(-0.308325708272,2.4995,0.938292429147));
#178 = VERTEX_POINT('',#179);
#179 = CARTESIAN_POINT('',(-0.252906611333,2.4995,0.938292429147));
#180 = B_SPLINE_CURVE_WITH_KNOTS('',1,(#181,#182),.UNSPECIFIED.,.F.,.F.,
  (2,2),(-5.541909693938E-02,0.),.PIECEWISE_BEZIER_KNOTS.);
#181 = CARTESIAN_POINT('',(-0.308325708272,2.4995,0.938292429147));
#182 = CARTESIAN_POINT('',(-0.252906611333,2.4995,0.938292429147));
#183 = ORIENTED_EDGE('',*,*,#184,.F.);
#184 = EDGE_CURVE('',#185,#176,#187,.T.);
#185 = VERTEX_POINT('',#186);
#186 = CARTESIAN_POINT('',(-0.308325708272,2.4995,0.922834694791));
#187 = B_SPLINE_CURVE_WITH_KNOTS('',1,(#188,#189),.UNSPECIFIED.,.F.,.F.,
  (2,2),(-1.545773435586E-02,0.),.PIECEWISE_BEZIER_KNOTS.);
#188 = CARTESIAN_POINT('',(-0.308325708272,2.4995,0.922834694791));
#189 = CARTESIAN_POINT('',(-0.308325708272,2.4995,0.938292429147));
#190 = ORIENTED_EDGE('',*,*,#191,.F.);
#191 = EDGE_CURVE('',#192,#185,#194,.T.);
#192 = VERTEX_POINT('',#193);
#193 = CARTESIAN_POINT('',(-0.235404019741,2.4995,0.922834694791));
#194 = B_SPLINE_CURVE_WITH_KNOTS('',1,(#195,#196),.UNSPECIFIED.,.F.,.F.,
  (2,2),(-7.29216885311E-02,0.),.PIECEWISE_BEZIER_KNOTS.);
#195 = CARTESIAN_POINT('',(-0.235404019741,2.4995,0.922834694791));
#196 = CARTESIAN_POINT('',(-0.308325708272,2.4995,0.922834694791));
#197 = ORIENTED_EDGE('',*,*,#198,.F.);
#198 = EDGE_CURVE('',#199,#192,#201,.T.);
#199 = VERTEX_POINT('',#200);
#200 = CARTESIAN_POINT('',(-0.235404019741,2.4995,1.058419127079));
#201 = B_SPLINE_CURVE_WITH_KNOTS('',1,(#202,#203),.UNSPECIFIED.,.F.,.F.,
  (2,2),(-0.135584432288,1.775581746272E-30),.PIECEWISE_BEZIER_KNOTS.);
#202 = CARTESIAN_POINT('',(-0.235404019741,2.4995,1.058419127079));
#203 = CARTESIAN_POINT('',(-0.235404019741,2.4995,0.922834694791));
#204 = ORIENTED_EDGE('',*,*,#205,.F.);
#205 = EDGE_CURVE('',#206,#199,#208,.T.);
#206 = VERTEX_POINT('',#207);
#207 = CARTESIAN_POINT('',(-0.30524109312,2.4995,1.058419127079));
#208 = B_SPLINE_CURVE_WITH_KNOTS('',1,(#209,#210),.UNSPECIFIED.,.F.,.F.,
  (2,2),(-6.983707337918E-02,0.),.PIECEWISE_BEZIER_KNOTS.);
#209 = CARTESIAN_POINT('',(-0.30524109312,2.4995,1.058419127079));
#210 = CARTESIAN_POINT('',(-0.235404019741,2.4995,1.058419127079));
#211 = ORIENTED_EDGE('',*,*,#212,.F.);
#212 = EDGE_CURVE('',#213,#206,#215,.T.);
#213 = VERTEX_POINT('',#214);
#214 = CARTESIAN_POINT('',(-0.30524109312,2.4995,1.042822758334));
#215 = B_SPLINE_CURVE_WITH_KNOTS('',1,(#216,#217),.UNSPECIFIED.,.F.,.F.,
  (2,2),(-1.559636874454E-02,0.),.PIECEWISE_BEZIER_KNOTS.);
#216 = CARTESIAN_POINT('',(-0.30524109312,2.4995,1.042822758334));
#217 = CARTESIAN_POINT('',(-0.30524109312,2.4995,1.058419127079));
#218 = ORIENTED_EDGE('',*,*,#219,.F.);
#219 = EDGE_CURVE('',#220,#213,#222,.T.);
#220 = VERTEX_POINT('',#221);
#221 = CARTESIAN_POINT('',(-0.252906611333,2.4995,1.042822758334));
#222 = B_SPLINE_CURVE_WITH_KNOTS('',1,(#223,#224),.UNSPECIFIED.,.F.,.F.,
  (2,2),(-5.233448178746E-02,0.),.PIECEWISE_BEZIER_KNOTS.);
#223 = CARTESIAN_POINT('',(-0.252906611333,2.4995,1.042822758334));
#224 = CARTESIAN_POINT('',(-0.30524109312,2.4995,1.042822758334));
#225 = ORIENTED_EDGE('',*,*,#226,.F.);
#226 = EDGE_CURVE('',#227,#220,#229,.T.);
#227 = VERTEX_POINT('',#228);
#228 = CARTESIAN_POINT('',(-0.252906611333,2.4995,0.999430194626));
#229 = B_SPLINE_CURVE_WITH_KNOTS('',1,(#230,#231),.UNSPECIFIED.,.F.,.F.,
  (2,2),(-4.339256370808E-02,0.),.PIECEWISE_BEZIER_KNOTS.);
#230 = CARTESIAN_POINT('',(-0.252906611333,2.4995,0.999430194626));
#231 = CARTESIAN_POINT('',(-0.252906611333,2.4995,1.042822758334));
#232 = ORIENTED_EDGE('',*,*,#233,.F.);
#233 = EDGE_CURVE('',#234,#227,#236,.T.);
#234 = VERTEX_POINT('',#235);
#235 = CARTESIAN_POINT('',(-0.30139398883,2.4995,0.999430194626));
#236 = B_SPLINE_CURVE_WITH_KNOTS('',1,(#237,#238),.UNSPECIFIED.,.F.,.F.,
  (2,2),(-4.848737749685E-02,0.),.PIECEWISE_BEZIER_KNOTS.);
#237 = CARTESIAN_POINT('',(-0.30139398883,2.4995,0.999430194626));
#238 = CARTESIAN_POINT('',(-0.252906611333,2.4995,0.999430194626));
#239 = ORIENTED_EDGE('',*,*,#240,.F.);
#240 = EDGE_CURVE('',#241,#234,#243,.T.);
#241 = VERTEX_POINT('',#242);
#242 = CARTESIAN_POINT('',(-0.30139398883,2.4995,0.983903143076));
#243 = B_SPLINE_CURVE_WITH_KNOTS('',1,(#244,#245),.UNSPECIFIED.,.F.,.F.,
  (2,2),(-1.55270515502E-02,0.),.PIECEWISE_BEZIER_KNOTS.);
#244 = CARTESIAN_POINT('',(-0.30139398883,2.4995,0.983903143076));
#245 = CARTESIAN_POINT('',(-0.30139398883,2.4995,0.999430194626));
#246 = ORIENTED_EDGE('',*,*,#247,.F.);
#247 = EDGE_CURVE('',#248,#241,#250,.T.);
#248 = VERTEX_POINT('',#249);
#249 = CARTESIAN_POINT('',(-0.252906611333,2.4995,0.983903143076));
#250 = B_SPLINE_CURVE_WITH_KNOTS('',1,(#251,#252),.UNSPECIFIED.,.F.,.F.,
  (2,2),(-4.848737749685E-02,0.),.PIECEWISE_BEZIER_KNOTS.);
#251 = CARTESIAN_POINT('',(-0.252906611333,2.4995,0.983903143076));
#252 = CARTESIAN_POINT('',(-0.30139398883,2.4995,0.983903143076));
#253 = ORIENTED_EDGE('',*,*,#254,.F.);
#254 = EDGE_CURVE('',#178,#248,#255,.T.);
#255 = B_SPLINE_CURVE_WITH_KNOTS('',1,(#256,#257),.UNSPECIFIED.,.F.,.F.,
  (2,2),(-4.561071392888E-02,0.),.PIECEWISE_BEZIER_KNOTS.);
#256 = CARTESIAN_POINT('',(-0.252906611333,2.4995,0.938292429147));
#257 = CARTESIAN_POINT('',(-0.252906611333,2.4995,0.983903143076));
#258 = FACE_BOUND('',#259,.T.);
#259 = EDGE_LOOP('',(#260,#269,#276,#283,#292,#301,#308,#317,#326,#333,
    #340,#347,#354,#361,#368));
#260 = ORIENTED_EDGE('',*,*,#261,.F.);
#261 = EDGE_CURVE('',#262,#264,#266,.T.);
#262 = VERTEX_POINT('',#263);
#263 = CARTESIAN_POINT('',(-0.199497713031,2.4995,1.019670815397));
#264 = VERTEX_POINT('',#265);
#265 = CARTESIAN_POINT('',(-0.173053203359,2.4995,0.946749126866));
#266 = B_SPLINE_CURVE_WITH_KNOTS('',1,(#267,#268),.UNSPECIFIED.,.F.,.F.,
  (2,2),(-7.756858094629E-02,-1.892473934332E-17),
  .PIECEWISE_BEZIER_KNOTS.);
#267 = CARTESIAN_POINT('',(-0.199497713031,2.4995,1.019670815397));
#268 = CARTESIAN_POINT('',(-0.173053203359,2.4995,0.946749126866));
#269 = ORIENTED_EDGE('',*,*,#270,.F.);
#270 = EDGE_CURVE('',#271,#262,#273,.T.);
#271 = VERTEX_POINT('',#272);
#272 = CARTESIAN_POINT('',(-0.217104280414,2.4995,1.019670815397));
#273 = B_SPLINE_CURVE_WITH_KNOTS('',1,(#274,#275),.UNSPECIFIED.,.F.,.F.,
  (2,2),(-1.760656738231E-02,0.),.PIECEWISE_BEZIER_KNOTS.);
#274 = CARTESIAN_POINT('',(-0.217104280414,2.4995,1.019670815397));
#275 = CARTESIAN_POINT('',(-0.199497713031,2.4995,1.019670815397));
#276 = ORIENTED_EDGE('',*,*,#277,.F.);
#277 = EDGE_CURVE('',#278,#271,#280,.T.);
#278 = VERTEX_POINT('',#279);
#279 = CARTESIAN_POINT('',(-0.173157179151,2.4995,0.908208766769));
#280 = B_SPLINE_CURVE_WITH_KNOTS('',1,(#281,#282),.UNSPECIFIED.,.F.,.F.,
  (2,2),(-0.119812920814,0.),.PIECEWISE_BEZIER_KNOTS.);
#281 = CARTESIAN_POINT('',(-0.173157179151,2.4995,0.908208766769));
#282 = CARTESIAN_POINT('',(-0.217104280414,2.4995,1.019670815397));
#283 = ORIENTED_EDGE('',*,*,#284,.F.);
#284 = EDGE_CURVE('',#285,#278,#287,.T.);
#285 = VERTEX_POINT('',#286);
#286 = CARTESIAN_POINT('',(-0.138602557732,2.4995,0.877223980862));
#287 = B_SPLINE_CURVE_WITH_KNOTS('',3,(#288,#289,#290,#291),
  .UNSPECIFIED.,.F.,.F.,(4,4),(1.,2.),.PIECEWISE_BEZIER_KNOTS.);
#288 = CARTESIAN_POINT('',(-0.138602557732,2.4995,0.877223980862));
#289 = CARTESIAN_POINT('',(-0.153471095935,2.4995,0.877223980862));
#290 = CARTESIAN_POINT('',(-0.164977750209,2.4995,0.887552242831));
#291 = CARTESIAN_POINT('',(-0.173157179151,2.4995,0.908208766769));
#292 = ORIENTED_EDGE('',*,*,#293,.F.);
#293 = EDGE_CURVE('',#294,#285,#296,.T.);
#294 = VERTEX_POINT('',#295);
#295 = CARTESIAN_POINT('',(-0.127650441013,2.4995,0.87861032475));
#296 = B_SPLINE_CURVE_WITH_KNOTS('',3,(#297,#298,#299,#300),
  .UNSPECIFIED.,.F.,.F.,(4,4),(2.,3.),.PIECEWISE_BEZIER_KNOTS.);
#297 = CARTESIAN_POINT('',(-0.127650441013,2.4995,0.87861032475));
#298 = CARTESIAN_POINT('',(-0.130665738971,2.4995,0.877709201223));
#299 = CARTESIAN_POINT('',(-0.134339550275,2.4995,0.877223980862));
#300 = CARTESIAN_POINT('',(-0.138602557732,2.4995,0.877223980862));
#301 = ORIENTED_EDGE('',*,*,#302,.F.);
#302 = EDGE_CURVE('',#303,#294,#305,.T.);
#303 = VERTEX_POINT('',#304);
#304 = CARTESIAN_POINT('',(-0.127650441013,2.4995,0.893721473134));
#305 = B_SPLINE_CURVE_WITH_KNOTS('',1,(#306,#307),.UNSPECIFIED.,.F.,.F.,
  (2,2),(-1.511114838415E-02,-1.110223024625E-16),
  .PIECEWISE_BEZIER_KNOTS.);
#306 = CARTESIAN_POINT('',(-0.127650441013,2.4995,0.893721473134));
#307 = CARTESIAN_POINT('',(-0.127650441013,2.4995,0.87861032475));
#308 = ORIENTED_EDGE('',*,*,#309,.F.);
#309 = EDGE_CURVE('',#310,#303,#312,.T.);
#310 = VERTEX_POINT('',#311);
#311 = CARTESIAN_POINT('',(-0.137285531038,2.4995,0.89178059169));
#312 = B_SPLINE_CURVE_WITH_KNOTS('',3,(#313,#314,#315,#316),
  .UNSPECIFIED.,.F.,.F.,(4,4),(4.,5.),.PIECEWISE_BEZIER_KNOTS.);
#313 = CARTESIAN_POINT('',(-0.137285531038,2.4995,0.89178059169));
#314 = CARTESIAN_POINT('',(-0.134166257289,2.4995,0.89178059169));
#315 = CARTESIAN_POINT('',(-0.130977666346,2.4995,0.89240444644));
#316 = CARTESIAN_POINT('',(-0.127650441013,2.4995,0.893721473134));
#317 = ORIENTED_EDGE('',*,*,#318,.F.);
#318 = EDGE_CURVE('',#319,#310,#321,.T.);
#319 = VERTEX_POINT('',#320);
#320 = CARTESIAN_POINT('',(-0.154684146837,2.4995,0.905436078991));
#321 = B_SPLINE_CURVE_WITH_KNOTS('',3,(#322,#323,#324,#325),
  .UNSPECIFIED.,.F.,.F.,(4,4),(5.,6.),.PIECEWISE_BEZIER_KNOTS.);
#322 = CARTESIAN_POINT('',(-0.154684146837,2.4995,0.905436078991));
#323 = CARTESIAN_POINT('',(-0.150837042547,2.4995,0.896286209328));
#324 = CARTESIAN_POINT('',(-0.145049056813,2.4995,0.89178059169));
#325 = CARTESIAN_POINT('',(-0.137285531038,2.4995,0.89178059169));
#326 = ORIENTED_EDGE('',*,*,#327,.F.);
#327 = EDGE_CURVE('',#328,#319,#330,.T.);
#328 = VERTEX_POINT('',#329);
#329 = CARTESIAN_POINT('',(-0.162135745238,2.4995,0.923042646374));
#330 = B_SPLINE_CURVE_WITH_KNOTS('',1,(#331,#332),.UNSPECIFIED.,.F.,.F.,
  (2,2),(-1.911851285387E-02,0.),.PIECEWISE_BEZIER_KNOTS.);
#331 = CARTESIAN_POINT('',(-0.162135745238,2.4995,0.923042646374));
#332 = CARTESIAN_POINT('',(-0.154684146837,2.4995,0.905436078991));
#333 = ORIENTED_EDGE('',*,*,#334,.F.);
#334 = EDGE_CURVE('',#335,#328,#337,.T.);
#335 = VERTEX_POINT('',#336);
#336 = CARTESIAN_POINT('',(-0.124149922695,2.4995,1.019670815397));
#337 = B_SPLINE_CURVE_WITH_KNOTS('',1,(#338,#339),.UNSPECIFIED.,.F.,.F.,
  (2,2),(-0.103826421315,-0.),.PIECEWISE_BEZIER_KNOTS.);
#338 = CARTESIAN_POINT('',(-0.124149922695,2.4995,1.019670815397));
#339 = CARTESIAN_POINT('',(-0.162135745238,2.4995,0.923042646374));
#340 = ORIENTED_EDGE('',*,*,#341,.F.);
#341 = EDGE_CURVE('',#342,#335,#344,.T.);
#342 = VERTEX_POINT('',#343);
#343 = CARTESIAN_POINT('',(-0.143142833966,2.4995,1.019670815397));
#344 = B_SPLINE_CURVE_WITH_KNOTS('',1,(#345,#346),.UNSPECIFIED.,.F.,.F.,
  (2,2),(-1.899291127147E-02,0.),.PIECEWISE_BEZIER_KNOTS.);
#345 = CARTESIAN_POINT('',(-0.143142833966,2.4995,1.019670815397));
#346 = CARTESIAN_POINT('',(-0.124149922695,2.4995,1.019670815397));
#347 = ORIENTED_EDGE('',*,*,#348,.F.);
#348 = EDGE_CURVE('',#349,#342,#351,.T.);
#349 = VERTEX_POINT('',#350);
#350 = CARTESIAN_POINT('',(-0.16844360993,2.4995,0.946887761255));
#351 = B_SPLINE_CURVE_WITH_KNOTS('',1,(#352,#353),.UNSPECIFIED.,.F.,.F.,
  (2,2),(-7.705518953747E-02,0.),.PIECEWISE_BEZIER_KNOTS.);
#352 = CARTESIAN_POINT('',(-0.16844360993,2.4995,0.946887761255));
#353 = CARTESIAN_POINT('',(-0.143142833966,2.4995,1.019670815397));
#354 = ORIENTED_EDGE('',*,*,#355,.F.);
#355 = EDGE_CURVE('',#356,#349,#358,.T.);
#356 = VERTEX_POINT('',#357);
#357 = CARTESIAN_POINT('',(-0.170523125763,2.4995,0.938916283896));
#358 = B_SPLINE_CURVE_WITH_KNOTS('',1,(#359,#360),.UNSPECIFIED.,.F.,.F.,
  (2,2),(-8.238254510412E-03,0.),.PIECEWISE_BEZIER_KNOTS.);
#359 = CARTESIAN_POINT('',(-0.170523125763,2.4995,0.938916283896));
#360 = CARTESIAN_POINT('',(-0.16844360993,2.4995,0.946887761255));
#361 = ORIENTED_EDGE('',*,*,#362,.F.);
#362 = EDGE_CURVE('',#363,#356,#365,.T.);
#363 = VERTEX_POINT('',#364);
#364 = CARTESIAN_POINT('',(-0.170973687526,2.4995,0.938916283896));
#365 = B_SPLINE_CURVE_WITH_KNOTS('',1,(#366,#367),.UNSPECIFIED.,.F.,.F.,
  (2,2),(-4.505617632229E-04,0.),.PIECEWISE_BEZIER_KNOTS.);
#366 = CARTESIAN_POINT('',(-0.170973687526,2.4995,0.938916283896));
#367 = CARTESIAN_POINT('',(-0.170523125763,2.4995,0.938916283896));
#368 = ORIENTED_EDGE('',*,*,#369,.F.);
#369 = EDGE_CURVE('',#264,#363,#370,.T.);
#370 = B_SPLINE_CURVE_WITH_KNOTS('',3,(#371,#372,#373,#374),
  .UNSPECIFIED.,.F.,.F.,(4,4),(12.,13.),.PIECEWISE_BEZIER_KNOTS.);
#371 = CARTESIAN_POINT('',(-0.173053203359,2.4995,0.946749126866));
#372 = CARTESIAN_POINT('',(-0.172013445443,2.4995,0.94335258434));
#373 = CARTESIAN_POINT('',(-0.171320273498,2.4995,0.940718530952));
#374 = CARTESIAN_POINT('',(-0.170973687526,2.4995,0.938916283896));
#375 = FACE_BOUND('',#376,.T.);
#376 = EDGE_LOOP('',(#377,#386,#395,#404,#413,#422,#431,#440,#449,#458,
    #467,#474,#483,#492,#501,#510,#519,#528,#537,#546,#555));
#377 = ORIENTED_EDGE('',*,*,#378,.F.);
#378 = EDGE_CURVE('',#379,#381,#383,.T.);
#379 = VERTEX_POINT('',#380);
#380 = CARTESIAN_POINT('',(-4.991120746998E-02,2.4995,0.943768487506));
#381 = VERTEX_POINT('',#382);
#382 = CARTESIAN_POINT('',(-4.991120746998E-02,2.4995,0.926231237318));
#383 = B_SPLINE_CURVE_WITH_KNOTS('',1,(#384,#385),.UNSPECIFIED.,.F.,.F.,
  (2,2),(-1.753725018796E-02,-0.),.PIECEWISE_BEZIER_KNOTS.);
#384 = CARTESIAN_POINT('',(-4.991120746998E-02,2.4995,0.943768487506));
#385 = CARTESIAN_POINT('',(-4.991120746998E-02,2.4995,0.926231237318));
#386 = ORIENTED_EDGE('',*,*,#387,.F.);
#387 = EDGE_CURVE('',#388,#379,#390,.T.);
#388 = VERTEX_POINT('',#389);
#389 = CARTESIAN_POINT('',(-7.784603682175E-02,2.4995,0.934410666259));
#390 = B_SPLINE_CURVE_WITH_KNOTS('',3,(#391,#392,#393,#394),
  .UNSPECIFIED.,.F.,.F.,(4,4),(0.,1.),.PIECEWISE_BEZIER_KNOTS.);
#391 = CARTESIAN_POINT('',(-7.784603682175E-02,2.4995,0.934410666259));
#392 = CARTESIAN_POINT('',(-6.786436082493E-02,2.4995,0.934410666259));
#393 = CARTESIAN_POINT('',(-5.857585677246E-02,2.4995,0.937529940009));
#394 = CARTESIAN_POINT('',(-4.991120746998E-02,2.4995,0.943768487506));
#395 = ORIENTED_EDGE('',*,*,#396,.F.);
#396 = EDGE_CURVE('',#397,#388,#399,.T.);
#397 = VERTEX_POINT('',#398);
#398 = CARTESIAN_POINT('',(-9.787870600927E-02,2.4995,0.947511616005));
#399 = B_SPLINE_CURVE_WITH_KNOTS('',3,(#400,#401,#402,#403),
  .UNSPECIFIED.,.F.,.F.,(4,4),(1.,2.),.PIECEWISE_BEZIER_KNOTS.);
#400 = CARTESIAN_POINT('',(-9.787870600927E-02,2.4995,0.947511616005));
#401 = CARTESIAN_POINT('',(-9.787870600927E-02,2.4995,0.938777649508));
#402 = CARTESIAN_POINT('',(-9.118959674786E-02,2.4995,0.934410666259));
#403 = CARTESIAN_POINT('',(-7.784603682175E-02,2.4995,0.934410666259));
#404 = ORIENTED_EDGE('',*,*,#405,.F.);
#405 = EDGE_CURVE('',#406,#397,#408,.T.);
#406 = VERTEX_POINT('',#407);
#407 = CARTESIAN_POINT('',(-9.351172276063E-02,2.4995,0.956730802863));
#408 = B_SPLINE_CURVE_WITH_KNOTS('',3,(#409,#410,#411,#412),
  .UNSPECIFIED.,.F.,.F.,(4,4),(2.,3.),.PIECEWISE_BEZIER_KNOTS.);
#409 = CARTESIAN_POINT('',(-9.351172276063E-02,2.4995,0.956730802863));
#410 = CARTESIAN_POINT('',(-9.64230449267E-02,2.4995,0.954304701058));
#411 = CARTESIAN_POINT('',(-9.787870600927E-02,2.4995,0.951254744504));
#412 = CARTESIAN_POINT('',(-9.787870600927E-02,2.4995,0.947511616005));
#413 = ORIENTED_EDGE('',*,*,#414,.F.);
#414 = EDGE_CURVE('',#415,#406,#417,.T.);
#415 = VERTEX_POINT('',#416);
#416 = CARTESIAN_POINT('',(-7.5731862392E-02,2.4995,0.965395452166));
#417 = B_SPLINE_CURVE_WITH_KNOTS('',3,(#418,#419,#420,#421),
  .UNSPECIFIED.,.F.,.F.,(4,4),(3.,4.),.PIECEWISE_BEZIER_KNOTS.);
#418 = CARTESIAN_POINT('',(-7.5731862392E-02,2.4995,0.965395452166));
#419 = CARTESIAN_POINT('',(-8.46737804723E-02,2.4995,0.962068226833));
#420 = CARTESIAN_POINT('',(-9.060040059503E-02,2.4995,0.959156904667));
#421 = CARTESIAN_POINT('',(-9.351172276063E-02,2.4995,0.956730802863));
#422 = ORIENTED_EDGE('',*,*,#423,.F.);
#423 = EDGE_CURVE('',#424,#415,#426,.T.);
#424 = VERTEX_POINT('',#425);
#425 = CARTESIAN_POINT('',(-5.483272827382E-02,2.4995,0.978219133134));
#426 = B_SPLINE_CURVE_WITH_KNOTS('',3,(#427,#428,#429,#430),
  .UNSPECIFIED.,.F.,.F.,(4,4),(4.,5.),.PIECEWISE_BEZIER_KNOTS.);
#427 = CARTESIAN_POINT('',(-5.483272827382E-02,2.4995,0.978219133134));
#428 = CARTESIAN_POINT('',(-5.802131921726E-02,2.4995,0.973990784274));
#429 = CARTESIAN_POINT('',(-6.502235585367E-02,2.4995,0.969693118219));
#430 = CARTESIAN_POINT('',(-7.5731862392E-02,2.4995,0.965395452166));
#431 = ORIENTED_EDGE('',*,*,#432,.F.);
#432 = EDGE_CURVE('',#433,#424,#435,.T.);
#433 = VERTEX_POINT('',#434);
#434 = CARTESIAN_POINT('',(-5.00151832615E-02,2.4995,0.993538233101));
#435 = B_SPLINE_CURVE_WITH_KNOTS('',3,(#436,#437,#438,#439),
  .UNSPECIFIED.,.F.,.F.,(4,4),(5.,6.),.PIECEWISE_BEZIER_KNOTS.);
#436 = CARTESIAN_POINT('',(-5.00151832615E-02,2.4995,0.993538233101));
#437 = CARTESIAN_POINT('',(-5.00151832615E-02,2.4995,0.98757695438));
#438 = CARTESIAN_POINT('',(-5.160947873322E-02,2.4995,0.982447481993));
#439 = CARTESIAN_POINT('',(-5.483272827382E-02,2.4995,0.978219133134));
#440 = ORIENTED_EDGE('',*,*,#441,.F.);
#441 = EDGE_CURVE('',#442,#433,#444,.T.);
#442 = VERTEX_POINT('',#443);
#443 = CARTESIAN_POINT('',(-6.089798278569E-02,2.4995,1.014194757038));
#444 = B_SPLINE_CURVE_WITH_KNOTS('',3,(#445,#446,#447,#448),
  .UNSPECIFIED.,.F.,.F.,(4,4),(6.,7.),.PIECEWISE_BEZIER_KNOTS.);
#445 = CARTESIAN_POINT('',(-6.089798278569E-02,2.4995,1.014194757038));
#446 = CARTESIAN_POINT('',(-5.365433596862E-02,2.4995,1.008995967457));
#447 = CARTESIAN_POINT('',(-5.00151832615E-02,2.4995,1.002133565208));
#448 = CARTESIAN_POINT('',(-5.00151832615E-02,2.4995,0.993538233101));
#449 = ORIENTED_EDGE('',*,*,#450,.F.);
#450 = EDGE_CURVE('',#451,#442,#453,.T.);
#451 = VERTEX_POINT('',#452);
#452 = CARTESIAN_POINT('',(-8.772373702659E-02,2.4995,1.021888965619));
#453 = B_SPLINE_CURVE_WITH_KNOTS('',3,(#454,#455,#456,#457),
  .UNSPECIFIED.,.F.,.F.,(4,4),(7.,8.),.PIECEWISE_BEZIER_KNOTS.);
#454 = CARTESIAN_POINT('',(-8.772373702659E-02,2.4995,1.021888965619));
#455 = CARTESIAN_POINT('',(-7.711820628023E-02,2.4995,1.021888965619));
#456 = CARTESIAN_POINT('',(-6.817628819993E-02,2.4995,1.019324229426));
#457 = CARTESIAN_POINT('',(-6.089798278569E-02,2.4995,1.014194757038));
#458 = ORIENTED_EDGE('',*,*,#459,.F.);
#459 = EDGE_CURVE('',#460,#451,#462,.T.);
#460 = VERTEX_POINT('',#461);
#461 = CARTESIAN_POINT('',(-0.11066772838,2.4995,1.017591299564));
#462 = B_SPLINE_CURVE_WITH_KNOTS('',3,(#463,#464,#465,#466),
  .UNSPECIFIED.,.F.,.F.,(4,4),(8.,9.),.PIECEWISE_BEZIER_KNOTS.);
#463 = CARTESIAN_POINT('',(-0.11066772838,2.4995,1.017591299564));
#464 = CARTESIAN_POINT('',(-0.103597374549,2.4995,1.02050262173));
#465 = CARTESIAN_POINT('',(-9.597248316255E-02,2.4995,1.021888965619));
#466 = CARTESIAN_POINT('',(-8.772373702659E-02,2.4995,1.021888965619));
#467 = ORIENTED_EDGE('',*,*,#468,.F.);
#468 = EDGE_CURVE('',#469,#460,#471,.T.);
#469 = VERTEX_POINT('',#470);
#470 = CARTESIAN_POINT('',(-0.11066772838,2.4995,1.001093807292));
#471 = B_SPLINE_CURVE_WITH_KNOTS('',1,(#472,#473),.UNSPECIFIED.,.F.,.F.,
  (2,2),(-1.649749227191E-02,0.),.PIECEWISE_BEZIER_KNOTS.);
#472 = CARTESIAN_POINT('',(-0.11066772838,2.4995,1.001093807292));
#473 = CARTESIAN_POINT('',(-0.11066772838,2.4995,1.017591299564));
#474 = ORIENTED_EDGE('',*,*,#475,.F.);
#475 = EDGE_CURVE('',#476,#469,#478,.T.);
#476 = VERTEX_POINT('',#477);
#477 = CARTESIAN_POINT('',(-8.606012436053E-02,2.4995,1.008094843929));
#478 = B_SPLINE_CURVE_WITH_KNOTS('',3,(#479,#480,#481,#482),
  .UNSPECIFIED.,.F.,.F.,(4,4),(10.,11.),.PIECEWISE_BEZIER_KNOTS.);
#479 = CARTESIAN_POINT('',(-8.606012436053E-02,2.4995,1.008094843929));
#480 = CARTESIAN_POINT('',(-9.524465262149E-02,2.4995,1.008094843929));
#481 = CARTESIAN_POINT('',(-0.103424081563,2.4995,1.005738059319));
#482 = CARTESIAN_POINT('',(-0.11066772838,2.4995,1.001093807292));
#483 = ORIENTED_EDGE('',*,*,#484,.F.);
#484 = EDGE_CURVE('',#485,#476,#487,.T.);
#485 = VERTEX_POINT('',#486);
#486 = CARTESIAN_POINT('',(-7.268190583725E-02,2.4995,1.004490349819));
#487 = B_SPLINE_CURVE_WITH_KNOTS('',3,(#488,#489,#490,#491),
  .UNSPECIFIED.,.F.,.F.,(4,4),(11.,12.),.PIECEWISE_BEZIER_KNOTS.);
#488 = CARTESIAN_POINT('',(-7.268190583725E-02,2.4995,1.004490349819));
#489 = CARTESIAN_POINT('',(-7.611310696088E-02,2.4995,1.006916451624));
#490 = CARTESIAN_POINT('',(-8.05840660015E-02,2.4995,1.008094843929));
#491 = CARTESIAN_POINT('',(-8.606012436053E-02,2.4995,1.008094843929));
#492 = ORIENTED_EDGE('',*,*,#493,.F.);
#493 = EDGE_CURVE('',#494,#485,#496,.T.);
#494 = VERTEX_POINT('',#495);
#495 = CARTESIAN_POINT('',(-6.751777485276E-02,2.4995,0.995063211378));
#496 = B_SPLINE_CURVE_WITH_KNOTS('',3,(#497,#498,#499,#500),
  .UNSPECIFIED.,.F.,.F.,(4,4),(12.,13.),.PIECEWISE_BEZIER_KNOTS.);
#497 = CARTESIAN_POINT('',(-6.751777485276E-02,2.4995,0.995063211378));
#498 = CARTESIAN_POINT('',(-6.751777485276E-02,2.4995,0.998944974265));
#499 = CARTESIAN_POINT('',(-6.925070471362E-02,2.4995,1.002133565208));
#500 = CARTESIAN_POINT('',(-7.268190583725E-02,2.4995,1.004490349819));
#501 = ORIENTED_EDGE('',*,*,#502,.F.);
#502 = EDGE_CURVE('',#503,#494,#505,.T.);
#503 = VERTEX_POINT('',#504);
#504 = CARTESIAN_POINT('',(-7.122624475422E-02,2.4995,0.986051976104));
#505 = B_SPLINE_CURVE_WITH_KNOTS('',3,(#506,#507,#508,#509),
  .UNSPECIFIED.,.F.,.F.,(4,4),(13.,14.),.PIECEWISE_BEZIER_KNOTS.);
#506 = CARTESIAN_POINT('',(-7.122624475422E-02,2.4995,0.986051976104));
#507 = CARTESIAN_POINT('',(-6.87654843523E-02,2.4995,0.98820080913));
#508 = CARTESIAN_POINT('',(-6.751777485276E-02,2.4995,0.99118144849));
#509 = CARTESIAN_POINT('',(-6.751777485276E-02,2.4995,0.995063211378));
#510 = ORIENTED_EDGE('',*,*,#511,.F.);
#511 = EDGE_CURVE('',#512,#503,#514,.T.);
#512 = VERTEX_POINT('',#513);
#513 = CARTESIAN_POINT('',(-8.772373702659E-02,2.4995,0.977733912772));
#514 = B_SPLINE_CURVE_WITH_KNOTS('',3,(#515,#516,#517,#518),
  .UNSPECIFIED.,.F.,.F.,(4,4),(14.,15.),.PIECEWISE_BEZIER_KNOTS.);
#515 = CARTESIAN_POINT('',(-8.772373702659E-02,2.4995,0.977733912772));
#516 = CARTESIAN_POINT('',(-7.919772211281E-02,2.4995,0.981061138104));
#517 = CARTESIAN_POINT('',(-7.372166375377E-02,2.4995,0.983833825882));
#518 = CARTESIAN_POINT('',(-7.122624475422E-02,2.4995,0.986051976104));
#519 = ORIENTED_EDGE('',*,*,#520,.F.);
#520 = EDGE_CURVE('',#521,#512,#523,.T.);
#521 = VERTEX_POINT('',#522);
#522 = CARTESIAN_POINT('',(-0.109627970464,2.4995,0.965187500582));
#523 = B_SPLINE_CURVE_WITH_KNOTS('',3,(#524,#525,#526,#527),
  .UNSPECIFIED.,.F.,.F.,(4,4),(15.,16.),.PIECEWISE_BEZIER_KNOTS.);
#524 = CARTESIAN_POINT('',(-0.109627970464,2.4995,0.965187500582));
#525 = CARTESIAN_POINT('',(-0.105815524771,2.4995,0.969485166636));
#526 = CARTESIAN_POINT('',(-9.853721935644E-02,2.4995,0.973713515496));
#527 = CARTESIAN_POINT('',(-8.772373702659E-02,2.4995,0.977733912772));
#528 = ORIENTED_EDGE('',*,*,#529,.F.);
#529 = EDGE_CURVE('',#530,#521,#532,.T.);
#530 = VERTEX_POINT('',#531);
#531 = CARTESIAN_POINT('',(-0.115311980406,2.4995,0.949175228671));
#532 = B_SPLINE_CURVE_WITH_KNOTS('',3,(#533,#534,#535,#536),
  .UNSPECIFIED.,.F.,.F.,(4,4),(16.,17.),.PIECEWISE_BEZIER_KNOTS.);
#533 = CARTESIAN_POINT('',(-0.115311980406,2.4995,0.949175228671));
#534 = CARTESIAN_POINT('',(-0.115311980406,2.4995,0.955552410558));
#535 = CARTESIAN_POINT('',(-0.113405757559,2.4995,0.960889834529));
#536 = CARTESIAN_POINT('',(-0.109627970464,2.4995,0.965187500582));
#537 = ORIENTED_EDGE('',*,*,#538,.F.);
#538 = EDGE_CURVE('',#539,#530,#541,.T.);
#539 = VERTEX_POINT('',#540);
#540 = CARTESIAN_POINT('',(-0.104394522285,2.4995,0.928241435956));
#541 = B_SPLINE_CURVE_WITH_KNOTS('',3,(#542,#543,#544,#545),
  .UNSPECIFIED.,.F.,.F.,(4,4),(17.,18.),.PIECEWISE_BEZIER_KNOTS.);
#542 = CARTESIAN_POINT('',(-0.104394522285,2.4995,0.928241435956));
#543 = CARTESIAN_POINT('',(-0.111672827699,2.4995,0.933301591149));
#544 = CARTESIAN_POINT('',(-0.115311980406,2.4995,0.940302627785));
#545 = CARTESIAN_POINT('',(-0.115311980406,2.4995,0.949175228671));
#546 = ORIENTED_EDGE('',*,*,#547,.F.);
#547 = EDGE_CURVE('',#548,#539,#550,.T.);
#548 = VERTEX_POINT('',#549);
#549 = CARTESIAN_POINT('',(-7.618242415569E-02,2.4995,0.920547227375));
#550 = B_SPLINE_CURVE_WITH_KNOTS('',3,(#551,#552,#553,#554),
  .UNSPECIFIED.,.F.,.F.,(4,4),(18.,19.),.PIECEWISE_BEZIER_KNOTS.);
#551 = CARTESIAN_POINT('',(-7.618242415569E-02,2.4995,0.920547227375));
#552 = CARTESIAN_POINT('',(-8.772373702659E-02,2.4995,0.920547227375));
#553 = CARTESIAN_POINT('',(-9.715087546775E-02,2.4995,0.923111963569));
#554 = CARTESIAN_POINT('',(-0.104394522285,2.4995,0.928241435956));
#555 = ORIENTED_EDGE('',*,*,#556,.F.);
#556 = EDGE_CURVE('',#381,#548,#557,.T.);
#557 = B_SPLINE_CURVE_WITH_KNOTS('',3,(#558,#559,#560,#561),
  .UNSPECIFIED.,.F.,.F.,(4,4),(19.,20.),.PIECEWISE_BEZIER_KNOTS.);
#558 = CARTESIAN_POINT('',(-4.991120746998E-02,2.4995,0.926231237318));
#559 = CARTESIAN_POINT('',(-5.739746446725E-02,2.4995,0.922488108819));
#560 = CARTESIAN_POINT('',(-6.613143096453E-02,2.4995,0.920547227375));
#561 = CARTESIAN_POINT('',(-7.618242415569E-02,2.4995,0.920547227375));
#562 = FACE_BOUND('',#563,.T.);
#563 = EDGE_LOOP('',(#564,#573,#582,#591,#598,#605,#612,#619,#628,#637,
    #646,#655,#662,#671));
#564 = ORIENTED_EDGE('',*,*,#565,.F.);
#565 = EDGE_CURVE('',#566,#568,#570,.T.);
#566 = VERTEX_POINT('',#567);
#567 = CARTESIAN_POINT('',(4.144885477739E-02,2.4995,1.012877730344));
#568 = VERTEX_POINT('',#569);
#569 = CARTESIAN_POINT('',(4.144885477738E-02,2.4995,0.996380238072));
#570 = B_SPLINE_CURVE_WITH_KNOTS('',1,(#571,#572),.UNSPECIFIED.,.F.,.F.,
  (2,2),(-1.649749227284E-02,-0.),.PIECEWISE_BEZIER_KNOTS.);
#571 = CARTESIAN_POINT('',(4.144885477739E-02,2.4995,1.012877730344));
#572 = CARTESIAN_POINT('',(4.144885477738E-02,2.4995,0.996380238072));
#573 = ORIENTED_EDGE('',*,*,#574,.F.);
#574 = EDGE_CURVE('',#575,#566,#577,.T.);
#575 = VERTEX_POINT('',#576);
#576 = CARTESIAN_POINT('',(8.107284260462E-03,2.4995,1.021888965619));
#577 = B_SPLINE_CURVE_WITH_KNOTS('',3,(#578,#579,#580,#581),
  .UNSPECIFIED.,.F.,.F.,(4,4),(0.,1.),.PIECEWISE_BEZIER_KNOTS.);
#578 = CARTESIAN_POINT('',(8.107284260462E-03,2.4995,1.021888965619));
#579 = CARTESIAN_POINT('',(2.072301364506E-02,2.4995,1.021888965619));
#580 = CARTESIAN_POINT('',(3.184842334991E-02,2.4995,1.018908326259));
#581 = CARTESIAN_POINT('',(4.144885477739E-02,2.4995,1.012877730344));
#582 = ORIENTED_EDGE('',*,*,#583,.F.);
#583 = EDGE_CURVE('',#584,#575,#586,.T.);
#584 = VERTEX_POINT('',#585);
#585 = CARTESIAN_POINT('',(-2.689789892206E-02,2.4995,0.985150852575));
#586 = B_SPLINE_CURVE_WITH_KNOTS('',3,(#587,#588,#589,#590),
  .UNSPECIFIED.,.F.,.F.,(4,4),(1.,2.),.PIECEWISE_BEZIER_KNOTS.);
#587 = CARTESIAN_POINT('',(-2.689789892206E-02,2.4995,0.985150852575));
#588 = CARTESIAN_POINT('',(-2.689789892206E-02,2.4995,1.009689139401));
#589 = CARTESIAN_POINT('',(-1.5217951662E-02,2.4995,1.021888965619));
#590 = CARTESIAN_POINT('',(8.107284260462E-03,2.4995,1.021888965619));
#591 = ORIENTED_EDGE('',*,*,#592,.F.);
#592 = EDGE_CURVE('',#593,#584,#595,.T.);
#593 = VERTEX_POINT('',#594);
#594 = CARTESIAN_POINT('',(-2.689789892206E-02,2.4995,0.922834694791));
#595 = B_SPLINE_CURVE_WITH_KNOTS('',1,(#596,#597),.UNSPECIFIED.,.F.,.F.,
  (2,2),(-6.231615778382E-02,2.41451466612E-32),
  .PIECEWISE_BEZIER_KNOTS.);
#596 = CARTESIAN_POINT('',(-2.689789892206E-02,2.4995,0.922834694791));
#597 = CARTESIAN_POINT('',(-2.689789892206E-02,2.4995,0.985150852575));
#598 = ORIENTED_EDGE('',*,*,#599,.F.);
#599 = EDGE_CURVE('',#600,#593,#602,.T.);
#600 = VERTEX_POINT('',#601);
#601 = CARTESIAN_POINT('',(-9.915186288826E-03,2.4995,0.922834694791));
#602 = B_SPLINE_CURVE_WITH_KNOTS('',1,(#603,#604),.UNSPECIFIED.,.F.,.F.,
  (2,2),(-1.698271263323E-02,0.),.PIECEWISE_BEZIER_KNOTS.);
#603 = CARTESIAN_POINT('',(-9.915186288826E-03,2.4995,0.922834694791));
#604 = CARTESIAN_POINT('',(-2.689789892206E-02,2.4995,0.922834694791));
#605 = ORIENTED_EDGE('',*,*,#606,.F.);
#606 = EDGE_CURVE('',#607,#600,#609,.T.);
#607 = VERTEX_POINT('',#608);
#608 = CARTESIAN_POINT('',(-9.915186288826E-03,2.4995,0.937807208786));
#609 = B_SPLINE_CURVE_WITH_KNOTS('',1,(#610,#611),.UNSPECIFIED.,.F.,.F.,
  (2,2),(-1.497251399454E-02,-0.),.PIECEWISE_BEZIER_KNOTS.);
#610 = CARTESIAN_POINT('',(-9.915186288826E-03,2.4995,0.937807208786));
#611 = CARTESIAN_POINT('',(-9.915186288826E-03,2.4995,0.922834694791));
#612 = ORIENTED_EDGE('',*,*,#613,.F.);
#613 = EDGE_CURVE('',#614,#607,#616,.T.);
#614 = VERTEX_POINT('',#615);
#615 = CARTESIAN_POINT('',(-9.46462452514E-03,2.4995,0.937807208786));
#616 = B_SPLINE_CURVE_WITH_KNOTS('',1,(#617,#618),.UNSPECIFIED.,.F.,.F.,
  (2,2),(-4.505617636851E-04,0.),.PIECEWISE_BEZIER_KNOTS.);
#617 = CARTESIAN_POINT('',(-9.46462452514E-03,2.4995,0.937807208786));
#618 = CARTESIAN_POINT('',(-9.915186288826E-03,2.4995,0.937807208786));
#619 = ORIENTED_EDGE('',*,*,#620,.F.);
#620 = EDGE_CURVE('',#621,#614,#623,.T.);
#621 = VERTEX_POINT('',#622);
#622 = CARTESIAN_POINT('',(2.020313468703E-02,2.4995,0.920547227375));
#623 = B_SPLINE_CURVE_WITH_KNOTS('',3,(#624,#625,#626,#627),
  .UNSPECIFIED.,.F.,.F.,(4,4),(6.,7.),.PIECEWISE_BEZIER_KNOTS.);
#624 = CARTESIAN_POINT('',(2.020313468703E-02,2.4995,0.920547227375));
#625 = CARTESIAN_POINT('',(7.13684353875E-03,2.4995,0.920547227375));
#626 = CARTESIAN_POINT('',(-2.775515263726E-03,2.4995,0.926300554512));
#627 = CARTESIAN_POINT('',(-9.46462452514E-03,2.4995,0.937807208786));
#628 = ORIENTED_EDGE('',*,*,#629,.F.);
#629 = EDGE_CURVE('',#630,#621,#632,.T.);
#630 = VERTEX_POINT('',#631);
#631 = CARTESIAN_POINT('',(4.259258848495E-02,2.4995,0.928172118761));
#632 = B_SPLINE_CURVE_WITH_KNOTS('',3,(#633,#634,#635,#636),
  .UNSPECIFIED.,.F.,.F.,(4,4),(7.,8.),.PIECEWISE_BEZIER_KNOTS.);
#633 = CARTESIAN_POINT('',(4.259258848495E-02,2.4995,0.928172118761));
#634 = CARTESIAN_POINT('',(3.704721293158E-02,2.4995,0.923111963569));
#635 = CARTESIAN_POINT('',(2.959561453101E-02,2.4995,0.920547227375));
#636 = CARTESIAN_POINT('',(2.020313468703E-02,2.4995,0.920547227375));
#637 = ORIENTED_EDGE('',*,*,#638,.F.);
#638 = EDGE_CURVE('',#639,#630,#641,.T.);
#639 = VERTEX_POINT('',#640);
#640 = CARTESIAN_POINT('',(5.091065181571E-02,2.4995,0.948759325505));
#641 = B_SPLINE_CURVE_WITH_KNOTS('',3,(#642,#643,#644,#645),
  .UNSPECIFIED.,.F.,.F.,(4,4),(8.,9.),.PIECEWISE_BEZIER_KNOTS.);
#642 = CARTESIAN_POINT('',(5.091065181571E-02,2.4995,0.948759325505));
#643 = CARTESIAN_POINT('',(5.091065181571E-02,2.4995,0.940094676202));
#644 = CARTESIAN_POINT('',(4.813796403879E-02,2.4995,0.933232273954));
#645 = CARTESIAN_POINT('',(4.259258848495E-02,2.4995,0.928172118761));
#646 = ORIENTED_EDGE('',*,*,#647,.F.);
#647 = EDGE_CURVE('',#648,#639,#650,.T.);
#648 = VERTEX_POINT('',#649);
#649 = CARTESIAN_POINT('',(1.878213220163E-02,2.4995,0.980367966161));
#650 = B_SPLINE_CURVE_WITH_KNOTS('',3,(#651,#652,#653,#654),
  .UNSPECIFIED.,.F.,.F.,(4,4),(9.,10.),.PIECEWISE_BEZIER_KNOTS.);
#651 = CARTESIAN_POINT('',(1.878213220163E-02,2.4995,0.980367966161));
#652 = CARTESIAN_POINT('',(4.020114527738E-02,2.4995,0.977387326801));
#653 = CARTESIAN_POINT('',(5.091065181571E-02,2.4995,0.966851113249));
#654 = CARTESIAN_POINT('',(5.091065181571E-02,2.4995,0.948759325505));
#655 = ORIENTED_EDGE('',*,*,#656,.F.);
#656 = EDGE_CURVE('',#657,#648,#659,.T.);
#657 = VERTEX_POINT('',#658);
#658 = CARTESIAN_POINT('',(-9.915186288825E-03,2.4995,0.984388363437));
#659 = B_SPLINE_CURVE_WITH_KNOTS('',1,(#660,#661),.UNSPECIFIED.,.F.,.F.,
  (2,2),(-2.897757206536E-02,0.),.PIECEWISE_BEZIER_KNOTS.);
#660 = CARTESIAN_POINT('',(-9.915186288825E-03,2.4995,0.984388363437));
#661 = CARTESIAN_POINT('',(1.878213220163E-02,2.4995,0.980367966161));
#662 = ORIENTED_EDGE('',*,*,#663,.F.);
#663 = EDGE_CURVE('',#664,#657,#666,.T.);
#664 = VERTEX_POINT('',#665);
#665 = CARTESIAN_POINT('',(9.701579732179E-03,2.4995,1.008094843929));
#666 = B_SPLINE_CURVE_WITH_KNOTS('',3,(#667,#668,#669,#670),
  .UNSPECIFIED.,.F.,.F.,(4,4),(11.,12.),.PIECEWISE_BEZIER_KNOTS.);
#667 = CARTESIAN_POINT('',(9.701579732179E-03,2.4995,1.008094843929));
#668 = CARTESIAN_POINT('',(-3.364711416101E-03,2.4995,1.008094843929));
#669 = CARTESIAN_POINT('',(-9.915186288825E-03,2.4995,1.000192683765));
#670 = CARTESIAN_POINT('',(-9.915186288825E-03,2.4995,0.984388363437));
#671 = ORIENTED_EDGE('',*,*,#672,.F.);
#672 = EDGE_CURVE('',#568,#664,#673,.T.);
#673 = B_SPLINE_CURVE_WITH_KNOTS('',3,(#674,#675,#676,#677),
  .UNSPECIFIED.,.F.,.F.,(4,4),(12.,13.),.PIECEWISE_BEZIER_KNOTS.);
#674 = CARTESIAN_POINT('',(4.144885477738E-02,2.4995,0.996380238072));
#675 = CARTESIAN_POINT('',(3.188308194708E-02,2.4995,1.004143763847));
#676 = CARTESIAN_POINT('',(2.131220979789E-02,2.4995,1.008094843929));
#677 = CARTESIAN_POINT('',(9.701579732179E-03,2.4995,1.008094843929));
#678 = FACE_BOUND('',#679,.T.);
#679 = EDGE_LOOP('',(#680,#691,#698,#705,#712,#721,#730));
#680 = ORIENTED_EDGE('',*,*,#681,.F.);
#681 = EDGE_CURVE('',#682,#684,#686,.T.);
#682 = VERTEX_POINT('',#683);
#683 = CARTESIAN_POINT('',(-0.201438594475,2.4995,1.13792594908));
#684 = VERTEX_POINT('',#685);
#685 = CARTESIAN_POINT('',(-0.254085003638,2.4995,1.156918860351));
#686 = B_SPLINE_CURVE_WITH_KNOTS('',3,(#687,#688,#689,#690),
  .UNSPECIFIED.,.F.,.F.,(4,4),(5.,6.),.PIECEWISE_BEZIER_KNOTS.);
#687 = CARTESIAN_POINT('',(-0.201438594475,2.4995,1.13792594908));
#688 = CARTESIAN_POINT('',(-0.222892266148,2.4995,1.13792594908));
#689 = CARTESIAN_POINT('',(-0.240464174934,2.4995,1.144233813772));
#690 = CARTESIAN_POINT('',(-0.254085003638,2.4995,1.156918860351));
#691 = ORIENTED_EDGE('',*,*,#692,.F.);
#692 = EDGE_CURVE('',#693,#682,#695,.T.);
#693 = VERTEX_POINT('',#694);
#694 = CARTESIAN_POINT('',(-0.164145943876,2.4995,1.13792594908));
#695 = B_SPLINE_CURVE_WITH_KNOTS('',1,(#696,#697),.UNSPECIFIED.,.F.,.F.,
  (2,2),(-3.729265059858E-02,-5.551115123126E-17),
  .PIECEWISE_BEZIER_KNOTS.);
#696 = CARTESIAN_POINT('',(-0.164145943876,2.4995,1.13792594908));
#697 = CARTESIAN_POINT('',(-0.201438594475,2.4995,1.13792594908));
#698 = ORIENTED_EDGE('',*,*,#699,.F.);
#699 = EDGE_CURVE('',#700,#693,#702,.T.);
#700 = VERTEX_POINT('',#701);
#701 = CARTESIAN_POINT('',(-0.164145943876,2.4995,1.273510381368));
#702 = B_SPLINE_CURVE_WITH_KNOTS('',1,(#703,#704),.UNSPECIFIED.,.F.,.F.,
  (2,2),(-0.135584432288,-0.),.PIECEWISE_BEZIER_KNOTS.);
#703 = CARTESIAN_POINT('',(-0.164145943876,2.4995,1.273510381368));
#704 = CARTESIAN_POINT('',(-0.164145943876,2.4995,1.13792594908));
#705 = ORIENTED_EDGE('',*,*,#706,.F.);
#706 = EDGE_CURVE('',#707,#700,#709,.T.);
#707 = VERTEX_POINT('',#708);
#708 = CARTESIAN_POINT('',(-0.202824938363,2.4995,1.273510381368));
#709 = B_SPLINE_CURVE_WITH_KNOTS('',1,(#710,#711),.UNSPECIFIED.,.F.,.F.,
  (2,2),(-3.867899448727E-02,1.942890293094E-16),
  .PIECEWISE_BEZIER_KNOTS.);
#710 = CARTESIAN_POINT('',(-0.202824938363,2.4995,1.273510381368));
#711 = CARTESIAN_POINT('',(-0.164145943876,2.4995,1.273510381368));
#712 = ORIENTED_EDGE('',*,*,#713,.F.);
#713 = EDGE_CURVE('',#714,#707,#716,.T.);
#714 = VERTEX_POINT('',#715);
#715 = CARTESIAN_POINT('',(-0.254085003638,2.4995,1.255557228013));
#716 = B_SPLINE_CURVE_WITH_KNOTS('',3,(#717,#718,#719,#720),
  .UNSPECIFIED.,.F.,.F.,(4,4),(2.,3.),.PIECEWISE_BEZIER_KNOTS.);
#717 = CARTESIAN_POINT('',(-0.254085003638,2.4995,1.255557228013));
#718 = CARTESIAN_POINT('',(-0.240464174934,2.4995,1.267549102648));
#719 = CARTESIAN_POINT('',(-0.223377486509,2.4995,1.273510381368));
#720 = CARTESIAN_POINT('',(-0.202824938363,2.4995,1.273510381368));
#721 = ORIENTED_EDGE('',*,*,#722,.F.);
#722 = EDGE_CURVE('',#723,#714,#725,.T.);
#723 = VERTEX_POINT('',#724);
#724 = CARTESIAN_POINT('',(-0.274533575992,2.4995,1.207451095085));
#725 = B_SPLINE_CURVE_WITH_KNOTS('',3,(#726,#727,#728,#729),
  .UNSPECIFIED.,.F.,.F.,(4,4),(3.,4.),.PIECEWISE_BEZIER_KNOTS.);
#726 = CARTESIAN_POINT('',(-0.274533575992,2.4995,1.207451095085));
#727 = CARTESIAN_POINT('',(-0.274533575992,2.4995,1.227553081466));
#728 = CARTESIAN_POINT('',(-0.267705832342,2.4995,1.243565353378));
#729 = CARTESIAN_POINT('',(-0.254085003638,2.4995,1.255557228013));
#730 = ORIENTED_EDGE('',*,*,#731,.F.);
#731 = EDGE_CURVE('',#684,#723,#732,.T.);
#732 = B_SPLINE_CURVE_WITH_KNOTS('',3,(#733,#734,#735,#736),
  .UNSPECIFIED.,.F.,.F.,(4,4),(4.,5.),.PIECEWISE_BEZIER_KNOTS.);
#733 = CARTESIAN_POINT('',(-0.254085003638,2.4995,1.156918860351));
#734 = CARTESIAN_POINT('',(-0.267705832342,2.4995,1.16960390693));
#735 = CARTESIAN_POINT('',(-0.274533575992,2.4995,1.186447985175));
#736 = CARTESIAN_POINT('',(-0.274533575992,2.4995,1.207451095085));
#737 = FACE_BOUND('',#738,.T.);
#738 = EDGE_LOOP('',(#739,#748,#755,#762));
#739 = ORIENTED_EDGE('',*,*,#740,.T.);
#740 = EDGE_CURVE('',#741,#743,#745,.T.);
#741 = VERTEX_POINT('',#742);
#742 = CARTESIAN_POINT('',(2.45,2.4995,2.50001E-02));
#743 = VERTEX_POINT('',#744);
#744 = CARTESIAN_POINT('',(-2.45,2.4995,2.50001E-02));
#745 = B_SPLINE_CURVE_WITH_KNOTS('',1,(#746,#747),.UNSPECIFIED.,.F.,.F.,
  (2,2),(-4.95,-5.E-02),.PIECEWISE_BEZIER_KNOTS.);
#746 = CARTESIAN_POINT('',(2.45,2.4995,2.50001E-02));
#747 = CARTESIAN_POINT('',(-2.45,2.4995,2.50001E-02));
#748 = ORIENTED_EDGE('',*,*,#749,.T.);
#749 = EDGE_CURVE('',#743,#750,#752,.T.);
#750 = VERTEX_POINT('',#751);
#751 = CARTESIAN_POINT('',(-2.45,2.4995,1.6250001));
#752 = B_SPLINE_CURVE_WITH_KNOTS('',1,(#753,#754),.UNSPECIFIED.,.F.,.F.,
  (2,2),(0.,1.6),.PIECEWISE_BEZIER_KNOTS.);
#753 = CARTESIAN_POINT('',(-2.45,2.4995,2.50001E-02));
#754 = CARTESIAN_POINT('',(-2.45,2.4995,1.6250001));
#755 = ORIENTED_EDGE('',*,*,#756,.F.);
#756 = EDGE_CURVE('',#757,#750,#759,.T.);
#757 = VERTEX_POINT('',#758);
#758 = CARTESIAN_POINT('',(2.45,2.4995,1.6250001));
#759 = B_SPLINE_CURVE_WITH_KNOTS('',1,(#760,#761),.UNSPECIFIED.,.F.,.F.,
  (2,2),(-4.95,-5.E-02),.PIECEWISE_BEZIER_KNOTS.);
#760 = CARTESIAN_POINT('',(2.45,2.4995,1.6250001));
#761 = CARTESIAN_POINT('',(-2.45,2.4995,1.6250001));
#762 = ORIENTED_EDGE('',*,*,#763,.T.);
#763 = EDGE_CURVE('',#757,#741,#764,.T.);
#764 = B_SPLINE_CURVE_WITH_KNOTS('',1,(#765,#766),.UNSPECIFIED.,.F.,.F.,
  (2,2),(-1.6,0.),.PIECEWISE_BEZIER_KNOTS.);
#765 = CARTESIAN_POINT('',(2.45,2.4995,1.6250001));
#766 = CARTESIAN_POINT('',(2.45,2.4995,2.50001E-02));
#767 = FACE_BOUND('',#768,.T.);
#768 = EDGE_LOOP('',(#769,#778,#785,#792,#799,#806));
#769 = ORIENTED_EDGE('',*,*,#770,.F.);
#770 = EDGE_CURVE('',#771,#773,#775,.T.);
#771 = VERTEX_POINT('',#772);
#772 = CARTESIAN_POINT('',(6.858653639283E-02,2.4995,1.153383683436));
#773 = VERTEX_POINT('',#774);
#774 = CARTESIAN_POINT('',(0.122584630847,2.4995,1.153383683436));
#775 = B_SPLINE_CURVE_WITH_KNOTS('',1,(#776,#777),.UNSPECIFIED.,.F.,.F.,
  (2,2),(-5.399809445444E-02,0.),.PIECEWISE_BEZIER_KNOTS.);
#776 = CARTESIAN_POINT('',(6.858653639283E-02,2.4995,1.153383683436));
#777 = CARTESIAN_POINT('',(0.122584630847,2.4995,1.153383683436));
#778 = ORIENTED_EDGE('',*,*,#779,.F.);
#779 = EDGE_CURVE('',#780,#771,#782,.T.);
#780 = VERTEX_POINT('',#781);
#781 = CARTESIAN_POINT('',(6.858653639283E-02,2.4995,1.13792594908));
#782 = B_SPLINE_CURVE_WITH_KNOTS('',1,(#783,#784),.UNSPECIFIED.,.F.,.F.,
  (2,2),(-1.545773435586E-02,0.),.PIECEWISE_BEZIER_KNOTS.);
#783 = CARTESIAN_POINT('',(6.858653639283E-02,2.4995,1.13792594908));
#784 = CARTESIAN_POINT('',(6.858653639283E-02,2.4995,1.153383683436));
#785 = ORIENTED_EDGE('',*,*,#786,.F.);
#786 = EDGE_CURVE('',#787,#780,#789,.T.);
#787 = VERTEX_POINT('',#788);
#788 = CARTESIAN_POINT('',(0.140087222439,2.4995,1.13792594908));
#789 = B_SPLINE_CURVE_WITH_KNOTS('',1,(#790,#791),.UNSPECIFIED.,.F.,.F.,
  (2,2),(-7.15006860457E-02,0.),.PIECEWISE_BEZIER_KNOTS.);
#790 = CARTESIAN_POINT('',(0.140087222439,2.4995,1.13792594908));
#791 = CARTESIAN_POINT('',(6.858653639283E-02,2.4995,1.13792594908));
#792 = ORIENTED_EDGE('',*,*,#793,.F.);
#793 = EDGE_CURVE('',#794,#787,#796,.T.);
#794 = VERTEX_POINT('',#795);
#795 = CARTESIAN_POINT('',(0.140087222439,2.4995,1.273510381368));
#796 = B_SPLINE_CURVE_WITH_KNOTS('',1,(#797,#798),.UNSPECIFIED.,.F.,.F.,
  (2,2),(-0.135584432288,-1.110223024625E-16),.PIECEWISE_BEZIER_KNOTS.);
#797 = CARTESIAN_POINT('',(0.140087222439,2.4995,1.273510381368));
#798 = CARTESIAN_POINT('',(0.140087222439,2.4995,1.13792594908));
#799 = ORIENTED_EDGE('',*,*,#800,.F.);
#800 = EDGE_CURVE('',#801,#794,#803,.T.);
#801 = VERTEX_POINT('',#802);
#802 = CARTESIAN_POINT('',(0.122584630847,2.4995,1.273510381368));
#803 = B_SPLINE_CURVE_WITH_KNOTS('',1,(#804,#805),.UNSPECIFIED.,.F.,.F.,
  (2,2),(-1.750259159126E-02,0.),.PIECEWISE_BEZIER_KNOTS.);
#804 = CARTESIAN_POINT('',(0.122584630847,2.4995,1.273510381368));
#805 = CARTESIAN_POINT('',(0.140087222439,2.4995,1.273510381368));
#806 = ORIENTED_EDGE('',*,*,#807,.F.);
#807 = EDGE_CURVE('',#773,#801,#808,.T.);
#808 = B_SPLINE_CURVE_WITH_KNOTS('',1,(#809,#810),.UNSPECIFIED.,.F.,.F.,
  (2,2),(-0.120126697932,0.),.PIECEWISE_BEZIER_KNOTS.);
#809 = CARTESIAN_POINT('',(0.122584630847,2.4995,1.153383683436));
#810 = CARTESIAN_POINT('',(0.122584630847,2.4995,1.273510381368));
#811 = FACE_BOUND('',#812,.T.);
#812 = EDGE_LOOP('',(#813,#822,#831,#840,#849,#858,#867,#876,#883,#892,
    #901,#910,#919,#928));
#813 = ORIENTED_EDGE('',*,*,#814,.F.);
#814 = EDGE_CURVE('',#815,#817,#819,.T.);
#815 = VERTEX_POINT('',#816);
#816 = CARTESIAN_POINT('',(-3.847387039059E-02,2.4995,1.143540641828));
#817 = VERTEX_POINT('',#818);
#818 = CARTESIAN_POINT('',(-3.847387039059E-02,2.4995,1.160315402878));
#819 = B_SPLINE_CURVE_WITH_KNOTS('',1,(#820,#821),.UNSPECIFIED.,.F.,.F.,
  (2,2),(-1.67747610502E-02,0.),.PIECEWISE_BEZIER_KNOTS.);
#820 = CARTESIAN_POINT('',(-3.847387039059E-02,2.4995,1.143540641828));
#821 = CARTESIAN_POINT('',(-3.847387039059E-02,2.4995,1.160315402878));
#822 = ORIENTED_EDGE('',*,*,#823,.F.);
#823 = EDGE_CURVE('',#824,#815,#826,.T.);
#824 = VERTEX_POINT('',#825);
#825 = CARTESIAN_POINT('',(-9.386096113506E-04,2.4995,1.135638481664));
#826 = B_SPLINE_CURVE_WITH_KNOTS('',3,(#827,#828,#829,#830),
  .UNSPECIFIED.,.F.,.F.,(4,4),(0.,1.),.PIECEWISE_BEZIER_KNOTS.);
#827 = CARTESIAN_POINT('',(-9.386096113506E-04,2.4995,1.135638481664));
#828 = CARTESIAN_POINT('',(-1.598044080069E-02,2.4995,1.135638481664));
#829 = CARTESIAN_POINT('',(-2.849219439377E-02,2.4995,1.138272535052));
#830 = CARTESIAN_POINT('',(-3.847387039059E-02,2.4995,1.143540641828));
#831 = ORIENTED_EDGE('',*,*,#832,.F.);
#832 = EDGE_CURVE('',#833,#824,#835,.T.);
#833 = VERTEX_POINT('',#834);
#834 = CARTESIAN_POINT('',(4.564254503971E-02,2.4995,1.154146172574));
#835 = B_SPLINE_CURVE_WITH_KNOTS('',3,(#836,#837,#838,#839),
  .UNSPECIFIED.,.F.,.F.,(4,4),(1.,2.),.PIECEWISE_BEZIER_KNOTS.);
#836 = CARTESIAN_POINT('',(4.564254503971E-02,2.4995,1.154146172574));
#837 = CARTESIAN_POINT('',(3.4031914974E-02,2.4995,1.141807711968));
#838 = CARTESIAN_POINT('',(1.85048634238E-02,2.4995,1.135638481664));
#839 = CARTESIAN_POINT('',(-9.386096113506E-04,2.4995,1.135638481664));
#840 = ORIENTED_EDGE('',*,*,#841,.F.);
#841 = EDGE_CURVE('',#842,#833,#844,.T.);
#842 = VERTEX_POINT('',#843);
#843 = CARTESIAN_POINT('',(6.304116083945E-02,2.4995,1.20315342903));
#844 = B_SPLINE_CURVE_WITH_KNOTS('',3,(#845,#846,#847,#848),
  .UNSPECIFIED.,.F.,.F.,(4,4),(2.,3.),.PIECEWISE_BEZIER_KNOTS.);
#845 = CARTESIAN_POINT('',(6.304116083945E-02,2.4995,1.20315342903));
#846 = CARTESIAN_POINT('',(6.304116083945E-02,2.4995,1.182843491064));
#847 = CARTESIAN_POINT('',(5.725317510542E-02,2.4995,1.166484633181));
#848 = CARTESIAN_POINT('',(4.564254503971E-02,2.4995,1.154146172574));
#849 = ORIENTED_EDGE('',*,*,#850,.F.);
#850 = EDGE_CURVE('',#851,#842,#853,.T.);
#851 = VERTEX_POINT('',#852);
#852 = CARTESIAN_POINT('',(4.345905341562E-02,2.4995,1.25583449679));
#853 = B_SPLINE_CURVE_WITH_KNOTS('',3,(#854,#855,#856,#857),
  .UNSPECIFIED.,.F.,.F.,(4,4),(3.,4.),.PIECEWISE_BEZIER_KNOTS.);
#854 = CARTESIAN_POINT('',(4.345905341562E-02,2.4995,1.25583449679));
#855 = CARTESIAN_POINT('',(5.65253445639E-02,2.4995,1.242525595461));
#856 = CARTESIAN_POINT('',(6.304116083945E-02,2.4995,1.224988345273));
#857 = CARTESIAN_POINT('',(6.304116083945E-02,2.4995,1.20315342903));
#858 = ORIENTED_EDGE('',*,*,#859,.F.);
#859 = EDGE_CURVE('',#860,#851,#862,.T.);
#860 = VERTEX_POINT('',#861);
#861 = CARTESIAN_POINT('',(-6.345350776043E-03,2.4995,1.275797848784));
#862 = B_SPLINE_CURVE_WITH_KNOTS('',3,(#863,#864,#865,#866),
  .UNSPECIFIED.,.F.,.F.,(4,4),(4.,5.),.PIECEWISE_BEZIER_KNOTS.);
#863 = CARTESIAN_POINT('',(-6.345350776043E-03,2.4995,1.275797848784));
#864 = CARTESIAN_POINT('',(1.379129420299E-02,2.4995,1.275797848784));
#865 = CARTESIAN_POINT('',(3.039276226688E-02,2.4995,1.269143398119));
#866 = CARTESIAN_POINT('',(4.345905341562E-02,2.4995,1.25583449679));
#867 = ORIENTED_EDGE('',*,*,#868,.F.);
#868 = EDGE_CURVE('',#869,#860,#871,.T.);
#869 = VERTEX_POINT('',#870);
#870 = CARTESIAN_POINT('',(-3.847387039059E-02,2.4995,1.27025247323));
#871 = B_SPLINE_CURVE_WITH_KNOTS('',3,(#872,#873,#874,#875),
  .UNSPECIFIED.,.F.,.F.,(4,4),(5.,6.),.PIECEWISE_BEZIER_KNOTS.);
#872 = CARTESIAN_POINT('',(-3.847387039059E-02,2.4995,1.27025247323));
#873 = CARTESIAN_POINT('',(-3.001717267115E-02,2.4995,1.273926284534));
#874 = CARTESIAN_POINT('',(-1.930766613281E-02,2.4995,1.275797848784));
#875 = CARTESIAN_POINT('',(-6.345350776043E-03,2.4995,1.275797848784));
#876 = ORIENTED_EDGE('',*,*,#877,.F.);
#877 = EDGE_CURVE('',#878,#869,#880,.T.);
#878 = VERTEX_POINT('',#879);
#879 = CARTESIAN_POINT('',(-3.847387039059E-02,2.4995,1.251952733903));
#880 = B_SPLINE_CURVE_WITH_KNOTS('',1,(#881,#882),.UNSPECIFIED.,.F.,.F.,
  (2,2),(-1.829973932666E-02,0.),.PIECEWISE_BEZIER_KNOTS.);
#881 = CARTESIAN_POINT('',(-3.847387039059E-02,2.4995,1.251952733903));
#882 = CARTESIAN_POINT('',(-3.847387039059E-02,2.4995,1.27025247323));
#883 = ORIENTED_EDGE('',*,*,#884,.F.);
#884 = EDGE_CURVE('',#885,#878,#887,.T.);
#885 = VERTEX_POINT('',#886);
#886 = CARTESIAN_POINT('',(-6.518643762359E-03,2.4995,1.259993528455));
#887 = B_SPLINE_CURVE_WITH_KNOTS('',3,(#888,#889,#890,#891),
  .UNSPECIFIED.,.F.,.F.,(4,4),(7.,8.),.PIECEWISE_BEZIER_KNOTS.);
#888 = CARTESIAN_POINT('',(-6.518643762359E-03,2.4995,1.259993528455));
#889 = CARTESIAN_POINT('',(-1.812927382761E-02,2.4995,1.259993528455));
#890 = CARTESIAN_POINT('',(-2.87694631716E-02,2.4995,1.257359475067));
#891 = CARTESIAN_POINT('',(-3.847387039059E-02,2.4995,1.251952733903));
#892 = ORIENTED_EDGE('',*,*,#893,.F.);
#893 = EDGE_CURVE('',#894,#885,#896,.T.);
#894 = VERTEX_POINT('',#895);
#895 = CARTESIAN_POINT('',(3.042742086405E-02,2.4995,1.244951697266));
#896 = B_SPLINE_CURVE_WITH_KNOTS('',3,(#897,#898,#899,#900),
  .UNSPECIFIED.,.F.,.F.,(4,4),(8.,9.),.PIECEWISE_BEZIER_KNOTS.);
#897 = CARTESIAN_POINT('',(3.042742086405E-02,2.4995,1.244951697266));
#898 = CARTESIAN_POINT('',(2.089630663137E-02,2.4995,1.255002690457));
#899 = CARTESIAN_POINT('',(8.592504621324E-03,2.4995,1.259993528455));
#900 = CARTESIAN_POINT('',(-6.518643762359E-03,2.4995,1.259993528455));
#901 = ORIENTED_EDGE('',*,*,#902,.F.);
#902 = EDGE_CURVE('',#903,#894,#905,.T.);
#903 = VERTEX_POINT('',#904);
#904 = CARTESIAN_POINT('',(4.467210431753E-02,2.4995,1.204193186947));
#905 = B_SPLINE_CURVE_WITH_KNOTS('',3,(#906,#907,#908,#909),
  .UNSPECIFIED.,.F.,.F.,(4,4),(9.,10.),.PIECEWISE_BEZIER_KNOTS.);
#906 = CARTESIAN_POINT('',(4.467210431753E-02,2.4995,1.204193186947));
#907 = CARTESIAN_POINT('',(4.467210431753E-02,2.4995,1.221245216774));
#908 = CARTESIAN_POINT('',(3.992387650001E-02,2.4995,1.23483138688));
#909 = CARTESIAN_POINT('',(3.042742086405E-02,2.4995,1.244951697266));
#910 = ORIENTED_EDGE('',*,*,#911,.F.);
#911 = EDGE_CURVE('',#912,#903,#914,.T.);
#912 = VERTEX_POINT('',#913);
#913 = CARTESIAN_POINT('',(3.136320298905E-02,2.4995,1.16551419246));
#914 = B_SPLINE_CURVE_WITH_KNOTS('',3,(#915,#916,#917,#918),
  .UNSPECIFIED.,.F.,.F.,(4,4),(10.,11.),.PIECEWISE_BEZIER_KNOTS.);
#915 = CARTESIAN_POINT('',(3.136320298905E-02,2.4995,1.16551419246));
#916 = CARTESIAN_POINT('',(4.023580387501E-02,2.4995,1.17507996529));
#917 = CARTESIAN_POINT('',(4.467210431753E-02,2.4995,1.187972963452));
#918 = CARTESIAN_POINT('',(4.467210431753E-02,2.4995,1.204193186947));
#919 = ORIENTED_EDGE('',*,*,#920,.F.);
#920 = EDGE_CURVE('',#921,#912,#923,.T.);
#921 = VERTEX_POINT('',#922);
#922 = CARTESIAN_POINT('',(-3.468687207609E-03,2.4995,1.151234850408));
#923 = B_SPLINE_CURVE_WITH_KNOTS('',3,(#924,#925,#926,#927),
  .UNSPECIFIED.,.F.,.F.,(4,4),(11.,12.),.PIECEWISE_BEZIER_KNOTS.);
#924 = CARTESIAN_POINT('',(-3.468687207609E-03,2.4995,1.151234850408));
#925 = CARTESIAN_POINT('',(1.087997203738E-02,2.4995,1.151234850408));
#926 = CARTESIAN_POINT('',(2.249060210309E-02,2.4995,1.156017736824));
#927 = CARTESIAN_POINT('',(3.136320298905E-02,2.4995,1.16551419246));
#928 = ORIENTED_EDGE('',*,*,#929,.F.);
#929 = EDGE_CURVE('',#817,#921,#930,.T.);
#930 = B_SPLINE_CURVE_WITH_KNOTS('',3,(#931,#932,#933,#934),
  .UNSPECIFIED.,.F.,.F.,(4,4),(12.,13.),.PIECEWISE_BEZIER_KNOTS.);
#931 = CARTESIAN_POINT('',(-3.847387039059E-02,2.4995,1.160315402878));
#932 = CARTESIAN_POINT('',(-2.856151158811E-02,2.4995,1.154284806963));
#933 = CARTESIAN_POINT('',(-1.688156432807E-02,2.4995,1.151234850408));
#934 = CARTESIAN_POINT('',(-3.468687207609E-03,2.4995,1.151234850408));
#935 = FACE_BOUND('',#936,.T.);
#936 = EDGE_LOOP('',(#937,#946,#953,#960,#967,#974,#981,#988,#995,#1002,
    #1009,#1016));
#937 = ORIENTED_EDGE('',*,*,#938,.F.);
#938 = EDGE_CURVE('',#939,#941,#943,.T.);
#939 = VERTEX_POINT('',#940);
#940 = CARTESIAN_POINT('',(-0.138533240537,2.4995,1.153383683436));
#941 = VERTEX_POINT('',#942);
#942 = CARTESIAN_POINT('',(-8.311414359775E-02,2.4995,1.153383683436));
#943 = B_SPLINE_CURVE_WITH_KNOTS('',1,(#944,#945),.UNSPECIFIED.,.F.,.F.,
  (2,2),(-5.541909693938E-02,0.),.PIECEWISE_BEZIER_KNOTS.);
#944 = CARTESIAN_POINT('',(-0.138533240537,2.4995,1.153383683436));
#945 = CARTESIAN_POINT('',(-8.311414359775E-02,2.4995,1.153383683436));
#946 = ORIENTED_EDGE('',*,*,#947,.F.);
#947 = EDGE_CURVE('',#948,#939,#950,.T.);
#948 = VERTEX_POINT('',#949);
#949 = CARTESIAN_POINT('',(-0.138533240537,2.4995,1.13792594908));
#950 = B_SPLINE_CURVE_WITH_KNOTS('',1,(#951,#952),.UNSPECIFIED.,.F.,.F.,
  (2,2),(-1.545773435586E-02,0.),.PIECEWISE_BEZIER_KNOTS.);
#951 = CARTESIAN_POINT('',(-0.138533240537,2.4995,1.13792594908));
#952 = CARTESIAN_POINT('',(-0.138533240537,2.4995,1.153383683436));
#953 = ORIENTED_EDGE('',*,*,#954,.F.);
#954 = EDGE_CURVE('',#955,#948,#957,.T.);
#955 = VERTEX_POINT('',#956);
#956 = CARTESIAN_POINT('',(-6.56115520065E-02,2.4995,1.13792594908));
#957 = B_SPLINE_CURVE_WITH_KNOTS('',1,(#958,#959),.UNSPECIFIED.,.F.,.F.,
  (2,2),(-7.292168853064E-02,0.),.PIECEWISE_BEZIER_KNOTS.);
#958 = CARTESIAN_POINT('',(-6.56115520065E-02,2.4995,1.13792594908));
#959 = CARTESIAN_POINT('',(-0.138533240537,2.4995,1.13792594908));
#960 = ORIENTED_EDGE('',*,*,#961,.F.);
#961 = EDGE_CURVE('',#962,#955,#964,.T.);
#962 = VERTEX_POINT('',#963);
#963 = CARTESIAN_POINT('',(-6.56115520065E-02,2.4995,1.273510381368));
#964 = B_SPLINE_CURVE_WITH_KNOTS('',1,(#965,#966),.UNSPECIFIED.,.F.,.F.,
  (2,2),(-0.135584432288,2.297158884239E-30),.PIECEWISE_BEZIER_KNOTS.);
#965 = CARTESIAN_POINT('',(-6.56115520065E-02,2.4995,1.273510381368));
#966 = CARTESIAN_POINT('',(-6.56115520065E-02,2.4995,1.13792594908));
#967 = ORIENTED_EDGE('',*,*,#968,.F.);
#968 = EDGE_CURVE('',#969,#962,#971,.T.);
#969 = VERTEX_POINT('',#970);
#970 = CARTESIAN_POINT('',(-0.135448625386,2.4995,1.273510381368));
#971 = B_SPLINE_CURVE_WITH_KNOTS('',1,(#972,#973),.UNSPECIFIED.,.F.,.F.,
  (2,2),(-6.983707337918E-02,0.),.PIECEWISE_BEZIER_KNOTS.);
#972 = CARTESIAN_POINT('',(-0.135448625386,2.4995,1.273510381368));
#973 = CARTESIAN_POINT('',(-6.56115520065E-02,2.4995,1.273510381368));
#974 = ORIENTED_EDGE('',*,*,#975,.F.);
#975 = EDGE_CURVE('',#976,#969,#978,.T.);
#976 = VERTEX_POINT('',#977);
#977 = CARTESIAN_POINT('',(-0.135448625386,2.4995,1.257914012623));
#978 = B_SPLINE_CURVE_WITH_KNOTS('',1,(#979,#980),.UNSPECIFIED.,.F.,.F.,
  (2,2),(-1.559636874454E-02,0.),.PIECEWISE_BEZIER_KNOTS.);
#979 = CARTESIAN_POINT('',(-0.135448625386,2.4995,1.257914012623));
#980 = CARTESIAN_POINT('',(-0.135448625386,2.4995,1.273510381368));
#981 = ORIENTED_EDGE('',*,*,#982,.F.);
#982 = EDGE_CURVE('',#983,#976,#985,.T.);
#983 = VERTEX_POINT('',#984);
#984 = CARTESIAN_POINT('',(-8.311414359775E-02,2.4995,1.257914012623));
#985 = B_SPLINE_CURVE_WITH_KNOTS('',1,(#986,#987),.UNSPECIFIED.,.F.,.F.,
  (2,2),(-5.233448178793E-02,0.),.PIECEWISE_BEZIER_KNOTS.);
#986 = CARTESIAN_POINT('',(-8.311414359775E-02,2.4995,1.257914012623));
#987 = CARTESIAN_POINT('',(-0.135448625386,2.4995,1.257914012623));
#988 = ORIENTED_EDGE('',*,*,#989,.F.);
#989 = EDGE_CURVE('',#990,#983,#992,.T.);
#990 = VERTEX_POINT('',#991);
#991 = CARTESIAN_POINT('',(-8.311414359775E-02,2.4995,1.214521448915));
#992 = B_SPLINE_CURVE_WITH_KNOTS('',1,(#993,#994),.UNSPECIFIED.,.F.,.F.,
  (2,2),(-4.339256370808E-02,0.),.PIECEWISE_BEZIER_KNOTS.);
#993 = CARTESIAN_POINT('',(-8.311414359775E-02,2.4995,1.214521448915));
#994 = CARTESIAN_POINT('',(-8.311414359775E-02,2.4995,1.257914012623));
#995 = ORIENTED_EDGE('',*,*,#996,.F.);
#996 = EDGE_CURVE('',#997,#990,#999,.T.);
#997 = VERTEX_POINT('',#998);
#998 = CARTESIAN_POINT('',(-0.131601521095,2.4995,1.214521448915));
#999 = B_SPLINE_CURVE_WITH_KNOTS('',1,(#1000,#1001),.UNSPECIFIED.,.F.,
  .F.,(2,2),(-4.848737749731E-02,0.),.PIECEWISE_BEZIER_KNOTS.);
#1000 = CARTESIAN_POINT('',(-0.131601521095,2.4995,1.214521448915));
#1001 = CARTESIAN_POINT('',(-8.311414359775E-02,2.4995,1.214521448915));
#1002 = ORIENTED_EDGE('',*,*,#1003,.F.);
#1003 = EDGE_CURVE('',#1004,#997,#1006,.T.);
#1004 = VERTEX_POINT('',#1005);
#1005 = CARTESIAN_POINT('',(-0.131601521095,2.4995,1.198994397365));
#1006 = B_SPLINE_CURVE_WITH_KNOTS('',1,(#1007,#1008),.UNSPECIFIED.,.F.,
  .F.,(2,2),(-1.55270515502E-02,0.),.PIECEWISE_BEZIER_KNOTS.);
#1007 = CARTESIAN_POINT('',(-0.131601521095,2.4995,1.198994397365));
#1008 = CARTESIAN_POINT('',(-0.131601521095,2.4995,1.214521448915));
#1009 = ORIENTED_EDGE('',*,*,#1010,.F.);
#1010 = EDGE_CURVE('',#1011,#1004,#1013,.T.);
#1011 = VERTEX_POINT('',#1012);
#1012 = CARTESIAN_POINT('',(-8.311414359775E-02,2.4995,1.198994397365));
#1013 = B_SPLINE_CURVE_WITH_KNOTS('',1,(#1014,#1015),.UNSPECIFIED.,.F.,
  .F.,(2,2),(-4.848737749731E-02,0.),.PIECEWISE_BEZIER_KNOTS.);
#1014 = CARTESIAN_POINT('',(-8.311414359775E-02,2.4995,1.198994397365));
#1015 = CARTESIAN_POINT('',(-0.131601521095,2.4995,1.198994397365));
#1016 = ORIENTED_EDGE('',*,*,#1017,.F.);
#1017 = EDGE_CURVE('',#941,#1011,#1018,.T.);
#1018 = B_SPLINE_CURVE_WITH_KNOTS('',1,(#1019,#1020),.UNSPECIFIED.,.F.,
  .F.,(2,2),(-4.561071392888E-02,0.),.PIECEWISE_BEZIER_KNOTS.);
#1019 = CARTESIAN_POINT('',(-8.311414359775E-02,2.4995,1.153383683436));
#1020 = CARTESIAN_POINT('',(-8.311414359775E-02,2.4995,1.198994397365));
#1021 = FACE_BOUND('',#1022,.T.);
#1022 = EDGE_LOOP('',(#1023,#1032,#1039,#1046,#1053,#1060,#1067,#1074));
#1023 = ORIENTED_EDGE('',*,*,#1024,.F.);
#1024 = EDGE_CURVE('',#1025,#1027,#1029,.T.);
#1025 = VERTEX_POINT('',#1026);
#1026 = CARTESIAN_POINT('',(-0.352411443924,2.4995,1.273510381368));
#1027 = VERTEX_POINT('',#1028);
#1028 = CARTESIAN_POINT('',(-0.33369580143,2.4995,1.273510381368));
#1029 = B_SPLINE_CURVE_WITH_KNOTS('',1,(#1030,#1031),.UNSPECIFIED.,.F.,
  .F.,(2,2),(-1.871564249363E-02,0.),.PIECEWISE_BEZIER_KNOTS.);
#1030 = CARTESIAN_POINT('',(-0.352411443924,2.4995,1.273510381368));
#1031 = CARTESIAN_POINT('',(-0.33369580143,2.4995,1.273510381368));
#1032 = ORIENTED_EDGE('',*,*,#1033,.F.);
#1033 = EDGE_CURVE('',#1034,#1025,#1036,.T.);
#1034 = VERTEX_POINT('',#1035);
#1035 = CARTESIAN_POINT('',(-0.404052753768,2.4995,1.13792594908));
#1036 = B_SPLINE_CURVE_WITH_KNOTS('',1,(#1037,#1038),.UNSPECIFIED.,.F.,
  .F.,(2,2),(-0.14508605433,0.),.PIECEWISE_BEZIER_KNOTS.);
#1037 = CARTESIAN_POINT('',(-0.404052753768,2.4995,1.13792594908));
#1038 = CARTESIAN_POINT('',(-0.352411443924,2.4995,1.273510381368));
#1039 = ORIENTED_EDGE('',*,*,#1040,.F.);
#1040 = EDGE_CURVE('',#1041,#1034,#1043,.T.);
#1041 = VERTEX_POINT('',#1042);
#1042 = CARTESIAN_POINT('',(-0.384713256524,2.4995,1.13792594908));
#1043 = B_SPLINE_CURVE_WITH_KNOTS('',1,(#1044,#1045),.UNSPECIFIED.,.F.,
  .F.,(2,2),(-1.933949724364E-02,0.),.PIECEWISE_BEZIER_KNOTS.);
#1044 = CARTESIAN_POINT('',(-0.384713256524,2.4995,1.13792594908));
#1045 = CARTESIAN_POINT('',(-0.404052753768,2.4995,1.13792594908));
#1046 = ORIENTED_EDGE('',*,*,#1047,.F.);
#1047 = EDGE_CURVE('',#1048,#1041,#1050,.T.);
#1048 = VERTEX_POINT('',#1049);
#1049 = CARTESIAN_POINT('',(-0.370884476237,2.4995,1.175010648096));
#1050 = B_SPLINE_CURVE_WITH_KNOTS('',1,(#1051,#1052),.UNSPECIFIED.,.F.,
  .F.,(2,2),(-3.957916200856E-02,-0.),.PIECEWISE_BEZIER_KNOTS.);
#1051 = CARTESIAN_POINT('',(-0.370884476237,2.4995,1.175010648096));
#1052 = CARTESIAN_POINT('',(-0.384713256524,2.4995,1.13792594908));
#1053 = ORIENTED_EDGE('',*,*,#1054,.F.);
#1054 = EDGE_CURVE('',#1055,#1048,#1057,.T.);
#1055 = VERTEX_POINT('',#1056);
#1056 = CARTESIAN_POINT('',(-0.314425621381,2.4995,1.175010648096));
#1057 = B_SPLINE_CURVE_WITH_KNOTS('',1,(#1058,#1059),.UNSPECIFIED.,.F.,
  .F.,(2,2),(-5.645885485636E-02,0.),.PIECEWISE_BEZIER_KNOTS.);
#1058 = CARTESIAN_POINT('',(-0.314425621381,2.4995,1.175010648096));
#1059 = CARTESIAN_POINT('',(-0.370884476237,2.4995,1.175010648096));
#1060 = ORIENTED_EDGE('',*,*,#1061,.F.);
#1061 = EDGE_CURVE('',#1062,#1055,#1064,.T.);
#1062 = VERTEX_POINT('',#1063);
#1063 = CARTESIAN_POINT('',(-0.30139398883,2.4995,1.13792594908));
#1064 = B_SPLINE_CURVE_WITH_KNOTS('',1,(#1065,#1066),.UNSPECIFIED.,.F.,
  .F.,(2,2),(-3.930773903472E-02,0.),.PIECEWISE_BEZIER_KNOTS.);
#1065 = CARTESIAN_POINT('',(-0.30139398883,2.4995,1.13792594908));
#1066 = CARTESIAN_POINT('',(-0.314425621381,2.4995,1.175010648096));
#1067 = ORIENTED_EDGE('',*,*,#1068,.F.);
#1068 = EDGE_CURVE('',#1069,#1062,#1071,.T.);
#1069 = VERTEX_POINT('',#1070);
#1070 = CARTESIAN_POINT('',(-0.282054491587,2.4995,1.13792594908));
#1071 = B_SPLINE_CURVE_WITH_KNOTS('',1,(#1072,#1073),.UNSPECIFIED.,.F.,
  .F.,(2,2),(-1.933949724271E-02,0.),.PIECEWISE_BEZIER_KNOTS.);
#1072 = CARTESIAN_POINT('',(-0.282054491587,2.4995,1.13792594908));
#1073 = CARTESIAN_POINT('',(-0.30139398883,2.4995,1.13792594908));
#1074 = ORIENTED_EDGE('',*,*,#1075,.F.);
#1075 = EDGE_CURVE('',#1027,#1069,#1076,.T.);
#1076 = B_SPLINE_CURVE_WITH_KNOTS('',1,(#1077,#1078),.UNSPECIFIED.,.F.,
  .F.,(2,2),(-0.14508605433,0.),.PIECEWISE_BEZIER_KNOTS.);
#1077 = CARTESIAN_POINT('',(-0.33369580143,2.4995,1.273510381368));
#1078 = CARTESIAN_POINT('',(-0.282054491587,2.4995,1.13792594908));
#1079 = FACE_BOUND('',#1080,.T.);
#1080 = EDGE_LOOP('',(#1081,#1090,#1097,#1104,#1111,#1118,#1125,#1132,
    #1139,#1146,#1153,#1160));
#1081 = ORIENTED_EDGE('',*,*,#1082,.F.);
#1082 = EDGE_CURVE('',#1083,#1085,#1087,.T.);
#1083 = VERTEX_POINT('',#1084);
#1084 = CARTESIAN_POINT('',(6.716553390743E-02,2.4995,0.938292429147));
#1085 = VERTEX_POINT('',#1086);
#1086 = CARTESIAN_POINT('',(0.122584630847,2.4995,0.938292429147));
#1087 = B_SPLINE_CURVE_WITH_KNOTS('',1,(#1088,#1089),.UNSPECIFIED.,.F.,
  .F.,(2,2),(-5.541909693984E-02,0.),.PIECEWISE_BEZIER_KNOTS.);
#1088 = CARTESIAN_POINT('',(6.716553390743E-02,2.4995,0.938292429147));
#1089 = CARTESIAN_POINT('',(0.122584630847,2.4995,0.938292429147));
#1090 = ORIENTED_EDGE('',*,*,#1091,.F.);
#1091 = EDGE_CURVE('',#1092,#1083,#1094,.T.);
#1092 = VERTEX_POINT('',#1093);
#1093 = CARTESIAN_POINT('',(6.716553390743E-02,2.4995,0.922834694791));
#1094 = B_SPLINE_CURVE_WITH_KNOTS('',1,(#1095,#1096),.UNSPECIFIED.,.F.,
  .F.,(2,2),(-1.545773435586E-02,0.),.PIECEWISE_BEZIER_KNOTS.);
#1095 = CARTESIAN_POINT('',(6.716553390743E-02,2.4995,0.922834694791));
#1096 = CARTESIAN_POINT('',(6.716553390743E-02,2.4995,0.938292429147));
#1097 = ORIENTED_EDGE('',*,*,#1098,.F.);
#1098 = EDGE_CURVE('',#1099,#1092,#1101,.T.);
#1099 = VERTEX_POINT('',#1100);
#1100 = CARTESIAN_POINT('',(0.140087222439,2.4995,0.922834694791));
#1101 = B_SPLINE_CURVE_WITH_KNOTS('',1,(#1102,#1103),.UNSPECIFIED.,.F.,
  .F.,(2,2),(-7.29216885311E-02,0.),.PIECEWISE_BEZIER_KNOTS.);
#1102 = CARTESIAN_POINT('',(0.140087222439,2.4995,0.922834694791));
#1103 = CARTESIAN_POINT('',(6.716553390743E-02,2.4995,0.922834694791));
#1104 = ORIENTED_EDGE('',*,*,#1105,.F.);
#1105 = EDGE_CURVE('',#1106,#1099,#1108,.T.);
#1106 = VERTEX_POINT('',#1107);
#1107 = CARTESIAN_POINT('',(0.140087222439,2.4995,1.058419127079));
#1108 = B_SPLINE_CURVE_WITH_KNOTS('',1,(#1109,#1110),.UNSPECIFIED.,.F.,
  .F.,(2,2),(-0.135584432288,-0.),.PIECEWISE_BEZIER_KNOTS.);
#1109 = CARTESIAN_POINT('',(0.140087222439,2.4995,1.058419127079));
#1110 = CARTESIAN_POINT('',(0.140087222439,2.4995,0.922834694791));
#1111 = ORIENTED_EDGE('',*,*,#1112,.F.);
#1112 = EDGE_CURVE('',#1113,#1106,#1115,.T.);
#1113 = VERTEX_POINT('',#1114);
#1114 = CARTESIAN_POINT('',(7.025014905935E-02,2.4995,1.058419127079));
#1115 = B_SPLINE_CURVE_WITH_KNOTS('',1,(#1116,#1117),.UNSPECIFIED.,.F.,
  .F.,(2,2),(-6.983707337918E-02,0.),.PIECEWISE_BEZIER_KNOTS.);
#1116 = CARTESIAN_POINT('',(7.025014905935E-02,2.4995,1.058419127079));
#1117 = CARTESIAN_POINT('',(0.140087222439,2.4995,1.058419127079));
#1118 = ORIENTED_EDGE('',*,*,#1119,.F.);
#1119 = EDGE_CURVE('',#1120,#1113,#1122,.T.);
#1120 = VERTEX_POINT('',#1121);
#1121 = CARTESIAN_POINT('',(7.025014905935E-02,2.4995,1.042822758334));
#1122 = B_SPLINE_CURVE_WITH_KNOTS('',1,(#1123,#1124),.UNSPECIFIED.,.F.,
  .F.,(2,2),(-1.559636874454E-02,0.),.PIECEWISE_BEZIER_KNOTS.);
#1123 = CARTESIAN_POINT('',(7.025014905935E-02,2.4995,1.042822758334));
#1124 = CARTESIAN_POINT('',(7.025014905935E-02,2.4995,1.058419127079));
#1125 = ORIENTED_EDGE('',*,*,#1126,.F.);
#1126 = EDGE_CURVE('',#1127,#1120,#1129,.T.);
#1127 = VERTEX_POINT('',#1128);
#1128 = CARTESIAN_POINT('',(0.122584630847,2.4995,1.042822758334));
#1129 = B_SPLINE_CURVE_WITH_KNOTS('',1,(#1130,#1131),.UNSPECIFIED.,.F.,
  .F.,(2,2),(-5.233448178792E-02,0.),.PIECEWISE_BEZIER_KNOTS.);
#1130 = CARTESIAN_POINT('',(0.122584630847,2.4995,1.042822758334));
#1131 = CARTESIAN_POINT('',(7.025014905935E-02,2.4995,1.042822758334));
#1132 = ORIENTED_EDGE('',*,*,#1133,.F.);
#1133 = EDGE_CURVE('',#1134,#1127,#1136,.T.);
#1134 = VERTEX_POINT('',#1135);
#1135 = CARTESIAN_POINT('',(0.122584630847,2.4995,0.999430194626));
#1136 = B_SPLINE_CURVE_WITH_KNOTS('',1,(#1137,#1138),.UNSPECIFIED.,.F.,
  .F.,(2,2),(-4.339256370808E-02,0.),.PIECEWISE_BEZIER_KNOTS.);
#1137 = CARTESIAN_POINT('',(0.122584630847,2.4995,0.999430194626));
#1138 = CARTESIAN_POINT('',(0.122584630847,2.4995,1.042822758334));
#1139 = ORIENTED_EDGE('',*,*,#1140,.F.);
#1140 = EDGE_CURVE('',#1141,#1134,#1143,.T.);
#1141 = VERTEX_POINT('',#1142);
#1142 = CARTESIAN_POINT('',(7.40972533495E-02,2.4995,0.999430194626));
#1143 = B_SPLINE_CURVE_WITH_KNOTS('',1,(#1144,#1145),.UNSPECIFIED.,.F.,
  .F.,(2,2),(-4.848737749777E-02,0.),.PIECEWISE_BEZIER_KNOTS.);
#1144 = CARTESIAN_POINT('',(7.40972533495E-02,2.4995,0.999430194626));
#1145 = CARTESIAN_POINT('',(0.122584630847,2.4995,0.999430194626));
#1146 = ORIENTED_EDGE('',*,*,#1147,.F.);
#1147 = EDGE_CURVE('',#1148,#1141,#1150,.T.);
#1148 = VERTEX_POINT('',#1149);
#1149 = CARTESIAN_POINT('',(7.40972533495E-02,2.4995,0.983903143076));
#1150 = B_SPLINE_CURVE_WITH_KNOTS('',1,(#1151,#1152),.UNSPECIFIED.,.F.,
  .F.,(2,2),(-1.55270515502E-02,0.),.PIECEWISE_BEZIER_KNOTS.);
#1151 = CARTESIAN_POINT('',(7.40972533495E-02,2.4995,0.983903143076));
#1152 = CARTESIAN_POINT('',(7.40972533495E-02,2.4995,0.999430194626));
#1153 = ORIENTED_EDGE('',*,*,#1154,.F.);
#1154 = EDGE_CURVE('',#1155,#1148,#1157,.T.);
#1155 = VERTEX_POINT('',#1156);
#1156 = CARTESIAN_POINT('',(0.122584630847,2.4995,0.983903143076));
#1157 = B_SPLINE_CURVE_WITH_KNOTS('',1,(#1158,#1159),.UNSPECIFIED.,.F.,
  .F.,(2,2),(-4.848737749777E-02,0.),.PIECEWISE_BEZIER_KNOTS.);
#1158 = CARTESIAN_POINT('',(0.122584630847,2.4995,0.983903143076));
#1159 = CARTESIAN_POINT('',(7.40972533495E-02,2.4995,0.983903143076));
#1160 = ORIENTED_EDGE('',*,*,#1161,.F.);
#1161 = EDGE_CURVE('',#1085,#1155,#1162,.T.);
#1162 = B_SPLINE_CURVE_WITH_KNOTS('',1,(#1163,#1164),.UNSPECIFIED.,.F.,
  .F.,(2,2),(-4.561071392888E-02,0.),.PIECEWISE_BEZIER_KNOTS.);
#1163 = CARTESIAN_POINT('',(0.122584630847,2.4995,0.938292429147));
#1164 = CARTESIAN_POINT('',(0.122584630847,2.4995,0.983903143076));
#1165 = FACE_BOUND('',#1166,.T.);
#1166 = EDGE_LOOP('',(#1167,#1178,#1185,#1192,#1199,#1208,#1217));
#1167 = ORIENTED_EDGE('',*,*,#1168,.F.);
#1168 = EDGE_CURVE('',#1169,#1171,#1173,.T.);
#1169 = VERTEX_POINT('',#1170);
#1170 = CARTESIAN_POINT('',(-0.37123106221,2.4995,0.922834694791));
#1171 = VERTEX_POINT('',#1172);
#1172 = CARTESIAN_POINT('',(-0.423877471372,2.4995,0.941827606062));
#1173 = B_SPLINE_CURVE_WITH_KNOTS('',3,(#1174,#1175,#1176,#1177),
  .UNSPECIFIED.,.F.,.F.,(4,4),(5.,6.),.PIECEWISE_BEZIER_KNOTS.);
#1174 = CARTESIAN_POINT('',(-0.37123106221,2.4995,0.922834694791));
#1175 = CARTESIAN_POINT('',(-0.392684733883,2.4995,0.922834694791));
#1176 = CARTESIAN_POINT('',(-0.410256642669,2.4995,0.929142559483));
#1177 = CARTESIAN_POINT('',(-0.423877471372,2.4995,0.941827606062));
#1178 = ORIENTED_EDGE('',*,*,#1179,.F.);
#1179 = EDGE_CURVE('',#1180,#1169,#1182,.T.);
#1180 = VERTEX_POINT('',#1181);
#1181 = CARTESIAN_POINT('',(-0.333938411611,2.4995,0.922834694791));
#1182 = B_SPLINE_CURVE_WITH_KNOTS('',1,(#1183,#1184),.UNSPECIFIED.,.F.,
  .F.,(2,2),(-3.729265059858E-02,-1.110223024625E-16),
  .PIECEWISE_BEZIER_KNOTS.);
#1183 = CARTESIAN_POINT('',(-0.333938411611,2.4995,0.922834694791));
#1184 = CARTESIAN_POINT('',(-0.37123106221,2.4995,0.922834694791));
#1185 = ORIENTED_EDGE('',*,*,#1186,.F.);
#1186 = EDGE_CURVE('',#1187,#1180,#1189,.T.);
#1187 = VERTEX_POINT('',#1188);
#1188 = CARTESIAN_POINT('',(-0.333938411611,2.4995,1.058419127079));
#1189 = B_SPLINE_CURVE_WITH_KNOTS('',1,(#1190,#1191),.UNSPECIFIED.,.F.,
  .F.,(2,2),(-0.135584432288,-0.),.PIECEWISE_BEZIER_KNOTS.);
#1190 = CARTESIAN_POINT('',(-0.333938411611,2.4995,1.058419127079));
#1191 = CARTESIAN_POINT('',(-0.333938411611,2.4995,0.922834694791));
#1192 = ORIENTED_EDGE('',*,*,#1193,.F.);
#1193 = EDGE_CURVE('',#1194,#1187,#1196,.T.);
#1194 = VERTEX_POINT('',#1195);
#1195 = CARTESIAN_POINT('',(-0.372617406098,2.4995,1.058419127079));
#1196 = B_SPLINE_CURVE_WITH_KNOTS('',1,(#1197,#1198),.UNSPECIFIED.,.F.,
  .F.,(2,2),(-3.867899448635E-02,-2.22044604925E-16),
  .PIECEWISE_BEZIER_KNOTS.);
#1197 = CARTESIAN_POINT('',(-0.372617406098,2.4995,1.058419127079));
#1198 = CARTESIAN_POINT('',(-0.333938411611,2.4995,1.058419127079));
#1199 = ORIENTED_EDGE('',*,*,#1200,.F.);
#1200 = EDGE_CURVE('',#1201,#1194,#1203,.T.);
#1201 = VERTEX_POINT('',#1202);
#1202 = CARTESIAN_POINT('',(-0.423877471372,2.4995,1.040465973724));
#1203 = B_SPLINE_CURVE_WITH_KNOTS('',3,(#1204,#1205,#1206,#1207),
  .UNSPECIFIED.,.F.,.F.,(4,4),(2.,3.),.PIECEWISE_BEZIER_KNOTS.);
#1204 = CARTESIAN_POINT('',(-0.423877471372,2.4995,1.040465973724));
#1205 = CARTESIAN_POINT('',(-0.410256642669,2.4995,1.052457848358));
#1206 = CARTESIAN_POINT('',(-0.393169954243,2.4995,1.058419127079));
#1207 = CARTESIAN_POINT('',(-0.372617406098,2.4995,1.058419127079));
#1208 = ORIENTED_EDGE('',*,*,#1209,.F.);
#1209 = EDGE_CURVE('',#1210,#1201,#1212,.T.);
#1210 = VERTEX_POINT('',#1211);
#1211 = CARTESIAN_POINT('',(-0.444326043727,2.4995,0.992359840795));
#1212 = B_SPLINE_CURVE_WITH_KNOTS('',3,(#1213,#1214,#1215,#1216),
  .UNSPECIFIED.,.F.,.F.,(4,4),(3.,4.),.PIECEWISE_BEZIER_KNOTS.);
#1213 = CARTESIAN_POINT('',(-0.444326043727,2.4995,0.992359840795));
#1214 = CARTESIAN_POINT('',(-0.444326043727,2.4995,1.012461827177));
#1215 = CARTESIAN_POINT('',(-0.437498300076,2.4995,1.028474099089));
#1216 = CARTESIAN_POINT('',(-0.423877471372,2.4995,1.040465973724));
#1217 = ORIENTED_EDGE('',*,*,#1218,.F.);
#1218 = EDGE_CURVE('',#1171,#1210,#1219,.T.);
#1219 = B_SPLINE_CURVE_WITH_KNOTS('',3,(#1220,#1221,#1222,#1223),
  .UNSPECIFIED.,.F.,.F.,(4,4),(4.,5.),.PIECEWISE_BEZIER_KNOTS.);
#1220 = CARTESIAN_POINT('',(-0.423877471372,2.4995,0.941827606062));
#1221 = CARTESIAN_POINT('',(-0.437498300076,2.4995,0.954512652642));
#1222 = CARTESIAN_POINT('',(-0.444326043727,2.4995,0.971356730885));
#1223 = CARTESIAN_POINT('',(-0.444326043727,2.4995,0.992359840795));
#1224 = FACE_BOUND('',#1225,.T.);
#1225 = EDGE_LOOP('',(#1226,#1237,#1246,#1255,#1264,#1271,#1280,#1289,
    #1298,#1305,#1314,#1323,#1332,#1341,#1350,#1359,#1368,#1377,#1386,
    #1395,#1402,#1409,#1416,#1425,#1434,#1443,#1452,#1461,#1470,#1479,
    #1488,#1497,#1506));
#1226 = ORIENTED_EDGE('',*,*,#1227,.F.);
#1227 = EDGE_CURVE('',#1228,#1230,#1232,.T.);
#1228 = VERTEX_POINT('',#1229);
#1229 = CARTESIAN_POINT('',(0.346563373829,2.4995,1.183606114885));
#1230 = VERTEX_POINT('',#1231);
#1231 = CARTESIAN_POINT('',(0.398618926679,2.4995,1.25976144012));
#1232 = B_SPLINE_CURVE_WITH_KNOTS('',3,(#1233,#1234,#1235,#1236),
  .UNSPECIFIED.,.F.,.F.,(4,4),(0.,1.),.PIECEWISE_BEZIER_KNOTS.);
#1233 = CARTESIAN_POINT('',(0.346563373829,2.4995,1.183606114885));
#1234 = CARTESIAN_POINT('',(0.357167265037,2.4995,1.212525858295));
#1235 = CARTESIAN_POINT('',(0.37548311724,2.4995,1.238553625528));
#1236 = CARTESIAN_POINT('',(0.398618926679,2.4995,1.25976144012));
#1237 = ORIENTED_EDGE('',*,*,#1238,.F.);
#1238 = EDGE_CURVE('',#1239,#1228,#1241,.T.);
#1239 = VERTEX_POINT('',#1240);
#1240 = CARTESIAN_POINT('',(0.251128242635,2.4995,1.057323268417));
#1241 = B_SPLINE_CURVE_WITH_KNOTS('',3,(#1242,#1243,#1244,#1245),
  .UNSPECIFIED.,.F.,.F.,(4,4),(35.,36.),.PIECEWISE_BEZIER_KNOTS.);
#1242 = CARTESIAN_POINT('',(0.251128242635,2.4995,1.057323268417));
#1243 = CARTESIAN_POINT('',(0.252092219373,2.4995,1.115162718467));
#1244 = CARTESIAN_POINT('',(0.291615890766,2.4995,1.166254276192));
#1245 = CARTESIAN_POINT('',(0.346563373829,2.4995,1.183606114885));
#1246 = ORIENTED_EDGE('',*,*,#1247,.F.);
#1247 = EDGE_CURVE('',#1248,#1239,#1250,.T.);
#1248 = VERTEX_POINT('',#1249);
#1249 = CARTESIAN_POINT('',(0.286795933531,2.4995,0.965744080947));
#1250 = B_SPLINE_CURVE_WITH_KNOTS('',3,(#1251,#1252,#1253,#1254),
  .UNSPECIFIED.,.F.,.F.,(4,4),(34.,35.),.PIECEWISE_BEZIER_KNOTS.);
#1251 = CARTESIAN_POINT('',(0.286795933531,2.4995,0.965744080947));
#1252 = CARTESIAN_POINT('',(0.263660124092,2.4995,0.990807843861));
#1253 = CARTESIAN_POINT('',(0.251128242635,2.4995,1.02358356777));
#1254 = CARTESIAN_POINT('',(0.251128242635,2.4995,1.057323268417));
#1255 = ORIENTED_EDGE('',*,*,#1256,.F.);
#1256 = EDGE_CURVE('',#1257,#1248,#1259,.T.);
#1257 = VERTEX_POINT('',#1258);
#1258 = CARTESIAN_POINT('',(0.374519140502,2.4995,0.92236446583));
#1259 = B_SPLINE_CURVE_WITH_KNOTS('',3,(#1260,#1261,#1262,#1263),
  .UNSPECIFIED.,.F.,.F.,(4,4),(33.,34.),.PIECEWISE_BEZIER_KNOTS.);
#1260 = CARTESIAN_POINT('',(0.374519140502,2.4995,0.92236446583));
#1261 = CARTESIAN_POINT('',(0.340779439856,2.4995,0.925256432816));
#1262 = CARTESIAN_POINT('',(0.309931706196,2.4995,0.940680318034));
#1263 = CARTESIAN_POINT('',(0.286795933531,2.4995,0.965744080947));
#1264 = ORIENTED_EDGE('',*,*,#1265,.F.);
#1265 = EDGE_CURVE('',#1266,#1257,#1268,.T.);
#1266 = VERTEX_POINT('',#1267);
#1267 = CARTESIAN_POINT('',(0.431394613815,2.4995,0.92236446583));
#1268 = B_SPLINE_CURVE_WITH_KNOTS('',1,(#1269,#1270),.UNSPECIFIED.,.F.,
  .F.,(2,2),(-5.398350632536E-02,2.891966986753E-03),
  .PIECEWISE_BEZIER_KNOTS.);
#1269 = CARTESIAN_POINT('',(0.431394613815,2.4995,0.92236446583));
#1270 = CARTESIAN_POINT('',(0.374519140502,2.4995,0.92236446583));
#1271 = ORIENTED_EDGE('',*,*,#1272,.F.);
#1272 = EDGE_CURVE('',#1273,#1266,#1275,.T.);
#1273 = VERTEX_POINT('',#1274);
#1274 = CARTESIAN_POINT('',(0.459350380488,2.4995,0.95224818598));
#1275 = B_SPLINE_CURVE_WITH_KNOTS('',3,(#1276,#1277,#1278,#1279),
  .UNSPECIFIED.,.F.,.F.,(4,4),(28.,29.),.PIECEWISE_BEZIER_KNOTS.);
#1276 = CARTESIAN_POINT('',(0.459350380488,2.4995,0.95224818598));
#1277 = CARTESIAN_POINT('',(0.459350380488,2.4995,0.936824337536));
#1278 = CARTESIAN_POINT('',(0.446818499032,2.4995,0.923328442567));
#1279 = CARTESIAN_POINT('',(0.431394613815,2.4995,0.92236446583));
#1280 = ORIENTED_EDGE('',*,*,#1281,.F.);
#1281 = EDGE_CURVE('',#1282,#1273,#1284,.T.);
#1282 = VERTEX_POINT('',#1283);
#1283 = CARTESIAN_POINT('',(0.429466660339,2.4995,0.982131906129));
#1284 = B_SPLINE_CURVE_WITH_KNOTS('',3,(#1285,#1286,#1287,#1288),
  .UNSPECIFIED.,.F.,.F.,(4,4),(27.,28.),.PIECEWISE_BEZIER_KNOTS.);
#1285 = CARTESIAN_POINT('',(0.429466660339,2.4995,0.982131906129));
#1286 = CARTESIAN_POINT('',(0.445854522294,2.4995,0.982131906129));
#1287 = CARTESIAN_POINT('',(0.459350380488,2.4995,0.968636011161));
#1288 = CARTESIAN_POINT('',(0.459350380488,2.4995,0.95224818598));
#1289 = ORIENTED_EDGE('',*,*,#1290,.F.);
#1290 = EDGE_CURVE('',#1291,#1282,#1293,.T.);
#1291 = VERTEX_POINT('',#1292);
#1292 = CARTESIAN_POINT('',(0.423682726366,2.4995,0.981167929391));
#1293 = B_SPLINE_CURVE_WITH_KNOTS('',3,(#1294,#1295,#1296,#1297),
  .UNSPECIFIED.,.F.,.F.,(4,4),(26.,27.),.PIECEWISE_BEZIER_KNOTS.);
#1294 = CARTESIAN_POINT('',(0.423682726366,2.4995,0.981167929391));
#1295 = CARTESIAN_POINT('',(0.425610716615,2.4995,0.981167929391));
#1296 = CARTESIAN_POINT('',(0.427538706864,2.4995,0.982131906129));
#1297 = CARTESIAN_POINT('',(0.429466660339,2.4995,0.982131906129));
#1298 = ORIENTED_EDGE('',*,*,#1299,.F.);
#1299 = EDGE_CURVE('',#1300,#1291,#1302,.T.);
#1300 = VERTEX_POINT('',#1301);
#1301 = CARTESIAN_POINT('',(0.380303111249,2.4995,0.981167929391));
#1302 = B_SPLINE_CURVE_WITH_KNOTS('',1,(#1303,#1304),.UNSPECIFIED.,.F.,
  .F.,(2,2),(5.551115123126E-17,4.337961511722E-02),
  .PIECEWISE_BEZIER_KNOTS.);
#1303 = CARTESIAN_POINT('',(0.380303111249,2.4995,0.981167929391));
#1304 = CARTESIAN_POINT('',(0.423682726366,2.4995,0.981167929391));
#1305 = ORIENTED_EDGE('',*,*,#1306,.F.);
#1306 = EDGE_CURVE('',#1307,#1300,#1309,.T.);
#1307 = VERTEX_POINT('',#1308);
#1308 = CARTESIAN_POINT('',(0.310895719707,2.4995,1.056359254906));
#1309 = B_SPLINE_CURVE_WITH_KNOTS('',3,(#1310,#1311,#1312,#1313),
  .UNSPECIFIED.,.F.,.F.,(4,4),(24.,25.),.PIECEWISE_BEZIER_KNOTS.);
#1310 = CARTESIAN_POINT('',(0.310895719707,2.4995,1.056359254906));
#1311 = CARTESIAN_POINT('',(0.310895719707,2.4995,1.016835601899));
#1312 = CARTESIAN_POINT('',(0.340779439856,2.4995,0.984059896378));
#1313 = CARTESIAN_POINT('',(0.380303111249,2.4995,0.981167929391));
#1314 = ORIENTED_EDGE('',*,*,#1315,.F.);
#1315 = EDGE_CURVE('',#1316,#1307,#1318,.T.);
#1316 = VERTEX_POINT('',#1317);
#1317 = CARTESIAN_POINT('',(0.386087045222,2.4995,1.131550580421));
#1318 = B_SPLINE_CURVE_WITH_KNOTS('',3,(#1319,#1320,#1321,#1322),
  .UNSPECIFIED.,.F.,.F.,(4,4),(23.,24.),.PIECEWISE_BEZIER_KNOTS.);
#1319 = CARTESIAN_POINT('',(0.386087045222,2.4995,1.131550580421));
#1320 = CARTESIAN_POINT('',(0.344635420353,2.4995,1.131550580421));
#1321 = CARTESIAN_POINT('',(0.310895719707,2.4995,1.097810879775));
#1322 = CARTESIAN_POINT('',(0.310895719707,2.4995,1.056359254906));
#1323 = ORIENTED_EDGE('',*,*,#1324,.F.);
#1324 = EDGE_CURVE('',#1325,#1316,#1327,.T.);
#1325 = VERTEX_POINT('',#1326);
#1326 = CARTESIAN_POINT('',(0.393798969444,2.4995,1.131550580421));
#1327 = B_SPLINE_CURVE_WITH_KNOTS('',3,(#1328,#1329,#1330,#1331),
  .UNSPECIFIED.,.F.,.F.,(4,4),(22.,23.),.PIECEWISE_BEZIER_KNOTS.);
#1328 = CARTESIAN_POINT('',(0.393798969444,2.4995,1.131550580421));
#1329 = CARTESIAN_POINT('',(0.390907002457,2.4995,1.131550580421));
#1330 = CARTESIAN_POINT('',(0.388979012209,2.4995,1.131550580421));
#1331 = CARTESIAN_POINT('',(0.386087045222,2.4995,1.131550580421));
#1332 = ORIENTED_EDGE('',*,*,#1333,.F.);
#1333 = EDGE_CURVE('',#1334,#1325,#1336,.T.);
#1334 = VERTEX_POINT('',#1335);
#1335 = CARTESIAN_POINT('',(0.52875777203,2.4995,1.252049511302));
#1336 = B_SPLINE_CURVE_WITH_KNOTS('',3,(#1337,#1338,#1339,#1340),
  .UNSPECIFIED.,.F.,.F.,(4,4),(21.,22.),.PIECEWISE_BEZIER_KNOTS.);
#1337 = CARTESIAN_POINT('',(0.52875777203,2.4995,1.252049511302));
#1338 = CARTESIAN_POINT('',(0.459350380488,2.4995,1.252049511302));
#1339 = CARTESIAN_POINT('',(0.401510893666,2.4995,1.199029981714));
#1340 = CARTESIAN_POINT('',(0.393798969444,2.4995,1.131550580421));
#1341 = ORIENTED_EDGE('',*,*,#1342,.F.);
#1342 = EDGE_CURVE('',#1343,#1334,#1345,.T.);
#1343 = VERTEX_POINT('',#1344);
#1344 = CARTESIAN_POINT('',(0.657932603871,2.4995,1.159506383868));
#1345 = B_SPLINE_CURVE_WITH_KNOTS('',3,(#1346,#1347,#1348,#1349),
  .UNSPECIFIED.,.F.,.F.,(4,4),(20.,21.),.PIECEWISE_BEZIER_KNOTS.);
#1346 = CARTESIAN_POINT('',(0.657932603871,2.4995,1.159506383868));
#1347 = CARTESIAN_POINT('',(0.639616788441,2.4995,1.21348985342));
#1348 = CARTESIAN_POINT('',(0.58948922584,2.4995,1.252049511302));
#1349 = CARTESIAN_POINT('',(0.52875777203,2.4995,1.252049511302));
#1350 = ORIENTED_EDGE('',*,*,#1351,.F.);
#1351 = EDGE_CURVE('',#1352,#1343,#1354,.T.);
#1352 = VERTEX_POINT('',#1353);
#1353 = CARTESIAN_POINT('',(0.70902414321,2.4995,1.173966255574));
#1354 = B_SPLINE_CURVE_WITH_KNOTS('',3,(#1355,#1356,#1357,#1358),
  .UNSPECIFIED.,.F.,.F.,(4,4),(19.,20.),.PIECEWISE_BEZIER_KNOTS.);
#1355 = CARTESIAN_POINT('',(0.70902414321,2.4995,1.173966255574));
#1356 = CARTESIAN_POINT('',(0.690708309393,2.4995,1.173966255574));
#1357 = CARTESIAN_POINT('',(0.672392475577,2.4995,1.168182303214));
#1358 = CARTESIAN_POINT('',(0.657932603871,2.4995,1.159506383868));
#1359 = ORIENTED_EDGE('',*,*,#1360,.F.);
#1360 = EDGE_CURVE('',#1361,#1352,#1363,.T.);
#1361 = VERTEX_POINT('',#1362);
#1362 = CARTESIAN_POINT('',(0.805423287915,2.4995,1.077567110869));
#1363 = B_SPLINE_CURVE_WITH_KNOTS('',3,(#1364,#1365,#1366,#1367),
  .UNSPECIFIED.,.F.,.F.,(4,4),(18.,19.),.PIECEWISE_BEZIER_KNOTS.);
#1364 = CARTESIAN_POINT('',(0.805423287915,2.4995,1.077567110869));
#1365 = CARTESIAN_POINT('',(0.805423287915,2.4995,1.130586640457));
#1366 = CARTESIAN_POINT('',(0.762043672798,2.4995,1.173966255574));
#1367 = CARTESIAN_POINT('',(0.70902414321,2.4995,1.173966255574));
#1368 = ORIENTED_EDGE('',*,*,#1369,.F.);
#1369 = EDGE_CURVE('',#1370,#1361,#1372,.T.);
#1370 = VERTEX_POINT('',#1371);
#1371 = CARTESIAN_POINT('',(0.747583801092,2.4995,0.988879890386));
#1372 = B_SPLINE_CURVE_WITH_KNOTS('',3,(#1373,#1374,#1375,#1376),
  .UNSPECIFIED.,.F.,.F.,(4,4),(17.,18.),.PIECEWISE_BEZIER_KNOTS.);
#1373 = CARTESIAN_POINT('',(0.747583801092,2.4995,0.988879890386));
#1374 = CARTESIAN_POINT('',(0.781323501739,2.4995,1.004303757216));
#1375 = CARTESIAN_POINT('',(0.805423287915,2.4995,1.038043457862));
#1376 = CARTESIAN_POINT('',(0.805423287915,2.4995,1.077567110869));
#1377 = ORIENTED_EDGE('',*,*,#1378,.F.);
#1378 = EDGE_CURVE('',#1379,#1370,#1381,.T.);
#1379 = VERTEX_POINT('',#1380);
#1380 = CARTESIAN_POINT('',(0.656968608747,2.4995,1.052503329569));
#1381 = B_SPLINE_CURVE_WITH_KNOTS('',3,(#1382,#1383,#1384,#1385),
  .UNSPECIFIED.,.F.,.F.,(4,4),(16.,17.),.PIECEWISE_BEZIER_KNOTS.);
#1382 = CARTESIAN_POINT('',(0.656968608747,2.4995,1.052503329569));
#1383 = CARTESIAN_POINT('',(0.698420252002,2.4995,1.052503329569));
#1384 = CARTESIAN_POINT('',(0.73408792451,2.4995,1.025511576406));
#1385 = CARTESIAN_POINT('',(0.747583801092,2.4995,0.988879890386));
#1386 = ORIENTED_EDGE('',*,*,#1387,.F.);
#1387 = EDGE_CURVE('',#1388,#1379,#1390,.T.);
#1388 = VERTEX_POINT('',#1389);
#1389 = CARTESIAN_POINT('',(0.584669250218,2.4995,1.019727624046));
#1390 = B_SPLINE_CURVE_WITH_KNOTS('',3,(#1391,#1392,#1393,#1394),
  .UNSPECIFIED.,.F.,.F.,(4,4),(15.,16.),.PIECEWISE_BEZIER_KNOTS.);
#1391 = CARTESIAN_POINT('',(0.584669250218,2.4995,1.019727624046));
#1392 = CARTESIAN_POINT('',(0.60202108891,2.4995,1.039971448112));
#1393 = CARTESIAN_POINT('',(0.628048865335,2.4995,1.052503329569));
#1394 = CARTESIAN_POINT('',(0.656968608747,2.4995,1.052503329569));
#1395 = ORIENTED_EDGE('',*,*,#1396,.F.);
#1396 = EDGE_CURVE('',#1397,#1388,#1399,.T.);
#1397 = VERTEX_POINT('',#1398);
#1398 = CARTESIAN_POINT('',(0.455494399991,2.4995,1.087207025339));
#1399 = B_SPLINE_CURVE_WITH_KNOTS('',1,(#1400,#1401),.UNSPECIFIED.,.F.,
  .F.,(2,2),(0.,0.145738160857),.PIECEWISE_BEZIER_KNOTS.);
#1400 = CARTESIAN_POINT('',(0.455494399991,2.4995,1.087207025339));
#1401 = CARTESIAN_POINT('',(0.584669250218,2.4995,1.019727624046));
#1402 = ORIENTED_EDGE('',*,*,#1403,.F.);
#1403 = EDGE_CURVE('',#1404,#1397,#1406,.T.);
#1404 = VERTEX_POINT('',#1405);
#1405 = CARTESIAN_POINT('',(0.425610679841,2.4995,1.036115467614));
#1406 = B_SPLINE_CURVE_WITH_KNOTS('',1,(#1407,#1408),.UNSPECIFIED.,.F.,
  .F.,(2,2),(0.,5.918939094776E-02),.PIECEWISE_BEZIER_KNOTS.);
#1407 = CARTESIAN_POINT('',(0.425610679841,2.4995,1.036115467614));
#1408 = CARTESIAN_POINT('',(0.455494399991,2.4995,1.087207025339));
#1409 = ORIENTED_EDGE('',*,*,#1410,.F.);
#1410 = EDGE_CURVE('',#1411,#1404,#1413,.T.);
#1411 = VERTEX_POINT('',#1412);
#1412 = CARTESIAN_POINT('',(0.560569482428,2.4995,0.96478010421));
#1413 = B_SPLINE_CURVE_WITH_KNOTS('',1,(#1414,#1415),.UNSPECIFIED.,.F.,
  .F.,(2,2),(-5.188153315345E-17,0.152651932407),
  .PIECEWISE_BEZIER_KNOTS.);
#1414 = CARTESIAN_POINT('',(0.560569482428,2.4995,0.96478010421));
#1415 = CARTESIAN_POINT('',(0.425610679841,2.4995,1.036115467614));
#1416 = ORIENTED_EDGE('',*,*,#1417,.F.);
#1417 = EDGE_CURVE('',#1418,#1411,#1420,.T.);
#1418 = VERTEX_POINT('',#1419);
#1419 = CARTESIAN_POINT('',(0.560569482428,2.4995,0.955140189739));
#1420 = B_SPLINE_CURVE_WITH_KNOTS('',3,(#1421,#1422,#1423,#1424),
  .UNSPECIFIED.,.F.,.F.,(4,4),(11.,12.),.PIECEWISE_BEZIER_KNOTS.);
#1421 = CARTESIAN_POINT('',(0.560569482428,2.4995,0.955140189739));
#1422 = CARTESIAN_POINT('',(0.560569482428,2.4995,0.958032156726));
#1423 = CARTESIAN_POINT('',(0.560569482428,2.4995,0.960924123712));
#1424 = CARTESIAN_POINT('',(0.560569482428,2.4995,0.96478010421));
#1425 = ORIENTED_EDGE('',*,*,#1426,.F.);
#1426 = EDGE_CURVE('',#1427,#1418,#1429,.T.);
#1427 = VERTEX_POINT('',#1428);
#1428 = CARTESIAN_POINT('',(0.656968627133,2.4995,0.858741045034));
#1429 = B_SPLINE_CURVE_WITH_KNOTS('',3,(#1430,#1431,#1432,#1433),
  .UNSPECIFIED.,.F.,.F.,(4,4),(10.,11.),.PIECEWISE_BEZIER_KNOTS.);
#1430 = CARTESIAN_POINT('',(0.656968627133,2.4995,0.858741045034));
#1431 = CARTESIAN_POINT('',(0.603949097546,2.4995,0.858741045034));
#1432 = CARTESIAN_POINT('',(0.560569482428,2.4995,0.902120660151));
#1433 = CARTESIAN_POINT('',(0.560569482428,2.4995,0.955140189739));
#1434 = ORIENTED_EDGE('',*,*,#1435,.F.);
#1435 = EDGE_CURVE('',#1436,#1427,#1438,.T.);
#1436 = VERTEX_POINT('',#1437);
#1437 = CARTESIAN_POINT('',(0.748547823797,2.4995,0.924292456079));
#1438 = B_SPLINE_CURVE_WITH_KNOTS('',3,(#1439,#1440,#1441,#1442),
  .UNSPECIFIED.,.F.,.F.,(4,4),(9.,10.),.PIECEWISE_BEZIER_KNOTS.);
#1439 = CARTESIAN_POINT('',(0.748547823797,2.4995,0.924292456079));
#1440 = CARTESIAN_POINT('',(0.736015933146,2.4995,0.885732798196));
#1441 = CARTESIAN_POINT('',(0.699384265513,2.4995,0.858741045034));
#1442 = CARTESIAN_POINT('',(0.656968627133,2.4995,0.858741045034));
#1443 = ORIENTED_EDGE('',*,*,#1444,.F.);
#1444 = EDGE_CURVE('',#1445,#1436,#1447,.T.);
#1445 = VERTEX_POINT('',#1446);
#1446 = CARTESIAN_POINT('',(0.82566713956,2.4995,0.970564038183));
#1447 = B_SPLINE_CURVE_WITH_KNOTS('',3,(#1448,#1449,#1450,#1451),
  .UNSPECIFIED.,.F.,.F.,(4,4),(8.,9.),.PIECEWISE_BEZIER_KNOTS.);
#1448 = CARTESIAN_POINT('',(0.82566713956,2.4995,0.970564038183));
#1449 = CARTESIAN_POINT('',(0.804459329564,2.4995,0.947428228744));
#1450 = CARTESIAN_POINT('',(0.778431553139,2.4995,0.932004380301));
#1451 = CARTESIAN_POINT('',(0.748547823797,2.4995,0.924292456079));
#1452 = ORIENTED_EDGE('',*,*,#1453,.F.);
#1453 = EDGE_CURVE('',#1454,#1445,#1456,.T.);
#1454 = VERTEX_POINT('',#1455);
#1455 = CARTESIAN_POINT('',(0.866154778498,2.4995,1.075639083847));
#1456 = B_SPLINE_CURVE_WITH_KNOTS('',3,(#1457,#1458,#1459,#1460),
  .UNSPECIFIED.,.F.,.F.,(4,4),(7.,8.),.PIECEWISE_BEZIER_KNOTS.);
#1457 = CARTESIAN_POINT('',(0.866154778498,2.4995,1.075639083847));
#1458 = CARTESIAN_POINT('',(0.866154778498,2.4995,1.037079425965));
#1459 = CARTESIAN_POINT('',(0.851694906792,2.4995,0.999483744821));
#1460 = CARTESIAN_POINT('',(0.82566713956,2.4995,0.970564038183));
#1461 = ORIENTED_EDGE('',*,*,#1462,.F.);
#1462 = EDGE_CURVE('',#1463,#1454,#1465,.T.);
#1463 = VERTEX_POINT('',#1464);
#1464 = CARTESIAN_POINT('',(0.820847154745,2.4995,1.18553409594));
#1465 = B_SPLINE_CURVE_WITH_KNOTS('',3,(#1466,#1467,#1468,#1469),
  .UNSPECIFIED.,.F.,.F.,(4,4),(6.,7.),.PIECEWISE_BEZIER_KNOTS.);
#1466 = CARTESIAN_POINT('',(0.820847154745,2.4995,1.18553409594));
#1467 = CARTESIAN_POINT('',(0.849766923438,2.4995,1.156614361722));
#1468 = CARTESIAN_POINT('',(0.866154778498,2.4995,1.117090708715));
#1469 = CARTESIAN_POINT('',(0.866154778498,2.4995,1.075639083847));
#1470 = ORIENTED_EDGE('',*,*,#1471,.F.);
#1471 = EDGE_CURVE('',#1472,#1463,#1474,.T.);
#1472 = VERTEX_POINT('',#1473);
#1473 = CARTESIAN_POINT('',(0.709988138335,2.4995,1.231805687237));
#1474 = B_SPLINE_CURVE_WITH_KNOTS('',3,(#1475,#1476,#1477,#1478),
  .UNSPECIFIED.,.F.,.F.,(4,4),(5.,6.),.PIECEWISE_BEZIER_KNOTS.);
#1475 = CARTESIAN_POINT('',(0.709988138335,2.4995,1.231805687237));
#1476 = CARTESIAN_POINT('',(0.751439772396,2.4995,1.231805687237));
#1477 = CARTESIAN_POINT('',(0.790963416209,2.4995,1.215417834476));
#1478 = CARTESIAN_POINT('',(0.820847154745,2.4995,1.18553409594));
#1479 = ORIENTED_EDGE('',*,*,#1480,.F.);
#1480 = EDGE_CURVE('',#1481,#1472,#1483,.T.);
#1481 = VERTEX_POINT('',#1482);
#1482 = CARTESIAN_POINT('',(0.687816342407,2.4995,1.229877706182));
#1483 = B_SPLINE_CURVE_WITH_KNOTS('',3,(#1484,#1485,#1486,#1487),
  .UNSPECIFIED.,.F.,.F.,(4,4),(4.,5.),.PIECEWISE_BEZIER_KNOTS.);
#1484 = CARTESIAN_POINT('',(0.687816342407,2.4995,1.229877706182));
#1485 = CARTESIAN_POINT('',(0.695528266629,2.4995,1.230841701306));
#1486 = CARTESIAN_POINT('',(0.702276214113,2.4995,1.231805687237));
#1487 = CARTESIAN_POINT('',(0.709988138335,2.4995,1.231805687237));
#1488 = ORIENTED_EDGE('',*,*,#1489,.F.);
#1489 = EDGE_CURVE('',#1490,#1481,#1492,.T.);
#1490 = VERTEX_POINT('',#1491);
#1491 = CARTESIAN_POINT('',(0.645400722414,2.4995,1.27229333077));
#1492 = B_SPLINE_CURVE_WITH_KNOTS('',3,(#1493,#1494,#1495,#1496),
  .UNSPECIFIED.,.F.,.F.,(4,4),(3.,4.),.PIECEWISE_BEZIER_KNOTS.);
#1493 = CARTESIAN_POINT('',(0.645400722414,2.4995,1.27229333077));
#1494 = CARTESIAN_POINT('',(0.661788584369,2.4995,1.260725430648));
#1495 = CARTESIAN_POINT('',(0.67528446095,2.4995,1.246265558943));
#1496 = CARTESIAN_POINT('',(0.687816342407,2.4995,1.229877706182));
#1497 = ORIENTED_EDGE('',*,*,#1498,.F.);
#1498 = EDGE_CURVE('',#1499,#1490,#1501,.T.);
#1499 = VERTEX_POINT('',#1500);
#1500 = CARTESIAN_POINT('',(0.529721748768,2.4995,1.309888998125));
#1501 = B_SPLINE_CURVE_WITH_KNOTS('',3,(#1502,#1503,#1504,#1505),
  .UNSPECIFIED.,.F.,.F.,(4,4),(2.,3.),.PIECEWISE_BEZIER_KNOTS.);
#1502 = CARTESIAN_POINT('',(0.529721748768,2.4995,1.309888998125));
#1503 = CARTESIAN_POINT('',(0.572137368761,2.4995,1.309888998125));
#1504 = CARTESIAN_POINT('',(0.611661021767,2.4995,1.296393118096));
#1505 = CARTESIAN_POINT('',(0.645400722414,2.4995,1.27229333077));
#1506 = ORIENTED_EDGE('',*,*,#1507,.F.);
#1507 = EDGE_CURVE('',#1230,#1499,#1508,.T.);
#1508 = B_SPLINE_CURVE_WITH_KNOTS('',3,(#1509,#1510,#1511,#1512),
  .UNSPECIFIED.,.F.,.F.,(4,4),(1.,2.),.PIECEWISE_BEZIER_KNOTS.);
#1509 = CARTESIAN_POINT('',(0.398618926679,2.4995,1.25976144012));
#1510 = CARTESIAN_POINT('',(0.435250594312,2.4995,1.291573160861));
#1511 = CARTESIAN_POINT('',(0.481522176416,2.4995,1.309888998125));
#1512 = CARTESIAN_POINT('',(0.529721748768,2.4995,1.309888998125));
#1513 = B_SPLINE_SURFACE_WITH_KNOTS('',1,1,(
    (#1514,#1515)
    ,(#1516,#1517
    )),.UNSPECIFIED.,.F.,.F.,.F.,(2,2),(2,2),(0.,1.6),(5.E-02,4.95),
  .PIECEWISE_BEZIER_KNOTS.);
#1514 = CARTESIAN_POINT('',(-2.45,2.4995,2.50001E-02));
#1515 = CARTESIAN_POINT('',(2.45,2.4995,2.50001E-02));
#1516 = CARTESIAN_POINT('',(-2.45,2.4995,1.6250001));
#1517 = CARTESIAN_POINT('',(2.45,2.4995,1.6250001));
#1518 = ADVANCED_FACE('',(#1519),#1563,.F.);
#1519 = FACE_BOUND('',#1520,.T.);
#1520 = EDGE_LOOP('',(#1521,#1530,#1537,#1544,#1551,#1558));
#1521 = ORIENTED_EDGE('',*,*,#1522,.F.);
#1522 = EDGE_CURVE('',#1523,#1525,#1527,.T.);
#1523 = VERTEX_POINT('',#1524);
#1524 = CARTESIAN_POINT('',(-1.3,-1.0005,0.1500001));
#1525 = VERTEX_POINT('',#1526);
#1526 = CARTESIAN_POINT('',(-2.5,-1.0005,0.1500001));
#1527 = B_SPLINE_CURVE_WITH_KNOTS('',1,(#1528,#1529),.UNSPECIFIED.,.F.,
  .F.,(2,2),(-1.2,0.),.PIECEWISE_BEZIER_KNOTS.);
#1528 = CARTESIAN_POINT('',(-1.3,-1.0005,0.1500001));
#1529 = CARTESIAN_POINT('',(-2.5,-1.0005,0.1500001));
#1530 = ORIENTED_EDGE('',*,*,#1531,.T.);
#1531 = EDGE_CURVE('',#1523,#1532,#1534,.T.);
#1532 = VERTEX_POINT('',#1533);
#1533 = CARTESIAN_POINT('',(-1.3,-1.0005,2.50001E-02));
#1534 = B_SPLINE_CURVE_WITH_KNOTS('',1,(#1535,#1536),.UNSPECIFIED.,.F.,
  .F.,(2,2),(2.5E-02,0.15),.PIECEWISE_BEZIER_KNOTS.);
#1535 = CARTESIAN_POINT('',(-1.3,-1.0005,0.1500001));
#1536 = CARTESIAN_POINT('',(-1.3,-1.0005,2.50001E-02));
#1537 = ORIENTED_EDGE('',*,*,#1538,.T.);
#1538 = EDGE_CURVE('',#1532,#1539,#1541,.T.);
#1539 = VERTEX_POINT('',#1540);
#1540 = CARTESIAN_POINT('',(-1.2,-1.0005,2.50001E-02));
#1541 = B_SPLINE_CURVE_WITH_KNOTS('',1,(#1542,#1543),.UNSPECIFIED.,.F.,
  .F.,(2,2),(1.2,1.3),.PIECEWISE_BEZIER_KNOTS.);
#1542 = CARTESIAN_POINT('',(-1.3,-1.0005,2.50001E-02));
#1543 = CARTESIAN_POINT('',(-1.2,-1.0005,2.50001E-02));
#1544 = ORIENTED_EDGE('',*,*,#1545,.F.);
#1545 = EDGE_CURVE('',#1546,#1539,#1548,.T.);
#1546 = VERTEX_POINT('',#1547);
#1547 = CARTESIAN_POINT('',(-1.2,-1.0005,0.1750001));
#1548 = B_SPLINE_CURVE_WITH_KNOTS('',1,(#1549,#1550),.UNSPECIFIED.,.F.,
  .F.,(2,2),(-0.,0.15),.PIECEWISE_BEZIER_KNOTS.);
#1549 = CARTESIAN_POINT('',(-1.2,-1.0005,0.1750001));
#1550 = CARTESIAN_POINT('',(-1.2,-1.0005,2.50001E-02));
#1551 = ORIENTED_EDGE('',*,*,#1552,.F.);
#1552 = EDGE_CURVE('',#1553,#1546,#1555,.T.);
#1553 = VERTEX_POINT('',#1554);
#1554 = CARTESIAN_POINT('',(-2.5,-1.0005,0.1750001));
#1555 = B_SPLINE_CURVE_WITH_KNOTS('',1,(#1556,#1557),.UNSPECIFIED.,.F.,
  .F.,(2,2),(0.,1.3),.PIECEWISE_BEZIER_KNOTS.);
#1556 = CARTESIAN_POINT('',(-2.5,-1.0005,0.1750001));
#1557 = CARTESIAN_POINT('',(-1.2,-1.0005,0.1750001));
#1558 = ORIENTED_EDGE('',*,*,#1559,.T.);
#1559 = EDGE_CURVE('',#1553,#1525,#1560,.T.);
#1560 = B_SPLINE_CURVE_WITH_KNOTS('',1,(#1561,#1562),.UNSPECIFIED.,.F.,
  .F.,(2,2),(-0.,2.5E-02),.PIECEWISE_BEZIER_KNOTS.);
#1561 = CARTESIAN_POINT('',(-2.5,-1.0005,0.1750001));
#1562 = CARTESIAN_POINT('',(-2.5,-1.0005,0.1500001));
#1563 = B_SPLINE_SURFACE_WITH_KNOTS('',1,1,(
    (#1564,#1565)
    ,(#1566,#1567
    )),.UNSPECIFIED.,.F.,.F.,.F.,(2,2),(2,2),(-0.15,0.),(0.,1.3),
  .PIECEWISE_BEZIER_KNOTS.);
#1564 = CARTESIAN_POINT('',(-2.5,-1.0005,2.50001E-02));
#1565 = CARTESIAN_POINT('',(-1.2,-1.0005,2.50001E-02));
#1566 = CARTESIAN_POINT('',(-2.5,-1.0005,0.1750001));
#1567 = CARTESIAN_POINT('',(-1.2,-1.0005,0.1750001));
#1568 = ADVANCED_FACE('',(#1569),#1613,.F.);
#1569 = FACE_BOUND('',#1570,.T.);
#1570 = EDGE_LOOP('',(#1571,#1580,#1587,#1594,#1601,#1608));
#1571 = ORIENTED_EDGE('',*,*,#1572,.F.);
#1572 = EDGE_CURVE('',#1573,#1575,#1577,.T.);
#1573 = VERTEX_POINT('',#1574);
#1574 = CARTESIAN_POINT('',(-2.5,0.9995,0.1500001));
#1575 = VERTEX_POINT('',#1576);
#1576 = CARTESIAN_POINT('',(-1.3,0.9995,0.1500001));
#1577 = B_SPLINE_CURVE_WITH_KNOTS('',1,(#1578,#1579),.UNSPECIFIED.,.F.,
  .F.,(2,2),(0.,1.2),.PIECEWISE_BEZIER_KNOTS.);
#1578 = CARTESIAN_POINT('',(-2.5,0.9995,0.1500001));
#1579 = CARTESIAN_POINT('',(-1.3,0.9995,0.1500001));
#1580 = ORIENTED_EDGE('',*,*,#1581,.F.);
#1581 = EDGE_CURVE('',#1582,#1573,#1584,.T.);
#1582 = VERTEX_POINT('',#1583);
#1583 = CARTESIAN_POINT('',(-2.5,0.9995,0.1750001));
#1584 = B_SPLINE_CURVE_WITH_KNOTS('',1,(#1585,#1586),.UNSPECIFIED.,.F.,
  .F.,(2,2),(-0.,2.5E-02),.PIECEWISE_BEZIER_KNOTS.);
#1585 = CARTESIAN_POINT('',(-2.5,0.9995,0.1750001));
#1586 = CARTESIAN_POINT('',(-2.5,0.9995,0.1500001));
#1587 = ORIENTED_EDGE('',*,*,#1588,.F.);
#1588 = EDGE_CURVE('',#1589,#1582,#1591,.T.);
#1589 = VERTEX_POINT('',#1590);
#1590 = CARTESIAN_POINT('',(-1.2,0.9995,0.1750001));
#1591 = B_SPLINE_CURVE_WITH_KNOTS('',1,(#1592,#1593),.UNSPECIFIED.,.F.,
  .F.,(2,2),(-1.3,-0.),.PIECEWISE_BEZIER_KNOTS.);
#1592 = CARTESIAN_POINT('',(-1.2,0.9995,0.1750001));
#1593 = CARTESIAN_POINT('',(-2.5,0.9995,0.1750001));
#1594 = ORIENTED_EDGE('',*,*,#1595,.T.);
#1595 = EDGE_CURVE('',#1589,#1596,#1598,.T.);
#1596 = VERTEX_POINT('',#1597);
#1597 = CARTESIAN_POINT('',(-1.2,0.9995,2.50001E-02));
#1598 = B_SPLINE_CURVE_WITH_KNOTS('',1,(#1599,#1600),.UNSPECIFIED.,.F.,
  .F.,(2,2),(-0.,0.15),.PIECEWISE_BEZIER_KNOTS.);
#1599 = CARTESIAN_POINT('',(-1.2,0.9995,0.1750001));
#1600 = CARTESIAN_POINT('',(-1.2,0.9995,2.50001E-02));
#1601 = ORIENTED_EDGE('',*,*,#1602,.T.);
#1602 = EDGE_CURVE('',#1596,#1603,#1605,.T.);
#1603 = VERTEX_POINT('',#1604);
#1604 = CARTESIAN_POINT('',(-1.3,0.9995,2.50001E-02));
#1605 = B_SPLINE_CURVE_WITH_KNOTS('',1,(#1606,#1607),.UNSPECIFIED.,.F.,
  .F.,(2,2),(-1.3,-1.2),.PIECEWISE_BEZIER_KNOTS.);
#1606 = CARTESIAN_POINT('',(-1.2,0.9995,2.50001E-02));
#1607 = CARTESIAN_POINT('',(-1.3,0.9995,2.50001E-02));
#1608 = ORIENTED_EDGE('',*,*,#1609,.T.);
#1609 = EDGE_CURVE('',#1603,#1575,#1610,.T.);
#1610 = B_SPLINE_CURVE_WITH_KNOTS('',1,(#1611,#1612),.UNSPECIFIED.,.F.,
  .F.,(2,2),(-0.15,-2.5E-02),.PIECEWISE_BEZIER_KNOTS.);
#1611 = CARTESIAN_POINT('',(-1.3,0.9995,2.50001E-02));
#1612 = CARTESIAN_POINT('',(-1.3,0.9995,0.1500001));
#1613 = B_SPLINE_SURFACE_WITH_KNOTS('',1,1,(
    (#1614,#1615)
    ,(#1616,#1617
    )),.UNSPECIFIED.,.F.,.F.,.F.,(2,2),(2,2),(0.,0.15),(0.,1.3),
  .PIECEWISE_BEZIER_KNOTS.);
#1614 = CARTESIAN_POINT('',(-2.5,0.9995,0.1750001));
#1615 = CARTESIAN_POINT('',(-1.2,0.9995,0.1750001));
#1616 = CARTESIAN_POINT('',(-2.5,0.9995,2.50001E-02));
#1617 = CARTESIAN_POINT('',(-1.2,0.9995,2.50001E-02));
#1618 = ADVANCED_FACE('',(#1619,#1761,#1791,#1821),#1851,.T.);
#1619 = FACE_BOUND('',#1620,.T.);
#1620 = EDGE_LOOP('',(#1621,#1630,#1637,#1644,#1651,#1658,#1665,#1672,
    #1679,#1686,#1693,#1700,#1707,#1714,#1721,#1728,#1735,#1742,#1749,
    #1756));
#1621 = ORIENTED_EDGE('',*,*,#1622,.F.);
#1622 = EDGE_CURVE('',#1623,#1625,#1627,.T.);
#1623 = VERTEX_POINT('',#1624);
#1624 = CARTESIAN_POINT('',(2.5,-2.4505,1.3250001));
#1625 = VERTEX_POINT('',#1626);
#1626 = CARTESIAN_POINT('',(2.5,-1.5005,1.3250001));
#1627 = B_SPLINE_CURVE_WITH_KNOTS('',1,(#1628,#1629),.UNSPECIFIED.,.F.,
  .F.,(2,2),(5.E-02,1.),.PIECEWISE_BEZIER_KNOTS.);
#1628 = CARTESIAN_POINT('',(2.5,-2.4505,1.3250001));
#1629 = CARTESIAN_POINT('',(2.5,-1.5005,1.3250001));
#1630 = ORIENTED_EDGE('',*,*,#1631,.T.);
#1631 = EDGE_CURVE('',#1623,#1632,#1634,.T.);
#1632 = VERTEX_POINT('',#1633);
#1633 = CARTESIAN_POINT('',(2.5,-2.4505,2.50001E-02));
#1634 = B_SPLINE_CURVE_WITH_KNOTS('',1,(#1635,#1636),.UNSPECIFIED.,.F.,
  .F.,(2,2),(-1.3,0.),.PIECEWISE_BEZIER_KNOTS.);
#1635 = CARTESIAN_POINT('',(2.5,-2.4505,1.3250001));
#1636 = CARTESIAN_POINT('',(2.5,-2.4505,2.50001E-02));
#1637 = ORIENTED_EDGE('',*,*,#1638,.T.);
#1638 = EDGE_CURVE('',#1632,#1639,#1641,.T.);
#1639 = VERTEX_POINT('',#1640);
#1640 = CARTESIAN_POINT('',(2.5,-2.2005,2.50001E-02));
#1641 = B_SPLINE_CURVE_WITH_KNOTS('',1,(#1642,#1643),.UNSPECIFIED.,.F.,
  .F.,(2,2),(5.E-02,0.3),.PIECEWISE_BEZIER_KNOTS.);
#1642 = CARTESIAN_POINT('',(2.5,-2.4505,2.50001E-02));
#1643 = CARTESIAN_POINT('',(2.5,-2.2005,2.50001E-02));
#1644 = ORIENTED_EDGE('',*,*,#1645,.F.);
#1645 = EDGE_CURVE('',#1646,#1639,#1648,.T.);
#1646 = VERTEX_POINT('',#1647);
#1647 = CARTESIAN_POINT('',(2.5,-2.2005,0.1750001));
#1648 = B_SPLINE_CURVE_WITH_KNOTS('',1,(#1649,#1650),.UNSPECIFIED.,.F.,
  .F.,(2,2),(-0.,0.15),.PIECEWISE_BEZIER_KNOTS.);
#1649 = CARTESIAN_POINT('',(2.5,-2.2005,0.1750001));
#1650 = CARTESIAN_POINT('',(2.5,-2.2005,2.50001E-02));
#1651 = ORIENTED_EDGE('',*,*,#1652,.F.);
#1652 = EDGE_CURVE('',#1653,#1646,#1655,.T.);
#1653 = VERTEX_POINT('',#1654);
#1654 = CARTESIAN_POINT('',(2.5,-1.0005,0.1750001));
#1655 = B_SPLINE_CURVE_WITH_KNOTS('',1,(#1656,#1657),.UNSPECIFIED.,.F.,
  .F.,(2,2),(0.,1.2),.PIECEWISE_BEZIER_KNOTS.);
#1656 = CARTESIAN_POINT('',(2.5,-1.0005,0.1750001));
#1657 = CARTESIAN_POINT('',(2.5,-2.2005,0.1750001));
#1658 = ORIENTED_EDGE('',*,*,#1659,.T.);
#1659 = EDGE_CURVE('',#1653,#1660,#1662,.T.);
#1660 = VERTEX_POINT('',#1661);
#1661 = CARTESIAN_POINT('',(2.5,-1.0005,0.1500001));
#1662 = B_SPLINE_CURVE_WITH_KNOTS('',1,(#1663,#1664),.UNSPECIFIED.,.F.,
  .F.,(2,2),(-0.,2.5E-02),.PIECEWISE_BEZIER_KNOTS.);
#1663 = CARTESIAN_POINT('',(2.5,-1.0005,0.1750001));
#1664 = CARTESIAN_POINT('',(2.5,-1.0005,0.1500001));
#1665 = ORIENTED_EDGE('',*,*,#1666,.T.);
#1666 = EDGE_CURVE('',#1660,#1667,#1669,.T.);
#1667 = VERTEX_POINT('',#1668);
#1668 = CARTESIAN_POINT('',(2.5,-1.0005,2.50001E-02));
#1669 = B_SPLINE_CURVE_WITH_KNOTS('',1,(#1670,#1671),.UNSPECIFIED.,.F.,
  .F.,(2,2),(2.5E-02,0.15),.PIECEWISE_BEZIER_KNOTS.);
#1670 = CARTESIAN_POINT('',(2.5,-1.0005,0.1500001));
#1671 = CARTESIAN_POINT('',(2.5,-1.0005,2.50001E-02));
#1672 = ORIENTED_EDGE('',*,*,#1673,.T.);
#1673 = EDGE_CURVE('',#1667,#1674,#1676,.T.);
#1674 = VERTEX_POINT('',#1675);
#1675 = CARTESIAN_POINT('',(2.5,-0.6005,2.50001E-02));
#1676 = B_SPLINE_CURVE_WITH_KNOTS('',1,(#1677,#1678),.UNSPECIFIED.,.F.,
  .F.,(2,2),(1.5,1.9),.PIECEWISE_BEZIER_KNOTS.);
#1677 = CARTESIAN_POINT('',(2.5,-1.0005,2.50001E-02));
#1678 = CARTESIAN_POINT('',(2.5,-0.6005,2.50001E-02));
#1679 = ORIENTED_EDGE('',*,*,#1680,.F.);
#1680 = EDGE_CURVE('',#1681,#1674,#1683,.T.);
#1681 = VERTEX_POINT('',#1682);
#1682 = CARTESIAN_POINT('',(2.5,-0.6005,0.1750001));
#1683 = B_SPLINE_CURVE_WITH_KNOTS('',1,(#1684,#1685),.UNSPECIFIED.,.F.,
  .F.,(2,2),(-0.,0.15),.PIECEWISE_BEZIER_KNOTS.);
#1684 = CARTESIAN_POINT('',(2.5,-0.6005,0.1750001));
#1685 = CARTESIAN_POINT('',(2.5,-0.6005,2.50001E-02));
#1686 = ORIENTED_EDGE('',*,*,#1687,.F.);
#1687 = EDGE_CURVE('',#1688,#1681,#1690,.T.);
#1688 = VERTEX_POINT('',#1689);
#1689 = CARTESIAN_POINT('',(2.5,0.5995,0.1750001));
#1690 = B_SPLINE_CURVE_WITH_KNOTS('',1,(#1691,#1692),.UNSPECIFIED.,.F.,
  .F.,(2,2),(0.,1.2),.PIECEWISE_BEZIER_KNOTS.);
#1691 = CARTESIAN_POINT('',(2.5,0.5995,0.1750001));
#1692 = CARTESIAN_POINT('',(2.5,-0.6005,0.1750001));
#1693 = ORIENTED_EDGE('',*,*,#1694,.T.);
#1694 = EDGE_CURVE('',#1688,#1695,#1697,.T.);
#1695 = VERTEX_POINT('',#1696);
#1696 = CARTESIAN_POINT('',(2.5,0.5995,2.50001E-02));
#1697 = B_SPLINE_CURVE_WITH_KNOTS('',1,(#1698,#1699),.UNSPECIFIED.,.F.,
  .F.,(2,2),(-0.,0.15),.PIECEWISE_BEZIER_KNOTS.);
#1698 = CARTESIAN_POINT('',(2.5,0.5995,0.1750001));
#1699 = CARTESIAN_POINT('',(2.5,0.5995,2.50001E-02));
#1700 = ORIENTED_EDGE('',*,*,#1701,.T.);
#1701 = EDGE_CURVE('',#1695,#1702,#1704,.T.);
#1702 = VERTEX_POINT('',#1703);
#1703 = CARTESIAN_POINT('',(2.5,0.9995,2.50001E-02));
#1704 = B_SPLINE_CURVE_WITH_KNOTS('',1,(#1705,#1706),.UNSPECIFIED.,.F.,
  .F.,(2,2),(3.1,3.5),.PIECEWISE_BEZIER_KNOTS.);
#1705 = CARTESIAN_POINT('',(2.5,0.5995,2.50001E-02));
#1706 = CARTESIAN_POINT('',(2.5,0.9995,2.50001E-02));
#1707 = ORIENTED_EDGE('',*,*,#1708,.F.);
#1708 = EDGE_CURVE('',#1709,#1702,#1711,.T.);
#1709 = VERTEX_POINT('',#1710);
#1710 = CARTESIAN_POINT('',(2.5,0.9995,0.1500001));
#1711 = B_SPLINE_CURVE_WITH_KNOTS('',1,(#1712,#1713),.UNSPECIFIED.,.F.,
  .F.,(2,2),(2.5E-02,0.15),.PIECEWISE_BEZIER_KNOTS.);
#1712 = CARTESIAN_POINT('',(2.5,0.9995,0.1500001));
#1713 = CARTESIAN_POINT('',(2.5,0.9995,2.50001E-02));
#1714 = ORIENTED_EDGE('',*,*,#1715,.F.);
#1715 = EDGE_CURVE('',#1716,#1709,#1718,.T.);
#1716 = VERTEX_POINT('',#1717);
#1717 = CARTESIAN_POINT('',(2.5,0.9995,0.1750001));
#1718 = B_SPLINE_CURVE_WITH_KNOTS('',1,(#1719,#1720),.UNSPECIFIED.,.F.,
  .F.,(2,2),(-0.,2.5E-02),.PIECEWISE_BEZIER_KNOTS.);
#1719 = CARTESIAN_POINT('',(2.5,0.9995,0.1750001));
#1720 = CARTESIAN_POINT('',(2.5,0.9995,0.1500001));
#1721 = ORIENTED_EDGE('',*,*,#1722,.F.);
#1722 = EDGE_CURVE('',#1723,#1716,#1725,.T.);
#1723 = VERTEX_POINT('',#1724);
#1724 = CARTESIAN_POINT('',(2.5,2.1995,0.1750001));
#1725 = B_SPLINE_CURVE_WITH_KNOTS('',1,(#1726,#1727),.UNSPECIFIED.,.F.,
  .F.,(2,2),(0.,1.2),.PIECEWISE_BEZIER_KNOTS.);
#1726 = CARTESIAN_POINT('',(2.5,2.1995,0.1750001));
#1727 = CARTESIAN_POINT('',(2.5,0.9995,0.1750001));
#1728 = ORIENTED_EDGE('',*,*,#1729,.T.);
#1729 = EDGE_CURVE('',#1723,#1730,#1732,.T.);
#1730 = VERTEX_POINT('',#1731);
#1731 = CARTESIAN_POINT('',(2.5,2.1995,2.50001E-02));
#1732 = B_SPLINE_CURVE_WITH_KNOTS('',1,(#1733,#1734),.UNSPECIFIED.,.F.,
  .F.,(2,2),(-0.,0.15),.PIECEWISE_BEZIER_KNOTS.);
#1733 = CARTESIAN_POINT('',(2.5,2.1995,0.1750001));
#1734 = CARTESIAN_POINT('',(2.5,2.1995,2.50001E-02));
#1735 = ORIENTED_EDGE('',*,*,#1736,.T.);
#1736 = EDGE_CURVE('',#1730,#1737,#1739,.T.);
#1737 = VERTEX_POINT('',#1738);
#1738 = CARTESIAN_POINT('',(2.5,2.4495,2.50001E-02));
#1739 = B_SPLINE_CURVE_WITH_KNOTS('',1,(#1740,#1741),.UNSPECIFIED.,.F.,
  .F.,(2,2),(4.7,4.95),.PIECEWISE_BEZIER_KNOTS.);
#1740 = CARTESIAN_POINT('',(2.5,2.1995,2.50001E-02));
#1741 = CARTESIAN_POINT('',(2.5,2.4495,2.50001E-02));
#1742 = ORIENTED_EDGE('',*,*,#1743,.T.);
#1743 = EDGE_CURVE('',#1737,#1744,#1746,.T.);
#1744 = VERTEX_POINT('',#1745);
#1745 = CARTESIAN_POINT('',(2.5,2.4495,1.6250001));
#1746 = B_SPLINE_CURVE_WITH_KNOTS('',1,(#1747,#1748),.UNSPECIFIED.,.F.,
  .F.,(2,2),(0.,1.6),.PIECEWISE_BEZIER_KNOTS.);
#1747 = CARTESIAN_POINT('',(2.5,2.4495,2.50001E-02));
#1748 = CARTESIAN_POINT('',(2.5,2.4495,1.6250001));
#1749 = ORIENTED_EDGE('',*,*,#1750,.F.);
#1750 = EDGE_CURVE('',#1751,#1744,#1753,.T.);
#1751 = VERTEX_POINT('',#1752);
#1752 = CARTESIAN_POINT('',(2.5,-1.5005,1.6250001));
#1753 = B_SPLINE_CURVE_WITH_KNOTS('',1,(#1754,#1755),.UNSPECIFIED.,.F.,
  .F.,(2,2),(1.,4.95),.PIECEWISE_BEZIER_KNOTS.);
#1754 = CARTESIAN_POINT('',(2.5,-1.5005,1.6250001));
#1755 = CARTESIAN_POINT('',(2.5,2.4495,1.6250001));
#1756 = ORIENTED_EDGE('',*,*,#1757,.F.);
#1757 = EDGE_CURVE('',#1625,#1751,#1758,.T.);
#1758 = B_SPLINE_CURVE_WITH_KNOTS('',1,(#1759,#1760),.UNSPECIFIED.,.F.,
  .F.,(2,2),(0.,0.3),.PIECEWISE_BEZIER_KNOTS.);
#1759 = CARTESIAN_POINT('',(2.5,-1.5005,1.3250001));
#1760 = CARTESIAN_POINT('',(2.5,-1.5005,1.6250001));
#1761 = FACE_BOUND('',#1762,.T.);
#1762 = EDGE_LOOP('',(#1763,#1772,#1779,#1786));
#1763 = ORIENTED_EDGE('',*,*,#1764,.T.);
#1764 = EDGE_CURVE('',#1765,#1767,#1769,.T.);
#1765 = VERTEX_POINT('',#1766);
#1766 = CARTESIAN_POINT('',(2.5,-1.0005,0.9000001));
#1767 = VERTEX_POINT('',#1768);
#1768 = CARTESIAN_POINT('',(2.5,-1.0005,0.7500001));
#1769 = B_SPLINE_CURVE_WITH_KNOTS('',1,(#1770,#1771),.UNSPECIFIED.,.F.,
  .F.,(2,2),(0.,0.15),.PIECEWISE_BEZIER_KNOTS.);
#1770 = CARTESIAN_POINT('',(2.5,-1.0005,0.9000001));
#1771 = CARTESIAN_POINT('',(2.5,-1.0005,0.7500001));
#1772 = ORIENTED_EDGE('',*,*,#1773,.T.);
#1773 = EDGE_CURVE('',#1767,#1774,#1776,.T.);
#1774 = VERTEX_POINT('',#1775);
#1775 = CARTESIAN_POINT('',(2.5,-2.0005,0.7500001));
#1776 = B_SPLINE_CURVE_WITH_KNOTS('',1,(#1777,#1778),.UNSPECIFIED.,.F.,
  .F.,(2,2),(-0.,1.),.PIECEWISE_BEZIER_KNOTS.);
#1777 = CARTESIAN_POINT('',(2.5,-1.0005,0.7500001));
#1778 = CARTESIAN_POINT('',(2.5,-2.0005,0.7500001));
#1779 = ORIENTED_EDGE('',*,*,#1780,.F.);
#1780 = EDGE_CURVE('',#1781,#1774,#1783,.T.);
#1781 = VERTEX_POINT('',#1782);
#1782 = CARTESIAN_POINT('',(2.5,-2.0005,0.9000001));
#1783 = B_SPLINE_CURVE_WITH_KNOTS('',1,(#1784,#1785),.UNSPECIFIED.,.F.,
  .F.,(2,2),(3.08148791102E-29,0.15),.PIECEWISE_BEZIER_KNOTS.);
#1784 = CARTESIAN_POINT('',(2.5,-2.0005,0.9000001));
#1785 = CARTESIAN_POINT('',(2.5,-2.0005,0.7500001));
#1786 = ORIENTED_EDGE('',*,*,#1787,.F.);
#1787 = EDGE_CURVE('',#1765,#1781,#1788,.T.);
#1788 = B_SPLINE_CURVE_WITH_KNOTS('',1,(#1789,#1790),.UNSPECIFIED.,.F.,
  .F.,(2,2),(-0.,1.),.PIECEWISE_BEZIER_KNOTS.);
#1789 = CARTESIAN_POINT('',(2.5,-1.0005,0.9000001));
#1790 = CARTESIAN_POINT('',(2.5,-2.0005,0.9000001));
#1791 = FACE_BOUND('',#1792,.T.);
#1792 = EDGE_LOOP('',(#1793,#1802,#1809,#1816));
#1793 = ORIENTED_EDGE('',*,*,#1794,.T.);
#1794 = EDGE_CURVE('',#1795,#1797,#1799,.T.);
#1795 = VERTEX_POINT('',#1796);
#1796 = CARTESIAN_POINT('',(2.5,0.4995,0.9000001));
#1797 = VERTEX_POINT('',#1798);
#1798 = CARTESIAN_POINT('',(2.5,0.4995,0.7500001));
#1799 = B_SPLINE_CURVE_WITH_KNOTS('',1,(#1800,#1801),.UNSPECIFIED.,.F.,
  .F.,(2,2),(0.,0.15),.PIECEWISE_BEZIER_KNOTS.);
#1800 = CARTESIAN_POINT('',(2.5,0.4995,0.9000001));
#1801 = CARTESIAN_POINT('',(2.5,0.4995,0.7500001));
#1802 = ORIENTED_EDGE('',*,*,#1803,.T.);
#1803 = EDGE_CURVE('',#1797,#1804,#1806,.T.);
#1804 = VERTEX_POINT('',#1805);
#1805 = CARTESIAN_POINT('',(2.5,-0.5005,0.7500001));
#1806 = B_SPLINE_CURVE_WITH_KNOTS('',1,(#1807,#1808),.UNSPECIFIED.,.F.,
  .F.,(2,2),(-0.,1.),.PIECEWISE_BEZIER_KNOTS.);
#1807 = CARTESIAN_POINT('',(2.5,0.4995,0.7500001));
#1808 = CARTESIAN_POINT('',(2.5,-0.5005,0.7500001));
#1809 = ORIENTED_EDGE('',*,*,#1810,.F.);
#1810 = EDGE_CURVE('',#1811,#1804,#1813,.T.);
#1811 = VERTEX_POINT('',#1812);
#1812 = CARTESIAN_POINT('',(2.5,-0.5005,0.9000001));
#1813 = B_SPLINE_CURVE_WITH_KNOTS('',1,(#1814,#1815),.UNSPECIFIED.,.F.,
  .F.,(2,2),(3.08148791102E-29,0.15),.PIECEWISE_BEZIER_KNOTS.);
#1814 = CARTESIAN_POINT('',(2.5,-0.5005,0.9000001));
#1815 = CARTESIAN_POINT('',(2.5,-0.5005,0.7500001));
#1816 = ORIENTED_EDGE('',*,*,#1817,.F.);
#1817 = EDGE_CURVE('',#1795,#1811,#1818,.T.);
#1818 = B_SPLINE_CURVE_WITH_KNOTS('',1,(#1819,#1820),.UNSPECIFIED.,.F.,
  .F.,(2,2),(-0.,1.),.PIECEWISE_BEZIER_KNOTS.);
#1819 = CARTESIAN_POINT('',(2.5,0.4995,0.9000001));
#1820 = CARTESIAN_POINT('',(2.5,-0.5005,0.9000001));
#1821 = FACE_BOUND('',#1822,.T.);
#1822 = EDGE_LOOP('',(#1823,#1832,#1839,#1846));
#1823 = ORIENTED_EDGE('',*,*,#1824,.T.);
#1824 = EDGE_CURVE('',#1825,#1827,#1829,.T.);
#1825 = VERTEX_POINT('',#1826);
#1826 = CARTESIAN_POINT('',(2.5,1.9995,0.9000001));
#1827 = VERTEX_POINT('',#1828);
#1828 = CARTESIAN_POINT('',(2.5,1.9995,0.7500001));
#1829 = B_SPLINE_CURVE_WITH_KNOTS('',1,(#1830,#1831),.UNSPECIFIED.,.F.,
  .F.,(2,2),(0.,0.15),.PIECEWISE_BEZIER_KNOTS.);
#1830 = CARTESIAN_POINT('',(2.5,1.9995,0.9000001));
#1831 = CARTESIAN_POINT('',(2.5,1.9995,0.7500001));
#1832 = ORIENTED_EDGE('',*,*,#1833,.T.);
#1833 = EDGE_CURVE('',#1827,#1834,#1836,.T.);
#1834 = VERTEX_POINT('',#1835);
#1835 = CARTESIAN_POINT('',(2.5,0.9995,0.7500001));
#1836 = B_SPLINE_CURVE_WITH_KNOTS('',1,(#1837,#1838),.UNSPECIFIED.,.F.,
  .F.,(2,2),(-0.,1.),.PIECEWISE_BEZIER_KNOTS.);
#1837 = CARTESIAN_POINT('',(2.5,1.9995,0.7500001));
#1838 = CARTESIAN_POINT('',(2.5,0.9995,0.7500001));
#1839 = ORIENTED_EDGE('',*,*,#1840,.F.);
#1840 = EDGE_CURVE('',#1841,#1834,#1843,.T.);
#1841 = VERTEX_POINT('',#1842);
#1842 = CARTESIAN_POINT('',(2.5,0.9995,0.9000001));
#1843 = B_SPLINE_CURVE_WITH_KNOTS('',1,(#1844,#1845),.UNSPECIFIED.,.F.,
  .F.,(2,2),(3.08148791102E-29,0.15),.PIECEWISE_BEZIER_KNOTS.);
#1844 = CARTESIAN_POINT('',(2.5,0.9995,0.9000001));
#1845 = CARTESIAN_POINT('',(2.5,0.9995,0.7500001));
#1846 = ORIENTED_EDGE('',*,*,#1847,.F.);
#1847 = EDGE_CURVE('',#1825,#1841,#1848,.T.);
#1848 = B_SPLINE_CURVE_WITH_KNOTS('',1,(#1849,#1850),.UNSPECIFIED.,.F.,
  .F.,(2,2),(-0.,1.),.PIECEWISE_BEZIER_KNOTS.);
#1849 = CARTESIAN_POINT('',(2.5,1.9995,0.9000001));
#1850 = CARTESIAN_POINT('',(2.5,0.9995,0.9000001));
#1851 = B_SPLINE_SURFACE_WITH_KNOTS('',1,1,(
    (#1852,#1853)
    ,(#1854,#1855
    )),.UNSPECIFIED.,.F.,.F.,.F.,(2,2),(2,2),(-1.6,0.),(5.E-02,4.95),
  .PIECEWISE_BEZIER_KNOTS.);
#1852 = CARTESIAN_POINT('',(2.5,-2.4505,1.6250001));
#1853 = CARTESIAN_POINT('',(2.5,2.4495,1.6250001));
#1854 = CARTESIAN_POINT('',(2.5,-2.4505,2.50001E-02));
#1855 = CARTESIAN_POINT('',(2.5,2.4495,2.50001E-02));
#1856 = ADVANCED_FACE('',(#1857),#1901,.T.);
#1857 = FACE_BOUND('',#1858,.T.);
#1858 = EDGE_LOOP('',(#1859,#1868,#1875,#1882,#1889,#1896));
#1859 = ORIENTED_EDGE('',*,*,#1860,.F.);
#1860 = EDGE_CURVE('',#1861,#1863,#1865,.T.);
#1861 = VERTEX_POINT('',#1862);
#1862 = CARTESIAN_POINT('',(-2.45,-2.5005,1.6250001));
#1863 = VERTEX_POINT('',#1864);
#1864 = CARTESIAN_POINT('',(1.5,-2.5005,1.6250001));
#1865 = B_SPLINE_CURVE_WITH_KNOTS('',1,(#1866,#1867),.UNSPECIFIED.,.F.,
  .F.,(2,2),(5.E-02,4.),.PIECEWISE_BEZIER_KNOTS.);
#1866 = CARTESIAN_POINT('',(-2.45,-2.5005,1.6250001));
#1867 = CARTESIAN_POINT('',(1.5,-2.5005,1.6250001));
#1868 = ORIENTED_EDGE('',*,*,#1869,.T.);
#1869 = EDGE_CURVE('',#1861,#1870,#1872,.T.);
#1870 = VERTEX_POINT('',#1871);
#1871 = CARTESIAN_POINT('',(-2.45,-2.5005,2.50001E-02));
#1872 = B_SPLINE_CURVE_WITH_KNOTS('',1,(#1873,#1874),.UNSPECIFIED.,.F.,
  .F.,(2,2),(-1.6,-0.),.PIECEWISE_BEZIER_KNOTS.);
#1873 = CARTESIAN_POINT('',(-2.45,-2.5005,1.6250001));
#1874 = CARTESIAN_POINT('',(-2.45,-2.5005,2.50001E-02));
#1875 = ORIENTED_EDGE('',*,*,#1876,.T.);
#1876 = EDGE_CURVE('',#1870,#1877,#1879,.T.);
#1877 = VERTEX_POINT('',#1878);
#1878 = CARTESIAN_POINT('',(2.45,-2.5005,2.50001E-02));
#1879 = B_SPLINE_CURVE_WITH_KNOTS('',1,(#1880,#1881),.UNSPECIFIED.,.F.,
  .F.,(2,2),(5.E-02,4.95),.PIECEWISE_BEZIER_KNOTS.);
#1880 = CARTESIAN_POINT('',(-2.45,-2.5005,2.50001E-02));
#1881 = CARTESIAN_POINT('',(2.45,-2.5005,2.50001E-02));
#1882 = ORIENTED_EDGE('',*,*,#1883,.T.);
#1883 = EDGE_CURVE('',#1877,#1884,#1886,.T.);
#1884 = VERTEX_POINT('',#1885);
#1885 = CARTESIAN_POINT('',(2.45,-2.5005,1.3250001));
#1886 = B_SPLINE_CURVE_WITH_KNOTS('',1,(#1887,#1888),.UNSPECIFIED.,.F.,
  .F.,(2,2),(0.,1.3),.PIECEWISE_BEZIER_KNOTS.);
#1887 = CARTESIAN_POINT('',(2.45,-2.5005,2.50001E-02));
#1888 = CARTESIAN_POINT('',(2.45,-2.5005,1.3250001));
#1889 = ORIENTED_EDGE('',*,*,#1890,.F.);
#1890 = EDGE_CURVE('',#1891,#1884,#1893,.T.);
#1891 = VERTEX_POINT('',#1892);
#1892 = CARTESIAN_POINT('',(1.5,-2.5005,1.3250001));
#1893 = B_SPLINE_CURVE_WITH_KNOTS('',1,(#1894,#1895),.UNSPECIFIED.,.F.,
  .F.,(2,2),(0.,0.95),.PIECEWISE_BEZIER_KNOTS.);
#1894 = CARTESIAN_POINT('',(1.5,-2.5005,1.3250001));
#1895 = CARTESIAN_POINT('',(2.45,-2.5005,1.3250001));
#1896 = ORIENTED_EDGE('',*,*,#1897,.T.);
#1897 = EDGE_CURVE('',#1891,#1863,#1898,.T.);
#1898 = B_SPLINE_CURVE_WITH_KNOTS('',1,(#1899,#1900),.UNSPECIFIED.,.F.,
  .F.,(2,2),(0.,0.3),.PIECEWISE_BEZIER_KNOTS.);
#1899 = CARTESIAN_POINT('',(1.5,-2.5005,1.3250001));
#1900 = CARTESIAN_POINT('',(1.5,-2.5005,1.6250001));
#1901 = B_SPLINE_SURFACE_WITH_KNOTS('',1,1,(
    (#1902,#1903)
    ,(#1904,#1905
    )),.UNSPECIFIED.,.F.,.F.,.F.,(2,2),(2,2),(-1.6,0.),(5.E-02,4.95),
  .PIECEWISE_BEZIER_KNOTS.);
#1902 = CARTESIAN_POINT('',(-2.45,-2.5005,1.6250001));
#1903 = CARTESIAN_POINT('',(2.45,-2.5005,1.6250001));
#1904 = CARTESIAN_POINT('',(-2.45,-2.5005,2.50001E-02));
#1905 = CARTESIAN_POINT('',(2.45,-2.5005,2.50001E-02));
#1906 = ADVANCED_FACE('',(#1907,#1937,#1967,#1997),#2109,.T.);
#1907 = FACE_BOUND('',#1908,.T.);
#1908 = EDGE_LOOP('',(#1909,#1918,#1925,#1932));
#1909 = ORIENTED_EDGE('',*,*,#1910,.T.);
#1910 = EDGE_CURVE('',#1911,#1913,#1915,.T.);
#1911 = VERTEX_POINT('',#1912);
#1912 = CARTESIAN_POINT('',(-2.5,-1.0005,0.7500001));
#1913 = VERTEX_POINT('',#1914);
#1914 = CARTESIAN_POINT('',(-2.5,-1.0005,0.9000001));
#1915 = B_SPLINE_CURVE_WITH_KNOTS('',1,(#1916,#1917),.UNSPECIFIED.,.F.,
  .F.,(2,2),(0.,0.15),.PIECEWISE_BEZIER_KNOTS.);
#1916 = CARTESIAN_POINT('',(-2.5,-1.0005,0.7500001));
#1917 = CARTESIAN_POINT('',(-2.5,-1.0005,0.9000001));
#1918 = ORIENTED_EDGE('',*,*,#1919,.T.);
#1919 = EDGE_CURVE('',#1913,#1920,#1922,.T.);
#1920 = VERTEX_POINT('',#1921);
#1921 = CARTESIAN_POINT('',(-2.5,-2.0005,0.9000001));
#1922 = B_SPLINE_CURVE_WITH_KNOTS('',1,(#1923,#1924),.UNSPECIFIED.,.F.,
  .F.,(2,2),(-0.,1.),.PIECEWISE_BEZIER_KNOTS.);
#1923 = CARTESIAN_POINT('',(-2.5,-1.0005,0.9000001));
#1924 = CARTESIAN_POINT('',(-2.5,-2.0005,0.9000001));
#1925 = ORIENTED_EDGE('',*,*,#1926,.F.);
#1926 = EDGE_CURVE('',#1927,#1920,#1929,.T.);
#1927 = VERTEX_POINT('',#1928);
#1928 = CARTESIAN_POINT('',(-2.5,-2.0005,0.7500001));
#1929 = B_SPLINE_CURVE_WITH_KNOTS('',1,(#1930,#1931),.UNSPECIFIED.,.F.,
  .F.,(2,2),(-2.22044604925E-16,0.15),.PIECEWISE_BEZIER_KNOTS.);
#1930 = CARTESIAN_POINT('',(-2.5,-2.0005,0.7500001));
#1931 = CARTESIAN_POINT('',(-2.5,-2.0005,0.9000001));
#1932 = ORIENTED_EDGE('',*,*,#1933,.F.);
#1933 = EDGE_CURVE('',#1911,#1927,#1934,.T.);
#1934 = B_SPLINE_CURVE_WITH_KNOTS('',1,(#1935,#1936),.UNSPECIFIED.,.F.,
  .F.,(2,2),(-0.,1.),.PIECEWISE_BEZIER_KNOTS.);
#1935 = CARTESIAN_POINT('',(-2.5,-1.0005,0.7500001));
#1936 = CARTESIAN_POINT('',(-2.5,-2.0005,0.7500001));
#1937 = FACE_BOUND('',#1938,.T.);
#1938 = EDGE_LOOP('',(#1939,#1948,#1955,#1962));
#1939 = ORIENTED_EDGE('',*,*,#1940,.T.);
#1940 = EDGE_CURVE('',#1941,#1943,#1945,.T.);
#1941 = VERTEX_POINT('',#1942);
#1942 = CARTESIAN_POINT('',(-2.5,0.4995,0.7500001));
#1943 = VERTEX_POINT('',#1944);
#1944 = CARTESIAN_POINT('',(-2.5,0.4995,0.9000001));
#1945 = B_SPLINE_CURVE_WITH_KNOTS('',1,(#1946,#1947),.UNSPECIFIED.,.F.,
  .F.,(2,2),(0.,0.15),.PIECEWISE_BEZIER_KNOTS.);
#1946 = CARTESIAN_POINT('',(-2.5,0.4995,0.7500001));
#1947 = CARTESIAN_POINT('',(-2.5,0.4995,0.9000001));
#1948 = ORIENTED_EDGE('',*,*,#1949,.T.);
#1949 = EDGE_CURVE('',#1943,#1950,#1952,.T.);
#1950 = VERTEX_POINT('',#1951);
#1951 = CARTESIAN_POINT('',(-2.5,-0.5005,0.9000001));
#1952 = B_SPLINE_CURVE_WITH_KNOTS('',1,(#1953,#1954),.UNSPECIFIED.,.F.,
  .F.,(2,2),(-0.,1.),.PIECEWISE_BEZIER_KNOTS.);
#1953 = CARTESIAN_POINT('',(-2.5,0.4995,0.9000001));
#1954 = CARTESIAN_POINT('',(-2.5,-0.5005,0.9000001));
#1955 = ORIENTED_EDGE('',*,*,#1956,.F.);
#1956 = EDGE_CURVE('',#1957,#1950,#1959,.T.);
#1957 = VERTEX_POINT('',#1958);
#1958 = CARTESIAN_POINT('',(-2.5,-0.5005,0.7500001));
#1959 = B_SPLINE_CURVE_WITH_KNOTS('',1,(#1960,#1961),.UNSPECIFIED.,.F.,
  .F.,(2,2),(-2.22044604925E-16,0.15),.PIECEWISE_BEZIER_KNOTS.);
#1960 = CARTESIAN_POINT('',(-2.5,-0.5005,0.7500001));
#1961 = CARTESIAN_POINT('',(-2.5,-0.5005,0.9000001));
#1962 = ORIENTED_EDGE('',*,*,#1963,.F.);
#1963 = EDGE_CURVE('',#1941,#1957,#1964,.T.);
#1964 = B_SPLINE_CURVE_WITH_KNOTS('',1,(#1965,#1966),.UNSPECIFIED.,.F.,
  .F.,(2,2),(-0.,1.),.PIECEWISE_BEZIER_KNOTS.);
#1965 = CARTESIAN_POINT('',(-2.5,0.4995,0.7500001));
#1966 = CARTESIAN_POINT('',(-2.5,-0.5005,0.7500001));
#1967 = FACE_BOUND('',#1968,.T.);
#1968 = EDGE_LOOP('',(#1969,#1978,#1985,#1992));
#1969 = ORIENTED_EDGE('',*,*,#1970,.T.);
#1970 = EDGE_CURVE('',#1971,#1973,#1975,.T.);
#1971 = VERTEX_POINT('',#1972);
#1972 = CARTESIAN_POINT('',(-2.5,1.9995,0.7500001));
#1973 = VERTEX_POINT('',#1974);
#1974 = CARTESIAN_POINT('',(-2.5,1.9995,0.9000001));
#1975 = B_SPLINE_CURVE_WITH_KNOTS('',1,(#1976,#1977),.UNSPECIFIED.,.F.,
  .F.,(2,2),(0.,0.15),.PIECEWISE_BEZIER_KNOTS.);
#1976 = CARTESIAN_POINT('',(-2.5,1.9995,0.7500001));
#1977 = CARTESIAN_POINT('',(-2.5,1.9995,0.9000001));
#1978 = ORIENTED_EDGE('',*,*,#1979,.T.);
#1979 = EDGE_CURVE('',#1973,#1980,#1982,.T.);
#1980 = VERTEX_POINT('',#1981);
#1981 = CARTESIAN_POINT('',(-2.5,0.9995,0.9000001));
#1982 = B_SPLINE_CURVE_WITH_KNOTS('',1,(#1983,#1984),.UNSPECIFIED.,.F.,
  .F.,(2,2),(-0.,1.),.PIECEWISE_BEZIER_KNOTS.);
#1983 = CARTESIAN_POINT('',(-2.5,1.9995,0.9000001));
#1984 = CARTESIAN_POINT('',(-2.5,0.9995,0.9000001));
#1985 = ORIENTED_EDGE('',*,*,#1986,.F.);
#1986 = EDGE_CURVE('',#1987,#1980,#1989,.T.);
#1987 = VERTEX_POINT('',#1988);
#1988 = CARTESIAN_POINT('',(-2.5,0.9995,0.7500001));
#1989 = B_SPLINE_CURVE_WITH_KNOTS('',1,(#1990,#1991),.UNSPECIFIED.,.F.,
  .F.,(2,2),(-2.22044604925E-16,0.15),.PIECEWISE_BEZIER_KNOTS.);
#1990 = CARTESIAN_POINT('',(-2.5,0.9995,0.7500001));
#1991 = CARTESIAN_POINT('',(-2.5,0.9995,0.9000001));
#1992 = ORIENTED_EDGE('',*,*,#1993,.F.);
#1993 = EDGE_CURVE('',#1971,#1987,#1994,.T.);
#1994 = B_SPLINE_CURVE_WITH_KNOTS('',1,(#1995,#1996),.UNSPECIFIED.,.F.,
  .F.,(2,2),(-0.,1.),.PIECEWISE_BEZIER_KNOTS.);
#1995 = CARTESIAN_POINT('',(-2.5,1.9995,0.7500001));
#1996 = CARTESIAN_POINT('',(-2.5,0.9995,0.7500001));
#1997 = FACE_BOUND('',#1998,.T.);
#1998 = EDGE_LOOP('',(#1999,#2008,#2015,#2022,#2029,#2034,#2035,#2042,
    #2049,#2056,#2063,#2070,#2077,#2082,#2083,#2090,#2097,#2104));
#1999 = ORIENTED_EDGE('',*,*,#2000,.F.);
#2000 = EDGE_CURVE('',#2001,#2003,#2005,.T.);
#2001 = VERTEX_POINT('',#2002);
#2002 = CARTESIAN_POINT('',(-2.5,2.4495,1.6250001));
#2003 = VERTEX_POINT('',#2004);
#2004 = CARTESIAN_POINT('',(-2.5,-2.4505,1.6250001));
#2005 = B_SPLINE_CURVE_WITH_KNOTS('',1,(#2006,#2007),.UNSPECIFIED.,.F.,
  .F.,(2,2),(-4.95,-5.E-02),.PIECEWISE_BEZIER_KNOTS.);
#2006 = CARTESIAN_POINT('',(-2.5,2.4495,1.6250001));
#2007 = CARTESIAN_POINT('',(-2.5,-2.4505,1.6250001));
#2008 = ORIENTED_EDGE('',*,*,#2009,.T.);
#2009 = EDGE_CURVE('',#2001,#2010,#2012,.T.);
#2010 = VERTEX_POINT('',#2011);
#2011 = CARTESIAN_POINT('',(-2.5,2.4495,2.50001E-02));
#2012 = B_SPLINE_CURVE_WITH_KNOTS('',1,(#2013,#2014),.UNSPECIFIED.,.F.,
  .F.,(2,2),(-1.6,-0.),.PIECEWISE_BEZIER_KNOTS.);
#2013 = CARTESIAN_POINT('',(-2.5,2.4495,1.6250001));
#2014 = CARTESIAN_POINT('',(-2.5,2.4495,2.50001E-02));
#2015 = ORIENTED_EDGE('',*,*,#2016,.T.);
#2016 = EDGE_CURVE('',#2010,#2017,#2019,.T.);
#2017 = VERTEX_POINT('',#2018);
#2018 = CARTESIAN_POINT('',(-2.5,2.1995,2.50001E-02));
#2019 = B_SPLINE_CURVE_WITH_KNOTS('',1,(#2020,#2021),.UNSPECIFIED.,.F.,
  .F.,(2,2),(-4.95,-4.7),.PIECEWISE_BEZIER_KNOTS.);
#2020 = CARTESIAN_POINT('',(-2.5,2.4495,2.50001E-02));
#2021 = CARTESIAN_POINT('',(-2.5,2.1995,2.50001E-02));
#2022 = ORIENTED_EDGE('',*,*,#2023,.F.);
#2023 = EDGE_CURVE('',#2024,#2017,#2026,.T.);
#2024 = VERTEX_POINT('',#2025);
#2025 = CARTESIAN_POINT('',(-2.5,2.1995,0.1750001));
#2026 = B_SPLINE_CURVE_WITH_KNOTS('',1,(#2027,#2028),.UNSPECIFIED.,.F.,
  .F.,(2,2),(-0.,0.15),.PIECEWISE_BEZIER_KNOTS.);
#2027 = CARTESIAN_POINT('',(-2.5,2.1995,0.1750001));
#2028 = CARTESIAN_POINT('',(-2.5,2.1995,2.50001E-02));
#2029 = ORIENTED_EDGE('',*,*,#2030,.F.);
#2030 = EDGE_CURVE('',#1582,#2024,#2031,.T.);
#2031 = B_SPLINE_CURVE_WITH_KNOTS('',1,(#2032,#2033),.UNSPECIFIED.,.F.,
  .F.,(2,2),(-1.2,0.),.PIECEWISE_BEZIER_KNOTS.);
#2032 = CARTESIAN_POINT('',(-2.5,0.9995,0.1750001));
#2033 = CARTESIAN_POINT('',(-2.5,2.1995,0.1750001));
#2034 = ORIENTED_EDGE('',*,*,#1581,.T.);
#2035 = ORIENTED_EDGE('',*,*,#2036,.T.);
#2036 = EDGE_CURVE('',#1573,#2037,#2039,.T.);
#2037 = VERTEX_POINT('',#2038);
#2038 = CARTESIAN_POINT('',(-2.5,0.9995,2.50001E-02));
#2039 = B_SPLINE_CURVE_WITH_KNOTS('',1,(#2040,#2041),.UNSPECIFIED.,.F.,
  .F.,(2,2),(2.5E-02,0.15),.PIECEWISE_BEZIER_KNOTS.);
#2040 = CARTESIAN_POINT('',(-2.5,0.9995,0.1500001));
#2041 = CARTESIAN_POINT('',(-2.5,0.9995,2.50001E-02));
#2042 = ORIENTED_EDGE('',*,*,#2043,.T.);
#2043 = EDGE_CURVE('',#2037,#2044,#2046,.T.);
#2044 = VERTEX_POINT('',#2045);
#2045 = CARTESIAN_POINT('',(-2.5,0.5995,2.50001E-02));
#2046 = B_SPLINE_CURVE_WITH_KNOTS('',1,(#2047,#2048),.UNSPECIFIED.,.F.,
  .F.,(2,2),(-3.5,-3.1),.PIECEWISE_BEZIER_KNOTS.);
#2047 = CARTESIAN_POINT('',(-2.5,0.9995,2.50001E-02));
#2048 = CARTESIAN_POINT('',(-2.5,0.5995,2.50001E-02));
#2049 = ORIENTED_EDGE('',*,*,#2050,.F.);
#2050 = EDGE_CURVE('',#2051,#2044,#2053,.T.);
#2051 = VERTEX_POINT('',#2052);
#2052 = CARTESIAN_POINT('',(-2.5,0.5995,0.1750001));
#2053 = B_SPLINE_CURVE_WITH_KNOTS('',1,(#2054,#2055),.UNSPECIFIED.,.F.,
  .F.,(2,2),(-0.,0.15),.PIECEWISE_BEZIER_KNOTS.);
#2054 = CARTESIAN_POINT('',(-2.5,0.5995,0.1750001));
#2055 = CARTESIAN_POINT('',(-2.5,0.5995,2.50001E-02));
#2056 = ORIENTED_EDGE('',*,*,#2057,.F.);
#2057 = EDGE_CURVE('',#2058,#2051,#2060,.T.);
#2058 = VERTEX_POINT('',#2059);
#2059 = CARTESIAN_POINT('',(-2.5,-0.6005,0.1750001));
#2060 = B_SPLINE_CURVE_WITH_KNOTS('',1,(#2061,#2062),.UNSPECIFIED.,.F.,
  .F.,(2,2),(-1.2,0.),.PIECEWISE_BEZIER_KNOTS.);
#2061 = CARTESIAN_POINT('',(-2.5,-0.6005,0.1750001));
#2062 = CARTESIAN_POINT('',(-2.5,0.5995,0.1750001));
#2063 = ORIENTED_EDGE('',*,*,#2064,.T.);
#2064 = EDGE_CURVE('',#2058,#2065,#2067,.T.);
#2065 = VERTEX_POINT('',#2066);
#2066 = CARTESIAN_POINT('',(-2.5,-0.6005,2.50001E-02));
#2067 = B_SPLINE_CURVE_WITH_KNOTS('',1,(#2068,#2069),.UNSPECIFIED.,.F.,
  .F.,(2,2),(-0.,0.15),.PIECEWISE_BEZIER_KNOTS.);
#2068 = CARTESIAN_POINT('',(-2.5,-0.6005,0.1750001));
#2069 = CARTESIAN_POINT('',(-2.5,-0.6005,2.50001E-02));
#2070 = ORIENTED_EDGE('',*,*,#2071,.T.);
#2071 = EDGE_CURVE('',#2065,#2072,#2074,.T.);
#2072 = VERTEX_POINT('',#2073);
#2073 = CARTESIAN_POINT('',(-2.5,-1.0005,2.50001E-02));
#2074 = B_SPLINE_CURVE_WITH_KNOTS('',1,(#2075,#2076),.UNSPECIFIED.,.F.,
  .F.,(2,2),(-1.9,-1.5),.PIECEWISE_BEZIER_KNOTS.);
#2075 = CARTESIAN_POINT('',(-2.5,-0.6005,2.50001E-02));
#2076 = CARTESIAN_POINT('',(-2.5,-1.0005,2.50001E-02));
#2077 = ORIENTED_EDGE('',*,*,#2078,.F.);
#2078 = EDGE_CURVE('',#1525,#2072,#2079,.T.);
#2079 = B_SPLINE_CURVE_WITH_KNOTS('',1,(#2080,#2081),.UNSPECIFIED.,.F.,
  .F.,(2,2),(2.5E-02,0.15),.PIECEWISE_BEZIER_KNOTS.);
#2080 = CARTESIAN_POINT('',(-2.5,-1.0005,0.1500001));
#2081 = CARTESIAN_POINT('',(-2.5,-1.0005,2.50001E-02));
#2082 = ORIENTED_EDGE('',*,*,#1559,.F.);
#2083 = ORIENTED_EDGE('',*,*,#2084,.F.);
#2084 = EDGE_CURVE('',#2085,#1553,#2087,.T.);
#2085 = VERTEX_POINT('',#2086);
#2086 = CARTESIAN_POINT('',(-2.5,-2.2005,0.1750001));
#2087 = B_SPLINE_CURVE_WITH_KNOTS('',1,(#2088,#2089),.UNSPECIFIED.,.F.,
  .F.,(2,2),(-1.2,0.),.PIECEWISE_BEZIER_KNOTS.);
#2088 = CARTESIAN_POINT('',(-2.5,-2.2005,0.1750001));
#2089 = CARTESIAN_POINT('',(-2.5,-1.0005,0.1750001));
#2090 = ORIENTED_EDGE('',*,*,#2091,.T.);
#2091 = EDGE_CURVE('',#2085,#2092,#2094,.T.);
#2092 = VERTEX_POINT('',#2093);
#2093 = CARTESIAN_POINT('',(-2.5,-2.2005,2.50001E-02));
#2094 = B_SPLINE_CURVE_WITH_KNOTS('',1,(#2095,#2096),.UNSPECIFIED.,.F.,
  .F.,(2,2),(-0.,0.15),.PIECEWISE_BEZIER_KNOTS.);
#2095 = CARTESIAN_POINT('',(-2.5,-2.2005,0.1750001));
#2096 = CARTESIAN_POINT('',(-2.5,-2.2005,2.50001E-02));
#2097 = ORIENTED_EDGE('',*,*,#2098,.T.);
#2098 = EDGE_CURVE('',#2092,#2099,#2101,.T.);
#2099 = VERTEX_POINT('',#2100);
#2100 = CARTESIAN_POINT('',(-2.5,-2.4505,2.50001E-02));
#2101 = B_SPLINE_CURVE_WITH_KNOTS('',1,(#2102,#2103),.UNSPECIFIED.,.F.,
  .F.,(2,2),(-0.3,-5.E-02),.PIECEWISE_BEZIER_KNOTS.);
#2102 = CARTESIAN_POINT('',(-2.5,-2.2005,2.50001E-02));
#2103 = CARTESIAN_POINT('',(-2.5,-2.4505,2.50001E-02));
#2104 = ORIENTED_EDGE('',*,*,#2105,.T.);
#2105 = EDGE_CURVE('',#2099,#2003,#2106,.T.);
#2106 = B_SPLINE_CURVE_WITH_KNOTS('',1,(#2107,#2108),.UNSPECIFIED.,.F.,
  .F.,(2,2),(0.,1.6),.PIECEWISE_BEZIER_KNOTS.);
#2107 = CARTESIAN_POINT('',(-2.5,-2.4505,2.50001E-02));
#2108 = CARTESIAN_POINT('',(-2.5,-2.4505,1.6250001));
#2109 = B_SPLINE_SURFACE_WITH_KNOTS('',1,1,(
    (#2110,#2111)
    ,(#2112,#2113
    )),.UNSPECIFIED.,.F.,.F.,.F.,(2,2),(2,2),(0.,1.6),(5.E-02,4.95),
  .PIECEWISE_BEZIER_KNOTS.);
#2110 = CARTESIAN_POINT('',(-2.5,-2.4505,2.50001E-02));
#2111 = CARTESIAN_POINT('',(-2.5,2.4495,2.50001E-02));
#2112 = CARTESIAN_POINT('',(-2.5,-2.4505,1.6250001));
#2113 = CARTESIAN_POINT('',(-2.5,2.4495,1.6250001));
#2114 = ADVANCED_FACE('',(#2115,#2145,#2175,#2186),#2444,.T.);
#2115 = FACE_BOUND('',#2116,.T.);
#2116 = EDGE_LOOP('',(#2117,#2126,#2133,#2140));
#2117 = ORIENTED_EDGE('',*,*,#2118,.F.);
#2118 = EDGE_CURVE('',#2119,#2121,#2123,.T.);
#2119 = VERTEX_POINT('',#2120);
#2120 = CARTESIAN_POINT('',(0.62383477253,-1.081570945276,2.50001E-02));
#2121 = VERTEX_POINT('',#2122);
#2122 = CARTESIAN_POINT('',(0.62383477253,-2.07673593955,2.50001E-02));
#2123 = B_SPLINE_CURVE_WITH_KNOTS('',1,(#2124,#2125),.UNSPECIFIED.,.F.,
  .F.,(2,2),(0.,0.995164994275),.PIECEWISE_BEZIER_KNOTS.);
#2124 = CARTESIAN_POINT('',(0.62383477253,-1.081570945276,2.50001E-02));
#2125 = CARTESIAN_POINT('',(0.62383477253,-2.07673593955,2.50001E-02));
#2126 = ORIENTED_EDGE('',*,*,#2127,.F.);
#2127 = EDGE_CURVE('',#2128,#2119,#2130,.T.);
#2128 = VERTEX_POINT('',#2129);
#2129 = CARTESIAN_POINT('',(-0.62383477253,-1.081570945276,2.50001E-02)
  );
#2130 = B_SPLINE_CURVE_WITH_KNOTS('',1,(#2131,#2132),.UNSPECIFIED.,.F.,
  .F.,(2,2),(-1.247669545061,0.),.PIECEWISE_BEZIER_KNOTS.);
#2131 = CARTESIAN_POINT('',(-0.62383477253,-1.081570945276,2.50001E-02)
  );
#2132 = CARTESIAN_POINT('',(0.62383477253,-1.081570945276,2.50001E-02));
#2133 = ORIENTED_EDGE('',*,*,#2134,.F.);
#2134 = EDGE_CURVE('',#2135,#2128,#2137,.T.);
#2135 = VERTEX_POINT('',#2136);
#2136 = CARTESIAN_POINT('',(-0.62383477253,-2.07673593955,2.50001E-02));
#2137 = B_SPLINE_CURVE_WITH_KNOTS('',1,(#2138,#2139),.UNSPECIFIED.,.F.,
  .F.,(2,2),(-0.995164994275,0.),.PIECEWISE_BEZIER_KNOTS.);
#2138 = CARTESIAN_POINT('',(-0.62383477253,-2.07673593955,2.50001E-02));
#2139 = CARTESIAN_POINT('',(-0.62383477253,-1.081570945276,2.50001E-02)
  );
#2140 = ORIENTED_EDGE('',*,*,#2141,.F.);
#2141 = EDGE_CURVE('',#2121,#2135,#2142,.T.);
#2142 = B_SPLINE_CURVE_WITH_KNOTS('',1,(#2143,#2144),.UNSPECIFIED.,.F.,
  .F.,(2,2),(0.,1.247669545061),.PIECEWISE_BEZIER_KNOTS.);
#2143 = CARTESIAN_POINT('',(0.62383477253,-2.07673593955,2.50001E-02));
#2144 = CARTESIAN_POINT('',(-0.62383477253,-2.07673593955,2.50001E-02));
#2145 = FACE_BOUND('',#2146,.T.);
#2146 = EDGE_LOOP('',(#2147,#2156,#2163,#2170));
#2147 = ORIENTED_EDGE('',*,*,#2148,.F.);
#2148 = EDGE_CURVE('',#2149,#2151,#2153,.T.);
#2149 = VERTEX_POINT('',#2150);
#2150 = CARTESIAN_POINT('',(-0.62383477253,1.080570945276,2.50001E-02));
#2151 = VERTEX_POINT('',#2152);
#2152 = CARTESIAN_POINT('',(-0.62383477253,2.07573593955,2.50001E-02));
#2153 = B_SPLINE_CURVE_WITH_KNOTS('',1,(#2154,#2155),.UNSPECIFIED.,.F.,
  .F.,(2,2),(0.,0.995164994275),.PIECEWISE_BEZIER_KNOTS.);
#2154 = CARTESIAN_POINT('',(-0.62383477253,1.080570945276,2.50001E-02));
#2155 = CARTESIAN_POINT('',(-0.62383477253,2.07573593955,2.50001E-02));
#2156 = ORIENTED_EDGE('',*,*,#2157,.F.);
#2157 = EDGE_CURVE('',#2158,#2149,#2160,.T.);
#2158 = VERTEX_POINT('',#2159);
#2159 = CARTESIAN_POINT('',(0.62383477253,1.080570945276,2.50001E-02));
#2160 = B_SPLINE_CURVE_WITH_KNOTS('',1,(#2161,#2162),.UNSPECIFIED.,.F.,
  .F.,(2,2),(0.,1.247669545061),.PIECEWISE_BEZIER_KNOTS.);
#2161 = CARTESIAN_POINT('',(0.62383477253,1.080570945276,2.50001E-02));
#2162 = CARTESIAN_POINT('',(-0.62383477253,1.080570945276,2.50001E-02));
#2163 = ORIENTED_EDGE('',*,*,#2164,.F.);
#2164 = EDGE_CURVE('',#2165,#2158,#2167,.T.);
#2165 = VERTEX_POINT('',#2166);
#2166 = CARTESIAN_POINT('',(0.62383477253,2.07573593955,2.50001E-02));
#2167 = B_SPLINE_CURVE_WITH_KNOTS('',1,(#2168,#2169),.UNSPECIFIED.,.F.,
  .F.,(2,2),(-0.995164994275,-0.),.PIECEWISE_BEZIER_KNOTS.);
#2168 = CARTESIAN_POINT('',(0.62383477253,2.07573593955,2.50001E-02));
#2169 = CARTESIAN_POINT('',(0.62383477253,1.080570945276,2.50001E-02));
#2170 = ORIENTED_EDGE('',*,*,#2171,.F.);
#2171 = EDGE_CURVE('',#2151,#2165,#2172,.T.);
#2172 = B_SPLINE_CURVE_WITH_KNOTS('',1,(#2173,#2174),.UNSPECIFIED.,.F.,
  .F.,(2,2),(-1.247669545061,0.),.PIECEWISE_BEZIER_KNOTS.);
#2173 = CARTESIAN_POINT('',(-0.62383477253,2.07573593955,2.50001E-02));
#2174 = CARTESIAN_POINT('',(0.62383477253,2.07573593955,2.50001E-02));
#2175 = FACE_BOUND('',#2176,.T.);
#2176 = EDGE_LOOP('',(#2177,#2185));
#2177 = ORIENTED_EDGE('',*,*,#2178,.F.);
#2178 = EDGE_CURVE('',#24,#31,#2179,.T.);
#2179 = ( BOUNDED_CURVE() B_SPLINE_CURVE(2,(#2180,#2181,#2182,#2183,
#2184),.UNSPECIFIED.,.F.,.F.) B_SPLINE_CURVE_WITH_KNOTS((3,2,3),(0.,
1.570796326795,3.14159265359),.PIECEWISE_BEZIER_KNOTS.) CURVE() 
GEOMETRIC_REPRESENTATION_ITEM() RATIONAL_B_SPLINE_CURVE((1.,
0.707106781187,1.,0.707106781187,1.)) REPRESENTATION_ITEM('') );
#2180 = CARTESIAN_POINT('',(-0.675,-4.999999999997E-04,2.50001E-02));
#2181 = CARTESIAN_POINT('',(-0.675,0.6745,2.50001E-02));
#2182 = CARTESIAN_POINT('',(-4.133182947122E-17,0.6745,2.50001E-02));
#2183 = CARTESIAN_POINT('',(0.675,0.6745,2.50001E-02));
#2184 = CARTESIAN_POINT('',(0.675,-4.999999999996E-04,2.50001E-02));
#2185 = ORIENTED_EDGE('',*,*,#30,.F.);
#2186 = FACE_BOUND('',#2187,.T.);
#2187 = EDGE_LOOP('',(#2188,#2189,#2195,#2196,#2202,#2203,#2210,#2218,
    #2225,#2233,#2240,#2245,#2246,#2253,#2261,#2268,#2276,#2281,#2282,
    #2289,#2296,#2304,#2311,#2319,#2324,#2325,#2331,#2332,#2338,#2339,
    #2346,#2354,#2361,#2367,#2368,#2373,#2374,#2381,#2389,#2396,#2404,
    #2409,#2410,#2415,#2416,#2424,#2431,#2439));
#2188 = ORIENTED_EDGE('',*,*,#2016,.F.);
#2189 = ORIENTED_EDGE('',*,*,#2190,.T.);
#2190 = EDGE_CURVE('',#2010,#743,#2191,.T.);
#2191 = ( BOUNDED_CURVE() B_SPLINE_CURVE(2,(#2192,#2193,#2194),
.UNSPECIFIED.,.F.,.F.) B_SPLINE_CURVE_WITH_KNOTS((3,3),(0.,
1.570796326795),.PIECEWISE_BEZIER_KNOTS.) CURVE() 
GEOMETRIC_REPRESENTATION_ITEM() RATIONAL_B_SPLINE_CURVE((1.,
0.707106781187,1.)) REPRESENTATION_ITEM('') );
#2192 = CARTESIAN_POINT('',(-2.5,2.4495,2.50001E-02));
#2193 = CARTESIAN_POINT('',(-2.5,2.4995,2.50001E-02));
#2194 = CARTESIAN_POINT('',(-2.45,2.4995,2.50001E-02));
#2195 = ORIENTED_EDGE('',*,*,#740,.F.);
#2196 = ORIENTED_EDGE('',*,*,#2197,.T.);
#2197 = EDGE_CURVE('',#741,#1737,#2198,.T.);
#2198 = ( BOUNDED_CURVE() B_SPLINE_CURVE(2,(#2199,#2200,#2201),
.UNSPECIFIED.,.F.,.F.) B_SPLINE_CURVE_WITH_KNOTS((3,3),(1.570796326795,
3.14159265359),.PIECEWISE_BEZIER_KNOTS.) CURVE() 
GEOMETRIC_REPRESENTATION_ITEM() RATIONAL_B_SPLINE_CURVE((1.,
0.707106781187,1.)) REPRESENTATION_ITEM('') );
#2199 = CARTESIAN_POINT('',(2.45,2.4995,2.50001E-02));
#2200 = CARTESIAN_POINT('',(2.5,2.4995,2.50001E-02));
#2201 = CARTESIAN_POINT('',(2.5,2.4495,2.50001E-02));
#2202 = ORIENTED_EDGE('',*,*,#1736,.F.);
#2203 = ORIENTED_EDGE('',*,*,#2204,.F.);
#2204 = EDGE_CURVE('',#2205,#1730,#2207,.T.);
#2205 = VERTEX_POINT('',#2206);
#2206 = CARTESIAN_POINT('',(1.2,2.1995,2.50001E-02));
#2207 = B_SPLINE_CURVE_WITH_KNOTS('',1,(#2208,#2209),.UNSPECIFIED.,.F.,
  .F.,(2,2),(-1.3,0.),.PIECEWISE_BEZIER_KNOTS.);
#2208 = CARTESIAN_POINT('',(1.2,2.1995,2.50001E-02));
#2209 = CARTESIAN_POINT('',(2.5,2.1995,2.50001E-02));
#2210 = ORIENTED_EDGE('',*,*,#2211,.F.);
#2211 = EDGE_CURVE('',#2212,#2205,#2214,.T.);
#2212 = VERTEX_POINT('',#2213);
#2213 = CARTESIAN_POINT('',(1.1,2.0995,2.50001E-02));
#2214 = ( BOUNDED_CURVE() B_SPLINE_CURVE(2,(#2215,#2216,#2217),
.UNSPECIFIED.,.F.,.F.) B_SPLINE_CURVE_WITH_KNOTS((3,3),(0.,
1.570796326795),.PIECEWISE_BEZIER_KNOTS.) CURVE() 
GEOMETRIC_REPRESENTATION_ITEM() RATIONAL_B_SPLINE_CURVE((1.,
0.707106781187,1.)) REPRESENTATION_ITEM('') );
#2215 = CARTESIAN_POINT('',(1.1,2.0995,2.50001E-02));
#2216 = CARTESIAN_POINT('',(1.1,2.1995,2.50001E-02));
#2217 = CARTESIAN_POINT('',(1.2,2.1995,2.50001E-02));
#2218 = ORIENTED_EDGE('',*,*,#2219,.F.);
#2219 = EDGE_CURVE('',#2220,#2212,#2222,.T.);
#2220 = VERTEX_POINT('',#2221);
#2221 = CARTESIAN_POINT('',(1.1,1.0995,2.50001E-02));
#2222 = B_SPLINE_CURVE_WITH_KNOTS('',1,(#2223,#2224),.UNSPECIFIED.,.F.,
  .F.,(2,2),(-1.,0.),.PIECEWISE_BEZIER_KNOTS.);
#2223 = CARTESIAN_POINT('',(1.1,1.0995,2.50001E-02));
#2224 = CARTESIAN_POINT('',(1.1,2.0995,2.50001E-02));
#2225 = ORIENTED_EDGE('',*,*,#2226,.F.);
#2226 = EDGE_CURVE('',#2227,#2220,#2229,.T.);
#2227 = VERTEX_POINT('',#2228);
#2228 = CARTESIAN_POINT('',(1.2,0.9995,2.50001E-02));
#2229 = ( BOUNDED_CURVE() B_SPLINE_CURVE(2,(#2230,#2231,#2232),
.UNSPECIFIED.,.F.,.F.) B_SPLINE_CURVE_WITH_KNOTS((3,3),(1.570796326795,
3.14159265359),.PIECEWISE_BEZIER_KNOTS.) CURVE() 
GEOMETRIC_REPRESENTATION_ITEM() RATIONAL_B_SPLINE_CURVE((1.,
0.707106781187,1.)) REPRESENTATION_ITEM('') );
#2230 = CARTESIAN_POINT('',(1.2,0.9995,2.50001E-02));
#2231 = CARTESIAN_POINT('',(1.1,0.9995,2.50001E-02));
#2232 = CARTESIAN_POINT('',(1.1,1.0995,2.50001E-02));
#2233 = ORIENTED_EDGE('',*,*,#2234,.F.);
#2234 = EDGE_CURVE('',#2235,#2227,#2237,.T.);
#2235 = VERTEX_POINT('',#2236);
#2236 = CARTESIAN_POINT('',(1.3,0.9995,2.50001E-02));
#2237 = B_SPLINE_CURVE_WITH_KNOTS('',1,(#2238,#2239),.UNSPECIFIED.,.F.,
  .F.,(2,2),(1.2,1.3),.PIECEWISE_BEZIER_KNOTS.);
#2238 = CARTESIAN_POINT('',(1.3,0.9995,2.50001E-02));
#2239 = CARTESIAN_POINT('',(1.2,0.9995,2.50001E-02));
#2240 = ORIENTED_EDGE('',*,*,#2241,.F.);
#2241 = EDGE_CURVE('',#1702,#2235,#2242,.T.);
#2242 = B_SPLINE_CURVE_WITH_KNOTS('',1,(#2243,#2244),.UNSPECIFIED.,.F.,
  .F.,(2,2),(1.7763568394E-15,1.2),.PIECEWISE_BEZIER_KNOTS.);
#2243 = CARTESIAN_POINT('',(2.5,0.9995,2.50001E-02));
#2244 = CARTESIAN_POINT('',(1.3,0.9995,2.50001E-02));
#2245 = ORIENTED_EDGE('',*,*,#1701,.F.);
#2246 = ORIENTED_EDGE('',*,*,#2247,.F.);
#2247 = EDGE_CURVE('',#2248,#1695,#2250,.T.);
#2248 = VERTEX_POINT('',#2249);
#2249 = CARTESIAN_POINT('',(1.2,0.5995,2.50001E-02));
#2250 = B_SPLINE_CURVE_WITH_KNOTS('',1,(#2251,#2252),.UNSPECIFIED.,.F.,
  .F.,(2,2),(-1.3,0.),.PIECEWISE_BEZIER_KNOTS.);
#2251 = CARTESIAN_POINT('',(1.2,0.5995,2.50001E-02));
#2252 = CARTESIAN_POINT('',(2.5,0.5995,2.50001E-02));
#2253 = ORIENTED_EDGE('',*,*,#2254,.F.);
#2254 = EDGE_CURVE('',#2255,#2248,#2257,.T.);
#2255 = VERTEX_POINT('',#2256);
#2256 = CARTESIAN_POINT('',(1.1,0.4995,2.50001E-02));
#2257 = ( BOUNDED_CURVE() B_SPLINE_CURVE(2,(#2258,#2259,#2260),
.UNSPECIFIED.,.F.,.F.) B_SPLINE_CURVE_WITH_KNOTS((3,3),(0.,
1.570796326795),.PIECEWISE_BEZIER_KNOTS.) CURVE() 
GEOMETRIC_REPRESENTATION_ITEM() RATIONAL_B_SPLINE_CURVE((1.,
0.707106781187,1.)) REPRESENTATION_ITEM('') );
#2258 = CARTESIAN_POINT('',(1.1,0.4995,2.50001E-02));
#2259 = CARTESIAN_POINT('',(1.1,0.5995,2.50001E-02));
#2260 = CARTESIAN_POINT('',(1.2,0.5995,2.50001E-02));
#2261 = ORIENTED_EDGE('',*,*,#2262,.F.);
#2262 = EDGE_CURVE('',#2263,#2255,#2265,.T.);
#2263 = VERTEX_POINT('',#2264);
#2264 = CARTESIAN_POINT('',(1.1,-0.5005,2.50001E-02));
#2265 = B_SPLINE_CURVE_WITH_KNOTS('',1,(#2266,#2267),.UNSPECIFIED.,.F.,
  .F.,(2,2),(-1.,0.),.PIECEWISE_BEZIER_KNOTS.);
#2266 = CARTESIAN_POINT('',(1.1,-0.5005,2.50001E-02));
#2267 = CARTESIAN_POINT('',(1.1,0.4995,2.50001E-02));
#2268 = ORIENTED_EDGE('',*,*,#2269,.F.);
#2269 = EDGE_CURVE('',#2270,#2263,#2272,.T.);
#2270 = VERTEX_POINT('',#2271);
#2271 = CARTESIAN_POINT('',(1.2,-0.6005,2.50001E-02));
#2272 = ( BOUNDED_CURVE() B_SPLINE_CURVE(2,(#2273,#2274,#2275),
.UNSPECIFIED.,.F.,.F.) B_SPLINE_CURVE_WITH_KNOTS((3,3),(1.570796326795,
3.14159265359),.PIECEWISE_BEZIER_KNOTS.) CURVE() 
GEOMETRIC_REPRESENTATION_ITEM() RATIONAL_B_SPLINE_CURVE((1.,
0.707106781187,1.)) REPRESENTATION_ITEM('') );
#2273 = CARTESIAN_POINT('',(1.2,-0.6005,2.50001E-02));
#2274 = CARTESIAN_POINT('',(1.1,-0.6005,2.50001E-02));
#2275 = CARTESIAN_POINT('',(1.1,-0.5005,2.50001E-02));
#2276 = ORIENTED_EDGE('',*,*,#2277,.F.);
#2277 = EDGE_CURVE('',#1674,#2270,#2278,.T.);
#2278 = B_SPLINE_CURVE_WITH_KNOTS('',1,(#2279,#2280),.UNSPECIFIED.,.F.,
  .F.,(2,2),(0.,1.3),.PIECEWISE_BEZIER_KNOTS.);
#2279 = CARTESIAN_POINT('',(2.5,-0.6005,2.50001E-02));
#2280 = CARTESIAN_POINT('',(1.2,-0.6005,2.50001E-02));
#2281 = ORIENTED_EDGE('',*,*,#1673,.F.);
#2282 = ORIENTED_EDGE('',*,*,#2283,.F.);
#2283 = EDGE_CURVE('',#2284,#1667,#2286,.T.);
#2284 = VERTEX_POINT('',#2285);
#2285 = CARTESIAN_POINT('',(1.3,-1.0005,2.50001E-02));
#2286 = B_SPLINE_CURVE_WITH_KNOTS('',1,(#2287,#2288),.UNSPECIFIED.,.F.,
  .F.,(2,2),(-1.2,-1.7763568394E-15),.PIECEWISE_BEZIER_KNOTS.);
#2287 = CARTESIAN_POINT('',(1.3,-1.0005,2.50001E-02));
#2288 = CARTESIAN_POINT('',(2.5,-1.0005,2.50001E-02));
#2289 = ORIENTED_EDGE('',*,*,#2290,.F.);
#2290 = EDGE_CURVE('',#2291,#2284,#2293,.T.);
#2291 = VERTEX_POINT('',#2292);
#2292 = CARTESIAN_POINT('',(1.2,-1.0005,2.50001E-02));
#2293 = B_SPLINE_CURVE_WITH_KNOTS('',1,(#2294,#2295),.UNSPECIFIED.,.F.,
  .F.,(2,2),(-1.3,-1.2),.PIECEWISE_BEZIER_KNOTS.);
#2294 = CARTESIAN_POINT('',(1.2,-1.0005,2.50001E-02));
#2295 = CARTESIAN_POINT('',(1.3,-1.0005,2.50001E-02));
#2296 = ORIENTED_EDGE('',*,*,#2297,.F.);
#2297 = EDGE_CURVE('',#2298,#2291,#2300,.T.);
#2298 = VERTEX_POINT('',#2299);
#2299 = CARTESIAN_POINT('',(1.1,-1.1005,2.50001E-02));
#2300 = ( BOUNDED_CURVE() B_SPLINE_CURVE(2,(#2301,#2302,#2303),
.UNSPECIFIED.,.F.,.F.) B_SPLINE_CURVE_WITH_KNOTS((3,3),(0.,
1.570796326795),.PIECEWISE_BEZIER_KNOTS.) CURVE() 
GEOMETRIC_REPRESENTATION_ITEM() RATIONAL_B_SPLINE_CURVE((1.,
0.707106781187,1.)) REPRESENTATION_ITEM('') );
#2301 = CARTESIAN_POINT('',(1.1,-1.1005,2.50001E-02));
#2302 = CARTESIAN_POINT('',(1.1,-1.0005,2.50001E-02));
#2303 = CARTESIAN_POINT('',(1.2,-1.0005,2.50001E-02));
#2304 = ORIENTED_EDGE('',*,*,#2305,.F.);
#2305 = EDGE_CURVE('',#2306,#2298,#2308,.T.);
#2306 = VERTEX_POINT('',#2307);
#2307 = CARTESIAN_POINT('',(1.1,-2.1005,2.50001E-02));
#2308 = B_SPLINE_CURVE_WITH_KNOTS('',1,(#2309,#2310),.UNSPECIFIED.,.F.,
  .F.,(2,2),(-1.,0.),.PIECEWISE_BEZIER_KNOTS.);
#2309 = CARTESIAN_POINT('',(1.1,-2.1005,2.50001E-02));
#2310 = CARTESIAN_POINT('',(1.1,-1.1005,2.50001E-02));
#2311 = ORIENTED_EDGE('',*,*,#2312,.F.);
#2312 = EDGE_CURVE('',#2313,#2306,#2315,.T.);
#2313 = VERTEX_POINT('',#2314);
#2314 = CARTESIAN_POINT('',(1.2,-2.2005,2.50001E-02));
#2315 = ( BOUNDED_CURVE() B_SPLINE_CURVE(2,(#2316,#2317,#2318),
.UNSPECIFIED.,.F.,.F.) B_SPLINE_CURVE_WITH_KNOTS((3,3),(1.570796326795,
3.14159265359),.PIECEWISE_BEZIER_KNOTS.) CURVE() 
GEOMETRIC_REPRESENTATION_ITEM() RATIONAL_B_SPLINE_CURVE((1.,
0.707106781187,1.)) REPRESENTATION_ITEM('') );
#2316 = CARTESIAN_POINT('',(1.2,-2.2005,2.50001E-02));
#2317 = CARTESIAN_POINT('',(1.1,-2.2005,2.50001E-02));
#2318 = CARTESIAN_POINT('',(1.1,-2.1005,2.50001E-02));
#2319 = ORIENTED_EDGE('',*,*,#2320,.F.);
#2320 = EDGE_CURVE('',#1639,#2313,#2321,.T.);
#2321 = B_SPLINE_CURVE_WITH_KNOTS('',1,(#2322,#2323),.UNSPECIFIED.,.F.,
  .F.,(2,2),(0.,1.3),.PIECEWISE_BEZIER_KNOTS.);
#2322 = CARTESIAN_POINT('',(2.5,-2.2005,2.50001E-02));
#2323 = CARTESIAN_POINT('',(1.2,-2.2005,2.50001E-02));
#2324 = ORIENTED_EDGE('',*,*,#1638,.F.);
#2325 = ORIENTED_EDGE('',*,*,#2326,.T.);
#2326 = EDGE_CURVE('',#1632,#1877,#2327,.T.);
#2327 = ( BOUNDED_CURVE() B_SPLINE_CURVE(2,(#2328,#2329,#2330),
.UNSPECIFIED.,.F.,.F.) B_SPLINE_CURVE_WITH_KNOTS((3,3),(3.14159265359,
4.712388980385),.PIECEWISE_BEZIER_KNOTS.) CURVE() 
GEOMETRIC_REPRESENTATION_ITEM() RATIONAL_B_SPLINE_CURVE((1.,
0.707106781187,1.)) REPRESENTATION_ITEM('') );
#2328 = CARTESIAN_POINT('',(2.5,-2.4505,2.50001E-02));
#2329 = CARTESIAN_POINT('',(2.5,-2.5005,2.50001E-02));
#2330 = CARTESIAN_POINT('',(2.45,-2.5005,2.50001E-02));
#2331 = ORIENTED_EDGE('',*,*,#1876,.F.);
#2332 = ORIENTED_EDGE('',*,*,#2333,.T.);
#2333 = EDGE_CURVE('',#1870,#2099,#2334,.T.);
#2334 = ( BOUNDED_CURVE() B_SPLINE_CURVE(2,(#2335,#2336,#2337),
.UNSPECIFIED.,.F.,.F.) B_SPLINE_CURVE_WITH_KNOTS((3,3),(4.712388980385,
6.28318530718),.PIECEWISE_BEZIER_KNOTS.) CURVE() 
GEOMETRIC_REPRESENTATION_ITEM() RATIONAL_B_SPLINE_CURVE((1.,
0.707106781187,1.)) REPRESENTATION_ITEM('') );
#2335 = CARTESIAN_POINT('',(-2.45,-2.5005,2.50001E-02));
#2336 = CARTESIAN_POINT('',(-2.5,-2.5005,2.50001E-02));
#2337 = CARTESIAN_POINT('',(-2.5,-2.4505,2.50001E-02));
#2338 = ORIENTED_EDGE('',*,*,#2098,.F.);
#2339 = ORIENTED_EDGE('',*,*,#2340,.F.);
#2340 = EDGE_CURVE('',#2341,#2092,#2343,.T.);
#2341 = VERTEX_POINT('',#2342);
#2342 = CARTESIAN_POINT('',(-1.2,-2.2005,2.50001E-02));
#2343 = B_SPLINE_CURVE_WITH_KNOTS('',1,(#2344,#2345),.UNSPECIFIED.,.F.,
  .F.,(2,2),(-1.3,-0.),.PIECEWISE_BEZIER_KNOTS.);
#2344 = CARTESIAN_POINT('',(-1.2,-2.2005,2.50001E-02));
#2345 = CARTESIAN_POINT('',(-2.5,-2.2005,2.50001E-02));
#2346 = ORIENTED_EDGE('',*,*,#2347,.F.);
#2347 = EDGE_CURVE('',#2348,#2341,#2350,.T.);
#2348 = VERTEX_POINT('',#2349);
#2349 = CARTESIAN_POINT('',(-1.1,-2.1005,2.50001E-02));
#2350 = ( BOUNDED_CURVE() B_SPLINE_CURVE(2,(#2351,#2352,#2353),
.UNSPECIFIED.,.F.,.F.) B_SPLINE_CURVE_WITH_KNOTS((3,3),(3.14159265359,
4.712388980385),.PIECEWISE_BEZIER_KNOTS.) CURVE() 
GEOMETRIC_REPRESENTATION_ITEM() RATIONAL_B_SPLINE_CURVE((1.,
0.707106781187,1.)) REPRESENTATION_ITEM('') );
#2351 = CARTESIAN_POINT('',(-1.1,-2.1005,2.50001E-02));
#2352 = CARTESIAN_POINT('',(-1.1,-2.2005,2.50001E-02));
#2353 = CARTESIAN_POINT('',(-1.2,-2.2005,2.50001E-02));
#2354 = ORIENTED_EDGE('',*,*,#2355,.F.);
#2355 = EDGE_CURVE('',#2356,#2348,#2358,.T.);
#2356 = VERTEX_POINT('',#2357);
#2357 = CARTESIAN_POINT('',(-1.1,-1.1005,2.50001E-02));
#2358 = B_SPLINE_CURVE_WITH_KNOTS('',1,(#2359,#2360),.UNSPECIFIED.,.F.,
  .F.,(2,2),(0.,1.),.PIECEWISE_BEZIER_KNOTS.);
#2359 = CARTESIAN_POINT('',(-1.1,-1.1005,2.50001E-02));
#2360 = CARTESIAN_POINT('',(-1.1,-2.1005,2.50001E-02));
#2361 = ORIENTED_EDGE('',*,*,#2362,.F.);
#2362 = EDGE_CURVE('',#1539,#2356,#2363,.T.);
#2363 = ( BOUNDED_CURVE() B_SPLINE_CURVE(2,(#2364,#2365,#2366),
.UNSPECIFIED.,.F.,.F.) B_SPLINE_CURVE_WITH_KNOTS((3,3),(4.712388980385,
6.28318530718),.PIECEWISE_BEZIER_KNOTS.) CURVE() 
GEOMETRIC_REPRESENTATION_ITEM() RATIONAL_B_SPLINE_CURVE((1.,
0.707106781187,1.)) REPRESENTATION_ITEM('') );
#2364 = CARTESIAN_POINT('',(-1.2,-1.0005,2.50001E-02));
#2365 = CARTESIAN_POINT('',(-1.1,-1.0005,2.50001E-02));
#2366 = CARTESIAN_POINT('',(-1.1,-1.1005,2.50001E-02));
#2367 = ORIENTED_EDGE('',*,*,#1538,.F.);
#2368 = ORIENTED_EDGE('',*,*,#2369,.F.);
#2369 = EDGE_CURVE('',#2072,#1532,#2370,.T.);
#2370 = B_SPLINE_CURVE_WITH_KNOTS('',1,(#2371,#2372),.UNSPECIFIED.,.F.,
  .F.,(2,2),(0.,1.2),.PIECEWISE_BEZIER_KNOTS.);
#2371 = CARTESIAN_POINT('',(-2.5,-1.0005,2.50001E-02));
#2372 = CARTESIAN_POINT('',(-1.3,-1.0005,2.50001E-02));
#2373 = ORIENTED_EDGE('',*,*,#2071,.F.);
#2374 = ORIENTED_EDGE('',*,*,#2375,.F.);
#2375 = EDGE_CURVE('',#2376,#2065,#2378,.T.);
#2376 = VERTEX_POINT('',#2377);
#2377 = CARTESIAN_POINT('',(-1.2,-0.6005,2.50001E-02));
#2378 = B_SPLINE_CURVE_WITH_KNOTS('',1,(#2379,#2380),.UNSPECIFIED.,.F.,
  .F.,(2,2),(-1.3,-0.),.PIECEWISE_BEZIER_KNOTS.);
#2379 = CARTESIAN_POINT('',(-1.2,-0.6005,2.50001E-02));
#2380 = CARTESIAN_POINT('',(-2.5,-0.6005,2.50001E-02));
#2381 = ORIENTED_EDGE('',*,*,#2382,.F.);
#2382 = EDGE_CURVE('',#2383,#2376,#2385,.T.);
#2383 = VERTEX_POINT('',#2384);
#2384 = CARTESIAN_POINT('',(-1.1,-0.5005,2.50001E-02));
#2385 = ( BOUNDED_CURVE() B_SPLINE_CURVE(2,(#2386,#2387,#2388),
.UNSPECIFIED.,.F.,.F.) B_SPLINE_CURVE_WITH_KNOTS((3,3),(3.14159265359,
4.712388980385),.PIECEWISE_BEZIER_KNOTS.) CURVE() 
GEOMETRIC_REPRESENTATION_ITEM() RATIONAL_B_SPLINE_CURVE((1.,
0.707106781187,1.)) REPRESENTATION_ITEM('') );
#2386 = CARTESIAN_POINT('',(-1.1,-0.5005,2.50001E-02));
#2387 = CARTESIAN_POINT('',(-1.1,-0.6005,2.50001E-02));
#2388 = CARTESIAN_POINT('',(-1.2,-0.6005,2.50001E-02));
#2389 = ORIENTED_EDGE('',*,*,#2390,.F.);
#2390 = EDGE_CURVE('',#2391,#2383,#2393,.T.);
#2391 = VERTEX_POINT('',#2392);
#2392 = CARTESIAN_POINT('',(-1.1,0.4995,2.50001E-02));
#2393 = B_SPLINE_CURVE_WITH_KNOTS('',1,(#2394,#2395),.UNSPECIFIED.,.F.,
  .F.,(2,2),(0.,1.),.PIECEWISE_BEZIER_KNOTS.);
#2394 = CARTESIAN_POINT('',(-1.1,0.4995,2.50001E-02));
#2395 = CARTESIAN_POINT('',(-1.1,-0.5005,2.50001E-02));
#2396 = ORIENTED_EDGE('',*,*,#2397,.F.);
#2397 = EDGE_CURVE('',#2398,#2391,#2400,.T.);
#2398 = VERTEX_POINT('',#2399);
#2399 = CARTESIAN_POINT('',(-1.2,0.5995,2.50001E-02));
#2400 = ( BOUNDED_CURVE() B_SPLINE_CURVE(2,(#2401,#2402,#2403),
.UNSPECIFIED.,.F.,.F.) B_SPLINE_CURVE_WITH_KNOTS((3,3),(4.712388980385,
6.28318530718),.PIECEWISE_BEZIER_KNOTS.) CURVE() 
GEOMETRIC_REPRESENTATION_ITEM() RATIONAL_B_SPLINE_CURVE((1.,
0.707106781187,1.)) REPRESENTATION_ITEM('') );
#2401 = CARTESIAN_POINT('',(-1.2,0.5995,2.50001E-02));
#2402 = CARTESIAN_POINT('',(-1.1,0.5995,2.50001E-02));
#2403 = CARTESIAN_POINT('',(-1.1,0.4995,2.50001E-02));
#2404 = ORIENTED_EDGE('',*,*,#2405,.F.);
#2405 = EDGE_CURVE('',#2044,#2398,#2406,.T.);
#2406 = B_SPLINE_CURVE_WITH_KNOTS('',1,(#2407,#2408),.UNSPECIFIED.,.F.,
  .F.,(2,2),(0.,1.3),.PIECEWISE_BEZIER_KNOTS.);
#2407 = CARTESIAN_POINT('',(-2.5,0.5995,2.50001E-02));
#2408 = CARTESIAN_POINT('',(-1.2,0.5995,2.50001E-02));
#2409 = ORIENTED_EDGE('',*,*,#2043,.F.);
#2410 = ORIENTED_EDGE('',*,*,#2411,.F.);
#2411 = EDGE_CURVE('',#1603,#2037,#2412,.T.);
#2412 = B_SPLINE_CURVE_WITH_KNOTS('',1,(#2413,#2414),.UNSPECIFIED.,.F.,
  .F.,(2,2),(-1.2,0.),.PIECEWISE_BEZIER_KNOTS.);
#2413 = CARTESIAN_POINT('',(-1.3,0.9995,2.50001E-02));
#2414 = CARTESIAN_POINT('',(-2.5,0.9995,2.50001E-02));
#2415 = ORIENTED_EDGE('',*,*,#1602,.F.);
#2416 = ORIENTED_EDGE('',*,*,#2417,.F.);
#2417 = EDGE_CURVE('',#2418,#1596,#2420,.T.);
#2418 = VERTEX_POINT('',#2419);
#2419 = CARTESIAN_POINT('',(-1.1,1.0995,2.50001E-02));
#2420 = ( BOUNDED_CURVE() B_SPLINE_CURVE(2,(#2421,#2422,#2423),
.UNSPECIFIED.,.F.,.F.) B_SPLINE_CURVE_WITH_KNOTS((3,3),(3.14159265359,
4.712388980385),.PIECEWISE_BEZIER_KNOTS.) CURVE() 
GEOMETRIC_REPRESENTATION_ITEM() RATIONAL_B_SPLINE_CURVE((1.,
0.707106781187,1.)) REPRESENTATION_ITEM('') );
#2421 = CARTESIAN_POINT('',(-1.1,1.0995,2.50001E-02));
#2422 = CARTESIAN_POINT('',(-1.1,0.9995,2.50001E-02));
#2423 = CARTESIAN_POINT('',(-1.2,0.9995,2.50001E-02));
#2424 = ORIENTED_EDGE('',*,*,#2425,.F.);
#2425 = EDGE_CURVE('',#2426,#2418,#2428,.T.);
#2426 = VERTEX_POINT('',#2427);
#2427 = CARTESIAN_POINT('',(-1.1,2.0995,2.50001E-02));
#2428 = B_SPLINE_CURVE_WITH_KNOTS('',1,(#2429,#2430),.UNSPECIFIED.,.F.,
  .F.,(2,2),(0.,1.),.PIECEWISE_BEZIER_KNOTS.);
#2429 = CARTESIAN_POINT('',(-1.1,2.0995,2.50001E-02));
#2430 = CARTESIAN_POINT('',(-1.1,1.0995,2.50001E-02));
#2431 = ORIENTED_EDGE('',*,*,#2432,.F.);
#2432 = EDGE_CURVE('',#2433,#2426,#2435,.T.);
#2433 = VERTEX_POINT('',#2434);
#2434 = CARTESIAN_POINT('',(-1.2,2.1995,2.50001E-02));
#2435 = ( BOUNDED_CURVE() B_SPLINE_CURVE(2,(#2436,#2437,#2438),
.UNSPECIFIED.,.F.,.F.) B_SPLINE_CURVE_WITH_KNOTS((3,3),(4.712388980385,
6.28318530718),.PIECEWISE_BEZIER_KNOTS.) CURVE() 
GEOMETRIC_REPRESENTATION_ITEM() RATIONAL_B_SPLINE_CURVE((1.,
0.707106781187,1.)) REPRESENTATION_ITEM('') );
#2436 = CARTESIAN_POINT('',(-1.2,2.1995,2.50001E-02));
#2437 = CARTESIAN_POINT('',(-1.1,2.1995,2.50001E-02));
#2438 = CARTESIAN_POINT('',(-1.1,2.0995,2.50001E-02));
#2439 = ORIENTED_EDGE('',*,*,#2440,.F.);
#2440 = EDGE_CURVE('',#2017,#2433,#2441,.T.);
#2441 = B_SPLINE_CURVE_WITH_KNOTS('',1,(#2442,#2443),.UNSPECIFIED.,.F.,
  .F.,(2,2),(1.481484572606E-31,1.3),.PIECEWISE_BEZIER_KNOTS.);
#2442 = CARTESIAN_POINT('',(-2.5,2.1995,2.50001E-02));
#2443 = CARTESIAN_POINT('',(-1.2,2.1995,2.50001E-02));
#2444 = B_SPLINE_SURFACE_WITH_KNOTS('',1,1,(
    (#2445,#2446)
    ,(#2447,#2448
    )),.UNSPECIFIED.,.F.,.F.,.F.,(2,2),(2,2),(-2.5,2.5),(-2.5,2.5),
  .PIECEWISE_BEZIER_KNOTS.);
#2445 = CARTESIAN_POINT('',(2.5,-2.5005,2.50001E-02));
#2446 = CARTESIAN_POINT('',(2.5,2.4995,2.50001E-02));
#2447 = CARTESIAN_POINT('',(-2.5,-2.5005,2.50001E-02));
#2448 = CARTESIAN_POINT('',(-2.5,2.4995,2.50001E-02));
#2449 = ADVANCED_FACE('',(#2450,#2461),#2490,.F.);
#2450 = FACE_BOUND('',#2451,.T.);
#2451 = EDGE_LOOP('',(#2452,#2460));
#2452 = ORIENTED_EDGE('',*,*,#2453,.F.);
#2453 = EDGE_CURVE('',#72,#79,#2454,.T.);
#2454 = ( BOUNDED_CURVE() B_SPLINE_CURVE(2,(#2455,#2456,#2457,#2458,
#2459),.UNSPECIFIED.,.F.,.F.) B_SPLINE_CURVE_WITH_KNOTS((3,2,3),(0.,
1.570796326795,3.14159265359),.PIECEWISE_BEZIER_KNOTS.) CURVE() 
GEOMETRIC_REPRESENTATION_ITEM() RATIONAL_B_SPLINE_CURVE((1.,
0.707106781187,1.,0.707106781187,1.)) REPRESENTATION_ITEM('') );
#2455 = CARTESIAN_POINT('',(2.,-4.999999999997E-04,1.6250001));
#2456 = CARTESIAN_POINT('',(2.,1.9995,1.6250001));
#2457 = CARTESIAN_POINT('',(1.224646799147E-16,1.9995,1.6250001));
#2458 = CARTESIAN_POINT('',(-2.,1.9995,1.6250001));
#2459 = CARTESIAN_POINT('',(-2.,-4.999999999995E-04,1.6250001));
#2460 = ORIENTED_EDGE('',*,*,#78,.F.);
#2461 = FACE_BOUND('',#2462,.T.);
#2462 = EDGE_LOOP('',(#2463,#2464,#2470,#2471,#2477,#2478,#2483,#2484));
#2463 = ORIENTED_EDGE('',*,*,#756,.T.);
#2464 = ORIENTED_EDGE('',*,*,#2465,.T.);
#2465 = EDGE_CURVE('',#750,#2001,#2466,.T.);
#2466 = ( BOUNDED_CURVE() B_SPLINE_CURVE(2,(#2467,#2468,#2469),
.UNSPECIFIED.,.F.,.F.) B_SPLINE_CURVE_WITH_KNOTS((3,3),(4.712388980385,
6.28318530718),.PIECEWISE_BEZIER_KNOTS.) CURVE() 
GEOMETRIC_REPRESENTATION_ITEM() RATIONAL_B_SPLINE_CURVE((1.,
0.707106781187,1.)) REPRESENTATION_ITEM('') );
#2467 = CARTESIAN_POINT('',(-2.45,2.4995,1.6250001));
#2468 = CARTESIAN_POINT('',(-2.5,2.4995,1.6250001));
#2469 = CARTESIAN_POINT('',(-2.5,2.4495,1.6250001));
#2470 = ORIENTED_EDGE('',*,*,#2000,.T.);
#2471 = ORIENTED_EDGE('',*,*,#2472,.T.);
#2472 = EDGE_CURVE('',#2003,#1861,#2473,.T.);
#2473 = ( BOUNDED_CURVE() B_SPLINE_CURVE(2,(#2474,#2475,#2476),
.UNSPECIFIED.,.F.,.F.) B_SPLINE_CURVE_WITH_KNOTS((3,3),(0.,
1.570796326795),.PIECEWISE_BEZIER_KNOTS.) CURVE() 
GEOMETRIC_REPRESENTATION_ITEM() RATIONAL_B_SPLINE_CURVE((1.,
0.707106781187,1.)) REPRESENTATION_ITEM('') );
#2474 = CARTESIAN_POINT('',(-2.5,-2.4505,1.6250001));
#2475 = CARTESIAN_POINT('',(-2.5,-2.5005,1.6250001));
#2476 = CARTESIAN_POINT('',(-2.45,-2.5005,1.6250001));
#2477 = ORIENTED_EDGE('',*,*,#1860,.T.);
#2478 = ORIENTED_EDGE('',*,*,#2479,.F.);
#2479 = EDGE_CURVE('',#1751,#1863,#2480,.T.);
#2480 = B_SPLINE_CURVE_WITH_KNOTS('',1,(#2481,#2482),.UNSPECIFIED.,.F.,
  .F.,(2,2),(0.,1.414213562373),.PIECEWISE_BEZIER_KNOTS.);
#2481 = CARTESIAN_POINT('',(2.5,-1.5005,1.6250001));
#2482 = CARTESIAN_POINT('',(1.5,-2.5005,1.6250001));
#2483 = ORIENTED_EDGE('',*,*,#1750,.T.);
#2484 = ORIENTED_EDGE('',*,*,#2485,.T.);
#2485 = EDGE_CURVE('',#1744,#757,#2486,.T.);
#2486 = ( BOUNDED_CURVE() B_SPLINE_CURVE(2,(#2487,#2488,#2489),
.UNSPECIFIED.,.F.,.F.) B_SPLINE_CURVE_WITH_KNOTS((3,3),(3.14159265359,
4.712388980385),.PIECEWISE_BEZIER_KNOTS.) CURVE() 
GEOMETRIC_REPRESENTATION_ITEM() RATIONAL_B_SPLINE_CURVE((1.,
0.707106781187,1.)) REPRESENTATION_ITEM('') );
#2487 = CARTESIAN_POINT('',(2.5,2.4495,1.6250001));
#2488 = CARTESIAN_POINT('',(2.5,2.4995,1.6250001));
#2489 = CARTESIAN_POINT('',(2.45,2.4995,1.6250001));
#2490 = B_SPLINE_SURFACE_WITH_KNOTS('',1,1,(
    (#2491,#2492)
    ,(#2493,#2494
    )),.UNSPECIFIED.,.F.,.F.,.F.,(2,2),(2,2),(-2.5,2.5),(-2.5,2.5),
  .PIECEWISE_BEZIER_KNOTS.);
#2491 = CARTESIAN_POINT('',(2.5,-2.5005,1.6250001));
#2492 = CARTESIAN_POINT('',(2.5,2.4995,1.6250001));
#2493 = CARTESIAN_POINT('',(-2.5,-2.5005,1.6250001));
#2494 = CARTESIAN_POINT('',(-2.5,2.4995,1.6250001));
#2495 = ADVANCED_FACE('',(#2496),#2513,.F.);
#2496 = FACE_BOUND('',#2497,.F.);
#2497 = EDGE_LOOP('',(#2498,#2505,#2511,#2512));
#2498 = ORIENTED_EDGE('',*,*,#2499,.F.);
#2499 = EDGE_CURVE('',#2500,#2418,#2502,.T.);
#2500 = VERTEX_POINT('',#2501);
#2501 = CARTESIAN_POINT('',(-1.1,1.0995,0.1750001));
#2502 = B_SPLINE_CURVE_WITH_KNOTS('',1,(#2503,#2504),.UNSPECIFIED.,.F.,
  .F.,(2,2),(-0.,0.15),.PIECEWISE_BEZIER_KNOTS.);
#2503 = CARTESIAN_POINT('',(-1.1,1.0995,0.1750001));
#2504 = CARTESIAN_POINT('',(-1.1,1.0995,2.50001E-02));
#2505 = ORIENTED_EDGE('',*,*,#2506,.T.);
#2506 = EDGE_CURVE('',#2500,#1589,#2507,.T.);
#2507 = ( BOUNDED_CURVE() B_SPLINE_CURVE(2,(#2508,#2509,#2510),
.UNSPECIFIED.,.F.,.F.) B_SPLINE_CURVE_WITH_KNOTS((3,3),(3.14159265359,
4.712388980385),.PIECEWISE_BEZIER_KNOTS.) CURVE() 
GEOMETRIC_REPRESENTATION_ITEM() RATIONAL_B_SPLINE_CURVE((1.,
0.707106781187,1.)) REPRESENTATION_ITEM('') );
#2508 = CARTESIAN_POINT('',(-1.1,1.0995,0.1750001));
#2509 = CARTESIAN_POINT('',(-1.1,0.9995,0.1750001));
#2510 = CARTESIAN_POINT('',(-1.2,0.9995,0.1750001));
#2511 = ORIENTED_EDGE('',*,*,#1595,.T.);
#2512 = ORIENTED_EDGE('',*,*,#2417,.F.);
#2513 = ( BOUNDED_SURFACE() B_SPLINE_SURFACE(2,1,(
    (#2514,#2515)
    ,(#2516,#2517)
    ,(#2518,#2519
)),.UNSPECIFIED.,.F.,.F.,.F.) B_SPLINE_SURFACE_WITH_KNOTS((3,3),(2,2),(
    3.14159265359,4.712388980385),(0.,0.15),.PIECEWISE_BEZIER_KNOTS.) 
GEOMETRIC_REPRESENTATION_ITEM() RATIONAL_B_SPLINE_SURFACE((
    (1.,1.)
    ,(0.707106781187,0.707106781187)
,(1.,1.))) REPRESENTATION_ITEM('') SURFACE() );
#2514 = CARTESIAN_POINT('',(-1.1,1.0995,0.1750001));
#2515 = CARTESIAN_POINT('',(-1.1,1.0995,2.50001E-02));
#2516 = CARTESIAN_POINT('',(-1.1,0.9995,0.1750001));
#2517 = CARTESIAN_POINT('',(-1.1,0.9995,2.50001E-02));
#2518 = CARTESIAN_POINT('',(-1.2,0.9995,0.1750001));
#2519 = CARTESIAN_POINT('',(-1.2,0.9995,2.50001E-02));
#2520 = ADVANCED_FACE('',(#2521),#2537,.F.);
#2521 = FACE_BOUND('',#2522,.T.);
#2522 = EDGE_LOOP('',(#2523,#2524,#2525,#2532));
#2523 = ORIENTED_EDGE('',*,*,#2425,.T.);
#2524 = ORIENTED_EDGE('',*,*,#2499,.F.);
#2525 = ORIENTED_EDGE('',*,*,#2526,.F.);
#2526 = EDGE_CURVE('',#2527,#2500,#2529,.T.);
#2527 = VERTEX_POINT('',#2528);
#2528 = CARTESIAN_POINT('',(-1.1,2.0995,0.1750001));
#2529 = B_SPLINE_CURVE_WITH_KNOTS('',1,(#2530,#2531),.UNSPECIFIED.,.F.,
  .F.,(2,2),(0.,1.),.PIECEWISE_BEZIER_KNOTS.);
#2530 = CARTESIAN_POINT('',(-1.1,2.0995,0.1750001));
#2531 = CARTESIAN_POINT('',(-1.1,1.0995,0.1750001));
#2532 = ORIENTED_EDGE('',*,*,#2533,.T.);
#2533 = EDGE_CURVE('',#2527,#2426,#2534,.T.);
#2534 = B_SPLINE_CURVE_WITH_KNOTS('',1,(#2535,#2536),.UNSPECIFIED.,.F.,
  .F.,(2,2),(-0.,0.15),.PIECEWISE_BEZIER_KNOTS.);
#2535 = CARTESIAN_POINT('',(-1.1,2.0995,0.1750001));
#2536 = CARTESIAN_POINT('',(-1.1,2.0995,2.50001E-02));
#2537 = B_SPLINE_SURFACE_WITH_KNOTS('',1,1,(
    (#2538,#2539)
    ,(#2540,#2541
    )),.UNSPECIFIED.,.F.,.F.,.F.,(2,2),(2,2),(-1.,0.),(-0.15,0.),
  .PIECEWISE_BEZIER_KNOTS.);
#2538 = CARTESIAN_POINT('',(-1.1,1.0995,2.50001E-02));
#2539 = CARTESIAN_POINT('',(-1.1,1.0995,0.1750001));
#2540 = CARTESIAN_POINT('',(-1.1,2.0995,2.50001E-02));
#2541 = CARTESIAN_POINT('',(-1.1,2.0995,0.1750001));
#2542 = ADVANCED_FACE('',(#2543),#2560,.F.);
#2543 = FACE_BOUND('',#2544,.F.);
#2544 = EDGE_LOOP('',(#2545,#2552,#2558,#2559));
#2545 = ORIENTED_EDGE('',*,*,#2546,.F.);
#2546 = EDGE_CURVE('',#2547,#2433,#2549,.T.);
#2547 = VERTEX_POINT('',#2548);
#2548 = CARTESIAN_POINT('',(-1.2,2.1995,0.1750001));
#2549 = B_SPLINE_CURVE_WITH_KNOTS('',1,(#2550,#2551),.UNSPECIFIED.,.F.,
  .F.,(2,2),(-0.,0.15),.PIECEWISE_BEZIER_KNOTS.);
#2550 = CARTESIAN_POINT('',(-1.2,2.1995,0.1750001));
#2551 = CARTESIAN_POINT('',(-1.2,2.1995,2.50001E-02));
#2552 = ORIENTED_EDGE('',*,*,#2553,.T.);
#2553 = EDGE_CURVE('',#2547,#2527,#2554,.T.);
#2554 = ( BOUNDED_CURVE() B_SPLINE_CURVE(2,(#2555,#2556,#2557),
.UNSPECIFIED.,.F.,.F.) B_SPLINE_CURVE_WITH_KNOTS((3,3),(4.712388980385,
6.28318530718),.PIECEWISE_BEZIER_KNOTS.) CURVE() 
GEOMETRIC_REPRESENTATION_ITEM() RATIONAL_B_SPLINE_CURVE((1.,
0.707106781187,1.)) REPRESENTATION_ITEM('') );
#2555 = CARTESIAN_POINT('',(-1.2,2.1995,0.1750001));
#2556 = CARTESIAN_POINT('',(-1.1,2.1995,0.1750001));
#2557 = CARTESIAN_POINT('',(-1.1,2.0995,0.1750001));
#2558 = ORIENTED_EDGE('',*,*,#2533,.T.);
#2559 = ORIENTED_EDGE('',*,*,#2432,.F.);
#2560 = ( BOUNDED_SURFACE() B_SPLINE_SURFACE(2,1,(
    (#2561,#2562)
    ,(#2563,#2564)
    ,(#2565,#2566
)),.UNSPECIFIED.,.F.,.F.,.F.) B_SPLINE_SURFACE_WITH_KNOTS((3,3),(2,2),(
    1.570796326795,3.14159265359),(0.,0.15),.PIECEWISE_BEZIER_KNOTS.) 
GEOMETRIC_REPRESENTATION_ITEM() RATIONAL_B_SPLINE_SURFACE((
    (1.,1.)
    ,(0.707106781187,0.707106781187)
,(1.,1.))) REPRESENTATION_ITEM('') SURFACE() );
#2561 = CARTESIAN_POINT('',(-1.2,2.1995,0.1750001));
#2562 = CARTESIAN_POINT('',(-1.2,2.1995,2.50001E-02));
#2563 = CARTESIAN_POINT('',(-1.1,2.1995,0.1750001));
#2564 = CARTESIAN_POINT('',(-1.1,2.1995,2.50001E-02));
#2565 = CARTESIAN_POINT('',(-1.1,2.0995,0.1750001));
#2566 = CARTESIAN_POINT('',(-1.1,2.0995,2.50001E-02));
#2567 = ADVANCED_FACE('',(#2568),#2578,.F.);
#2568 = FACE_BOUND('',#2569,.T.);
#2569 = EDGE_LOOP('',(#2570,#2571,#2572,#2577));
#2570 = ORIENTED_EDGE('',*,*,#2440,.T.);
#2571 = ORIENTED_EDGE('',*,*,#2546,.F.);
#2572 = ORIENTED_EDGE('',*,*,#2573,.F.);
#2573 = EDGE_CURVE('',#2024,#2547,#2574,.T.);
#2574 = B_SPLINE_CURVE_WITH_KNOTS('',1,(#2575,#2576),.UNSPECIFIED.,.F.,
  .F.,(2,2),(0.,1.3),.PIECEWISE_BEZIER_KNOTS.);
#2575 = CARTESIAN_POINT('',(-2.5,2.1995,0.1750001));
#2576 = CARTESIAN_POINT('',(-1.2,2.1995,0.1750001));
#2577 = ORIENTED_EDGE('',*,*,#2023,.T.);
#2578 = B_SPLINE_SURFACE_WITH_KNOTS('',1,1,(
    (#2579,#2580)
    ,(#2581,#2582
    )),.UNSPECIFIED.,.F.,.F.,.F.,(2,2),(2,2),(-1.3,0.),(-0.15,0.),
  .PIECEWISE_BEZIER_KNOTS.);
#2579 = CARTESIAN_POINT('',(-1.2,2.1995,2.50001E-02));
#2580 = CARTESIAN_POINT('',(-1.2,2.1995,0.1750001));
#2581 = CARTESIAN_POINT('',(-2.5,2.1995,2.50001E-02));
#2582 = CARTESIAN_POINT('',(-2.5,2.1995,0.1750001));
#2583 = ADVANCED_FACE('',(#2584),#2592,.T.);
#2584 = FACE_BOUND('',#2585,.T.);
#2585 = EDGE_LOOP('',(#2586,#2587,#2588,#2589,#2590,#2591));
#2586 = ORIENTED_EDGE('',*,*,#2030,.T.);
#2587 = ORIENTED_EDGE('',*,*,#2573,.T.);
#2588 = ORIENTED_EDGE('',*,*,#2553,.T.);
#2589 = ORIENTED_EDGE('',*,*,#2526,.T.);
#2590 = ORIENTED_EDGE('',*,*,#2506,.T.);
#2591 = ORIENTED_EDGE('',*,*,#1588,.T.);
#2592 = B_SPLINE_SURFACE_WITH_KNOTS('',1,1,(
    (#2593,#2594)
    ,(#2595,#2596
  )),.UNSPECIFIED.,.F.,.F.,.F.,(2,2),(2,2),(-1.E-01,1.3),(-1.E-01,1.1),
  .PIECEWISE_BEZIER_KNOTS.);
#2593 = CARTESIAN_POINT('',(-1.1,0.9995,0.1750001));
#2594 = CARTESIAN_POINT('',(-1.1,2.1995,0.1750001));
#2595 = CARTESIAN_POINT('',(-2.5,0.9995,0.1750001));
#2596 = CARTESIAN_POINT('',(-2.5,2.1995,0.1750001));
#2597 = ADVANCED_FACE('',(#2598),#2621,.F.);
#2598 = FACE_BOUND('',#2599,.F.);
#2599 = EDGE_LOOP('',(#2600,#2607,#2615,#2620));
#2600 = ORIENTED_EDGE('',*,*,#2601,.F.);
#2601 = EDGE_CURVE('',#2602,#2298,#2604,.T.);
#2602 = VERTEX_POINT('',#2603);
#2603 = CARTESIAN_POINT('',(1.1,-1.1005,0.1750001));
#2604 = B_SPLINE_CURVE_WITH_KNOTS('',1,(#2605,#2606),.UNSPECIFIED.,.F.,
  .F.,(2,2),(-0.,0.15),.PIECEWISE_BEZIER_KNOTS.);
#2605 = CARTESIAN_POINT('',(1.1,-1.1005,0.1750001));
#2606 = CARTESIAN_POINT('',(1.1,-1.1005,2.50001E-02));
#2607 = ORIENTED_EDGE('',*,*,#2608,.T.);
#2608 = EDGE_CURVE('',#2602,#2609,#2611,.T.);
#2609 = VERTEX_POINT('',#2610);
#2610 = CARTESIAN_POINT('',(1.2,-1.0005,0.1750001));
#2611 = ( BOUNDED_CURVE() B_SPLINE_CURVE(2,(#2612,#2613,#2614),
.UNSPECIFIED.,.F.,.F.) B_SPLINE_CURVE_WITH_KNOTS((3,3),(0.,
1.570796326795),.PIECEWISE_BEZIER_KNOTS.) CURVE() 
GEOMETRIC_REPRESENTATION_ITEM() RATIONAL_B_SPLINE_CURVE((1.,
0.707106781187,1.)) REPRESENTATION_ITEM('') );
#2612 = CARTESIAN_POINT('',(1.1,-1.1005,0.1750001));
#2613 = CARTESIAN_POINT('',(1.1,-1.0005,0.1750001));
#2614 = CARTESIAN_POINT('',(1.2,-1.0005,0.1750001));
#2615 = ORIENTED_EDGE('',*,*,#2616,.T.);
#2616 = EDGE_CURVE('',#2609,#2291,#2617,.T.);
#2617 = B_SPLINE_CURVE_WITH_KNOTS('',1,(#2618,#2619),.UNSPECIFIED.,.F.,
  .F.,(2,2),(-0.,0.15),.PIECEWISE_BEZIER_KNOTS.);
#2618 = CARTESIAN_POINT('',(1.2,-1.0005,0.1750001));
#2619 = CARTESIAN_POINT('',(1.2,-1.0005,2.50001E-02));
#2620 = ORIENTED_EDGE('',*,*,#2297,.F.);
#2621 = ( BOUNDED_SURFACE() B_SPLINE_SURFACE(2,1,(
    (#2622,#2623)
    ,(#2624,#2625)
    ,(#2626,#2627
)),.UNSPECIFIED.,.F.,.F.,.F.) B_SPLINE_SURFACE_WITH_KNOTS((3,3),(2,2),(
    0.,1.570796326795),(0.,0.15),.PIECEWISE_BEZIER_KNOTS.) 
GEOMETRIC_REPRESENTATION_ITEM() RATIONAL_B_SPLINE_SURFACE((
    (1.,1.)
    ,(0.707106781187,0.707106781187)
,(1.,1.))) REPRESENTATION_ITEM('') SURFACE() );
#2622 = CARTESIAN_POINT('',(1.1,-1.1005,0.1750001));
#2623 = CARTESIAN_POINT('',(1.1,-1.1005,2.50001E-02));
#2624 = CARTESIAN_POINT('',(1.1,-1.0005,0.1750001));
#2625 = CARTESIAN_POINT('',(1.1,-1.0005,2.50001E-02));
#2626 = CARTESIAN_POINT('',(1.2,-1.0005,0.1750001));
#2627 = CARTESIAN_POINT('',(1.2,-1.0005,2.50001E-02));
#2628 = ADVANCED_FACE('',(#2629),#2645,.F.);
#2629 = FACE_BOUND('',#2630,.T.);
#2630 = EDGE_LOOP('',(#2631,#2632,#2633,#2640));
#2631 = ORIENTED_EDGE('',*,*,#2305,.T.);
#2632 = ORIENTED_EDGE('',*,*,#2601,.F.);
#2633 = ORIENTED_EDGE('',*,*,#2634,.F.);
#2634 = EDGE_CURVE('',#2635,#2602,#2637,.T.);
#2635 = VERTEX_POINT('',#2636);
#2636 = CARTESIAN_POINT('',(1.1,-2.1005,0.1750001));
#2637 = B_SPLINE_CURVE_WITH_KNOTS('',1,(#2638,#2639),.UNSPECIFIED.,.F.,
  .F.,(2,2),(-1.,0.),.PIECEWISE_BEZIER_KNOTS.);
#2638 = CARTESIAN_POINT('',(1.1,-2.1005,0.1750001));
#2639 = CARTESIAN_POINT('',(1.1,-1.1005,0.1750001));
#2640 = ORIENTED_EDGE('',*,*,#2641,.T.);
#2641 = EDGE_CURVE('',#2635,#2306,#2642,.T.);
#2642 = B_SPLINE_CURVE_WITH_KNOTS('',1,(#2643,#2644),.UNSPECIFIED.,.F.,
  .F.,(2,2),(-0.,0.15),.PIECEWISE_BEZIER_KNOTS.);
#2643 = CARTESIAN_POINT('',(1.1,-2.1005,0.1750001));
#2644 = CARTESIAN_POINT('',(1.1,-2.1005,2.50001E-02));
#2645 = B_SPLINE_SURFACE_WITH_KNOTS('',1,1,(
    (#2646,#2647)
    ,(#2648,#2649
    )),.UNSPECIFIED.,.F.,.F.,.F.,(2,2),(2,2),(-0.,1.),(-0.15,0.),
  .PIECEWISE_BEZIER_KNOTS.);
#2646 = CARTESIAN_POINT('',(1.1,-1.1005,2.50001E-02));
#2647 = CARTESIAN_POINT('',(1.1,-1.1005,0.1750001));
#2648 = CARTESIAN_POINT('',(1.1,-2.1005,2.50001E-02));
#2649 = CARTESIAN_POINT('',(1.1,-2.1005,0.1750001));
#2650 = ADVANCED_FACE('',(#2651),#2668,.F.);
#2651 = FACE_BOUND('',#2652,.F.);
#2652 = EDGE_LOOP('',(#2653,#2660,#2666,#2667));
#2653 = ORIENTED_EDGE('',*,*,#2654,.F.);
#2654 = EDGE_CURVE('',#2655,#2313,#2657,.T.);
#2655 = VERTEX_POINT('',#2656);
#2656 = CARTESIAN_POINT('',(1.2,-2.2005,0.1750001));
#2657 = B_SPLINE_CURVE_WITH_KNOTS('',1,(#2658,#2659),.UNSPECIFIED.,.F.,
  .F.,(2,2),(-0.,0.15),.PIECEWISE_BEZIER_KNOTS.);
#2658 = CARTESIAN_POINT('',(1.2,-2.2005,0.1750001));
#2659 = CARTESIAN_POINT('',(1.2,-2.2005,2.50001E-02));
#2660 = ORIENTED_EDGE('',*,*,#2661,.T.);
#2661 = EDGE_CURVE('',#2655,#2635,#2662,.T.);
#2662 = ( BOUNDED_CURVE() B_SPLINE_CURVE(2,(#2663,#2664,#2665),
.UNSPECIFIED.,.F.,.F.) B_SPLINE_CURVE_WITH_KNOTS((3,3),(1.570796326795,
3.14159265359),.PIECEWISE_BEZIER_KNOTS.) CURVE() 
GEOMETRIC_REPRESENTATION_ITEM() RATIONAL_B_SPLINE_CURVE((1.,
0.707106781187,1.)) REPRESENTATION_ITEM('') );
#2663 = CARTESIAN_POINT('',(1.2,-2.2005,0.1750001));
#2664 = CARTESIAN_POINT('',(1.1,-2.2005,0.1750001));
#2665 = CARTESIAN_POINT('',(1.1,-2.1005,0.1750001));
#2666 = ORIENTED_EDGE('',*,*,#2641,.T.);
#2667 = ORIENTED_EDGE('',*,*,#2312,.F.);
#2668 = ( BOUNDED_SURFACE() B_SPLINE_SURFACE(2,1,(
    (#2669,#2670)
    ,(#2671,#2672)
    ,(#2673,#2674
)),.UNSPECIFIED.,.F.,.F.,.F.) B_SPLINE_SURFACE_WITH_KNOTS((3,3),(2,2),(
    4.712388980385,6.28318530718),(0.,0.15),.PIECEWISE_BEZIER_KNOTS.) 
GEOMETRIC_REPRESENTATION_ITEM() RATIONAL_B_SPLINE_SURFACE((
    (1.,1.)
    ,(0.707106781187,0.707106781187)
,(1.,1.))) REPRESENTATION_ITEM('') SURFACE() );
#2669 = CARTESIAN_POINT('',(1.2,-2.2005,0.1750001));
#2670 = CARTESIAN_POINT('',(1.2,-2.2005,2.50001E-02));
#2671 = CARTESIAN_POINT('',(1.1,-2.2005,0.1750001));
#2672 = CARTESIAN_POINT('',(1.1,-2.2005,2.50001E-02));
#2673 = CARTESIAN_POINT('',(1.1,-2.1005,0.1750001));
#2674 = CARTESIAN_POINT('',(1.1,-2.1005,2.50001E-02));
#2675 = ADVANCED_FACE('',(#2676),#2686,.F.);
#2676 = FACE_BOUND('',#2677,.T.);
#2677 = EDGE_LOOP('',(#2678,#2679,#2680,#2685));
#2678 = ORIENTED_EDGE('',*,*,#2320,.T.);
#2679 = ORIENTED_EDGE('',*,*,#2654,.F.);
#2680 = ORIENTED_EDGE('',*,*,#2681,.F.);
#2681 = EDGE_CURVE('',#1646,#2655,#2682,.T.);
#2682 = B_SPLINE_CURVE_WITH_KNOTS('',1,(#2683,#2684),.UNSPECIFIED.,.F.,
  .F.,(2,2),(0.,1.3),.PIECEWISE_BEZIER_KNOTS.);
#2683 = CARTESIAN_POINT('',(2.5,-2.2005,0.1750001));
#2684 = CARTESIAN_POINT('',(1.2,-2.2005,0.1750001));
#2685 = ORIENTED_EDGE('',*,*,#1645,.T.);
#2686 = B_SPLINE_SURFACE_WITH_KNOTS('',1,1,(
    (#2687,#2688)
    ,(#2689,#2690
    )),.UNSPECIFIED.,.F.,.F.,.F.,(2,2),(2,2),(-1.3,0.),(-0.15,0.),
  .PIECEWISE_BEZIER_KNOTS.);
#2687 = CARTESIAN_POINT('',(1.2,-2.2005,2.50001E-02));
#2688 = CARTESIAN_POINT('',(1.2,-2.2005,0.1750001));
#2689 = CARTESIAN_POINT('',(2.5,-2.2005,2.50001E-02));
#2690 = CARTESIAN_POINT('',(2.5,-2.2005,0.1750001));
#2691 = ADVANCED_FACE('',(#2692),#2714,.F.);
#2692 = FACE_BOUND('',#2693,.T.);
#2693 = EDGE_LOOP('',(#2694,#2695,#2702,#2707,#2708,#2713));
#2694 = ORIENTED_EDGE('',*,*,#2290,.T.);
#2695 = ORIENTED_EDGE('',*,*,#2696,.F.);
#2696 = EDGE_CURVE('',#2697,#2284,#2699,.T.);
#2697 = VERTEX_POINT('',#2698);
#2698 = CARTESIAN_POINT('',(1.3,-1.0005,0.1500001));
#2699 = B_SPLINE_CURVE_WITH_KNOTS('',1,(#2700,#2701),.UNSPECIFIED.,.F.,
  .F.,(2,2),(0.,0.125),.PIECEWISE_BEZIER_KNOTS.);
#2700 = CARTESIAN_POINT('',(1.3,-1.0005,0.1500001));
#2701 = CARTESIAN_POINT('',(1.3,-1.0005,2.50001E-02));
#2702 = ORIENTED_EDGE('',*,*,#2703,.T.);
#2703 = EDGE_CURVE('',#2697,#1660,#2704,.T.);
#2704 = B_SPLINE_CURVE_WITH_KNOTS('',1,(#2705,#2706),.UNSPECIFIED.,.F.,
  .F.,(2,2),(-1.2,0.),.PIECEWISE_BEZIER_KNOTS.);
#2705 = CARTESIAN_POINT('',(1.3,-1.0005,0.1500001));
#2706 = CARTESIAN_POINT('',(2.5,-1.0005,0.1500001));
#2707 = ORIENTED_EDGE('',*,*,#1659,.F.);
#2708 = ORIENTED_EDGE('',*,*,#2709,.F.);
#2709 = EDGE_CURVE('',#2609,#1653,#2710,.T.);
#2710 = B_SPLINE_CURVE_WITH_KNOTS('',1,(#2711,#2712),.UNSPECIFIED.,.F.,
  .F.,(2,2),(-1.3,0.),.PIECEWISE_BEZIER_KNOTS.);
#2711 = CARTESIAN_POINT('',(1.2,-1.0005,0.1750001));
#2712 = CARTESIAN_POINT('',(2.5,-1.0005,0.1750001));
#2713 = ORIENTED_EDGE('',*,*,#2616,.T.);
#2714 = B_SPLINE_SURFACE_WITH_KNOTS('',1,1,(
    (#2715,#2716)
    ,(#2717,#2718
    )),.UNSPECIFIED.,.F.,.F.,.F.,(2,2),(2,2),(-0.,1.3),(-0.15,0.),
  .PIECEWISE_BEZIER_KNOTS.);
#2715 = CARTESIAN_POINT('',(2.5,-1.0005,2.50001E-02));
#2716 = CARTESIAN_POINT('',(2.5,-1.0005,0.1750001));
#2717 = CARTESIAN_POINT('',(1.2,-1.0005,2.50001E-02));
#2718 = CARTESIAN_POINT('',(1.2,-1.0005,0.1750001));
#2719 = ADVANCED_FACE('',(#2720),#2728,.T.);
#2720 = FACE_BOUND('',#2721,.T.);
#2721 = EDGE_LOOP('',(#2722,#2723,#2724,#2725,#2726,#2727));
#2722 = ORIENTED_EDGE('',*,*,#2608,.T.);
#2723 = ORIENTED_EDGE('',*,*,#2709,.T.);
#2724 = ORIENTED_EDGE('',*,*,#1652,.T.);
#2725 = ORIENTED_EDGE('',*,*,#2681,.T.);
#2726 = ORIENTED_EDGE('',*,*,#2661,.T.);
#2727 = ORIENTED_EDGE('',*,*,#2634,.T.);
#2728 = B_SPLINE_SURFACE_WITH_KNOTS('',1,1,(
    (#2729,#2730)
    ,(#2731,#2732
  )),.UNSPECIFIED.,.F.,.F.,.F.,(2,2),(2,2),(-1.3,1.E-01),(-1.1,1.E-01),
  .PIECEWISE_BEZIER_KNOTS.);
#2729 = CARTESIAN_POINT('',(2.5,-2.2005,0.1750001));
#2730 = CARTESIAN_POINT('',(2.5,-1.0005,0.1750001));
#2731 = CARTESIAN_POINT('',(1.1,-2.2005,0.1750001));
#2732 = CARTESIAN_POINT('',(1.1,-1.0005,0.1750001));
#2733 = ADVANCED_FACE('',(#2734),#2757,.F.);
#2734 = FACE_BOUND('',#2735,.F.);
#2735 = EDGE_LOOP('',(#2736,#2743,#2751,#2756));
#2736 = ORIENTED_EDGE('',*,*,#2737,.F.);
#2737 = EDGE_CURVE('',#2738,#2212,#2740,.T.);
#2738 = VERTEX_POINT('',#2739);
#2739 = CARTESIAN_POINT('',(1.1,2.0995,0.1750001));
#2740 = B_SPLINE_CURVE_WITH_KNOTS('',1,(#2741,#2742),.UNSPECIFIED.,.F.,
  .F.,(2,2),(-0.,0.15),.PIECEWISE_BEZIER_KNOTS.);
#2741 = CARTESIAN_POINT('',(1.1,2.0995,0.1750001));
#2742 = CARTESIAN_POINT('',(1.1,2.0995,2.50001E-02));
#2743 = ORIENTED_EDGE('',*,*,#2744,.T.);
#2744 = EDGE_CURVE('',#2738,#2745,#2747,.T.);
#2745 = VERTEX_POINT('',#2746);
#2746 = CARTESIAN_POINT('',(1.2,2.1995,0.1750001));
#2747 = ( BOUNDED_CURVE() B_SPLINE_CURVE(2,(#2748,#2749,#2750),
.UNSPECIFIED.,.F.,.F.) B_SPLINE_CURVE_WITH_KNOTS((3,3),(0.,
1.570796326795),.PIECEWISE_BEZIER_KNOTS.) CURVE() 
GEOMETRIC_REPRESENTATION_ITEM() RATIONAL_B_SPLINE_CURVE((1.,
0.707106781187,1.)) REPRESENTATION_ITEM('') );
#2748 = CARTESIAN_POINT('',(1.1,2.0995,0.1750001));
#2749 = CARTESIAN_POINT('',(1.1,2.1995,0.1750001));
#2750 = CARTESIAN_POINT('',(1.2,2.1995,0.1750001));
#2751 = ORIENTED_EDGE('',*,*,#2752,.T.);
#2752 = EDGE_CURVE('',#2745,#2205,#2753,.T.);
#2753 = B_SPLINE_CURVE_WITH_KNOTS('',1,(#2754,#2755),.UNSPECIFIED.,.F.,
  .F.,(2,2),(-0.,0.15),.PIECEWISE_BEZIER_KNOTS.);
#2754 = CARTESIAN_POINT('',(1.2,2.1995,0.1750001));
#2755 = CARTESIAN_POINT('',(1.2,2.1995,2.50001E-02));
#2756 = ORIENTED_EDGE('',*,*,#2211,.F.);
#2757 = ( BOUNDED_SURFACE() B_SPLINE_SURFACE(2,1,(
    (#2758,#2759)
    ,(#2760,#2761)
    ,(#2762,#2763
)),.UNSPECIFIED.,.F.,.F.,.F.) B_SPLINE_SURFACE_WITH_KNOTS((3,3),(2,2),(
    0.,1.570796326795),(0.,0.15),.PIECEWISE_BEZIER_KNOTS.) 
GEOMETRIC_REPRESENTATION_ITEM() RATIONAL_B_SPLINE_SURFACE((
    (1.,1.)
    ,(0.707106781187,0.707106781187)
,(1.,1.))) REPRESENTATION_ITEM('') SURFACE() );
#2758 = CARTESIAN_POINT('',(1.1,2.0995,0.1750001));
#2759 = CARTESIAN_POINT('',(1.1,2.0995,2.50001E-02));
#2760 = CARTESIAN_POINT('',(1.1,2.1995,0.1750001));
#2761 = CARTESIAN_POINT('',(1.1,2.1995,2.50001E-02));
#2762 = CARTESIAN_POINT('',(1.2,2.1995,0.1750001));
#2763 = CARTESIAN_POINT('',(1.2,2.1995,2.50001E-02));
#2764 = ADVANCED_FACE('',(#2765),#2781,.F.);
#2765 = FACE_BOUND('',#2766,.T.);
#2766 = EDGE_LOOP('',(#2767,#2768,#2769,#2776));
#2767 = ORIENTED_EDGE('',*,*,#2219,.T.);
#2768 = ORIENTED_EDGE('',*,*,#2737,.F.);
#2769 = ORIENTED_EDGE('',*,*,#2770,.F.);
#2770 = EDGE_CURVE('',#2771,#2738,#2773,.T.);
#2771 = VERTEX_POINT('',#2772);
#2772 = CARTESIAN_POINT('',(1.1,1.0995,0.1750001));
#2773 = B_SPLINE_CURVE_WITH_KNOTS('',1,(#2774,#2775),.UNSPECIFIED.,.F.,
  .F.,(2,2),(-1.,0.),.PIECEWISE_BEZIER_KNOTS.);
#2774 = CARTESIAN_POINT('',(1.1,1.0995,0.1750001));
#2775 = CARTESIAN_POINT('',(1.1,2.0995,0.1750001));
#2776 = ORIENTED_EDGE('',*,*,#2777,.T.);
#2777 = EDGE_CURVE('',#2771,#2220,#2778,.T.);
#2778 = B_SPLINE_CURVE_WITH_KNOTS('',1,(#2779,#2780),.UNSPECIFIED.,.F.,
  .F.,(2,2),(-0.,0.15),.PIECEWISE_BEZIER_KNOTS.);
#2779 = CARTESIAN_POINT('',(1.1,1.0995,0.1750001));
#2780 = CARTESIAN_POINT('',(1.1,1.0995,2.50001E-02));
#2781 = B_SPLINE_SURFACE_WITH_KNOTS('',1,1,(
    (#2782,#2783)
    ,(#2784,#2785
    )),.UNSPECIFIED.,.F.,.F.,.F.,(2,2),(2,2),(-0.,1.),(-0.15,0.),
  .PIECEWISE_BEZIER_KNOTS.);
#2782 = CARTESIAN_POINT('',(1.1,2.0995,2.50001E-02));
#2783 = CARTESIAN_POINT('',(1.1,2.0995,0.1750001));
#2784 = CARTESIAN_POINT('',(1.1,1.0995,2.50001E-02));
#2785 = CARTESIAN_POINT('',(1.1,1.0995,0.1750001));
#2786 = ADVANCED_FACE('',(#2787),#2804,.F.);
#2787 = FACE_BOUND('',#2788,.F.);
#2788 = EDGE_LOOP('',(#2789,#2796,#2802,#2803));
#2789 = ORIENTED_EDGE('',*,*,#2790,.F.);
#2790 = EDGE_CURVE('',#2791,#2227,#2793,.T.);
#2791 = VERTEX_POINT('',#2792);
#2792 = CARTESIAN_POINT('',(1.2,0.9995,0.1750001));
#2793 = B_SPLINE_CURVE_WITH_KNOTS('',1,(#2794,#2795),.UNSPECIFIED.,.F.,
  .F.,(2,2),(-0.,0.15),.PIECEWISE_BEZIER_KNOTS.);
#2794 = CARTESIAN_POINT('',(1.2,0.9995,0.1750001));
#2795 = CARTESIAN_POINT('',(1.2,0.9995,2.50001E-02));
#2796 = ORIENTED_EDGE('',*,*,#2797,.T.);
#2797 = EDGE_CURVE('',#2791,#2771,#2798,.T.);
#2798 = ( BOUNDED_CURVE() B_SPLINE_CURVE(2,(#2799,#2800,#2801),
.UNSPECIFIED.,.F.,.F.) B_SPLINE_CURVE_WITH_KNOTS((3,3),(1.570796326795,
3.14159265359),.PIECEWISE_BEZIER_KNOTS.) CURVE() 
GEOMETRIC_REPRESENTATION_ITEM() RATIONAL_B_SPLINE_CURVE((1.,
0.707106781187,1.)) REPRESENTATION_ITEM('') );
#2799 = CARTESIAN_POINT('',(1.2,0.9995,0.1750001));
#2800 = CARTESIAN_POINT('',(1.1,0.9995,0.1750001));
#2801 = CARTESIAN_POINT('',(1.1,1.0995,0.1750001));
#2802 = ORIENTED_EDGE('',*,*,#2777,.T.);
#2803 = ORIENTED_EDGE('',*,*,#2226,.F.);
#2804 = ( BOUNDED_SURFACE() B_SPLINE_SURFACE(2,1,(
    (#2805,#2806)
    ,(#2807,#2808)
    ,(#2809,#2810
)),.UNSPECIFIED.,.F.,.F.,.F.) B_SPLINE_SURFACE_WITH_KNOTS((3,3),(2,2),(
    4.712388980385,6.28318530718),(0.,0.15),.PIECEWISE_BEZIER_KNOTS.) 
GEOMETRIC_REPRESENTATION_ITEM() RATIONAL_B_SPLINE_SURFACE((
    (1.,1.)
    ,(0.707106781187,0.707106781187)
,(1.,1.))) REPRESENTATION_ITEM('') SURFACE() );
#2805 = CARTESIAN_POINT('',(1.2,0.9995,0.1750001));
#2806 = CARTESIAN_POINT('',(1.2,0.9995,2.50001E-02));
#2807 = CARTESIAN_POINT('',(1.1,0.9995,0.1750001));
#2808 = CARTESIAN_POINT('',(1.1,0.9995,2.50001E-02));
#2809 = CARTESIAN_POINT('',(1.1,1.0995,0.1750001));
#2810 = CARTESIAN_POINT('',(1.1,1.0995,2.50001E-02));
#2811 = ADVANCED_FACE('',(#2812),#2834,.F.);
#2812 = FACE_BOUND('',#2813,.T.);
#2813 = EDGE_LOOP('',(#2814,#2821,#2826,#2827,#2828,#2833));
#2814 = ORIENTED_EDGE('',*,*,#2815,.T.);
#2815 = EDGE_CURVE('',#1709,#2816,#2818,.T.);
#2816 = VERTEX_POINT('',#2817);
#2817 = CARTESIAN_POINT('',(1.3,0.9995,0.1500001));
#2818 = B_SPLINE_CURVE_WITH_KNOTS('',1,(#2819,#2820),.UNSPECIFIED.,.F.,
  .F.,(2,2),(-0.,1.2),.PIECEWISE_BEZIER_KNOTS.);
#2819 = CARTESIAN_POINT('',(2.5,0.9995,0.1500001));
#2820 = CARTESIAN_POINT('',(1.3,0.9995,0.1500001));
#2821 = ORIENTED_EDGE('',*,*,#2822,.T.);
#2822 = EDGE_CURVE('',#2816,#2235,#2823,.T.);
#2823 = B_SPLINE_CURVE_WITH_KNOTS('',1,(#2824,#2825),.UNSPECIFIED.,.F.,
  .F.,(2,2),(0.,0.125),.PIECEWISE_BEZIER_KNOTS.);
#2824 = CARTESIAN_POINT('',(1.3,0.9995,0.1500001));
#2825 = CARTESIAN_POINT('',(1.3,0.9995,2.50001E-02));
#2826 = ORIENTED_EDGE('',*,*,#2234,.T.);
#2827 = ORIENTED_EDGE('',*,*,#2790,.F.);
#2828 = ORIENTED_EDGE('',*,*,#2829,.F.);
#2829 = EDGE_CURVE('',#1716,#2791,#2830,.T.);
#2830 = B_SPLINE_CURVE_WITH_KNOTS('',1,(#2831,#2832),.UNSPECIFIED.,.F.,
  .F.,(2,2),(0.,1.3),.PIECEWISE_BEZIER_KNOTS.);
#2831 = CARTESIAN_POINT('',(2.5,0.9995,0.1750001));
#2832 = CARTESIAN_POINT('',(1.2,0.9995,0.1750001));
#2833 = ORIENTED_EDGE('',*,*,#1715,.T.);
#2834 = B_SPLINE_SURFACE_WITH_KNOTS('',1,1,(
    (#2835,#2836)
    ,(#2837,#2838
    )),.UNSPECIFIED.,.F.,.F.,.F.,(2,2),(2,2),(-0.,0.15),(-1.3,0.),
  .PIECEWISE_BEZIER_KNOTS.);
#2835 = CARTESIAN_POINT('',(1.2,0.9995,0.1750001));
#2836 = CARTESIAN_POINT('',(2.5,0.9995,0.1750001));
#2837 = CARTESIAN_POINT('',(1.2,0.9995,2.50001E-02));
#2838 = CARTESIAN_POINT('',(2.5,0.9995,2.50001E-02));
#2839 = ADVANCED_FACE('',(#2840),#2850,.F.);
#2840 = FACE_BOUND('',#2841,.T.);
#2841 = EDGE_LOOP('',(#2842,#2843,#2844,#2849));
#2842 = ORIENTED_EDGE('',*,*,#2204,.T.);
#2843 = ORIENTED_EDGE('',*,*,#1729,.F.);
#2844 = ORIENTED_EDGE('',*,*,#2845,.F.);
#2845 = EDGE_CURVE('',#2745,#1723,#2846,.T.);
#2846 = B_SPLINE_CURVE_WITH_KNOTS('',1,(#2847,#2848),.UNSPECIFIED.,.F.,
  .F.,(2,2),(-1.3,0.),.PIECEWISE_BEZIER_KNOTS.);
#2847 = CARTESIAN_POINT('',(1.2,2.1995,0.1750001));
#2848 = CARTESIAN_POINT('',(2.5,2.1995,0.1750001));
#2849 = ORIENTED_EDGE('',*,*,#2752,.T.);
#2850 = B_SPLINE_SURFACE_WITH_KNOTS('',1,1,(
    (#2851,#2852)
    ,(#2853,#2854
    )),.UNSPECIFIED.,.F.,.F.,.F.,(2,2),(2,2),(-0.,1.3),(-0.15,0.),
  .PIECEWISE_BEZIER_KNOTS.);
#2851 = CARTESIAN_POINT('',(2.5,2.1995,2.50001E-02));
#2852 = CARTESIAN_POINT('',(2.5,2.1995,0.1750001));
#2853 = CARTESIAN_POINT('',(1.2,2.1995,2.50001E-02));
#2854 = CARTESIAN_POINT('',(1.2,2.1995,0.1750001));
#2855 = ADVANCED_FACE('',(#2856),#2864,.T.);
#2856 = FACE_BOUND('',#2857,.T.);
#2857 = EDGE_LOOP('',(#2858,#2859,#2860,#2861,#2862,#2863));
#2858 = ORIENTED_EDGE('',*,*,#2744,.T.);
#2859 = ORIENTED_EDGE('',*,*,#2845,.T.);
#2860 = ORIENTED_EDGE('',*,*,#1722,.T.);
#2861 = ORIENTED_EDGE('',*,*,#2829,.T.);
#2862 = ORIENTED_EDGE('',*,*,#2797,.T.);
#2863 = ORIENTED_EDGE('',*,*,#2770,.T.);
#2864 = B_SPLINE_SURFACE_WITH_KNOTS('',1,1,(
    (#2865,#2866)
    ,(#2867,#2868
  )),.UNSPECIFIED.,.F.,.F.,.F.,(2,2),(2,2),(-1.3,1.E-01),(-1.1,0.1),
  .PIECEWISE_BEZIER_KNOTS.);
#2865 = CARTESIAN_POINT('',(2.5,0.9995,0.1750001));
#2866 = CARTESIAN_POINT('',(2.5,2.1995,0.1750001));
#2867 = CARTESIAN_POINT('',(1.1,0.9995,0.1750001));
#2868 = CARTESIAN_POINT('',(1.1,2.1995,0.1750001));
#2869 = ADVANCED_FACE('',(#2870),#2886,.F.);
#2870 = FACE_BOUND('',#2871,.T.);
#2871 = EDGE_LOOP('',(#2872,#2873,#2880,#2885));
#2872 = ORIENTED_EDGE('',*,*,#2405,.T.);
#2873 = ORIENTED_EDGE('',*,*,#2874,.F.);
#2874 = EDGE_CURVE('',#2875,#2398,#2877,.T.);
#2875 = VERTEX_POINT('',#2876);
#2876 = CARTESIAN_POINT('',(-1.2,0.5995,0.1750001));
#2877 = B_SPLINE_CURVE_WITH_KNOTS('',1,(#2878,#2879),.UNSPECIFIED.,.F.,
  .F.,(2,2),(-0.,0.15),.PIECEWISE_BEZIER_KNOTS.);
#2878 = CARTESIAN_POINT('',(-1.2,0.5995,0.1750001));
#2879 = CARTESIAN_POINT('',(-1.2,0.5995,2.50001E-02));
#2880 = ORIENTED_EDGE('',*,*,#2881,.F.);
#2881 = EDGE_CURVE('',#2051,#2875,#2882,.T.);
#2882 = B_SPLINE_CURVE_WITH_KNOTS('',1,(#2883,#2884),.UNSPECIFIED.,.F.,
  .F.,(2,2),(0.,1.3),.PIECEWISE_BEZIER_KNOTS.);
#2883 = CARTESIAN_POINT('',(-2.5,0.5995,0.1750001));
#2884 = CARTESIAN_POINT('',(-1.2,0.5995,0.1750001));
#2885 = ORIENTED_EDGE('',*,*,#2050,.T.);
#2886 = B_SPLINE_SURFACE_WITH_KNOTS('',1,1,(
    (#2887,#2888)
    ,(#2889,#2890
    )),.UNSPECIFIED.,.F.,.F.,.F.,(2,2),(2,2),(-1.3,0.),(-0.15,0.),
  .PIECEWISE_BEZIER_KNOTS.);
#2887 = CARTESIAN_POINT('',(-1.2,0.5995,2.50001E-02));
#2888 = CARTESIAN_POINT('',(-1.2,0.5995,0.1750001));
#2889 = CARTESIAN_POINT('',(-2.5,0.5995,2.50001E-02));
#2890 = CARTESIAN_POINT('',(-2.5,0.5995,0.1750001));
#2891 = ADVANCED_FACE('',(#2892),#2908,.F.);
#2892 = FACE_BOUND('',#2893,.T.);
#2893 = EDGE_LOOP('',(#2894,#2895,#2896,#2903));
#2894 = ORIENTED_EDGE('',*,*,#2375,.T.);
#2895 = ORIENTED_EDGE('',*,*,#2064,.F.);
#2896 = ORIENTED_EDGE('',*,*,#2897,.F.);
#2897 = EDGE_CURVE('',#2898,#2058,#2900,.T.);
#2898 = VERTEX_POINT('',#2899);
#2899 = CARTESIAN_POINT('',(-1.2,-0.6005,0.1750001));
#2900 = B_SPLINE_CURVE_WITH_KNOTS('',1,(#2901,#2902),.UNSPECIFIED.,.F.,
  .F.,(2,2),(-1.3,-0.),.PIECEWISE_BEZIER_KNOTS.);
#2901 = CARTESIAN_POINT('',(-1.2,-0.6005,0.1750001));
#2902 = CARTESIAN_POINT('',(-2.5,-0.6005,0.1750001));
#2903 = ORIENTED_EDGE('',*,*,#2904,.T.);
#2904 = EDGE_CURVE('',#2898,#2376,#2905,.T.);
#2905 = B_SPLINE_CURVE_WITH_KNOTS('',1,(#2906,#2907),.UNSPECIFIED.,.F.,
  .F.,(2,2),(-0.,0.15),.PIECEWISE_BEZIER_KNOTS.);
#2906 = CARTESIAN_POINT('',(-1.2,-0.6005,0.1750001));
#2907 = CARTESIAN_POINT('',(-1.2,-0.6005,2.50001E-02));
#2908 = B_SPLINE_SURFACE_WITH_KNOTS('',1,1,(
    (#2909,#2910)
    ,(#2911,#2912
    )),.UNSPECIFIED.,.F.,.F.,.F.,(2,2),(2,2),(0.,1.3),(-0.15,0.),
  .PIECEWISE_BEZIER_KNOTS.);
#2909 = CARTESIAN_POINT('',(-2.5,-0.6005,2.50001E-02));
#2910 = CARTESIAN_POINT('',(-2.5,-0.6005,0.1750001));
#2911 = CARTESIAN_POINT('',(-1.2,-0.6005,2.50001E-02));
#2912 = CARTESIAN_POINT('',(-1.2,-0.6005,0.1750001));
#2913 = ADVANCED_FACE('',(#2914),#2931,.F.);
#2914 = FACE_BOUND('',#2915,.F.);
#2915 = EDGE_LOOP('',(#2916,#2923,#2929,#2930));
#2916 = ORIENTED_EDGE('',*,*,#2917,.F.);
#2917 = EDGE_CURVE('',#2918,#2383,#2920,.T.);
#2918 = VERTEX_POINT('',#2919);
#2919 = CARTESIAN_POINT('',(-1.1,-0.5005,0.1750001));
#2920 = B_SPLINE_CURVE_WITH_KNOTS('',1,(#2921,#2922),.UNSPECIFIED.,.F.,
  .F.,(2,2),(-0.,0.15),.PIECEWISE_BEZIER_KNOTS.);
#2921 = CARTESIAN_POINT('',(-1.1,-0.5005,0.1750001));
#2922 = CARTESIAN_POINT('',(-1.1,-0.5005,2.50001E-02));
#2923 = ORIENTED_EDGE('',*,*,#2924,.T.);
#2924 = EDGE_CURVE('',#2918,#2898,#2925,.T.);
#2925 = ( BOUNDED_CURVE() B_SPLINE_CURVE(2,(#2926,#2927,#2928),
.UNSPECIFIED.,.F.,.F.) B_SPLINE_CURVE_WITH_KNOTS((3,3),(3.14159265359,
4.712388980385),.PIECEWISE_BEZIER_KNOTS.) CURVE() 
GEOMETRIC_REPRESENTATION_ITEM() RATIONAL_B_SPLINE_CURVE((1.,
0.707106781187,1.)) REPRESENTATION_ITEM('') );
#2926 = CARTESIAN_POINT('',(-1.1,-0.5005,0.1750001));
#2927 = CARTESIAN_POINT('',(-1.1,-0.6005,0.1750001));
#2928 = CARTESIAN_POINT('',(-1.2,-0.6005,0.1750001));
#2929 = ORIENTED_EDGE('',*,*,#2904,.T.);
#2930 = ORIENTED_EDGE('',*,*,#2382,.F.);
#2931 = ( BOUNDED_SURFACE() B_SPLINE_SURFACE(2,1,(
    (#2932,#2933)
    ,(#2934,#2935)
    ,(#2936,#2937
)),.UNSPECIFIED.,.F.,.F.,.F.) B_SPLINE_SURFACE_WITH_KNOTS((3,3),(2,2),(
    3.14159265359,4.712388980385),(0.,0.15),.PIECEWISE_BEZIER_KNOTS.) 
GEOMETRIC_REPRESENTATION_ITEM() RATIONAL_B_SPLINE_SURFACE((
    (1.,1.)
    ,(0.707106781187,0.707106781187)
,(1.,1.))) REPRESENTATION_ITEM('') SURFACE() );
#2932 = CARTESIAN_POINT('',(-1.1,-0.5005,0.1750001));
#2933 = CARTESIAN_POINT('',(-1.1,-0.5005,2.50001E-02));
#2934 = CARTESIAN_POINT('',(-1.1,-0.6005,0.1750001));
#2935 = CARTESIAN_POINT('',(-1.1,-0.6005,2.50001E-02));
#2936 = CARTESIAN_POINT('',(-1.2,-0.6005,0.1750001));
#2937 = CARTESIAN_POINT('',(-1.2,-0.6005,2.50001E-02));
#2938 = ADVANCED_FACE('',(#2939),#2955,.F.);
#2939 = FACE_BOUND('',#2940,.T.);
#2940 = EDGE_LOOP('',(#2941,#2942,#2943,#2950));
#2941 = ORIENTED_EDGE('',*,*,#2390,.T.);
#2942 = ORIENTED_EDGE('',*,*,#2917,.F.);
#2943 = ORIENTED_EDGE('',*,*,#2944,.F.);
#2944 = EDGE_CURVE('',#2945,#2918,#2947,.T.);
#2945 = VERTEX_POINT('',#2946);
#2946 = CARTESIAN_POINT('',(-1.1,0.4995,0.1750001));
#2947 = B_SPLINE_CURVE_WITH_KNOTS('',1,(#2948,#2949),.UNSPECIFIED.,.F.,
  .F.,(2,2),(0.,1.),.PIECEWISE_BEZIER_KNOTS.);
#2948 = CARTESIAN_POINT('',(-1.1,0.4995,0.1750001));
#2949 = CARTESIAN_POINT('',(-1.1,-0.5005,0.1750001));
#2950 = ORIENTED_EDGE('',*,*,#2951,.T.);
#2951 = EDGE_CURVE('',#2945,#2391,#2952,.T.);
#2952 = B_SPLINE_CURVE_WITH_KNOTS('',1,(#2953,#2954),.UNSPECIFIED.,.F.,
  .F.,(2,2),(-0.,0.15),.PIECEWISE_BEZIER_KNOTS.);
#2953 = CARTESIAN_POINT('',(-1.1,0.4995,0.1750001));
#2954 = CARTESIAN_POINT('',(-1.1,0.4995,2.50001E-02));
#2955 = B_SPLINE_SURFACE_WITH_KNOTS('',1,1,(
    (#2956,#2957)
    ,(#2958,#2959
    )),.UNSPECIFIED.,.F.,.F.,.F.,(2,2),(2,2),(-1.,0.),(-0.15,0.),
  .PIECEWISE_BEZIER_KNOTS.);
#2956 = CARTESIAN_POINT('',(-1.1,-0.5005,2.50001E-02));
#2957 = CARTESIAN_POINT('',(-1.1,-0.5005,0.1750001));
#2958 = CARTESIAN_POINT('',(-1.1,0.4995,2.50001E-02));
#2959 = CARTESIAN_POINT('',(-1.1,0.4995,0.1750001));
#2960 = ADVANCED_FACE('',(#2961),#2972,.F.);
#2961 = FACE_BOUND('',#2962,.F.);
#2962 = EDGE_LOOP('',(#2963,#2964,#2970,#2971));
#2963 = ORIENTED_EDGE('',*,*,#2874,.F.);
#2964 = ORIENTED_EDGE('',*,*,#2965,.T.);
#2965 = EDGE_CURVE('',#2875,#2945,#2966,.T.);
#2966 = ( BOUNDED_CURVE() B_SPLINE_CURVE(2,(#2967,#2968,#2969),
.UNSPECIFIED.,.F.,.F.) B_SPLINE_CURVE_WITH_KNOTS((3,3),(4.712388980385,
6.28318530718),.PIECEWISE_BEZIER_KNOTS.) CURVE() 
GEOMETRIC_REPRESENTATION_ITEM() RATIONAL_B_SPLINE_CURVE((1.,
0.707106781187,1.)) REPRESENTATION_ITEM('') );
#2967 = CARTESIAN_POINT('',(-1.2,0.5995,0.1750001));
#2968 = CARTESIAN_POINT('',(-1.1,0.5995,0.1750001));
#2969 = CARTESIAN_POINT('',(-1.1,0.4995,0.1750001));
#2970 = ORIENTED_EDGE('',*,*,#2951,.T.);
#2971 = ORIENTED_EDGE('',*,*,#2397,.F.);
#2972 = ( BOUNDED_SURFACE() B_SPLINE_SURFACE(2,1,(
    (#2973,#2974)
    ,(#2975,#2976)
    ,(#2977,#2978
)),.UNSPECIFIED.,.F.,.F.,.F.) B_SPLINE_SURFACE_WITH_KNOTS((3,3),(2,2),(
    1.570796326795,3.14159265359),(0.,0.15),.PIECEWISE_BEZIER_KNOTS.) 
GEOMETRIC_REPRESENTATION_ITEM() RATIONAL_B_SPLINE_SURFACE((
    (1.,1.)
    ,(0.707106781187,0.707106781187)
,(1.,1.))) REPRESENTATION_ITEM('') SURFACE() );
#2973 = CARTESIAN_POINT('',(-1.2,0.5995,0.1750001));
#2974 = CARTESIAN_POINT('',(-1.2,0.5995,2.50001E-02));
#2975 = CARTESIAN_POINT('',(-1.1,0.5995,0.1750001));
#2976 = CARTESIAN_POINT('',(-1.1,0.5995,2.50001E-02));
#2977 = CARTESIAN_POINT('',(-1.1,0.4995,0.1750001));
#2978 = CARTESIAN_POINT('',(-1.1,0.4995,2.50001E-02));
#2979 = ADVANCED_FACE('',(#2980),#2988,.F.);
#2980 = FACE_BOUND('',#2981,.T.);
#2981 = EDGE_LOOP('',(#2982,#2983,#2984,#2985,#2986,#2987));
#2982 = ORIENTED_EDGE('',*,*,#2881,.T.);
#2983 = ORIENTED_EDGE('',*,*,#2965,.T.);
#2984 = ORIENTED_EDGE('',*,*,#2944,.T.);
#2985 = ORIENTED_EDGE('',*,*,#2924,.T.);
#2986 = ORIENTED_EDGE('',*,*,#2897,.T.);
#2987 = ORIENTED_EDGE('',*,*,#2057,.T.);
#2988 = B_SPLINE_SURFACE_WITH_KNOTS('',1,1,(
    (#2989,#2990)
    ,(#2991,#2992
  )),.UNSPECIFIED.,.F.,.F.,.F.,(2,2),(2,2),(-1.3,1.E-01),(-1.1,1.E-01),
  .PIECEWISE_BEZIER_KNOTS.);
#2989 = CARTESIAN_POINT('',(-2.5,-0.6005,0.1750001));
#2990 = CARTESIAN_POINT('',(-2.5,0.5995,0.1750001));
#2991 = CARTESIAN_POINT('',(-1.1,-0.6005,0.1750001));
#2992 = CARTESIAN_POINT('',(-1.1,0.5995,0.1750001));
#2993 = ADVANCED_FACE('',(#2994),#3017,.F.);
#2994 = FACE_BOUND('',#2995,.F.);
#2995 = EDGE_LOOP('',(#2996,#3003,#3011,#3016));
#2996 = ORIENTED_EDGE('',*,*,#2997,.F.);
#2997 = EDGE_CURVE('',#2998,#2255,#3000,.T.);
#2998 = VERTEX_POINT('',#2999);
#2999 = CARTESIAN_POINT('',(1.1,0.4995,0.1750001));
#3000 = B_SPLINE_CURVE_WITH_KNOTS('',1,(#3001,#3002),.UNSPECIFIED.,.F.,
  .F.,(2,2),(-0.,0.15),.PIECEWISE_BEZIER_KNOTS.);
#3001 = CARTESIAN_POINT('',(1.1,0.4995,0.1750001));
#3002 = CARTESIAN_POINT('',(1.1,0.4995,2.50001E-02));
#3003 = ORIENTED_EDGE('',*,*,#3004,.T.);
#3004 = EDGE_CURVE('',#2998,#3005,#3007,.T.);
#3005 = VERTEX_POINT('',#3006);
#3006 = CARTESIAN_POINT('',(1.2,0.5995,0.1750001));
#3007 = ( BOUNDED_CURVE() B_SPLINE_CURVE(2,(#3008,#3009,#3010),
.UNSPECIFIED.,.F.,.F.) B_SPLINE_CURVE_WITH_KNOTS((3,3),(0.,
1.570796326795),.PIECEWISE_BEZIER_KNOTS.) CURVE() 
GEOMETRIC_REPRESENTATION_ITEM() RATIONAL_B_SPLINE_CURVE((1.,
0.707106781187,1.)) REPRESENTATION_ITEM('') );
#3008 = CARTESIAN_POINT('',(1.1,0.4995,0.1750001));
#3009 = CARTESIAN_POINT('',(1.1,0.5995,0.1750001));
#3010 = CARTESIAN_POINT('',(1.2,0.5995,0.1750001));
#3011 = ORIENTED_EDGE('',*,*,#3012,.T.);
#3012 = EDGE_CURVE('',#3005,#2248,#3013,.T.);
#3013 = B_SPLINE_CURVE_WITH_KNOTS('',1,(#3014,#3015),.UNSPECIFIED.,.F.,
  .F.,(2,2),(-0.,0.15),.PIECEWISE_BEZIER_KNOTS.);
#3014 = CARTESIAN_POINT('',(1.2,0.5995,0.1750001));
#3015 = CARTESIAN_POINT('',(1.2,0.5995,2.50001E-02));
#3016 = ORIENTED_EDGE('',*,*,#2254,.F.);
#3017 = ( BOUNDED_SURFACE() B_SPLINE_SURFACE(2,1,(
    (#3018,#3019)
    ,(#3020,#3021)
    ,(#3022,#3023
)),.UNSPECIFIED.,.F.,.F.,.F.) B_SPLINE_SURFACE_WITH_KNOTS((3,3),(2,2),(
    0.,1.570796326795),(0.,0.15),.PIECEWISE_BEZIER_KNOTS.) 
GEOMETRIC_REPRESENTATION_ITEM() RATIONAL_B_SPLINE_SURFACE((
    (1.,1.)
    ,(0.707106781187,0.707106781187)
,(1.,1.))) REPRESENTATION_ITEM('') SURFACE() );
#3018 = CARTESIAN_POINT('',(1.1,0.4995,0.1750001));
#3019 = CARTESIAN_POINT('',(1.1,0.4995,2.50001E-02));
#3020 = CARTESIAN_POINT('',(1.1,0.5995,0.1750001));
#3021 = CARTESIAN_POINT('',(1.1,0.5995,2.50001E-02));
#3022 = CARTESIAN_POINT('',(1.2,0.5995,0.1750001));
#3023 = CARTESIAN_POINT('',(1.2,0.5995,2.50001E-02));
#3024 = ADVANCED_FACE('',(#3025),#3041,.F.);
#3025 = FACE_BOUND('',#3026,.T.);
#3026 = EDGE_LOOP('',(#3027,#3028,#3029,#3036));
#3027 = ORIENTED_EDGE('',*,*,#2262,.T.);
#3028 = ORIENTED_EDGE('',*,*,#2997,.F.);
#3029 = ORIENTED_EDGE('',*,*,#3030,.F.);
#3030 = EDGE_CURVE('',#3031,#2998,#3033,.T.);
#3031 = VERTEX_POINT('',#3032);
#3032 = CARTESIAN_POINT('',(1.1,-0.5005,0.1750001));
#3033 = B_SPLINE_CURVE_WITH_KNOTS('',1,(#3034,#3035),.UNSPECIFIED.,.F.,
  .F.,(2,2),(-1.,0.),.PIECEWISE_BEZIER_KNOTS.);
#3034 = CARTESIAN_POINT('',(1.1,-0.5005,0.1750001));
#3035 = CARTESIAN_POINT('',(1.1,0.4995,0.1750001));
#3036 = ORIENTED_EDGE('',*,*,#3037,.T.);
#3037 = EDGE_CURVE('',#3031,#2263,#3038,.T.);
#3038 = B_SPLINE_CURVE_WITH_KNOTS('',1,(#3039,#3040),.UNSPECIFIED.,.F.,
  .F.,(2,2),(-0.,0.15),.PIECEWISE_BEZIER_KNOTS.);
#3039 = CARTESIAN_POINT('',(1.1,-0.5005,0.1750001));
#3040 = CARTESIAN_POINT('',(1.1,-0.5005,2.50001E-02));
#3041 = B_SPLINE_SURFACE_WITH_KNOTS('',1,1,(
    (#3042,#3043)
    ,(#3044,#3045
    )),.UNSPECIFIED.,.F.,.F.,.F.,(2,2),(2,2),(-0.,1.),(-0.15,0.),
  .PIECEWISE_BEZIER_KNOTS.);
#3042 = CARTESIAN_POINT('',(1.1,0.4995,2.50001E-02));
#3043 = CARTESIAN_POINT('',(1.1,0.4995,0.1750001));
#3044 = CARTESIAN_POINT('',(1.1,-0.5005,2.50001E-02));
#3045 = CARTESIAN_POINT('',(1.1,-0.5005,0.1750001));
#3046 = ADVANCED_FACE('',(#3047),#3064,.F.);
#3047 = FACE_BOUND('',#3048,.F.);
#3048 = EDGE_LOOP('',(#3049,#3056,#3062,#3063));
#3049 = ORIENTED_EDGE('',*,*,#3050,.F.);
#3050 = EDGE_CURVE('',#3051,#2270,#3053,.T.);
#3051 = VERTEX_POINT('',#3052);
#3052 = CARTESIAN_POINT('',(1.2,-0.6005,0.1750001));
#3053 = B_SPLINE_CURVE_WITH_KNOTS('',1,(#3054,#3055),.UNSPECIFIED.,.F.,
  .F.,(2,2),(-0.,0.15),.PIECEWISE_BEZIER_KNOTS.);
#3054 = CARTESIAN_POINT('',(1.2,-0.6005,0.1750001));
#3055 = CARTESIAN_POINT('',(1.2,-0.6005,2.50001E-02));
#3056 = ORIENTED_EDGE('',*,*,#3057,.T.);
#3057 = EDGE_CURVE('',#3051,#3031,#3058,.T.);
#3058 = ( BOUNDED_CURVE() B_SPLINE_CURVE(2,(#3059,#3060,#3061),
.UNSPECIFIED.,.F.,.F.) B_SPLINE_CURVE_WITH_KNOTS((3,3),(1.570796326795,
3.14159265359),.PIECEWISE_BEZIER_KNOTS.) CURVE() 
GEOMETRIC_REPRESENTATION_ITEM() RATIONAL_B_SPLINE_CURVE((1.,
0.707106781187,1.)) REPRESENTATION_ITEM('') );
#3059 = CARTESIAN_POINT('',(1.2,-0.6005,0.1750001));
#3060 = CARTESIAN_POINT('',(1.1,-0.6005,0.1750001));
#3061 = CARTESIAN_POINT('',(1.1,-0.5005,0.1750001));
#3062 = ORIENTED_EDGE('',*,*,#3037,.T.);
#3063 = ORIENTED_EDGE('',*,*,#2269,.F.);
#3064 = ( BOUNDED_SURFACE() B_SPLINE_SURFACE(2,1,(
    (#3065,#3066)
    ,(#3067,#3068)
    ,(#3069,#3070
)),.UNSPECIFIED.,.F.,.F.,.F.) B_SPLINE_SURFACE_WITH_KNOTS((3,3),(2,2),(
    4.712388980385,6.28318530718),(0.,0.15),.PIECEWISE_BEZIER_KNOTS.) 
GEOMETRIC_REPRESENTATION_ITEM() RATIONAL_B_SPLINE_SURFACE((
    (1.,1.)
    ,(0.707106781187,0.707106781187)
,(1.,1.))) REPRESENTATION_ITEM('') SURFACE() );
#3065 = CARTESIAN_POINT('',(1.2,-0.6005,0.1750001));
#3066 = CARTESIAN_POINT('',(1.2,-0.6005,2.50001E-02));
#3067 = CARTESIAN_POINT('',(1.1,-0.6005,0.1750001));
#3068 = CARTESIAN_POINT('',(1.1,-0.6005,2.50001E-02));
#3069 = CARTESIAN_POINT('',(1.1,-0.5005,0.1750001));
#3070 = CARTESIAN_POINT('',(1.1,-0.5005,2.50001E-02));
#3071 = ADVANCED_FACE('',(#3072),#3082,.F.);
#3072 = FACE_BOUND('',#3073,.T.);
#3073 = EDGE_LOOP('',(#3074,#3075,#3076,#3081));
#3074 = ORIENTED_EDGE('',*,*,#2277,.T.);
#3075 = ORIENTED_EDGE('',*,*,#3050,.F.);
#3076 = ORIENTED_EDGE('',*,*,#3077,.F.);
#3077 = EDGE_CURVE('',#1681,#3051,#3078,.T.);
#3078 = B_SPLINE_CURVE_WITH_KNOTS('',1,(#3079,#3080),.UNSPECIFIED.,.F.,
  .F.,(2,2),(0.,1.3),.PIECEWISE_BEZIER_KNOTS.);
#3079 = CARTESIAN_POINT('',(2.5,-0.6005,0.1750001));
#3080 = CARTESIAN_POINT('',(1.2,-0.6005,0.1750001));
#3081 = ORIENTED_EDGE('',*,*,#1680,.T.);
#3082 = B_SPLINE_SURFACE_WITH_KNOTS('',1,1,(
    (#3083,#3084)
    ,(#3085,#3086
    )),.UNSPECIFIED.,.F.,.F.,.F.,(2,2),(2,2),(-1.3,0.),(-0.15,0.),
  .PIECEWISE_BEZIER_KNOTS.);
#3083 = CARTESIAN_POINT('',(1.2,-0.6005,2.50001E-02));
#3084 = CARTESIAN_POINT('',(1.2,-0.6005,0.1750001));
#3085 = CARTESIAN_POINT('',(2.5,-0.6005,2.50001E-02));
#3086 = CARTESIAN_POINT('',(2.5,-0.6005,0.1750001));
#3087 = ADVANCED_FACE('',(#3088),#3098,.F.);
#3088 = FACE_BOUND('',#3089,.T.);
#3089 = EDGE_LOOP('',(#3090,#3091,#3092,#3097));
#3090 = ORIENTED_EDGE('',*,*,#2247,.T.);
#3091 = ORIENTED_EDGE('',*,*,#1694,.F.);
#3092 = ORIENTED_EDGE('',*,*,#3093,.F.);
#3093 = EDGE_CURVE('',#3005,#1688,#3094,.T.);
#3094 = B_SPLINE_CURVE_WITH_KNOTS('',1,(#3095,#3096),.UNSPECIFIED.,.F.,
  .F.,(2,2),(-1.3,0.),.PIECEWISE_BEZIER_KNOTS.);
#3095 = CARTESIAN_POINT('',(1.2,0.5995,0.1750001));
#3096 = CARTESIAN_POINT('',(2.5,0.5995,0.1750001));
#3097 = ORIENTED_EDGE('',*,*,#3012,.T.);
#3098 = B_SPLINE_SURFACE_WITH_KNOTS('',1,1,(
    (#3099,#3100)
    ,(#3101,#3102
    )),.UNSPECIFIED.,.F.,.F.,.F.,(2,2),(2,2),(-0.,1.3),(-0.15,0.),
  .PIECEWISE_BEZIER_KNOTS.);
#3099 = CARTESIAN_POINT('',(2.5,0.5995,2.50001E-02));
#3100 = CARTESIAN_POINT('',(2.5,0.5995,0.1750001));
#3101 = CARTESIAN_POINT('',(1.2,0.5995,2.50001E-02));
#3102 = CARTESIAN_POINT('',(1.2,0.5995,0.1750001));
#3103 = ADVANCED_FACE('',(#3104),#3112,.T.);
#3104 = FACE_BOUND('',#3105,.T.);
#3105 = EDGE_LOOP('',(#3106,#3107,#3108,#3109,#3110,#3111));
#3106 = ORIENTED_EDGE('',*,*,#3004,.T.);
#3107 = ORIENTED_EDGE('',*,*,#3093,.T.);
#3108 = ORIENTED_EDGE('',*,*,#1687,.T.);
#3109 = ORIENTED_EDGE('',*,*,#3077,.T.);
#3110 = ORIENTED_EDGE('',*,*,#3057,.T.);
#3111 = ORIENTED_EDGE('',*,*,#3030,.T.);
#3112 = B_SPLINE_SURFACE_WITH_KNOTS('',1,1,(
    (#3113,#3114)
    ,(#3115,#3116
  )),.UNSPECIFIED.,.F.,.F.,.F.,(2,2),(2,2),(-1.3,1.E-01),(-1.1,0.1),
  .PIECEWISE_BEZIER_KNOTS.);
#3113 = CARTESIAN_POINT('',(2.5,-0.6005,0.1750001));
#3114 = CARTESIAN_POINT('',(2.5,0.5995,0.1750001));
#3115 = CARTESIAN_POINT('',(1.1,-0.6005,0.1750001));
#3116 = CARTESIAN_POINT('',(1.1,0.5995,0.1750001));
#3117 = ADVANCED_FACE('',(#3118),#3134,.F.);
#3118 = FACE_BOUND('',#3119,.T.);
#3119 = EDGE_LOOP('',(#3120,#3121,#3122,#3129));
#3120 = ORIENTED_EDGE('',*,*,#2340,.T.);
#3121 = ORIENTED_EDGE('',*,*,#2091,.F.);
#3122 = ORIENTED_EDGE('',*,*,#3123,.F.);
#3123 = EDGE_CURVE('',#3124,#2085,#3126,.T.);
#3124 = VERTEX_POINT('',#3125);
#3125 = CARTESIAN_POINT('',(-1.2,-2.2005,0.1750001));
#3126 = B_SPLINE_CURVE_WITH_KNOTS('',1,(#3127,#3128),.UNSPECIFIED.,.F.,
  .F.,(2,2),(-1.3,-0.),.PIECEWISE_BEZIER_KNOTS.);
#3127 = CARTESIAN_POINT('',(-1.2,-2.2005,0.1750001));
#3128 = CARTESIAN_POINT('',(-2.5,-2.2005,0.1750001));
#3129 = ORIENTED_EDGE('',*,*,#3130,.T.);
#3130 = EDGE_CURVE('',#3124,#2341,#3131,.T.);
#3131 = B_SPLINE_CURVE_WITH_KNOTS('',1,(#3132,#3133),.UNSPECIFIED.,.F.,
  .F.,(2,2),(-0.,0.15),.PIECEWISE_BEZIER_KNOTS.);
#3132 = CARTESIAN_POINT('',(-1.2,-2.2005,0.1750001));
#3133 = CARTESIAN_POINT('',(-1.2,-2.2005,2.50001E-02));
#3134 = B_SPLINE_SURFACE_WITH_KNOTS('',1,1,(
    (#3135,#3136)
    ,(#3137,#3138
    )),.UNSPECIFIED.,.F.,.F.,.F.,(2,2),(2,2),(0.,1.3),(-0.15,0.),
  .PIECEWISE_BEZIER_KNOTS.);
#3135 = CARTESIAN_POINT('',(-2.5,-2.2005,2.50001E-02));
#3136 = CARTESIAN_POINT('',(-2.5,-2.2005,0.1750001));
#3137 = CARTESIAN_POINT('',(-1.2,-2.2005,2.50001E-02));
#3138 = CARTESIAN_POINT('',(-1.2,-2.2005,0.1750001));
#3139 = ADVANCED_FACE('',(#3140),#3157,.F.);
#3140 = FACE_BOUND('',#3141,.F.);
#3141 = EDGE_LOOP('',(#3142,#3149,#3155,#3156));
#3142 = ORIENTED_EDGE('',*,*,#3143,.F.);
#3143 = EDGE_CURVE('',#3144,#2348,#3146,.T.);
#3144 = VERTEX_POINT('',#3145);
#3145 = CARTESIAN_POINT('',(-1.1,-2.1005,0.1750001));
#3146 = B_SPLINE_CURVE_WITH_KNOTS('',1,(#3147,#3148),.UNSPECIFIED.,.F.,
  .F.,(2,2),(-0.,0.15),.PIECEWISE_BEZIER_KNOTS.);
#3147 = CARTESIAN_POINT('',(-1.1,-2.1005,0.1750001));
#3148 = CARTESIAN_POINT('',(-1.1,-2.1005,2.50001E-02));
#3149 = ORIENTED_EDGE('',*,*,#3150,.T.);
#3150 = EDGE_CURVE('',#3144,#3124,#3151,.T.);
#3151 = ( BOUNDED_CURVE() B_SPLINE_CURVE(2,(#3152,#3153,#3154),
.UNSPECIFIED.,.F.,.F.) B_SPLINE_CURVE_WITH_KNOTS((3,3),(3.14159265359,
4.712388980385),.PIECEWISE_BEZIER_KNOTS.) CURVE() 
GEOMETRIC_REPRESENTATION_ITEM() RATIONAL_B_SPLINE_CURVE((1.,
0.707106781187,1.)) REPRESENTATION_ITEM('') );
#3152 = CARTESIAN_POINT('',(-1.1,-2.1005,0.1750001));
#3153 = CARTESIAN_POINT('',(-1.1,-2.2005,0.1750001));
#3154 = CARTESIAN_POINT('',(-1.2,-2.2005,0.1750001));
#3155 = ORIENTED_EDGE('',*,*,#3130,.T.);
#3156 = ORIENTED_EDGE('',*,*,#2347,.F.);
#3157 = ( BOUNDED_SURFACE() B_SPLINE_SURFACE(2,1,(
    (#3158,#3159)
    ,(#3160,#3161)
    ,(#3162,#3163
)),.UNSPECIFIED.,.F.,.F.,.F.) B_SPLINE_SURFACE_WITH_KNOTS((3,3),(2,2),(
    3.14159265359,4.712388980385),(0.,0.15),.PIECEWISE_BEZIER_KNOTS.) 
GEOMETRIC_REPRESENTATION_ITEM() RATIONAL_B_SPLINE_SURFACE((
    (1.,1.)
    ,(0.707106781187,0.707106781187)
,(1.,1.))) REPRESENTATION_ITEM('') SURFACE() );
#3158 = CARTESIAN_POINT('',(-1.1,-2.1005,0.1750001));
#3159 = CARTESIAN_POINT('',(-1.1,-2.1005,2.50001E-02));
#3160 = CARTESIAN_POINT('',(-1.1,-2.2005,0.1750001));
#3161 = CARTESIAN_POINT('',(-1.1,-2.2005,2.50001E-02));
#3162 = CARTESIAN_POINT('',(-1.2,-2.2005,0.1750001));
#3163 = CARTESIAN_POINT('',(-1.2,-2.2005,2.50001E-02));
#3164 = ADVANCED_FACE('',(#3165),#3181,.F.);
#3165 = FACE_BOUND('',#3166,.T.);
#3166 = EDGE_LOOP('',(#3167,#3168,#3169,#3176));
#3167 = ORIENTED_EDGE('',*,*,#2355,.T.);
#3168 = ORIENTED_EDGE('',*,*,#3143,.F.);
#3169 = ORIENTED_EDGE('',*,*,#3170,.F.);
#3170 = EDGE_CURVE('',#3171,#3144,#3173,.T.);
#3171 = VERTEX_POINT('',#3172);
#3172 = CARTESIAN_POINT('',(-1.1,-1.1005,0.1750001));
#3173 = B_SPLINE_CURVE_WITH_KNOTS('',1,(#3174,#3175),.UNSPECIFIED.,.F.,
  .F.,(2,2),(0.,1.),.PIECEWISE_BEZIER_KNOTS.);
#3174 = CARTESIAN_POINT('',(-1.1,-1.1005,0.1750001));
#3175 = CARTESIAN_POINT('',(-1.1,-2.1005,0.1750001));
#3176 = ORIENTED_EDGE('',*,*,#3177,.T.);
#3177 = EDGE_CURVE('',#3171,#2356,#3178,.T.);
#3178 = B_SPLINE_CURVE_WITH_KNOTS('',1,(#3179,#3180),.UNSPECIFIED.,.F.,
  .F.,(2,2),(-0.,0.15),.PIECEWISE_BEZIER_KNOTS.);
#3179 = CARTESIAN_POINT('',(-1.1,-1.1005,0.1750001));
#3180 = CARTESIAN_POINT('',(-1.1,-1.1005,2.50001E-02));
#3181 = B_SPLINE_SURFACE_WITH_KNOTS('',1,1,(
    (#3182,#3183)
    ,(#3184,#3185
    )),.UNSPECIFIED.,.F.,.F.,.F.,(2,2),(2,2),(-1.,0.),(-0.15,0.),
  .PIECEWISE_BEZIER_KNOTS.);
#3182 = CARTESIAN_POINT('',(-1.1,-2.1005,2.50001E-02));
#3183 = CARTESIAN_POINT('',(-1.1,-2.1005,0.1750001));
#3184 = CARTESIAN_POINT('',(-1.1,-1.1005,2.50001E-02));
#3185 = CARTESIAN_POINT('',(-1.1,-1.1005,0.1750001));
#3186 = ADVANCED_FACE('',(#3187),#3198,.F.);
#3187 = FACE_BOUND('',#3188,.F.);
#3188 = EDGE_LOOP('',(#3189,#3190,#3196,#3197));
#3189 = ORIENTED_EDGE('',*,*,#1545,.F.);
#3190 = ORIENTED_EDGE('',*,*,#3191,.T.);
#3191 = EDGE_CURVE('',#1546,#3171,#3192,.T.);
#3192 = ( BOUNDED_CURVE() B_SPLINE_CURVE(2,(#3193,#3194,#3195),
.UNSPECIFIED.,.F.,.F.) B_SPLINE_CURVE_WITH_KNOTS((3,3),(4.712388980385,
6.28318530718),.PIECEWISE_BEZIER_KNOTS.) CURVE() 
GEOMETRIC_REPRESENTATION_ITEM() RATIONAL_B_SPLINE_CURVE((1.,
0.707106781187,1.)) REPRESENTATION_ITEM('') );
#3193 = CARTESIAN_POINT('',(-1.2,-1.0005,0.1750001));
#3194 = CARTESIAN_POINT('',(-1.1,-1.0005,0.1750001));
#3195 = CARTESIAN_POINT('',(-1.1,-1.1005,0.1750001));
#3196 = ORIENTED_EDGE('',*,*,#3177,.T.);
#3197 = ORIENTED_EDGE('',*,*,#2362,.F.);
#3198 = ( BOUNDED_SURFACE() B_SPLINE_SURFACE(2,1,(
    (#3199,#3200)
    ,(#3201,#3202)
    ,(#3203,#3204
)),.UNSPECIFIED.,.F.,.F.,.F.) B_SPLINE_SURFACE_WITH_KNOTS((3,3),(2,2),(
    1.570796326795,3.14159265359),(0.,0.15),.PIECEWISE_BEZIER_KNOTS.) 
GEOMETRIC_REPRESENTATION_ITEM() RATIONAL_B_SPLINE_SURFACE((
    (1.,1.)
    ,(0.707106781187,0.707106781187)
,(1.,1.))) REPRESENTATION_ITEM('') SURFACE() );
#3199 = CARTESIAN_POINT('',(-1.2,-1.0005,0.1750001));
#3200 = CARTESIAN_POINT('',(-1.2,-1.0005,2.50001E-02));
#3201 = CARTESIAN_POINT('',(-1.1,-1.0005,0.1750001));
#3202 = CARTESIAN_POINT('',(-1.1,-1.0005,2.50001E-02));
#3203 = CARTESIAN_POINT('',(-1.1,-1.1005,0.1750001));
#3204 = CARTESIAN_POINT('',(-1.1,-1.1005,2.50001E-02));
#3205 = ADVANCED_FACE('',(#3206),#3214,.F.);
#3206 = FACE_BOUND('',#3207,.T.);
#3207 = EDGE_LOOP('',(#3208,#3209,#3210,#3211,#3212,#3213));
#3208 = ORIENTED_EDGE('',*,*,#1552,.T.);
#3209 = ORIENTED_EDGE('',*,*,#3191,.T.);
#3210 = ORIENTED_EDGE('',*,*,#3170,.T.);
#3211 = ORIENTED_EDGE('',*,*,#3150,.T.);
#3212 = ORIENTED_EDGE('',*,*,#3123,.T.);
#3213 = ORIENTED_EDGE('',*,*,#2084,.T.);
#3214 = B_SPLINE_SURFACE_WITH_KNOTS('',1,1,(
    (#3215,#3216)
    ,(#3217,#3218
  )),.UNSPECIFIED.,.F.,.F.,.F.,(2,2),(2,2),(-1.3,1.E-01),(-1.1,1.E-01),
  .PIECEWISE_BEZIER_KNOTS.);
#3215 = CARTESIAN_POINT('',(-2.5,-2.2005,0.1750001));
#3216 = CARTESIAN_POINT('',(-2.5,-1.0005,0.1750001));
#3217 = CARTESIAN_POINT('',(-1.1,-2.2005,0.1750001));
#3218 = CARTESIAN_POINT('',(-1.1,-1.0005,0.1750001));
#3219 = ADVANCED_FACE('',(#3220),#3249,.F.);
#3220 = FACE_BOUND('',#3221,.T.);
#3221 = EDGE_LOOP('',(#3222,#3229,#3230,#3237,#3244));
#3222 = ORIENTED_EDGE('',*,*,#3223,.T.);
#3223 = EDGE_CURVE('',#3224,#1573,#3226,.T.);
#3224 = VERTEX_POINT('',#3225);
#3225 = CARTESIAN_POINT('',(-2.525,0.9995,0.1500001));
#3226 = B_SPLINE_CURVE_WITH_KNOTS('',1,(#3227,#3228),.UNSPECIFIED.,.F.,
  .F.,(2,2),(0.,2.5E-02),.PIECEWISE_BEZIER_KNOTS.);
#3227 = CARTESIAN_POINT('',(-2.525,0.9995,0.1500001));
#3228 = CARTESIAN_POINT('',(-2.5,0.9995,0.1500001));
#3229 = ORIENTED_EDGE('',*,*,#1572,.T.);
#3230 = ORIENTED_EDGE('',*,*,#3231,.F.);
#3231 = EDGE_CURVE('',#3232,#1575,#3234,.T.);
#3232 = VERTEX_POINT('',#3233);
#3233 = CARTESIAN_POINT('',(-1.3,1.9995,0.1500001));
#3234 = B_SPLINE_CURVE_WITH_KNOTS('',1,(#3235,#3236),.UNSPECIFIED.,.F.,
  .F.,(2,2),(-0.,1.),.PIECEWISE_BEZIER_KNOTS.);
#3235 = CARTESIAN_POINT('',(-1.3,1.9995,0.1500001));
#3236 = CARTESIAN_POINT('',(-1.3,0.9995,0.1500001));
#3237 = ORIENTED_EDGE('',*,*,#3238,.F.);
#3238 = EDGE_CURVE('',#3239,#3232,#3241,.T.);
#3239 = VERTEX_POINT('',#3240);
#3240 = CARTESIAN_POINT('',(-2.525,1.9995,0.1500001));
#3241 = B_SPLINE_CURVE_WITH_KNOTS('',1,(#3242,#3243),.UNSPECIFIED.,.F.,
  .F.,(2,2),(0.,1.225),.PIECEWISE_BEZIER_KNOTS.);
#3242 = CARTESIAN_POINT('',(-2.525,1.9995,0.1500001));
#3243 = CARTESIAN_POINT('',(-1.3,1.9995,0.1500001));
#3244 = ORIENTED_EDGE('',*,*,#3245,.T.);
#3245 = EDGE_CURVE('',#3239,#3224,#3246,.T.);
#3246 = B_SPLINE_CURVE_WITH_KNOTS('',1,(#3247,#3248),.UNSPECIFIED.,.F.,
  .F.,(2,2),(-0.,1.),.PIECEWISE_BEZIER_KNOTS.);
#3247 = CARTESIAN_POINT('',(-2.525,1.9995,0.1500001));
#3248 = CARTESIAN_POINT('',(-2.525,0.9995,0.1500001));
#3249 = B_SPLINE_SURFACE_WITH_KNOTS('',1,1,(
    (#3250,#3251)
    ,(#3252,#3253
    )),.UNSPECIFIED.,.F.,.F.,.F.,(2,2),(2,2),(-1.225,0.),(-1.,0.),
  .PIECEWISE_BEZIER_KNOTS.);
#3250 = CARTESIAN_POINT('',(-1.3,0.9995,0.1500001));
#3251 = CARTESIAN_POINT('',(-1.3,1.9995,0.1500001));
#3252 = CARTESIAN_POINT('',(-2.525,0.9995,0.1500001));
#3253 = CARTESIAN_POINT('',(-2.525,1.9995,0.1500001));
#3254 = ADVANCED_FACE('',(#3255),#3278,.T.);
#3255 = FACE_BOUND('',#3256,.T.);
#3256 = EDGE_LOOP('',(#3257,#3264,#3271,#3276,#3277));
#3257 = ORIENTED_EDGE('',*,*,#3258,.F.);
#3258 = EDGE_CURVE('',#3259,#1603,#3261,.T.);
#3259 = VERTEX_POINT('',#3260);
#3260 = CARTESIAN_POINT('',(-1.3,0.9995,1.000000000584E-07));
#3261 = B_SPLINE_CURVE_WITH_KNOTS('',1,(#3262,#3263),.UNSPECIFIED.,.F.,
  .F.,(2,2),(0.,2.5E-02),.PIECEWISE_BEZIER_KNOTS.);
#3262 = CARTESIAN_POINT('',(-1.3,0.9995,1.000000000584E-07));
#3263 = CARTESIAN_POINT('',(-1.3,0.9995,2.50001E-02));
#3264 = ORIENTED_EDGE('',*,*,#3265,.F.);
#3265 = EDGE_CURVE('',#3266,#3259,#3268,.T.);
#3266 = VERTEX_POINT('',#3267);
#3267 = CARTESIAN_POINT('',(-1.3,1.9995,1.000000000584E-07));
#3268 = B_SPLINE_CURVE_WITH_KNOTS('',1,(#3269,#3270),.UNSPECIFIED.,.F.,
  .F.,(2,2),(-0.,1.),.PIECEWISE_BEZIER_KNOTS.);
#3269 = CARTESIAN_POINT('',(-1.3,1.9995,1.000000000584E-07));
#3270 = CARTESIAN_POINT('',(-1.3,0.9995,1.000000000584E-07));
#3271 = ORIENTED_EDGE('',*,*,#3272,.T.);
#3272 = EDGE_CURVE('',#3266,#3232,#3273,.T.);
#3273 = B_SPLINE_CURVE_WITH_KNOTS('',1,(#3274,#3275),.UNSPECIFIED.,.F.,
  .F.,(2,2),(0.,0.15),.PIECEWISE_BEZIER_KNOTS.);
#3274 = CARTESIAN_POINT('',(-1.3,1.9995,1.000000000584E-07));
#3275 = CARTESIAN_POINT('',(-1.3,1.9995,0.1500001));
#3276 = ORIENTED_EDGE('',*,*,#3231,.T.);
#3277 = ORIENTED_EDGE('',*,*,#1609,.F.);
#3278 = B_SPLINE_SURFACE_WITH_KNOTS('',1,1,(
    (#3279,#3280)
    ,(#3281,#3282
    )),.UNSPECIFIED.,.F.,.F.,.F.,(2,2),(2,2),(-0.15,0.),(-1.,0.),
  .PIECEWISE_BEZIER_KNOTS.);
#3279 = CARTESIAN_POINT('',(-1.3,0.9995,0.1500001));
#3280 = CARTESIAN_POINT('',(-1.3,1.9995,0.1500001));
#3281 = CARTESIAN_POINT('',(-1.3,0.9995,1.000000000584E-07));
#3282 = CARTESIAN_POINT('',(-1.3,1.9995,1.000000000584E-07));
#3283 = ADVANCED_FACE('',(#3284),#3306,.T.);
#3284 = FACE_BOUND('',#3285,.T.);
#3285 = EDGE_LOOP('',(#3286,#3293,#3300,#3305));
#3286 = ORIENTED_EDGE('',*,*,#3287,.F.);
#3287 = EDGE_CURVE('',#3288,#3259,#3290,.T.);
#3288 = VERTEX_POINT('',#3289);
#3289 = CARTESIAN_POINT('',(-2.525,0.9995,1.000000000584E-07));
#3290 = B_SPLINE_CURVE_WITH_KNOTS('',1,(#3291,#3292),.UNSPECIFIED.,.F.,
  .F.,(2,2),(0.,1.225),.PIECEWISE_BEZIER_KNOTS.);
#3291 = CARTESIAN_POINT('',(-2.525,0.9995,1.000000000584E-07));
#3292 = CARTESIAN_POINT('',(-1.3,0.9995,1.000000000584E-07));
#3293 = ORIENTED_EDGE('',*,*,#3294,.F.);
#3294 = EDGE_CURVE('',#3295,#3288,#3297,.T.);
#3295 = VERTEX_POINT('',#3296);
#3296 = CARTESIAN_POINT('',(-2.525,1.9995,1.000000000584E-07));
#3297 = B_SPLINE_CURVE_WITH_KNOTS('',1,(#3298,#3299),.UNSPECIFIED.,.F.,
  .F.,(2,2),(-0.,1.),.PIECEWISE_BEZIER_KNOTS.);
#3298 = CARTESIAN_POINT('',(-2.525,1.9995,1.000000000584E-07));
#3299 = CARTESIAN_POINT('',(-2.525,0.9995,1.000000000584E-07));
#3300 = ORIENTED_EDGE('',*,*,#3301,.T.);
#3301 = EDGE_CURVE('',#3295,#3266,#3302,.T.);
#3302 = B_SPLINE_CURVE_WITH_KNOTS('',1,(#3303,#3304),.UNSPECIFIED.,.F.,
  .F.,(2,2),(0.,1.225),.PIECEWISE_BEZIER_KNOTS.);
#3303 = CARTESIAN_POINT('',(-2.525,1.9995,1.000000000584E-07));
#3304 = CARTESIAN_POINT('',(-1.3,1.9995,1.000000000584E-07));
#3305 = ORIENTED_EDGE('',*,*,#3265,.T.);
#3306 = B_SPLINE_SURFACE_WITH_KNOTS('',1,1,(
    (#3307,#3308)
    ,(#3309,#3310
    )),.UNSPECIFIED.,.F.,.F.,.F.,(2,2),(2,2),(-1.225,0.),(-1.,0.),
  .PIECEWISE_BEZIER_KNOTS.);
#3307 = CARTESIAN_POINT('',(-1.3,0.9995,1.000000000584E-07));
#3308 = CARTESIAN_POINT('',(-1.3,1.9995,1.000000000584E-07));
#3309 = CARTESIAN_POINT('',(-2.525,0.9995,1.000000000584E-07));
#3310 = CARTESIAN_POINT('',(-2.525,1.9995,1.000000000584E-07));
#3311 = ADVANCED_FACE('',(#3312),#3336,.T.);
#3312 = FACE_BOUND('',#3313,.T.);
#3313 = EDGE_LOOP('',(#3314,#3322,#3329,#3335));
#3314 = ORIENTED_EDGE('',*,*,#3315,.F.);
#3315 = EDGE_CURVE('',#3316,#3288,#3318,.T.);
#3316 = VERTEX_POINT('',#3317);
#3317 = CARTESIAN_POINT('',(-2.7,0.9995,0.1750001));
#3318 = ( BOUNDED_CURVE() B_SPLINE_CURVE(2,(#3319,#3320,#3321),
.UNSPECIFIED.,.F.,.F.) B_SPLINE_CURVE_WITH_KNOTS((3,3),(3.14159265359,
4.712388980385),.PIECEWISE_BEZIER_KNOTS.) CURVE() 
GEOMETRIC_REPRESENTATION_ITEM() RATIONAL_B_SPLINE_CURVE((1.,
0.707106781187,1.)) REPRESENTATION_ITEM('') );
#3319 = CARTESIAN_POINT('',(-2.7,0.9995,0.1750001));
#3320 = CARTESIAN_POINT('',(-2.7,0.9995,1.000000002804E-07));
#3321 = CARTESIAN_POINT('',(-2.525,0.9995,1.000000002804E-07));
#3322 = ORIENTED_EDGE('',*,*,#3323,.F.);
#3323 = EDGE_CURVE('',#3324,#3316,#3326,.T.);
#3324 = VERTEX_POINT('',#3325);
#3325 = CARTESIAN_POINT('',(-2.7,1.9995,0.1750001));
#3326 = B_SPLINE_CURVE_WITH_KNOTS('',1,(#3327,#3328),.UNSPECIFIED.,.F.,
  .F.,(2,2),(-0.,1.),.PIECEWISE_BEZIER_KNOTS.);
#3327 = CARTESIAN_POINT('',(-2.7,1.9995,0.1750001));
#3328 = CARTESIAN_POINT('',(-2.7,0.9995,0.1750001));
#3329 = ORIENTED_EDGE('',*,*,#3330,.T.);
#3330 = EDGE_CURVE('',#3324,#3295,#3331,.T.);
#3331 = ( BOUNDED_CURVE() B_SPLINE_CURVE(2,(#3332,#3333,#3334),
.UNSPECIFIED.,.F.,.F.) B_SPLINE_CURVE_WITH_KNOTS((3,3),(3.14159265359,
4.712388980385),.PIECEWISE_BEZIER_KNOTS.) CURVE() 
GEOMETRIC_REPRESENTATION_ITEM() RATIONAL_B_SPLINE_CURVE((1.,
0.707106781187,1.)) REPRESENTATION_ITEM('') );
#3332 = CARTESIAN_POINT('',(-2.7,1.9995,0.1750001));
#3333 = CARTESIAN_POINT('',(-2.7,1.9995,1.000000002804E-07));
#3334 = CARTESIAN_POINT('',(-2.525,1.9995,1.000000002804E-07));
#3335 = ORIENTED_EDGE('',*,*,#3294,.T.);
#3336 = ( BOUNDED_SURFACE() B_SPLINE_SURFACE(2,1,(
    (#3337,#3338)
    ,(#3339,#3340)
    ,(#3341,#3342
)),.UNSPECIFIED.,.F.,.F.,.F.) B_SPLINE_SURFACE_WITH_KNOTS((3,3),(2,2),(
    4.712388980385,6.28318530718),(0.,1.),.PIECEWISE_BEZIER_KNOTS.) 
GEOMETRIC_REPRESENTATION_ITEM() RATIONAL_B_SPLINE_SURFACE((
    (1.,1.)
    ,(0.707106781187,0.707106781187)
,(1.,1.))) REPRESENTATION_ITEM('') SURFACE() );
#3337 = CARTESIAN_POINT('',(-2.7,1.9995,0.1750001));
#3338 = CARTESIAN_POINT('',(-2.7,0.9995,0.1750001));
#3339 = CARTESIAN_POINT('',(-2.7,1.9995,1.000000000584E-07));
#3340 = CARTESIAN_POINT('',(-2.7,0.9995,1.000000000584E-07));
#3341 = CARTESIAN_POINT('',(-2.525,1.9995,1.000000000584E-07));
#3342 = CARTESIAN_POINT('',(-2.525,0.9995,1.000000000584E-07));
#3343 = ADVANCED_FACE('',(#3344),#3366,.T.);
#3344 = FACE_BOUND('',#3345,.T.);
#3345 = EDGE_LOOP('',(#3346,#3353,#3360,#3365));
#3346 = ORIENTED_EDGE('',*,*,#3347,.F.);
#3347 = EDGE_CURVE('',#3348,#3316,#3350,.T.);
#3348 = VERTEX_POINT('',#3349);
#3349 = CARTESIAN_POINT('',(-2.7,0.9995,0.7250001));
#3350 = B_SPLINE_CURVE_WITH_KNOTS('',1,(#3351,#3352),.UNSPECIFIED.,.F.,
  .F.,(2,2),(0.,0.55),.PIECEWISE_BEZIER_KNOTS.);
#3351 = CARTESIAN_POINT('',(-2.7,0.9995,0.7250001));
#3352 = CARTESIAN_POINT('',(-2.7,0.9995,0.1750001));
#3353 = ORIENTED_EDGE('',*,*,#3354,.F.);
#3354 = EDGE_CURVE('',#3355,#3348,#3357,.T.);
#3355 = VERTEX_POINT('',#3356);
#3356 = CARTESIAN_POINT('',(-2.7,1.9995,0.7250001));
#3357 = B_SPLINE_CURVE_WITH_KNOTS('',1,(#3358,#3359),.UNSPECIFIED.,.F.,
  .F.,(2,2),(-0.,1.),.PIECEWISE_BEZIER_KNOTS.);
#3358 = CARTESIAN_POINT('',(-2.7,1.9995,0.7250001));
#3359 = CARTESIAN_POINT('',(-2.7,0.9995,0.7250001));
#3360 = ORIENTED_EDGE('',*,*,#3361,.T.);
#3361 = EDGE_CURVE('',#3355,#3324,#3362,.T.);
#3362 = B_SPLINE_CURVE_WITH_KNOTS('',1,(#3363,#3364),.UNSPECIFIED.,.F.,
  .F.,(2,2),(0.,0.55),.PIECEWISE_BEZIER_KNOTS.);
#3363 = CARTESIAN_POINT('',(-2.7,1.9995,0.7250001));
#3364 = CARTESIAN_POINT('',(-2.7,1.9995,0.1750001));
#3365 = ORIENTED_EDGE('',*,*,#3323,.T.);
#3366 = B_SPLINE_SURFACE_WITH_KNOTS('',1,1,(
    (#3367,#3368)
    ,(#3369,#3370
    )),.UNSPECIFIED.,.F.,.F.,.F.,(2,2),(2,2),(-0.55,0.),(-1.,0.),
  .PIECEWISE_BEZIER_KNOTS.);
#3367 = CARTESIAN_POINT('',(-2.7,0.9995,0.1750001));
#3368 = CARTESIAN_POINT('',(-2.7,1.9995,0.1750001));
#3369 = CARTESIAN_POINT('',(-2.7,0.9995,0.7250001));
#3370 = CARTESIAN_POINT('',(-2.7,1.9995,0.7250001));
#3371 = ADVANCED_FACE('',(#3372),#3396,.T.);
#3372 = FACE_BOUND('',#3373,.T.);
#3373 = EDGE_LOOP('',(#3374,#3382,#3389,#3395));
#3374 = ORIENTED_EDGE('',*,*,#3375,.F.);
#3375 = EDGE_CURVE('',#3376,#3348,#3378,.T.);
#3376 = VERTEX_POINT('',#3377);
#3377 = CARTESIAN_POINT('',(-2.525,0.9995,0.9000001));
#3378 = ( BOUNDED_CURVE() B_SPLINE_CURVE(2,(#3379,#3380,#3381),
.UNSPECIFIED.,.F.,.F.) B_SPLINE_CURVE_WITH_KNOTS((3,3),(1.570796326795,
3.14159265359),.PIECEWISE_BEZIER_KNOTS.) CURVE() 
GEOMETRIC_REPRESENTATION_ITEM() RATIONAL_B_SPLINE_CURVE((1.,
0.707106781187,1.)) REPRESENTATION_ITEM('') );
#3379 = CARTESIAN_POINT('',(-2.525,0.9995,0.9000001));
#3380 = CARTESIAN_POINT('',(-2.7,0.9995,0.9000001));
#3381 = CARTESIAN_POINT('',(-2.7,0.9995,0.7250001));
#3382 = ORIENTED_EDGE('',*,*,#3383,.F.);
#3383 = EDGE_CURVE('',#3384,#3376,#3386,.T.);
#3384 = VERTEX_POINT('',#3385);
#3385 = CARTESIAN_POINT('',(-2.525,1.9995,0.9000001));
#3386 = B_SPLINE_CURVE_WITH_KNOTS('',1,(#3387,#3388),.UNSPECIFIED.,.F.,
  .F.,(2,2),(-0.,1.),.PIECEWISE_BEZIER_KNOTS.);
#3387 = CARTESIAN_POINT('',(-2.525,1.9995,0.9000001));
#3388 = CARTESIAN_POINT('',(-2.525,0.9995,0.9000001));
#3389 = ORIENTED_EDGE('',*,*,#3390,.T.);
#3390 = EDGE_CURVE('',#3384,#3355,#3391,.T.);
#3391 = ( BOUNDED_CURVE() B_SPLINE_CURVE(2,(#3392,#3393,#3394),
.UNSPECIFIED.,.F.,.F.) B_SPLINE_CURVE_WITH_KNOTS((3,3),(1.570796326795,
3.14159265359),.PIECEWISE_BEZIER_KNOTS.) CURVE() 
GEOMETRIC_REPRESENTATION_ITEM() RATIONAL_B_SPLINE_CURVE((1.,
0.707106781187,1.)) REPRESENTATION_ITEM('') );
#3392 = CARTESIAN_POINT('',(-2.525,1.9995,0.9000001));
#3393 = CARTESIAN_POINT('',(-2.7,1.9995,0.9000001));
#3394 = CARTESIAN_POINT('',(-2.7,1.9995,0.7250001));
#3395 = ORIENTED_EDGE('',*,*,#3354,.T.);
#3396 = ( BOUNDED_SURFACE() B_SPLINE_SURFACE(2,1,(
    (#3397,#3398)
    ,(#3399,#3400)
    ,(#3401,#3402
)),.UNSPECIFIED.,.F.,.F.,.F.) B_SPLINE_SURFACE_WITH_KNOTS((3,3),(2,2),(
    3.14159265359,4.712388980385),(0.,1.),.PIECEWISE_BEZIER_KNOTS.) 
GEOMETRIC_REPRESENTATION_ITEM() RATIONAL_B_SPLINE_SURFACE((
    (1.,1.)
    ,(0.707106781187,0.707106781187)
,(1.,1.))) REPRESENTATION_ITEM('') SURFACE() );
#3397 = CARTESIAN_POINT('',(-2.525,1.9995,0.9000001));
#3398 = CARTESIAN_POINT('',(-2.525,0.9995,0.9000001));
#3399 = CARTESIAN_POINT('',(-2.7,1.9995,0.9000001));
#3400 = CARTESIAN_POINT('',(-2.7,0.9995,0.9000001));
#3401 = CARTESIAN_POINT('',(-2.7,1.9995,0.7250001));
#3402 = CARTESIAN_POINT('',(-2.7,0.9995,0.7250001));
#3403 = ADVANCED_FACE('',(#3404),#3418,.T.);
#3404 = FACE_BOUND('',#3405,.T.);
#3405 = EDGE_LOOP('',(#3406,#3411,#3412,#3417));
#3406 = ORIENTED_EDGE('',*,*,#3407,.F.);
#3407 = EDGE_CURVE('',#1980,#3376,#3408,.T.);
#3408 = B_SPLINE_CURVE_WITH_KNOTS('',1,(#3409,#3410),.UNSPECIFIED.,.F.,
  .F.,(2,2),(0.,2.5E-02),.PIECEWISE_BEZIER_KNOTS.);
#3409 = CARTESIAN_POINT('',(-2.5,0.9995,0.9000001));
#3410 = CARTESIAN_POINT('',(-2.525,0.9995,0.9000001));
#3411 = ORIENTED_EDGE('',*,*,#1979,.F.);
#3412 = ORIENTED_EDGE('',*,*,#3413,.T.);
#3413 = EDGE_CURVE('',#1973,#3384,#3414,.T.);
#3414 = B_SPLINE_CURVE_WITH_KNOTS('',1,(#3415,#3416),.UNSPECIFIED.,.F.,
  .F.,(2,2),(0.,2.5E-02),.PIECEWISE_BEZIER_KNOTS.);
#3415 = CARTESIAN_POINT('',(-2.5,1.9995,0.9000001));
#3416 = CARTESIAN_POINT('',(-2.525,1.9995,0.9000001));
#3417 = ORIENTED_EDGE('',*,*,#3383,.T.);
#3418 = B_SPLINE_SURFACE_WITH_KNOTS('',1,1,(
    (#3419,#3420)
    ,(#3421,#3422
  )),.UNSPECIFIED.,.F.,.F.,.F.,(2,2),(2,2),(-2.5E-02,0.),(-1.,0.),
  .PIECEWISE_BEZIER_KNOTS.);
#3419 = CARTESIAN_POINT('',(-2.525,0.9995,0.9000001));
#3420 = CARTESIAN_POINT('',(-2.525,1.9995,0.9000001));
#3421 = CARTESIAN_POINT('',(-2.5,0.9995,0.9000001));
#3422 = CARTESIAN_POINT('',(-2.5,1.9995,0.9000001));
#3423 = ADVANCED_FACE('',(#3424),#3446,.F.);
#3424 = FACE_BOUND('',#3425,.T.);
#3425 = EDGE_LOOP('',(#3426,#3433,#3440,#3445));
#3426 = ORIENTED_EDGE('',*,*,#3427,.T.);
#3427 = EDGE_CURVE('',#1987,#3428,#3430,.T.);
#3428 = VERTEX_POINT('',#3429);
#3429 = CARTESIAN_POINT('',(-2.525,0.9995,0.7500001));
#3430 = B_SPLINE_CURVE_WITH_KNOTS('',1,(#3431,#3432),.UNSPECIFIED.,.F.,
  .F.,(2,2),(8.881784197001E-16,2.5E-02),.PIECEWISE_BEZIER_KNOTS.);
#3431 = CARTESIAN_POINT('',(-2.5,0.9995,0.7500001));
#3432 = CARTESIAN_POINT('',(-2.525,0.9995,0.7500001));
#3433 = ORIENTED_EDGE('',*,*,#3434,.F.);
#3434 = EDGE_CURVE('',#3435,#3428,#3437,.T.);
#3435 = VERTEX_POINT('',#3436);
#3436 = CARTESIAN_POINT('',(-2.525,1.9995,0.7500001));
#3437 = B_SPLINE_CURVE_WITH_KNOTS('',1,(#3438,#3439),.UNSPECIFIED.,.F.,
  .F.,(2,2),(-0.,1.),.PIECEWISE_BEZIER_KNOTS.);
#3438 = CARTESIAN_POINT('',(-2.525,1.9995,0.7500001));
#3439 = CARTESIAN_POINT('',(-2.525,0.9995,0.7500001));
#3440 = ORIENTED_EDGE('',*,*,#3441,.F.);
#3441 = EDGE_CURVE('',#1971,#3435,#3442,.T.);
#3442 = B_SPLINE_CURVE_WITH_KNOTS('',1,(#3443,#3444),.UNSPECIFIED.,.F.,
  .F.,(2,2),(0.,2.5E-02),.PIECEWISE_BEZIER_KNOTS.);
#3443 = CARTESIAN_POINT('',(-2.5,1.9995,0.7500001));
#3444 = CARTESIAN_POINT('',(-2.525,1.9995,0.7500001));
#3445 = ORIENTED_EDGE('',*,*,#1993,.T.);
#3446 = B_SPLINE_SURFACE_WITH_KNOTS('',1,1,(
    (#3447,#3448)
    ,(#3449,#3450
  )),.UNSPECIFIED.,.F.,.F.,.F.,(2,2),(2,2),(-2.5E-02,0.),(-1.,0.),
  .PIECEWISE_BEZIER_KNOTS.);
#3447 = CARTESIAN_POINT('',(-2.525,0.9995,0.7500001));
#3448 = CARTESIAN_POINT('',(-2.525,1.9995,0.7500001));
#3449 = CARTESIAN_POINT('',(-2.5,0.9995,0.7500001));
#3450 = CARTESIAN_POINT('',(-2.5,1.9995,0.7500001));
#3451 = ADVANCED_FACE('',(#3452),#3476,.F.);
#3452 = FACE_BOUND('',#3453,.F.);
#3453 = EDGE_LOOP('',(#3454,#3455,#3463,#3470));
#3454 = ORIENTED_EDGE('',*,*,#3434,.F.);
#3455 = ORIENTED_EDGE('',*,*,#3456,.T.);
#3456 = EDGE_CURVE('',#3435,#3457,#3459,.T.);
#3457 = VERTEX_POINT('',#3458);
#3458 = CARTESIAN_POINT('',(-2.55,1.9995,0.7250001));
#3459 = ( BOUNDED_CURVE() B_SPLINE_CURVE(2,(#3460,#3461,#3462),
.UNSPECIFIED.,.F.,.F.) B_SPLINE_CURVE_WITH_KNOTS((3,3),(1.570796326795,
3.14159265359),.PIECEWISE_BEZIER_KNOTS.) CURVE() 
GEOMETRIC_REPRESENTATION_ITEM() RATIONAL_B_SPLINE_CURVE((1.,
0.707106781187,1.)) REPRESENTATION_ITEM('') );
#3460 = CARTESIAN_POINT('',(-2.525,1.9995,0.7500001));
#3461 = CARTESIAN_POINT('',(-2.55,1.9995,0.7500001));
#3462 = CARTESIAN_POINT('',(-2.55,1.9995,0.7250001));
#3463 = ORIENTED_EDGE('',*,*,#3464,.T.);
#3464 = EDGE_CURVE('',#3457,#3465,#3467,.T.);
#3465 = VERTEX_POINT('',#3466);
#3466 = CARTESIAN_POINT('',(-2.55,0.9995,0.7250001));
#3467 = B_SPLINE_CURVE_WITH_KNOTS('',1,(#3468,#3469),.UNSPECIFIED.,.F.,
  .F.,(2,2),(-0.,1.),.PIECEWISE_BEZIER_KNOTS.);
#3468 = CARTESIAN_POINT('',(-2.55,1.9995,0.7250001));
#3469 = CARTESIAN_POINT('',(-2.55,0.9995,0.7250001));
#3470 = ORIENTED_EDGE('',*,*,#3471,.F.);
#3471 = EDGE_CURVE('',#3428,#3465,#3472,.T.);
#3472 = ( BOUNDED_CURVE() B_SPLINE_CURVE(2,(#3473,#3474,#3475),
.UNSPECIFIED.,.F.,.F.) B_SPLINE_CURVE_WITH_KNOTS((3,3),(1.570796326795,
3.14159265359),.PIECEWISE_BEZIER_KNOTS.) CURVE() 
GEOMETRIC_REPRESENTATION_ITEM() RATIONAL_B_SPLINE_CURVE((1.,
0.707106781187,1.)) REPRESENTATION_ITEM('') );
#3473 = CARTESIAN_POINT('',(-2.525,0.9995,0.7500001));
#3474 = CARTESIAN_POINT('',(-2.55,0.9995,0.7500001));
#3475 = CARTESIAN_POINT('',(-2.55,0.9995,0.7250001));
#3476 = ( BOUNDED_SURFACE() B_SPLINE_SURFACE(2,1,(
    (#3477,#3478)
    ,(#3479,#3480)
    ,(#3481,#3482
)),.UNSPECIFIED.,.F.,.F.,.F.) B_SPLINE_SURFACE_WITH_KNOTS((3,3),(2,2),(
    3.14159265359,4.712388980385),(0.,1.),.PIECEWISE_BEZIER_KNOTS.) 
GEOMETRIC_REPRESENTATION_ITEM() RATIONAL_B_SPLINE_SURFACE((
    (1.,1.)
    ,(0.707106781187,0.707106781187)
,(1.,1.))) REPRESENTATION_ITEM('') SURFACE() );
#3477 = CARTESIAN_POINT('',(-2.525,1.9995,0.7500001));
#3478 = CARTESIAN_POINT('',(-2.525,0.9995,0.7500001));
#3479 = CARTESIAN_POINT('',(-2.55,1.9995,0.7500001));
#3480 = CARTESIAN_POINT('',(-2.55,0.9995,0.7500001));
#3481 = CARTESIAN_POINT('',(-2.55,1.9995,0.7250001));
#3482 = CARTESIAN_POINT('',(-2.55,0.9995,0.7250001));
#3483 = ADVANCED_FACE('',(#3484),#3506,.F.);
#3484 = FACE_BOUND('',#3485,.T.);
#3485 = EDGE_LOOP('',(#3486,#3493,#3500,#3505));
#3486 = ORIENTED_EDGE('',*,*,#3487,.T.);
#3487 = EDGE_CURVE('',#3465,#3488,#3490,.T.);
#3488 = VERTEX_POINT('',#3489);
#3489 = CARTESIAN_POINT('',(-2.55,0.9995,0.1750001));
#3490 = B_SPLINE_CURVE_WITH_KNOTS('',1,(#3491,#3492),.UNSPECIFIED.,.F.,
  .F.,(2,2),(0.,0.55),.PIECEWISE_BEZIER_KNOTS.);
#3491 = CARTESIAN_POINT('',(-2.55,0.9995,0.7250001));
#3492 = CARTESIAN_POINT('',(-2.55,0.9995,0.1750001));
#3493 = ORIENTED_EDGE('',*,*,#3494,.F.);
#3494 = EDGE_CURVE('',#3495,#3488,#3497,.T.);
#3495 = VERTEX_POINT('',#3496);
#3496 = CARTESIAN_POINT('',(-2.55,1.9995,0.1750001));
#3497 = B_SPLINE_CURVE_WITH_KNOTS('',1,(#3498,#3499),.UNSPECIFIED.,.F.,
  .F.,(2,2),(-0.,1.),.PIECEWISE_BEZIER_KNOTS.);
#3498 = CARTESIAN_POINT('',(-2.55,1.9995,0.1750001));
#3499 = CARTESIAN_POINT('',(-2.55,0.9995,0.1750001));
#3500 = ORIENTED_EDGE('',*,*,#3501,.F.);
#3501 = EDGE_CURVE('',#3457,#3495,#3502,.T.);
#3502 = B_SPLINE_CURVE_WITH_KNOTS('',1,(#3503,#3504),.UNSPECIFIED.,.F.,
  .F.,(2,2),(0.,0.55),.PIECEWISE_BEZIER_KNOTS.);
#3503 = CARTESIAN_POINT('',(-2.55,1.9995,0.7250001));
#3504 = CARTESIAN_POINT('',(-2.55,1.9995,0.1750001));
#3505 = ORIENTED_EDGE('',*,*,#3464,.T.);
#3506 = B_SPLINE_SURFACE_WITH_KNOTS('',1,1,(
    (#3507,#3508)
    ,(#3509,#3510
    )),.UNSPECIFIED.,.F.,.F.,.F.,(2,2),(2,2),(-0.55,0.),(-1.,0.),
  .PIECEWISE_BEZIER_KNOTS.);
#3507 = CARTESIAN_POINT('',(-2.55,0.9995,0.1750001));
#3508 = CARTESIAN_POINT('',(-2.55,1.9995,0.1750001));
#3509 = CARTESIAN_POINT('',(-2.55,0.9995,0.7250001));
#3510 = CARTESIAN_POINT('',(-2.55,1.9995,0.7250001));
#3511 = ADVANCED_FACE('',(#3512),#3528,.F.);
#3512 = FACE_BOUND('',#3513,.F.);
#3513 = EDGE_LOOP('',(#3514,#3515,#3521,#3522));
#3514 = ORIENTED_EDGE('',*,*,#3494,.F.);
#3515 = ORIENTED_EDGE('',*,*,#3516,.T.);
#3516 = EDGE_CURVE('',#3495,#3239,#3517,.T.);
#3517 = ( BOUNDED_CURVE() B_SPLINE_CURVE(2,(#3518,#3519,#3520),
.UNSPECIFIED.,.F.,.F.) B_SPLINE_CURVE_WITH_KNOTS((3,3),(3.14159265359,
4.712388980385),.PIECEWISE_BEZIER_KNOTS.) CURVE() 
GEOMETRIC_REPRESENTATION_ITEM() RATIONAL_B_SPLINE_CURVE((1.,
0.707106781187,1.)) REPRESENTATION_ITEM('') );
#3518 = CARTESIAN_POINT('',(-2.55,1.9995,0.1750001));
#3519 = CARTESIAN_POINT('',(-2.55,1.9995,0.1500001));
#3520 = CARTESIAN_POINT('',(-2.525,1.9995,0.1500001));
#3521 = ORIENTED_EDGE('',*,*,#3245,.T.);
#3522 = ORIENTED_EDGE('',*,*,#3523,.F.);
#3523 = EDGE_CURVE('',#3488,#3224,#3524,.T.);
#3524 = ( BOUNDED_CURVE() B_SPLINE_CURVE(2,(#3525,#3526,#3527),
.UNSPECIFIED.,.F.,.F.) B_SPLINE_CURVE_WITH_KNOTS((3,3),(3.14159265359,
4.712388980385),.PIECEWISE_BEZIER_KNOTS.) CURVE() 
GEOMETRIC_REPRESENTATION_ITEM() RATIONAL_B_SPLINE_CURVE((1.,
0.707106781187,1.)) REPRESENTATION_ITEM('') );
#3525 = CARTESIAN_POINT('',(-2.55,0.9995,0.1750001));
#3526 = CARTESIAN_POINT('',(-2.55,0.9995,0.1500001));
#3527 = CARTESIAN_POINT('',(-2.525,0.9995,0.1500001));
#3528 = ( BOUNDED_SURFACE() B_SPLINE_SURFACE(2,1,(
    (#3529,#3530)
    ,(#3531,#3532)
    ,(#3533,#3534
)),.UNSPECIFIED.,.F.,.F.,.F.) B_SPLINE_SURFACE_WITH_KNOTS((3,3),(2,2),(
    4.712388980385,6.28318530718),(0.,1.),.PIECEWISE_BEZIER_KNOTS.) 
GEOMETRIC_REPRESENTATION_ITEM() RATIONAL_B_SPLINE_SURFACE((
    (1.,1.)
    ,(0.707106781187,0.707106781187)
,(1.,1.))) REPRESENTATION_ITEM('') SURFACE() );
#3529 = CARTESIAN_POINT('',(-2.55,1.9995,0.1750001));
#3530 = CARTESIAN_POINT('',(-2.55,0.9995,0.1750001));
#3531 = CARTESIAN_POINT('',(-2.55,1.9995,0.1500001));
#3532 = CARTESIAN_POINT('',(-2.55,0.9995,0.1500001));
#3533 = CARTESIAN_POINT('',(-2.525,1.9995,0.1500001));
#3534 = CARTESIAN_POINT('',(-2.525,0.9995,0.1500001));
#3535 = ADVANCED_FACE('',(#3536),#3550,.T.);
#3536 = FACE_BOUND('',#3537,.T.);
#3537 = EDGE_LOOP('',(#3538,#3539,#3540,#3541,#3542,#3543,#3544,#3545,
    #3546,#3547,#3548,#3549));
#3538 = ORIENTED_EDGE('',*,*,#3238,.T.);
#3539 = ORIENTED_EDGE('',*,*,#3272,.F.);
#3540 = ORIENTED_EDGE('',*,*,#3301,.F.);
#3541 = ORIENTED_EDGE('',*,*,#3330,.F.);
#3542 = ORIENTED_EDGE('',*,*,#3361,.F.);
#3543 = ORIENTED_EDGE('',*,*,#3390,.F.);
#3544 = ORIENTED_EDGE('',*,*,#3413,.F.);
#3545 = ORIENTED_EDGE('',*,*,#1970,.F.);
#3546 = ORIENTED_EDGE('',*,*,#3441,.T.);
#3547 = ORIENTED_EDGE('',*,*,#3456,.T.);
#3548 = ORIENTED_EDGE('',*,*,#3501,.T.);
#3549 = ORIENTED_EDGE('',*,*,#3516,.T.);
#3550 = B_SPLINE_SURFACE_WITH_KNOTS('',1,1,(
    (#3551,#3552)
    ,(#3553,#3554
  )),.UNSPECIFIED.,.F.,.F.,.F.,(2,2),(2,2),(-0.175,1.225),(-0.725,0.175)
  ,.PIECEWISE_BEZIER_KNOTS.);
#3551 = CARTESIAN_POINT('',(-2.7,1.9995,0.9000001));
#3552 = CARTESIAN_POINT('',(-2.7,1.9995,1.000000000584E-07));
#3553 = CARTESIAN_POINT('',(-1.3,1.9995,0.9000001));
#3554 = CARTESIAN_POINT('',(-1.3,1.9995,1.000000000584E-07));
#3555 = ADVANCED_FACE('',(#3556),#3572,.F.);
#3556 = FACE_BOUND('',#3557,.T.);
#3557 = EDGE_LOOP('',(#3558,#3559,#3560,#3561,#3562,#3563,#3564,#3565,
    #3566,#3567,#3568,#3569,#3570,#3571));
#3558 = ORIENTED_EDGE('',*,*,#2036,.F.);
#3559 = ORIENTED_EDGE('',*,*,#3223,.F.);
#3560 = ORIENTED_EDGE('',*,*,#3523,.F.);
#3561 = ORIENTED_EDGE('',*,*,#3487,.F.);
#3562 = ORIENTED_EDGE('',*,*,#3471,.F.);
#3563 = ORIENTED_EDGE('',*,*,#3427,.F.);
#3564 = ORIENTED_EDGE('',*,*,#1986,.T.);
#3565 = ORIENTED_EDGE('',*,*,#3407,.T.);
#3566 = ORIENTED_EDGE('',*,*,#3375,.T.);
#3567 = ORIENTED_EDGE('',*,*,#3347,.T.);
#3568 = ORIENTED_EDGE('',*,*,#3315,.T.);
#3569 = ORIENTED_EDGE('',*,*,#3287,.T.);
#3570 = ORIENTED_EDGE('',*,*,#3258,.T.);
#3571 = ORIENTED_EDGE('',*,*,#2411,.T.);
#3572 = B_SPLINE_SURFACE_WITH_KNOTS('',1,1,(
    (#3573,#3574)
    ,(#3575,#3576
  )),.UNSPECIFIED.,.F.,.F.,.F.,(2,2),(2,2),(-0.175,1.225),(-0.725,0.175)
  ,.PIECEWISE_BEZIER_KNOTS.);
#3573 = CARTESIAN_POINT('',(-2.7,0.9995,0.9000001));
#3574 = CARTESIAN_POINT('',(-2.7,0.9995,1.000000000584E-07));
#3575 = CARTESIAN_POINT('',(-1.3,0.9995,0.9000001));
#3576 = CARTESIAN_POINT('',(-1.3,0.9995,1.000000000584E-07));
#3577 = ADVANCED_FACE('',(#3578),#3608,.F.);
#3578 = FACE_BOUND('',#3579,.T.);
#3579 = EDGE_LOOP('',(#3580,#3589,#3596,#3603));
#3580 = ORIENTED_EDGE('',*,*,#3581,.T.);
#3581 = EDGE_CURVE('',#3582,#3584,#3586,.T.);
#3582 = VERTEX_POINT('',#3583);
#3583 = CARTESIAN_POINT('',(2.525,0.9995,1.000000000584E-07));
#3584 = VERTEX_POINT('',#3585);
#3585 = CARTESIAN_POINT('',(1.3,0.9995,1.000000000584E-07));
#3586 = B_SPLINE_CURVE_WITH_KNOTS('',1,(#3587,#3588),.UNSPECIFIED.,.F.,
  .F.,(2,2),(-0.,1.225),.PIECEWISE_BEZIER_KNOTS.);
#3587 = CARTESIAN_POINT('',(2.525,0.9995,1.000000000584E-07));
#3588 = CARTESIAN_POINT('',(1.3,0.9995,1.000000000584E-07));
#3589 = ORIENTED_EDGE('',*,*,#3590,.F.);
#3590 = EDGE_CURVE('',#3591,#3584,#3593,.T.);
#3591 = VERTEX_POINT('',#3592);
#3592 = CARTESIAN_POINT('',(1.3,1.9995,1.000000000584E-07));
#3593 = B_SPLINE_CURVE_WITH_KNOTS('',1,(#3594,#3595),.UNSPECIFIED.,.F.,
  .F.,(2,2),(-0.,1.),.PIECEWISE_BEZIER_KNOTS.);
#3594 = CARTESIAN_POINT('',(1.3,1.9995,1.000000000584E-07));
#3595 = CARTESIAN_POINT('',(1.3,0.9995,1.000000000584E-07));
#3596 = ORIENTED_EDGE('',*,*,#3597,.F.);
#3597 = EDGE_CURVE('',#3598,#3591,#3600,.T.);
#3598 = VERTEX_POINT('',#3599);
#3599 = CARTESIAN_POINT('',(2.525,1.9995,1.000000000584E-07));
#3600 = B_SPLINE_CURVE_WITH_KNOTS('',1,(#3601,#3602),.UNSPECIFIED.,.F.,
  .F.,(2,2),(-0.,1.225),.PIECEWISE_BEZIER_KNOTS.);
#3601 = CARTESIAN_POINT('',(2.525,1.9995,1.000000000584E-07));
#3602 = CARTESIAN_POINT('',(1.3,1.9995,1.000000000584E-07));
#3603 = ORIENTED_EDGE('',*,*,#3604,.T.);
#3604 = EDGE_CURVE('',#3598,#3582,#3605,.T.);
#3605 = B_SPLINE_CURVE_WITH_KNOTS('',1,(#3606,#3607),.UNSPECIFIED.,.F.,
  .F.,(2,2),(-0.,1.),.PIECEWISE_BEZIER_KNOTS.);
#3606 = CARTESIAN_POINT('',(2.525,1.9995,1.000000000584E-07));
#3607 = CARTESIAN_POINT('',(2.525,0.9995,1.000000000584E-07));
#3608 = B_SPLINE_SURFACE_WITH_KNOTS('',1,1,(
    (#3609,#3610)
    ,(#3611,#3612
    )),.UNSPECIFIED.,.F.,.F.,.F.,(2,2),(2,2),(-1.225,0.),(-1.,0.),
  .PIECEWISE_BEZIER_KNOTS.);
#3609 = CARTESIAN_POINT('',(1.3,0.9995,1.000000000584E-07));
#3610 = CARTESIAN_POINT('',(1.3,1.9995,1.000000000584E-07));
#3611 = CARTESIAN_POINT('',(2.525,0.9995,1.000000000584E-07));
#3612 = CARTESIAN_POINT('',(2.525,1.9995,1.000000000584E-07));
#3613 = ADVANCED_FACE('',(#3614),#3635,.T.);
#3614 = FACE_BOUND('',#3615,.T.);
#3615 = EDGE_LOOP('',(#3616,#3617,#3624,#3629,#3630));
#3616 = ORIENTED_EDGE('',*,*,#2822,.F.);
#3617 = ORIENTED_EDGE('',*,*,#3618,.F.);
#3618 = EDGE_CURVE('',#3619,#2816,#3621,.T.);
#3619 = VERTEX_POINT('',#3620);
#3620 = CARTESIAN_POINT('',(1.3,1.9995,0.1500001));
#3621 = B_SPLINE_CURVE_WITH_KNOTS('',1,(#3622,#3623),.UNSPECIFIED.,.F.,
  .F.,(2,2),(-0.,1.),.PIECEWISE_BEZIER_KNOTS.);
#3622 = CARTESIAN_POINT('',(1.3,1.9995,0.1500001));
#3623 = CARTESIAN_POINT('',(1.3,0.9995,0.1500001));
#3624 = ORIENTED_EDGE('',*,*,#3625,.T.);
#3625 = EDGE_CURVE('',#3619,#3591,#3626,.T.);
#3626 = B_SPLINE_CURVE_WITH_KNOTS('',1,(#3627,#3628),.UNSPECIFIED.,.F.,
  .F.,(2,2),(0.,0.15),.PIECEWISE_BEZIER_KNOTS.);
#3627 = CARTESIAN_POINT('',(1.3,1.9995,0.1500001));
#3628 = CARTESIAN_POINT('',(1.3,1.9995,1.000000000584E-07));
#3629 = ORIENTED_EDGE('',*,*,#3590,.T.);
#3630 = ORIENTED_EDGE('',*,*,#3631,.F.);
#3631 = EDGE_CURVE('',#2235,#3584,#3632,.T.);
#3632 = B_SPLINE_CURVE_WITH_KNOTS('',1,(#3633,#3634),.UNSPECIFIED.,.F.,
  .F.,(2,2),(0.125,0.15),.PIECEWISE_BEZIER_KNOTS.);
#3633 = CARTESIAN_POINT('',(1.3,0.9995,2.50001E-02));
#3634 = CARTESIAN_POINT('',(1.3,0.9995,1.000000000584E-07));
#3635 = B_SPLINE_SURFACE_WITH_KNOTS('',1,1,(
    (#3636,#3637)
    ,(#3638,#3639
    )),.UNSPECIFIED.,.F.,.F.,.F.,(2,2),(2,2),(-0.15,0.),(-1.,0.),
  .PIECEWISE_BEZIER_KNOTS.);
#3636 = CARTESIAN_POINT('',(1.3,0.9995,1.000000000584E-07));
#3637 = CARTESIAN_POINT('',(1.3,1.9995,1.000000000584E-07));
#3638 = CARTESIAN_POINT('',(1.3,0.9995,0.1500001));
#3639 = CARTESIAN_POINT('',(1.3,1.9995,0.1500001));
#3640 = ADVANCED_FACE('',(#3641),#3664,.T.);
#3641 = FACE_BOUND('',#3642,.T.);
#3642 = EDGE_LOOP('',(#3643,#3650,#3657,#3662,#3663));
#3643 = ORIENTED_EDGE('',*,*,#3644,.F.);
#3644 = EDGE_CURVE('',#3645,#1709,#3647,.T.);
#3645 = VERTEX_POINT('',#3646);
#3646 = CARTESIAN_POINT('',(2.525,0.9995,0.1500001));
#3647 = B_SPLINE_CURVE_WITH_KNOTS('',1,(#3648,#3649),.UNSPECIFIED.,.F.,
  .F.,(2,2),(-0.,2.5E-02),.PIECEWISE_BEZIER_KNOTS.);
#3648 = CARTESIAN_POINT('',(2.525,0.9995,0.1500001));
#3649 = CARTESIAN_POINT('',(2.5,0.9995,0.1500001));
#3650 = ORIENTED_EDGE('',*,*,#3651,.F.);
#3651 = EDGE_CURVE('',#3652,#3645,#3654,.T.);
#3652 = VERTEX_POINT('',#3653);
#3653 = CARTESIAN_POINT('',(2.525,1.9995,0.1500001));
#3654 = B_SPLINE_CURVE_WITH_KNOTS('',1,(#3655,#3656),.UNSPECIFIED.,.F.,
  .F.,(2,2),(-0.,1.),.PIECEWISE_BEZIER_KNOTS.);
#3655 = CARTESIAN_POINT('',(2.525,1.9995,0.1500001));
#3656 = CARTESIAN_POINT('',(2.525,0.9995,0.1500001));
#3657 = ORIENTED_EDGE('',*,*,#3658,.T.);
#3658 = EDGE_CURVE('',#3652,#3619,#3659,.T.);
#3659 = B_SPLINE_CURVE_WITH_KNOTS('',1,(#3660,#3661),.UNSPECIFIED.,.F.,
  .F.,(2,2),(-0.,1.225),.PIECEWISE_BEZIER_KNOTS.);
#3660 = CARTESIAN_POINT('',(2.525,1.9995,0.1500001));
#3661 = CARTESIAN_POINT('',(1.3,1.9995,0.1500001));
#3662 = ORIENTED_EDGE('',*,*,#3618,.T.);
#3663 = ORIENTED_EDGE('',*,*,#2815,.F.);
#3664 = B_SPLINE_SURFACE_WITH_KNOTS('',1,1,(
    (#3665,#3666)
    ,(#3667,#3668
    )),.UNSPECIFIED.,.F.,.F.,.F.,(2,2),(2,2),(-1.225,0.),(-1.,0.),
  .PIECEWISE_BEZIER_KNOTS.);
#3665 = CARTESIAN_POINT('',(1.3,0.9995,0.1500001));
#3666 = CARTESIAN_POINT('',(1.3,1.9995,0.1500001));
#3667 = CARTESIAN_POINT('',(2.525,0.9995,0.1500001));
#3668 = CARTESIAN_POINT('',(2.525,1.9995,0.1500001));
#3669 = ADVANCED_FACE('',(#3670),#3694,.F.);
#3670 = FACE_BOUND('',#3671,.F.);
#3671 = EDGE_LOOP('',(#3672,#3673,#3681,#3688));
#3672 = ORIENTED_EDGE('',*,*,#3651,.F.);
#3673 = ORIENTED_EDGE('',*,*,#3674,.F.);
#3674 = EDGE_CURVE('',#3675,#3652,#3677,.T.);
#3675 = VERTEX_POINT('',#3676);
#3676 = CARTESIAN_POINT('',(2.55,1.9995,0.1750001));
#3677 = ( BOUNDED_CURVE() B_SPLINE_CURVE(2,(#3678,#3679,#3680),
.UNSPECIFIED.,.F.,.F.) B_SPLINE_CURVE_WITH_KNOTS((3,3),(0.,
1.570796326795),.PIECEWISE_BEZIER_KNOTS.) CURVE() 
GEOMETRIC_REPRESENTATION_ITEM() RATIONAL_B_SPLINE_CURVE((1.,
0.707106781187,1.)) REPRESENTATION_ITEM('') );
#3678 = CARTESIAN_POINT('',(2.55,1.9995,0.1750001));
#3679 = CARTESIAN_POINT('',(2.55,1.9995,0.1500001));
#3680 = CARTESIAN_POINT('',(2.525,1.9995,0.1500001));
#3681 = ORIENTED_EDGE('',*,*,#3682,.T.);
#3682 = EDGE_CURVE('',#3675,#3683,#3685,.T.);
#3683 = VERTEX_POINT('',#3684);
#3684 = CARTESIAN_POINT('',(2.55,0.9995,0.1750001));
#3685 = B_SPLINE_CURVE_WITH_KNOTS('',1,(#3686,#3687),.UNSPECIFIED.,.F.,
  .F.,(2,2),(-0.,1.),.PIECEWISE_BEZIER_KNOTS.);
#3686 = CARTESIAN_POINT('',(2.55,1.9995,0.1750001));
#3687 = CARTESIAN_POINT('',(2.55,0.9995,0.1750001));
#3688 = ORIENTED_EDGE('',*,*,#3689,.T.);
#3689 = EDGE_CURVE('',#3683,#3645,#3690,.T.);
#3690 = ( BOUNDED_CURVE() B_SPLINE_CURVE(2,(#3691,#3692,#3693),
.UNSPECIFIED.,.F.,.F.) B_SPLINE_CURVE_WITH_KNOTS((3,3),(0.,
1.570796326795),.PIECEWISE_BEZIER_KNOTS.) CURVE() 
GEOMETRIC_REPRESENTATION_ITEM() RATIONAL_B_SPLINE_CURVE((1.,
0.707106781187,1.)) REPRESENTATION_ITEM('') );
#3691 = CARTESIAN_POINT('',(2.55,0.9995,0.1750001));
#3692 = CARTESIAN_POINT('',(2.55,0.9995,0.1500001));
#3693 = CARTESIAN_POINT('',(2.525,0.9995,0.1500001));
#3694 = ( BOUNDED_SURFACE() B_SPLINE_SURFACE(2,1,(
    (#3695,#3696)
    ,(#3697,#3698)
    ,(#3699,#3700
)),.UNSPECIFIED.,.F.,.F.,.F.) B_SPLINE_SURFACE_WITH_KNOTS((3,3),(2,2),(
    0.,1.570796326795),(0.,1.),.PIECEWISE_BEZIER_KNOTS.) 
GEOMETRIC_REPRESENTATION_ITEM() RATIONAL_B_SPLINE_SURFACE((
    (1.,1.)
    ,(0.707106781187,0.707106781187)
,(1.,1.))) REPRESENTATION_ITEM('') SURFACE() );
#3695 = CARTESIAN_POINT('',(2.525,1.9995,0.1500001));
#3696 = CARTESIAN_POINT('',(2.525,0.9995,0.1500001));
#3697 = CARTESIAN_POINT('',(2.55,1.9995,0.1500001));
#3698 = CARTESIAN_POINT('',(2.55,0.9995,0.1500001));
#3699 = CARTESIAN_POINT('',(2.55,1.9995,0.1750001));
#3700 = CARTESIAN_POINT('',(2.55,0.9995,0.1750001));
#3701 = ADVANCED_FACE('',(#3702),#3724,.T.);
#3702 = FACE_BOUND('',#3703,.T.);
#3703 = EDGE_LOOP('',(#3704,#3711,#3718,#3723));
#3704 = ORIENTED_EDGE('',*,*,#3705,.F.);
#3705 = EDGE_CURVE('',#3706,#3683,#3708,.T.);
#3706 = VERTEX_POINT('',#3707);
#3707 = CARTESIAN_POINT('',(2.55,0.9995,0.7250001));
#3708 = B_SPLINE_CURVE_WITH_KNOTS('',1,(#3709,#3710),.UNSPECIFIED.,.F.,
  .F.,(2,2),(0.,0.55),.PIECEWISE_BEZIER_KNOTS.);
#3709 = CARTESIAN_POINT('',(2.55,0.9995,0.7250001));
#3710 = CARTESIAN_POINT('',(2.55,0.9995,0.1750001));
#3711 = ORIENTED_EDGE('',*,*,#3712,.F.);
#3712 = EDGE_CURVE('',#3713,#3706,#3715,.T.);
#3713 = VERTEX_POINT('',#3714);
#3714 = CARTESIAN_POINT('',(2.55,1.9995,0.7250001));
#3715 = B_SPLINE_CURVE_WITH_KNOTS('',1,(#3716,#3717),.UNSPECIFIED.,.F.,
  .F.,(2,2),(-0.,1.),.PIECEWISE_BEZIER_KNOTS.);
#3716 = CARTESIAN_POINT('',(2.55,1.9995,0.7250001));
#3717 = CARTESIAN_POINT('',(2.55,0.9995,0.7250001));
#3718 = ORIENTED_EDGE('',*,*,#3719,.T.);
#3719 = EDGE_CURVE('',#3713,#3675,#3720,.T.);
#3720 = B_SPLINE_CURVE_WITH_KNOTS('',1,(#3721,#3722),.UNSPECIFIED.,.F.,
  .F.,(2,2),(0.,0.55),.PIECEWISE_BEZIER_KNOTS.);
#3721 = CARTESIAN_POINT('',(2.55,1.9995,0.7250001));
#3722 = CARTESIAN_POINT('',(2.55,1.9995,0.1750001));
#3723 = ORIENTED_EDGE('',*,*,#3682,.T.);
#3724 = B_SPLINE_SURFACE_WITH_KNOTS('',1,1,(
    (#3725,#3726)
    ,(#3727,#3728
    )),.UNSPECIFIED.,.F.,.F.,.F.,(2,2),(2,2),(-0.55,0.),(-1.,0.),
  .PIECEWISE_BEZIER_KNOTS.);
#3725 = CARTESIAN_POINT('',(2.55,0.9995,0.1750001));
#3726 = CARTESIAN_POINT('',(2.55,1.9995,0.1750001));
#3727 = CARTESIAN_POINT('',(2.55,0.9995,0.7250001));
#3728 = CARTESIAN_POINT('',(2.55,1.9995,0.7250001));
#3729 = ADVANCED_FACE('',(#3730),#3754,.F.);
#3730 = FACE_BOUND('',#3731,.F.);
#3731 = EDGE_LOOP('',(#3732,#3733,#3741,#3748));
#3732 = ORIENTED_EDGE('',*,*,#3712,.F.);
#3733 = ORIENTED_EDGE('',*,*,#3734,.F.);
#3734 = EDGE_CURVE('',#3735,#3713,#3737,.T.);
#3735 = VERTEX_POINT('',#3736);
#3736 = CARTESIAN_POINT('',(2.525,1.9995,0.7500001));
#3737 = ( BOUNDED_CURVE() B_SPLINE_CURVE(2,(#3738,#3739,#3740),
.UNSPECIFIED.,.F.,.F.) B_SPLINE_CURVE_WITH_KNOTS((3,3),(4.712388980385,
6.28318530718),.PIECEWISE_BEZIER_KNOTS.) CURVE() 
GEOMETRIC_REPRESENTATION_ITEM() RATIONAL_B_SPLINE_CURVE((1.,
0.707106781187,1.)) REPRESENTATION_ITEM('') );
#3738 = CARTESIAN_POINT('',(2.525,1.9995,0.7500001));
#3739 = CARTESIAN_POINT('',(2.55,1.9995,0.7500001));
#3740 = CARTESIAN_POINT('',(2.55,1.9995,0.7250001));
#3741 = ORIENTED_EDGE('',*,*,#3742,.T.);
#3742 = EDGE_CURVE('',#3735,#3743,#3745,.T.);
#3743 = VERTEX_POINT('',#3744);
#3744 = CARTESIAN_POINT('',(2.525,0.9995,0.7500001));
#3745 = B_SPLINE_CURVE_WITH_KNOTS('',1,(#3746,#3747),.UNSPECIFIED.,.F.,
  .F.,(2,2),(-0.,1.),.PIECEWISE_BEZIER_KNOTS.);
#3746 = CARTESIAN_POINT('',(2.525,1.9995,0.7500001));
#3747 = CARTESIAN_POINT('',(2.525,0.9995,0.7500001));
#3748 = ORIENTED_EDGE('',*,*,#3749,.T.);
#3749 = EDGE_CURVE('',#3743,#3706,#3750,.T.);
#3750 = ( BOUNDED_CURVE() B_SPLINE_CURVE(2,(#3751,#3752,#3753),
.UNSPECIFIED.,.F.,.F.) B_SPLINE_CURVE_WITH_KNOTS((3,3),(4.712388980385,
6.28318530718),.PIECEWISE_BEZIER_KNOTS.) CURVE() 
GEOMETRIC_REPRESENTATION_ITEM() RATIONAL_B_SPLINE_CURVE((1.,
0.707106781187,1.)) REPRESENTATION_ITEM('') );
#3751 = CARTESIAN_POINT('',(2.525,0.9995,0.7500001));
#3752 = CARTESIAN_POINT('',(2.55,0.9995,0.7500001));
#3753 = CARTESIAN_POINT('',(2.55,0.9995,0.7250001));
#3754 = ( BOUNDED_SURFACE() B_SPLINE_SURFACE(2,1,(
    (#3755,#3756)
    ,(#3757,#3758)
    ,(#3759,#3760
)),.UNSPECIFIED.,.F.,.F.,.F.) B_SPLINE_SURFACE_WITH_KNOTS((3,3),(2,2),(
    1.570796326795,3.14159265359),(0.,1.),.PIECEWISE_BEZIER_KNOTS.) 
GEOMETRIC_REPRESENTATION_ITEM() RATIONAL_B_SPLINE_SURFACE((
    (1.,1.)
    ,(0.707106781187,0.707106781187)
,(1.,1.))) REPRESENTATION_ITEM('') SURFACE() );
#3755 = CARTESIAN_POINT('',(2.55,1.9995,0.7250001));
#3756 = CARTESIAN_POINT('',(2.55,0.9995,0.7250001));
#3757 = CARTESIAN_POINT('',(2.55,1.9995,0.7500001));
#3758 = CARTESIAN_POINT('',(2.55,0.9995,0.7500001));
#3759 = CARTESIAN_POINT('',(2.525,1.9995,0.7500001));
#3760 = CARTESIAN_POINT('',(2.525,0.9995,0.7500001));
#3761 = ADVANCED_FACE('',(#3762),#3776,.T.);
#3762 = FACE_BOUND('',#3763,.T.);
#3763 = EDGE_LOOP('',(#3764,#3769,#3770,#3775));
#3764 = ORIENTED_EDGE('',*,*,#3765,.F.);
#3765 = EDGE_CURVE('',#1834,#3743,#3766,.T.);
#3766 = B_SPLINE_CURVE_WITH_KNOTS('',1,(#3767,#3768),.UNSPECIFIED.,.F.,
  .F.,(2,2),(0.,2.5E-02),.PIECEWISE_BEZIER_KNOTS.);
#3767 = CARTESIAN_POINT('',(2.5,0.9995,0.7500001));
#3768 = CARTESIAN_POINT('',(2.525,0.9995,0.7500001));
#3769 = ORIENTED_EDGE('',*,*,#1833,.F.);
#3770 = ORIENTED_EDGE('',*,*,#3771,.T.);
#3771 = EDGE_CURVE('',#1827,#3735,#3772,.T.);
#3772 = B_SPLINE_CURVE_WITH_KNOTS('',1,(#3773,#3774),.UNSPECIFIED.,.F.,
  .F.,(2,2),(0.,2.5E-02),.PIECEWISE_BEZIER_KNOTS.);
#3773 = CARTESIAN_POINT('',(2.5,1.9995,0.7500001));
#3774 = CARTESIAN_POINT('',(2.525,1.9995,0.7500001));
#3775 = ORIENTED_EDGE('',*,*,#3742,.T.);
#3776 = B_SPLINE_SURFACE_WITH_KNOTS('',1,1,(
    (#3777,#3778)
    ,(#3779,#3780
  )),.UNSPECIFIED.,.F.,.F.,.F.,(2,2),(2,2),(-2.5E-02,0.),(-1.,0.),
  .PIECEWISE_BEZIER_KNOTS.);
#3777 = CARTESIAN_POINT('',(2.525,0.9995,0.7500001));
#3778 = CARTESIAN_POINT('',(2.525,1.9995,0.7500001));
#3779 = CARTESIAN_POINT('',(2.5,0.9995,0.7500001));
#3780 = CARTESIAN_POINT('',(2.5,1.9995,0.7500001));
#3781 = ADVANCED_FACE('',(#3782),#3804,.F.);
#3782 = FACE_BOUND('',#3783,.T.);
#3783 = EDGE_LOOP('',(#3784,#3791,#3798,#3803));
#3784 = ORIENTED_EDGE('',*,*,#3785,.T.);
#3785 = EDGE_CURVE('',#1841,#3786,#3788,.T.);
#3786 = VERTEX_POINT('',#3787);
#3787 = CARTESIAN_POINT('',(2.525,0.9995,0.9000001));
#3788 = B_SPLINE_CURVE_WITH_KNOTS('',1,(#3789,#3790),.UNSPECIFIED.,.F.,
  .F.,(2,2),(-2.6645352591E-15,2.5E-02),.PIECEWISE_BEZIER_KNOTS.);
#3789 = CARTESIAN_POINT('',(2.5,0.9995,0.9000001));
#3790 = CARTESIAN_POINT('',(2.525,0.9995,0.9000001));
#3791 = ORIENTED_EDGE('',*,*,#3792,.F.);
#3792 = EDGE_CURVE('',#3793,#3786,#3795,.T.);
#3793 = VERTEX_POINT('',#3794);
#3794 = CARTESIAN_POINT('',(2.525,1.9995,0.9000001));
#3795 = B_SPLINE_CURVE_WITH_KNOTS('',1,(#3796,#3797),.UNSPECIFIED.,.F.,
  .F.,(2,2),(-0.,1.),.PIECEWISE_BEZIER_KNOTS.);
#3796 = CARTESIAN_POINT('',(2.525,1.9995,0.9000001));
#3797 = CARTESIAN_POINT('',(2.525,0.9995,0.9000001));
#3798 = ORIENTED_EDGE('',*,*,#3799,.F.);
#3799 = EDGE_CURVE('',#1825,#3793,#3800,.T.);
#3800 = B_SPLINE_CURVE_WITH_KNOTS('',1,(#3801,#3802),.UNSPECIFIED.,.F.,
  .F.,(2,2),(0.,2.5E-02),.PIECEWISE_BEZIER_KNOTS.);
#3801 = CARTESIAN_POINT('',(2.5,1.9995,0.9000001));
#3802 = CARTESIAN_POINT('',(2.525,1.9995,0.9000001));
#3803 = ORIENTED_EDGE('',*,*,#1847,.T.);
#3804 = B_SPLINE_SURFACE_WITH_KNOTS('',1,1,(
    (#3805,#3806)
    ,(#3807,#3808
    )),.UNSPECIFIED.,.F.,.F.,.F.,(2,2),(2,2),(-2.5E-02,2.6645352591E-15)
  ,(-1.,0.),.PIECEWISE_BEZIER_KNOTS.);
#3805 = CARTESIAN_POINT('',(2.525,0.9995,0.9000001));
#3806 = CARTESIAN_POINT('',(2.525,1.9995,0.9000001));
#3807 = CARTESIAN_POINT('',(2.5,0.9995,0.9000001));
#3808 = CARTESIAN_POINT('',(2.5,1.9995,0.9000001));
#3809 = ADVANCED_FACE('',(#3810),#3834,.T.);
#3810 = FACE_BOUND('',#3811,.T.);
#3811 = EDGE_LOOP('',(#3812,#3820,#3827,#3833));
#3812 = ORIENTED_EDGE('',*,*,#3813,.T.);
#3813 = EDGE_CURVE('',#3786,#3814,#3816,.T.);
#3814 = VERTEX_POINT('',#3815);
#3815 = CARTESIAN_POINT('',(2.7,0.9995,0.7250001));
#3816 = ( BOUNDED_CURVE() B_SPLINE_CURVE(2,(#3817,#3818,#3819),
.UNSPECIFIED.,.F.,.F.) B_SPLINE_CURVE_WITH_KNOTS((3,3),(4.712388980385,
6.28318530718),.PIECEWISE_BEZIER_KNOTS.) CURVE() 
GEOMETRIC_REPRESENTATION_ITEM() RATIONAL_B_SPLINE_CURVE((1.,
0.707106781187,1.)) REPRESENTATION_ITEM('') );
#3817 = CARTESIAN_POINT('',(2.525,0.9995,0.9000001));
#3818 = CARTESIAN_POINT('',(2.7,0.9995,0.9000001));
#3819 = CARTESIAN_POINT('',(2.7,0.9995,0.7250001));
#3820 = ORIENTED_EDGE('',*,*,#3821,.F.);
#3821 = EDGE_CURVE('',#3822,#3814,#3824,.T.);
#3822 = VERTEX_POINT('',#3823);
#3823 = CARTESIAN_POINT('',(2.7,1.9995,0.7250001));
#3824 = B_SPLINE_CURVE_WITH_KNOTS('',1,(#3825,#3826),.UNSPECIFIED.,.F.,
  .F.,(2,2),(-0.,1.),.PIECEWISE_BEZIER_KNOTS.);
#3825 = CARTESIAN_POINT('',(2.7,1.9995,0.7250001));
#3826 = CARTESIAN_POINT('',(2.7,0.9995,0.7250001));
#3827 = ORIENTED_EDGE('',*,*,#3828,.F.);
#3828 = EDGE_CURVE('',#3793,#3822,#3829,.T.);
#3829 = ( BOUNDED_CURVE() B_SPLINE_CURVE(2,(#3830,#3831,#3832),
.UNSPECIFIED.,.F.,.F.) B_SPLINE_CURVE_WITH_KNOTS((3,3),(4.712388980385,
6.28318530718),.PIECEWISE_BEZIER_KNOTS.) CURVE() 
GEOMETRIC_REPRESENTATION_ITEM() RATIONAL_B_SPLINE_CURVE((1.,
0.707106781187,1.)) REPRESENTATION_ITEM('') );
#3830 = CARTESIAN_POINT('',(2.525,1.9995,0.9000001));
#3831 = CARTESIAN_POINT('',(2.7,1.9995,0.9000001));
#3832 = CARTESIAN_POINT('',(2.7,1.9995,0.7250001));
#3833 = ORIENTED_EDGE('',*,*,#3792,.T.);
#3834 = ( BOUNDED_SURFACE() B_SPLINE_SURFACE(2,1,(
    (#3835,#3836)
    ,(#3837,#3838)
    ,(#3839,#3840
)),.UNSPECIFIED.,.F.,.F.,.F.) B_SPLINE_SURFACE_WITH_KNOTS((3,3),(2,2),(
    1.570796326795,3.14159265359),(0.,1.),.PIECEWISE_BEZIER_KNOTS.) 
GEOMETRIC_REPRESENTATION_ITEM() RATIONAL_B_SPLINE_SURFACE((
    (1.,1.)
    ,(0.707106781187,0.707106781187)
,(1.,1.))) REPRESENTATION_ITEM('') SURFACE() );
#3835 = CARTESIAN_POINT('',(2.7,1.9995,0.7250001));
#3836 = CARTESIAN_POINT('',(2.7,0.9995,0.7250001));
#3837 = CARTESIAN_POINT('',(2.7,1.9995,0.9000001));
#3838 = CARTESIAN_POINT('',(2.7,0.9995,0.9000001));
#3839 = CARTESIAN_POINT('',(2.525,1.9995,0.9000001));
#3840 = CARTESIAN_POINT('',(2.525,0.9995,0.9000001));
#3841 = ADVANCED_FACE('',(#3842),#3864,.F.);
#3842 = FACE_BOUND('',#3843,.T.);
#3843 = EDGE_LOOP('',(#3844,#3851,#3858,#3863));
#3844 = ORIENTED_EDGE('',*,*,#3845,.T.);
#3845 = EDGE_CURVE('',#3814,#3846,#3848,.T.);
#3846 = VERTEX_POINT('',#3847);
#3847 = CARTESIAN_POINT('',(2.7,0.9995,0.1750001));
#3848 = B_SPLINE_CURVE_WITH_KNOTS('',1,(#3849,#3850),.UNSPECIFIED.,.F.,
  .F.,(2,2),(0.,0.55),.PIECEWISE_BEZIER_KNOTS.);
#3849 = CARTESIAN_POINT('',(2.7,0.9995,0.7250001));
#3850 = CARTESIAN_POINT('',(2.7,0.9995,0.1750001));
#3851 = ORIENTED_EDGE('',*,*,#3852,.F.);
#3852 = EDGE_CURVE('',#3853,#3846,#3855,.T.);
#3853 = VERTEX_POINT('',#3854);
#3854 = CARTESIAN_POINT('',(2.7,1.9995,0.1750001));
#3855 = B_SPLINE_CURVE_WITH_KNOTS('',1,(#3856,#3857),.UNSPECIFIED.,.F.,
  .F.,(2,2),(-0.,1.),.PIECEWISE_BEZIER_KNOTS.);
#3856 = CARTESIAN_POINT('',(2.7,1.9995,0.1750001));
#3857 = CARTESIAN_POINT('',(2.7,0.9995,0.1750001));
#3858 = ORIENTED_EDGE('',*,*,#3859,.F.);
#3859 = EDGE_CURVE('',#3822,#3853,#3860,.T.);
#3860 = B_SPLINE_CURVE_WITH_KNOTS('',1,(#3861,#3862),.UNSPECIFIED.,.F.,
  .F.,(2,2),(0.,0.55),.PIECEWISE_BEZIER_KNOTS.);
#3861 = CARTESIAN_POINT('',(2.7,1.9995,0.7250001));
#3862 = CARTESIAN_POINT('',(2.7,1.9995,0.1750001));
#3863 = ORIENTED_EDGE('',*,*,#3821,.T.);
#3864 = B_SPLINE_SURFACE_WITH_KNOTS('',1,1,(
    (#3865,#3866)
    ,(#3867,#3868
    )),.UNSPECIFIED.,.F.,.F.,.F.,(2,2),(2,2),(-0.55,0.),(-1.,0.),
  .PIECEWISE_BEZIER_KNOTS.);
#3865 = CARTESIAN_POINT('',(2.7,0.9995,0.1750001));
#3866 = CARTESIAN_POINT('',(2.7,1.9995,0.1750001));
#3867 = CARTESIAN_POINT('',(2.7,0.9995,0.7250001));
#3868 = CARTESIAN_POINT('',(2.7,1.9995,0.7250001));
#3869 = ADVANCED_FACE('',(#3870),#3886,.T.);
#3870 = FACE_BOUND('',#3871,.T.);
#3871 = EDGE_LOOP('',(#3872,#3878,#3879,#3885));
#3872 = ORIENTED_EDGE('',*,*,#3873,.T.);
#3873 = EDGE_CURVE('',#3846,#3582,#3874,.T.);
#3874 = ( BOUNDED_CURVE() B_SPLINE_CURVE(2,(#3875,#3876,#3877),
.UNSPECIFIED.,.F.,.F.) B_SPLINE_CURVE_WITH_KNOTS((3,3),(0.,
1.570796326795),.PIECEWISE_BEZIER_KNOTS.) CURVE() 
GEOMETRIC_REPRESENTATION_ITEM() RATIONAL_B_SPLINE_CURVE((1.,
0.707106781187,1.)) REPRESENTATION_ITEM('') );
#3875 = CARTESIAN_POINT('',(2.7,0.9995,0.1750001));
#3876 = CARTESIAN_POINT('',(2.7,0.9995,1.000000002804E-07));
#3877 = CARTESIAN_POINT('',(2.525,0.9995,1.000000002804E-07));
#3878 = ORIENTED_EDGE('',*,*,#3604,.F.);
#3879 = ORIENTED_EDGE('',*,*,#3880,.F.);
#3880 = EDGE_CURVE('',#3853,#3598,#3881,.T.);
#3881 = ( BOUNDED_CURVE() B_SPLINE_CURVE(2,(#3882,#3883,#3884),
.UNSPECIFIED.,.F.,.F.) B_SPLINE_CURVE_WITH_KNOTS((3,3),(0.,
1.570796326795),.PIECEWISE_BEZIER_KNOTS.) CURVE() 
GEOMETRIC_REPRESENTATION_ITEM() RATIONAL_B_SPLINE_CURVE((1.,
0.707106781187,1.)) REPRESENTATION_ITEM('') );
#3882 = CARTESIAN_POINT('',(2.7,1.9995,0.1750001));
#3883 = CARTESIAN_POINT('',(2.7,1.9995,1.000000002804E-07));
#3884 = CARTESIAN_POINT('',(2.525,1.9995,1.000000002804E-07));
#3885 = ORIENTED_EDGE('',*,*,#3852,.T.);
#3886 = ( BOUNDED_SURFACE() B_SPLINE_SURFACE(2,1,(
    (#3887,#3888)
    ,(#3889,#3890)
    ,(#3891,#3892
)),.UNSPECIFIED.,.F.,.F.,.F.) B_SPLINE_SURFACE_WITH_KNOTS((3,3),(2,2),(
    0.,1.570796326795),(0.,1.),.PIECEWISE_BEZIER_KNOTS.) 
GEOMETRIC_REPRESENTATION_ITEM() RATIONAL_B_SPLINE_SURFACE((
    (1.,1.)
    ,(0.707106781187,0.707106781187)
,(1.,1.))) REPRESENTATION_ITEM('') SURFACE() );
#3887 = CARTESIAN_POINT('',(2.525,1.9995,1.000000000584E-07));
#3888 = CARTESIAN_POINT('',(2.525,0.9995,1.000000000584E-07));
#3889 = CARTESIAN_POINT('',(2.7,1.9995,1.000000000584E-07));
#3890 = CARTESIAN_POINT('',(2.7,0.9995,1.000000000584E-07));
#3891 = CARTESIAN_POINT('',(2.7,1.9995,0.1750001));
#3892 = CARTESIAN_POINT('',(2.7,0.9995,0.1750001));
#3893 = ADVANCED_FACE('',(#3894),#3908,.T.);
#3894 = FACE_BOUND('',#3895,.T.);
#3895 = EDGE_LOOP('',(#3896,#3897,#3898,#3899,#3900,#3901,#3902,#3903,
    #3904,#3905,#3906,#3907));
#3896 = ORIENTED_EDGE('',*,*,#3597,.T.);
#3897 = ORIENTED_EDGE('',*,*,#3625,.F.);
#3898 = ORIENTED_EDGE('',*,*,#3658,.F.);
#3899 = ORIENTED_EDGE('',*,*,#3674,.F.);
#3900 = ORIENTED_EDGE('',*,*,#3719,.F.);
#3901 = ORIENTED_EDGE('',*,*,#3734,.F.);
#3902 = ORIENTED_EDGE('',*,*,#3771,.F.);
#3903 = ORIENTED_EDGE('',*,*,#1824,.F.);
#3904 = ORIENTED_EDGE('',*,*,#3799,.T.);
#3905 = ORIENTED_EDGE('',*,*,#3828,.T.);
#3906 = ORIENTED_EDGE('',*,*,#3859,.T.);
#3907 = ORIENTED_EDGE('',*,*,#3880,.T.);
#3908 = B_SPLINE_SURFACE_WITH_KNOTS('',1,1,(
    (#3909,#3910)
    ,(#3911,#3912
  )),.UNSPECIFIED.,.F.,.F.,.F.,(2,2),(2,2),(-1.225,0.175),(-0.725,0.175)
  ,.PIECEWISE_BEZIER_KNOTS.);
#3909 = CARTESIAN_POINT('',(1.3,1.9995,0.9000001));
#3910 = CARTESIAN_POINT('',(1.3,1.9995,1.000000000584E-07));
#3911 = CARTESIAN_POINT('',(2.7,1.9995,0.9000001));
#3912 = CARTESIAN_POINT('',(2.7,1.9995,1.000000000584E-07));
#3913 = ADVANCED_FACE('',(#3914),#3930,.F.);
#3914 = FACE_BOUND('',#3915,.T.);
#3915 = EDGE_LOOP('',(#3916,#3917,#3918,#3919,#3920,#3921,#3922,#3923,
    #3924,#3925,#3926,#3927,#3928,#3929));
#3916 = ORIENTED_EDGE('',*,*,#1708,.T.);
#3917 = ORIENTED_EDGE('',*,*,#2241,.T.);
#3918 = ORIENTED_EDGE('',*,*,#3631,.T.);
#3919 = ORIENTED_EDGE('',*,*,#3581,.F.);
#3920 = ORIENTED_EDGE('',*,*,#3873,.F.);
#3921 = ORIENTED_EDGE('',*,*,#3845,.F.);
#3922 = ORIENTED_EDGE('',*,*,#3813,.F.);
#3923 = ORIENTED_EDGE('',*,*,#3785,.F.);
#3924 = ORIENTED_EDGE('',*,*,#1840,.T.);
#3925 = ORIENTED_EDGE('',*,*,#3765,.T.);
#3926 = ORIENTED_EDGE('',*,*,#3749,.T.);
#3927 = ORIENTED_EDGE('',*,*,#3705,.T.);
#3928 = ORIENTED_EDGE('',*,*,#3689,.T.);
#3929 = ORIENTED_EDGE('',*,*,#3644,.T.);
#3930 = B_SPLINE_SURFACE_WITH_KNOTS('',1,1,(
    (#3931,#3932)
    ,(#3933,#3934
  )),.UNSPECIFIED.,.F.,.F.,.F.,(2,2),(2,2),(-1.225,0.175),(-0.725,0.175)
  ,.PIECEWISE_BEZIER_KNOTS.);
#3931 = CARTESIAN_POINT('',(1.3,0.9995,0.9000001));
#3932 = CARTESIAN_POINT('',(1.3,0.9995,1.000000000584E-07));
#3933 = CARTESIAN_POINT('',(2.7,0.9995,0.9000001));
#3934 = CARTESIAN_POINT('',(2.7,0.9995,1.000000000584E-07));
#3935 = ADVANCED_FACE('',(#3936),#3966,.F.);
#3936 = FACE_BOUND('',#3937,.T.);
#3937 = EDGE_LOOP('',(#3938,#3947,#3954,#3961));
#3938 = ORIENTED_EDGE('',*,*,#3939,.T.);
#3939 = EDGE_CURVE('',#3940,#3942,#3944,.T.);
#3940 = VERTEX_POINT('',#3941);
#3941 = CARTESIAN_POINT('',(-2.525,-0.5005,0.1500001));
#3942 = VERTEX_POINT('',#3943);
#3943 = CARTESIAN_POINT('',(-1.3,-0.5005,0.1500001));
#3944 = B_SPLINE_CURVE_WITH_KNOTS('',1,(#3945,#3946),.UNSPECIFIED.,.F.,
  .F.,(2,2),(0.,1.225),.PIECEWISE_BEZIER_KNOTS.);
#3945 = CARTESIAN_POINT('',(-2.525,-0.5005,0.1500001));
#3946 = CARTESIAN_POINT('',(-1.3,-0.5005,0.1500001));
#3947 = ORIENTED_EDGE('',*,*,#3948,.F.);
#3948 = EDGE_CURVE('',#3949,#3942,#3951,.T.);
#3949 = VERTEX_POINT('',#3950);
#3950 = CARTESIAN_POINT('',(-1.3,0.4995,0.1500001));
#3951 = B_SPLINE_CURVE_WITH_KNOTS('',1,(#3952,#3953),.UNSPECIFIED.,.F.,
  .F.,(2,2),(-0.,1.),.PIECEWISE_BEZIER_KNOTS.);
#3952 = CARTESIAN_POINT('',(-1.3,0.4995,0.1500001));
#3953 = CARTESIAN_POINT('',(-1.3,-0.5005,0.1500001));
#3954 = ORIENTED_EDGE('',*,*,#3955,.F.);
#3955 = EDGE_CURVE('',#3956,#3949,#3958,.T.);
#3956 = VERTEX_POINT('',#3957);
#3957 = CARTESIAN_POINT('',(-2.525,0.4995,0.1500001));
#3958 = B_SPLINE_CURVE_WITH_KNOTS('',1,(#3959,#3960),.UNSPECIFIED.,.F.,
  .F.,(2,2),(0.,1.225),.PIECEWISE_BEZIER_KNOTS.);
#3959 = CARTESIAN_POINT('',(-2.525,0.4995,0.1500001));
#3960 = CARTESIAN_POINT('',(-1.3,0.4995,0.1500001));
#3961 = ORIENTED_EDGE('',*,*,#3962,.T.);
#3962 = EDGE_CURVE('',#3956,#3940,#3963,.T.);
#3963 = B_SPLINE_CURVE_WITH_KNOTS('',1,(#3964,#3965),.UNSPECIFIED.,.F.,
  .F.,(2,2),(-0.,1.),.PIECEWISE_BEZIER_KNOTS.);
#3964 = CARTESIAN_POINT('',(-2.525,0.4995,0.1500001));
#3965 = CARTESIAN_POINT('',(-2.525,-0.5005,0.1500001));
#3966 = B_SPLINE_SURFACE_WITH_KNOTS('',1,1,(
    (#3967,#3968)
    ,(#3969,#3970
    )),.UNSPECIFIED.,.F.,.F.,.F.,(2,2),(2,2),(-1.225,0.),(-1.,0.),
  .PIECEWISE_BEZIER_KNOTS.);
#3967 = CARTESIAN_POINT('',(-1.3,-0.5005,0.1500001));
#3968 = CARTESIAN_POINT('',(-1.3,0.4995,0.1500001));
#3969 = CARTESIAN_POINT('',(-2.525,-0.5005,0.1500001));
#3970 = CARTESIAN_POINT('',(-2.525,0.4995,0.1500001));
#3971 = ADVANCED_FACE('',(#3972),#3994,.T.);
#3972 = FACE_BOUND('',#3973,.T.);
#3973 = EDGE_LOOP('',(#3974,#3981,#3988,#3993));
#3974 = ORIENTED_EDGE('',*,*,#3975,.F.);
#3975 = EDGE_CURVE('',#3976,#3942,#3978,.T.);
#3976 = VERTEX_POINT('',#3977);
#3977 = CARTESIAN_POINT('',(-1.3,-0.5005,1.000000000584E-07));
#3978 = B_SPLINE_CURVE_WITH_KNOTS('',1,(#3979,#3980),.UNSPECIFIED.,.F.,
  .F.,(2,2),(0.,0.15),.PIECEWISE_BEZIER_KNOTS.);
#3979 = CARTESIAN_POINT('',(-1.3,-0.5005,1.000000000584E-07));
#3980 = CARTESIAN_POINT('',(-1.3,-0.5005,0.1500001));
#3981 = ORIENTED_EDGE('',*,*,#3982,.F.);
#3982 = EDGE_CURVE('',#3983,#3976,#3985,.T.);
#3983 = VERTEX_POINT('',#3984);
#3984 = CARTESIAN_POINT('',(-1.3,0.4995,1.000000000584E-07));
#3985 = B_SPLINE_CURVE_WITH_KNOTS('',1,(#3986,#3987),.UNSPECIFIED.,.F.,
  .F.,(2,2),(-0.,1.),.PIECEWISE_BEZIER_KNOTS.);
#3986 = CARTESIAN_POINT('',(-1.3,0.4995,1.000000000584E-07));
#3987 = CARTESIAN_POINT('',(-1.3,-0.5005,1.000000000584E-07));
#3988 = ORIENTED_EDGE('',*,*,#3989,.T.);
#3989 = EDGE_CURVE('',#3983,#3949,#3990,.T.);
#3990 = B_SPLINE_CURVE_WITH_KNOTS('',1,(#3991,#3992),.UNSPECIFIED.,.F.,
  .F.,(2,2),(0.,0.15),.PIECEWISE_BEZIER_KNOTS.);
#3991 = CARTESIAN_POINT('',(-1.3,0.4995,1.000000000584E-07));
#3992 = CARTESIAN_POINT('',(-1.3,0.4995,0.1500001));
#3993 = ORIENTED_EDGE('',*,*,#3948,.T.);
#3994 = B_SPLINE_SURFACE_WITH_KNOTS('',1,1,(
    (#3995,#3996)
    ,(#3997,#3998
    )),.UNSPECIFIED.,.F.,.F.,.F.,(2,2),(2,2),(-0.15,0.),(-1.,0.),
  .PIECEWISE_BEZIER_KNOTS.);
#3995 = CARTESIAN_POINT('',(-1.3,-0.5005,0.1500001));
#3996 = CARTESIAN_POINT('',(-1.3,0.4995,0.1500001));
#3997 = CARTESIAN_POINT('',(-1.3,-0.5005,1.000000000584E-07));
#3998 = CARTESIAN_POINT('',(-1.3,0.4995,1.000000000584E-07));
#3999 = ADVANCED_FACE('',(#4000),#4022,.T.);
#4000 = FACE_BOUND('',#4001,.T.);
#4001 = EDGE_LOOP('',(#4002,#4009,#4016,#4021));
#4002 = ORIENTED_EDGE('',*,*,#4003,.F.);
#4003 = EDGE_CURVE('',#4004,#3976,#4006,.T.);
#4004 = VERTEX_POINT('',#4005);
#4005 = CARTESIAN_POINT('',(-2.525,-0.5005,1.000000000584E-07));
#4006 = B_SPLINE_CURVE_WITH_KNOTS('',1,(#4007,#4008),.UNSPECIFIED.,.F.,
  .F.,(2,2),(0.,1.225),.PIECEWISE_BEZIER_KNOTS.);
#4007 = CARTESIAN_POINT('',(-2.525,-0.5005,1.000000000584E-07));
#4008 = CARTESIAN_POINT('',(-1.3,-0.5005,1.000000000584E-07));
#4009 = ORIENTED_EDGE('',*,*,#4010,.F.);
#4010 = EDGE_CURVE('',#4011,#4004,#4013,.T.);
#4011 = VERTEX_POINT('',#4012);
#4012 = CARTESIAN_POINT('',(-2.525,0.4995,1.000000000584E-07));
#4013 = B_SPLINE_CURVE_WITH_KNOTS('',1,(#4014,#4015),.UNSPECIFIED.,.F.,
  .F.,(2,2),(-0.,1.),.PIECEWISE_BEZIER_KNOTS.);
#4014 = CARTESIAN_POINT('',(-2.525,0.4995,1.000000000584E-07));
#4015 = CARTESIAN_POINT('',(-2.525,-0.5005,1.000000000584E-07));
#4016 = ORIENTED_EDGE('',*,*,#4017,.T.);
#4017 = EDGE_CURVE('',#4011,#3983,#4018,.T.);
#4018 = B_SPLINE_CURVE_WITH_KNOTS('',1,(#4019,#4020),.UNSPECIFIED.,.F.,
  .F.,(2,2),(0.,1.225),.PIECEWISE_BEZIER_KNOTS.);
#4019 = CARTESIAN_POINT('',(-2.525,0.4995,1.000000000584E-07));
#4020 = CARTESIAN_POINT('',(-1.3,0.4995,1.000000000584E-07));
#4021 = ORIENTED_EDGE('',*,*,#3982,.T.);
#4022 = B_SPLINE_SURFACE_WITH_KNOTS('',1,1,(
    (#4023,#4024)
    ,(#4025,#4026
    )),.UNSPECIFIED.,.F.,.F.,.F.,(2,2),(2,2),(-1.225,0.),(-1.,0.),
  .PIECEWISE_BEZIER_KNOTS.);
#4023 = CARTESIAN_POINT('',(-1.3,-0.5005,1.000000000584E-07));
#4024 = CARTESIAN_POINT('',(-1.3,0.4995,1.000000000584E-07));
#4025 = CARTESIAN_POINT('',(-2.525,-0.5005,1.000000000584E-07));
#4026 = CARTESIAN_POINT('',(-2.525,0.4995,1.000000000584E-07));
#4027 = ADVANCED_FACE('',(#4028),#4052,.T.);
#4028 = FACE_BOUND('',#4029,.T.);
#4029 = EDGE_LOOP('',(#4030,#4038,#4045,#4051));
#4030 = ORIENTED_EDGE('',*,*,#4031,.F.);
#4031 = EDGE_CURVE('',#4032,#4004,#4034,.T.);
#4032 = VERTEX_POINT('',#4033);
#4033 = CARTESIAN_POINT('',(-2.7,-0.5005,0.1750001));
#4034 = ( BOUNDED_CURVE() B_SPLINE_CURVE(2,(#4035,#4036,#4037),
.UNSPECIFIED.,.F.,.F.) B_SPLINE_CURVE_WITH_KNOTS((3,3),(3.14159265359,
4.712388980385),.PIECEWISE_BEZIER_KNOTS.) CURVE() 
GEOMETRIC_REPRESENTATION_ITEM() RATIONAL_B_SPLINE_CURVE((1.,
0.707106781187,1.)) REPRESENTATION_ITEM('') );
#4035 = CARTESIAN_POINT('',(-2.7,-0.5005,0.1750001));
#4036 = CARTESIAN_POINT('',(-2.7,-0.5005,1.000000002804E-07));
#4037 = CARTESIAN_POINT('',(-2.525,-0.5005,1.000000002804E-07));
#4038 = ORIENTED_EDGE('',*,*,#4039,.F.);
#4039 = EDGE_CURVE('',#4040,#4032,#4042,.T.);
#4040 = VERTEX_POINT('',#4041);
#4041 = CARTESIAN_POINT('',(-2.7,0.4995,0.1750001));
#4042 = B_SPLINE_CURVE_WITH_KNOTS('',1,(#4043,#4044),.UNSPECIFIED.,.F.,
  .F.,(2,2),(-0.,1.),.PIECEWISE_BEZIER_KNOTS.);
#4043 = CARTESIAN_POINT('',(-2.7,0.4995,0.1750001));
#4044 = CARTESIAN_POINT('',(-2.7,-0.5005,0.1750001));
#4045 = ORIENTED_EDGE('',*,*,#4046,.T.);
#4046 = EDGE_CURVE('',#4040,#4011,#4047,.T.);
#4047 = ( BOUNDED_CURVE() B_SPLINE_CURVE(2,(#4048,#4049,#4050),
.UNSPECIFIED.,.F.,.F.) B_SPLINE_CURVE_WITH_KNOTS((3,3),(3.14159265359,
4.712388980385),.PIECEWISE_BEZIER_KNOTS.) CURVE() 
GEOMETRIC_REPRESENTATION_ITEM() RATIONAL_B_SPLINE_CURVE((1.,
0.707106781187,1.)) REPRESENTATION_ITEM('') );
#4048 = CARTESIAN_POINT('',(-2.7,0.4995,0.1750001));
#4049 = CARTESIAN_POINT('',(-2.7,0.4995,1.000000002804E-07));
#4050 = CARTESIAN_POINT('',(-2.525,0.4995,1.000000002804E-07));
#4051 = ORIENTED_EDGE('',*,*,#4010,.T.);
#4052 = ( BOUNDED_SURFACE() B_SPLINE_SURFACE(2,1,(
    (#4053,#4054)
    ,(#4055,#4056)
    ,(#4057,#4058
)),.UNSPECIFIED.,.F.,.F.,.F.) B_SPLINE_SURFACE_WITH_KNOTS((3,3),(2,2),(
    4.712388980385,6.28318530718),(0.,1.),.PIECEWISE_BEZIER_KNOTS.) 
GEOMETRIC_REPRESENTATION_ITEM() RATIONAL_B_SPLINE_SURFACE((
    (1.,1.)
    ,(0.707106781187,0.707106781187)
,(1.,1.))) REPRESENTATION_ITEM('') SURFACE() );
#4053 = CARTESIAN_POINT('',(-2.7,0.4995,0.1750001));
#4054 = CARTESIAN_POINT('',(-2.7,-0.5005,0.1750001));
#4055 = CARTESIAN_POINT('',(-2.7,0.4995,1.000000000584E-07));
#4056 = CARTESIAN_POINT('',(-2.7,-0.5005,1.000000000584E-07));
#4057 = CARTESIAN_POINT('',(-2.525,0.4995,1.000000000584E-07));
#4058 = CARTESIAN_POINT('',(-2.525,-0.5005,1.000000000584E-07));
#4059 = ADVANCED_FACE('',(#4060),#4082,.T.);
#4060 = FACE_BOUND('',#4061,.T.);
#4061 = EDGE_LOOP('',(#4062,#4069,#4076,#4081));
#4062 = ORIENTED_EDGE('',*,*,#4063,.F.);
#4063 = EDGE_CURVE('',#4064,#4032,#4066,.T.);
#4064 = VERTEX_POINT('',#4065);
#4065 = CARTESIAN_POINT('',(-2.7,-0.5005,0.7250001));
#4066 = B_SPLINE_CURVE_WITH_KNOTS('',1,(#4067,#4068),.UNSPECIFIED.,.F.,
  .F.,(2,2),(0.,0.55),.PIECEWISE_BEZIER_KNOTS.);
#4067 = CARTESIAN_POINT('',(-2.7,-0.5005,0.7250001));
#4068 = CARTESIAN_POINT('',(-2.7,-0.5005,0.1750001));
#4069 = ORIENTED_EDGE('',*,*,#4070,.F.);
#4070 = EDGE_CURVE('',#4071,#4064,#4073,.T.);
#4071 = VERTEX_POINT('',#4072);
#4072 = CARTESIAN_POINT('',(-2.7,0.4995,0.7250001));
#4073 = B_SPLINE_CURVE_WITH_KNOTS('',1,(#4074,#4075),.UNSPECIFIED.,.F.,
  .F.,(2,2),(-0.,1.),.PIECEWISE_BEZIER_KNOTS.);
#4074 = CARTESIAN_POINT('',(-2.7,0.4995,0.7250001));
#4075 = CARTESIAN_POINT('',(-2.7,-0.5005,0.7250001));
#4076 = ORIENTED_EDGE('',*,*,#4077,.T.);
#4077 = EDGE_CURVE('',#4071,#4040,#4078,.T.);
#4078 = B_SPLINE_CURVE_WITH_KNOTS('',1,(#4079,#4080),.UNSPECIFIED.,.F.,
  .F.,(2,2),(0.,0.55),.PIECEWISE_BEZIER_KNOTS.);
#4079 = CARTESIAN_POINT('',(-2.7,0.4995,0.7250001));
#4080 = CARTESIAN_POINT('',(-2.7,0.4995,0.1750001));
#4081 = ORIENTED_EDGE('',*,*,#4039,.T.);
#4082 = B_SPLINE_SURFACE_WITH_KNOTS('',1,1,(
    (#4083,#4084)
    ,(#4085,#4086
    )),.UNSPECIFIED.,.F.,.F.,.F.,(2,2),(2,2),(-0.55,0.),(-1.,0.),
  .PIECEWISE_BEZIER_KNOTS.);
#4083 = CARTESIAN_POINT('',(-2.7,-0.5005,0.1750001));
#4084 = CARTESIAN_POINT('',(-2.7,0.4995,0.1750001));
#4085 = CARTESIAN_POINT('',(-2.7,-0.5005,0.7250001));
#4086 = CARTESIAN_POINT('',(-2.7,0.4995,0.7250001));
#4087 = ADVANCED_FACE('',(#4088),#4112,.T.);
#4088 = FACE_BOUND('',#4089,.T.);
#4089 = EDGE_LOOP('',(#4090,#4098,#4105,#4111));
#4090 = ORIENTED_EDGE('',*,*,#4091,.F.);
#4091 = EDGE_CURVE('',#4092,#4064,#4094,.T.);
#4092 = VERTEX_POINT('',#4093);
#4093 = CARTESIAN_POINT('',(-2.525,-0.5005,0.9000001));
#4094 = ( BOUNDED_CURVE() B_SPLINE_CURVE(2,(#4095,#4096,#4097),
.UNSPECIFIED.,.F.,.F.) B_SPLINE_CURVE_WITH_KNOTS((3,3),(1.570796326795,
3.14159265359),.PIECEWISE_BEZIER_KNOTS.) CURVE() 
GEOMETRIC_REPRESENTATION_ITEM() RATIONAL_B_SPLINE_CURVE((1.,
0.707106781187,1.)) REPRESENTATION_ITEM('') );
#4095 = CARTESIAN_POINT('',(-2.525,-0.5005,0.9000001));
#4096 = CARTESIAN_POINT('',(-2.7,-0.5005,0.9000001));
#4097 = CARTESIAN_POINT('',(-2.7,-0.5005,0.7250001));
#4098 = ORIENTED_EDGE('',*,*,#4099,.F.);
#4099 = EDGE_CURVE('',#4100,#4092,#4102,.T.);
#4100 = VERTEX_POINT('',#4101);
#4101 = CARTESIAN_POINT('',(-2.525,0.4995,0.9000001));
#4102 = B_SPLINE_CURVE_WITH_KNOTS('',1,(#4103,#4104),.UNSPECIFIED.,.F.,
  .F.,(2,2),(-0.,1.),.PIECEWISE_BEZIER_KNOTS.);
#4103 = CARTESIAN_POINT('',(-2.525,0.4995,0.9000001));
#4104 = CARTESIAN_POINT('',(-2.525,-0.5005,0.9000001));
#4105 = ORIENTED_EDGE('',*,*,#4106,.T.);
#4106 = EDGE_CURVE('',#4100,#4071,#4107,.T.);
#4107 = ( BOUNDED_CURVE() B_SPLINE_CURVE(2,(#4108,#4109,#4110),
.UNSPECIFIED.,.F.,.F.) B_SPLINE_CURVE_WITH_KNOTS((3,3),(1.570796326795,
3.14159265359),.PIECEWISE_BEZIER_KNOTS.) CURVE() 
GEOMETRIC_REPRESENTATION_ITEM() RATIONAL_B_SPLINE_CURVE((1.,
0.707106781187,1.)) REPRESENTATION_ITEM('') );
#4108 = CARTESIAN_POINT('',(-2.525,0.4995,0.9000001));
#4109 = CARTESIAN_POINT('',(-2.7,0.4995,0.9000001));
#4110 = CARTESIAN_POINT('',(-2.7,0.4995,0.7250001));
#4111 = ORIENTED_EDGE('',*,*,#4070,.T.);
#4112 = ( BOUNDED_SURFACE() B_SPLINE_SURFACE(2,1,(
    (#4113,#4114)
    ,(#4115,#4116)
    ,(#4117,#4118
)),.UNSPECIFIED.,.F.,.F.,.F.) B_SPLINE_SURFACE_WITH_KNOTS((3,3),(2,2),(
    3.14159265359,4.712388980385),(0.,1.),.PIECEWISE_BEZIER_KNOTS.) 
GEOMETRIC_REPRESENTATION_ITEM() RATIONAL_B_SPLINE_SURFACE((
    (1.,1.)
    ,(0.707106781187,0.707106781187)
,(1.,1.))) REPRESENTATION_ITEM('') SURFACE() );
#4113 = CARTESIAN_POINT('',(-2.525,0.4995,0.9000001));
#4114 = CARTESIAN_POINT('',(-2.525,-0.5005,0.9000001));
#4115 = CARTESIAN_POINT('',(-2.7,0.4995,0.9000001));
#4116 = CARTESIAN_POINT('',(-2.7,-0.5005,0.9000001));
#4117 = CARTESIAN_POINT('',(-2.7,0.4995,0.7250001));
#4118 = CARTESIAN_POINT('',(-2.7,-0.5005,0.7250001));
#4119 = ADVANCED_FACE('',(#4120),#4134,.T.);
#4120 = FACE_BOUND('',#4121,.T.);
#4121 = EDGE_LOOP('',(#4122,#4127,#4128,#4133));
#4122 = ORIENTED_EDGE('',*,*,#4123,.F.);
#4123 = EDGE_CURVE('',#1950,#4092,#4124,.T.);
#4124 = B_SPLINE_CURVE_WITH_KNOTS('',1,(#4125,#4126),.UNSPECIFIED.,.F.,
  .F.,(2,2),(0.,2.5E-02),.PIECEWISE_BEZIER_KNOTS.);
#4125 = CARTESIAN_POINT('',(-2.5,-0.5005,0.9000001));
#4126 = CARTESIAN_POINT('',(-2.525,-0.5005,0.9000001));
#4127 = ORIENTED_EDGE('',*,*,#1949,.F.);
#4128 = ORIENTED_EDGE('',*,*,#4129,.T.);
#4129 = EDGE_CURVE('',#1943,#4100,#4130,.T.);
#4130 = B_SPLINE_CURVE_WITH_KNOTS('',1,(#4131,#4132),.UNSPECIFIED.,.F.,
  .F.,(2,2),(0.,2.5E-02),.PIECEWISE_BEZIER_KNOTS.);
#4131 = CARTESIAN_POINT('',(-2.5,0.4995,0.9000001));
#4132 = CARTESIAN_POINT('',(-2.525,0.4995,0.9000001));
#4133 = ORIENTED_EDGE('',*,*,#4099,.T.);
#4134 = B_SPLINE_SURFACE_WITH_KNOTS('',1,1,(
    (#4135,#4136)
    ,(#4137,#4138
  )),.UNSPECIFIED.,.F.,.F.,.F.,(2,2),(2,2),(-2.5E-02,0.),(-1.,0.),
  .PIECEWISE_BEZIER_KNOTS.);
#4135 = CARTESIAN_POINT('',(-2.525,-0.5005,0.9000001));
#4136 = CARTESIAN_POINT('',(-2.525,0.4995,0.9000001));
#4137 = CARTESIAN_POINT('',(-2.5,-0.5005,0.9000001));
#4138 = CARTESIAN_POINT('',(-2.5,0.4995,0.9000001));
#4139 = ADVANCED_FACE('',(#4140),#4162,.F.);
#4140 = FACE_BOUND('',#4141,.T.);
#4141 = EDGE_LOOP('',(#4142,#4149,#4156,#4161));
#4142 = ORIENTED_EDGE('',*,*,#4143,.T.);
#4143 = EDGE_CURVE('',#1957,#4144,#4146,.T.);
#4144 = VERTEX_POINT('',#4145);
#4145 = CARTESIAN_POINT('',(-2.525,-0.5005,0.7500001));
#4146 = B_SPLINE_CURVE_WITH_KNOTS('',1,(#4147,#4148),.UNSPECIFIED.,.F.,
  .F.,(2,2),(8.881784197001E-16,2.5E-02),.PIECEWISE_BEZIER_KNOTS.);
#4147 = CARTESIAN_POINT('',(-2.5,-0.5005,0.7500001));
#4148 = CARTESIAN_POINT('',(-2.525,-0.5005,0.7500001));
#4149 = ORIENTED_EDGE('',*,*,#4150,.F.);
#4150 = EDGE_CURVE('',#4151,#4144,#4153,.T.);
#4151 = VERTEX_POINT('',#4152);
#4152 = CARTESIAN_POINT('',(-2.525,0.4995,0.7500001));
#4153 = B_SPLINE_CURVE_WITH_KNOTS('',1,(#4154,#4155),.UNSPECIFIED.,.F.,
  .F.,(2,2),(-0.,1.),.PIECEWISE_BEZIER_KNOTS.);
#4154 = CARTESIAN_POINT('',(-2.525,0.4995,0.7500001));
#4155 = CARTESIAN_POINT('',(-2.525,-0.5005,0.7500001));
#4156 = ORIENTED_EDGE('',*,*,#4157,.F.);
#4157 = EDGE_CURVE('',#1941,#4151,#4158,.T.);
#4158 = B_SPLINE_CURVE_WITH_KNOTS('',1,(#4159,#4160),.UNSPECIFIED.,.F.,
  .F.,(2,2),(0.,2.5E-02),.PIECEWISE_BEZIER_KNOTS.);
#4159 = CARTESIAN_POINT('',(-2.5,0.4995,0.7500001));
#4160 = CARTESIAN_POINT('',(-2.525,0.4995,0.7500001));
#4161 = ORIENTED_EDGE('',*,*,#1963,.T.);
#4162 = B_SPLINE_SURFACE_WITH_KNOTS('',1,1,(
    (#4163,#4164)
    ,(#4165,#4166
  )),.UNSPECIFIED.,.F.,.F.,.F.,(2,2),(2,2),(-2.5E-02,0.),(-1.,0.),
  .PIECEWISE_BEZIER_KNOTS.);
#4163 = CARTESIAN_POINT('',(-2.525,-0.5005,0.7500001));
#4164 = CARTESIAN_POINT('',(-2.525,0.4995,0.7500001));
#4165 = CARTESIAN_POINT('',(-2.5,-0.5005,0.7500001));
#4166 = CARTESIAN_POINT('',(-2.5,0.4995,0.7500001));
#4167 = ADVANCED_FACE('',(#4168),#4192,.F.);
#4168 = FACE_BOUND('',#4169,.F.);
#4169 = EDGE_LOOP('',(#4170,#4171,#4179,#4186));
#4170 = ORIENTED_EDGE('',*,*,#4150,.F.);
#4171 = ORIENTED_EDGE('',*,*,#4172,.T.);
#4172 = EDGE_CURVE('',#4151,#4173,#4175,.T.);
#4173 = VERTEX_POINT('',#4174);
#4174 = CARTESIAN_POINT('',(-2.55,0.4995,0.7250001));
#4175 = ( BOUNDED_CURVE() B_SPLINE_CURVE(2,(#4176,#4177,#4178),
.UNSPECIFIED.,.F.,.F.) B_SPLINE_CURVE_WITH_KNOTS((3,3),(1.570796326795,
3.14159265359),.PIECEWISE_BEZIER_KNOTS.) CURVE() 
GEOMETRIC_REPRESENTATION_ITEM() RATIONAL_B_SPLINE_CURVE((1.,
0.707106781187,1.)) REPRESENTATION_ITEM('') );
#4176 = CARTESIAN_POINT('',(-2.525,0.4995,0.7500001));
#4177 = CARTESIAN_POINT('',(-2.55,0.4995,0.7500001));
#4178 = CARTESIAN_POINT('',(-2.55,0.4995,0.7250001));
#4179 = ORIENTED_EDGE('',*,*,#4180,.T.);
#4180 = EDGE_CURVE('',#4173,#4181,#4183,.T.);
#4181 = VERTEX_POINT('',#4182);
#4182 = CARTESIAN_POINT('',(-2.55,-0.5005,0.7250001));
#4183 = B_SPLINE_CURVE_WITH_KNOTS('',1,(#4184,#4185),.UNSPECIFIED.,.F.,
  .F.,(2,2),(-0.,1.),.PIECEWISE_BEZIER_KNOTS.);
#4184 = CARTESIAN_POINT('',(-2.55,0.4995,0.7250001));
#4185 = CARTESIAN_POINT('',(-2.55,-0.5005,0.7250001));
#4186 = ORIENTED_EDGE('',*,*,#4187,.F.);
#4187 = EDGE_CURVE('',#4144,#4181,#4188,.T.);
#4188 = ( BOUNDED_CURVE() B_SPLINE_CURVE(2,(#4189,#4190,#4191),
.UNSPECIFIED.,.F.,.F.) B_SPLINE_CURVE_WITH_KNOTS((3,3),(1.570796326795,
3.14159265359),.PIECEWISE_BEZIER_KNOTS.) CURVE() 
GEOMETRIC_REPRESENTATION_ITEM() RATIONAL_B_SPLINE_CURVE((1.,
0.707106781187,1.)) REPRESENTATION_ITEM('') );
#4189 = CARTESIAN_POINT('',(-2.525,-0.5005,0.7500001));
#4190 = CARTESIAN_POINT('',(-2.55,-0.5005,0.7500001));
#4191 = CARTESIAN_POINT('',(-2.55,-0.5005,0.7250001));
#4192 = ( BOUNDED_SURFACE() B_SPLINE_SURFACE(2,1,(
    (#4193,#4194)
    ,(#4195,#4196)
    ,(#4197,#4198
)),.UNSPECIFIED.,.F.,.F.,.F.) B_SPLINE_SURFACE_WITH_KNOTS((3,3),(2,2),(
    3.14159265359,4.712388980385),(0.,1.),.PIECEWISE_BEZIER_KNOTS.) 
GEOMETRIC_REPRESENTATION_ITEM() RATIONAL_B_SPLINE_SURFACE((
    (1.,1.)
    ,(0.707106781187,0.707106781187)
,(1.,1.))) REPRESENTATION_ITEM('') SURFACE() );
#4193 = CARTESIAN_POINT('',(-2.525,0.4995,0.7500001));
#4194 = CARTESIAN_POINT('',(-2.525,-0.5005,0.7500001));
#4195 = CARTESIAN_POINT('',(-2.55,0.4995,0.7500001));
#4196 = CARTESIAN_POINT('',(-2.55,-0.5005,0.7500001));
#4197 = CARTESIAN_POINT('',(-2.55,0.4995,0.7250001));
#4198 = CARTESIAN_POINT('',(-2.55,-0.5005,0.7250001));
#4199 = ADVANCED_FACE('',(#4200),#4222,.F.);
#4200 = FACE_BOUND('',#4201,.T.);
#4201 = EDGE_LOOP('',(#4202,#4209,#4216,#4221));
#4202 = ORIENTED_EDGE('',*,*,#4203,.T.);
#4203 = EDGE_CURVE('',#4181,#4204,#4206,.T.);
#4204 = VERTEX_POINT('',#4205);
#4205 = CARTESIAN_POINT('',(-2.55,-0.5005,0.1750001));
#4206 = B_SPLINE_CURVE_WITH_KNOTS('',1,(#4207,#4208),.UNSPECIFIED.,.F.,
  .F.,(2,2),(0.,0.55),.PIECEWISE_BEZIER_KNOTS.);
#4207 = CARTESIAN_POINT('',(-2.55,-0.5005,0.7250001));
#4208 = CARTESIAN_POINT('',(-2.55,-0.5005,0.1750001));
#4209 = ORIENTED_EDGE('',*,*,#4210,.F.);
#4210 = EDGE_CURVE('',#4211,#4204,#4213,.T.);
#4211 = VERTEX_POINT('',#4212);
#4212 = CARTESIAN_POINT('',(-2.55,0.4995,0.1750001));
#4213 = B_SPLINE_CURVE_WITH_KNOTS('',1,(#4214,#4215),.UNSPECIFIED.,.F.,
  .F.,(2,2),(-0.,1.),.PIECEWISE_BEZIER_KNOTS.);
#4214 = CARTESIAN_POINT('',(-2.55,0.4995,0.1750001));
#4215 = CARTESIAN_POINT('',(-2.55,-0.5005,0.1750001));
#4216 = ORIENTED_EDGE('',*,*,#4217,.F.);
#4217 = EDGE_CURVE('',#4173,#4211,#4218,.T.);
#4218 = B_SPLINE_CURVE_WITH_KNOTS('',1,(#4219,#4220),.UNSPECIFIED.,.F.,
  .F.,(2,2),(0.,0.55),.PIECEWISE_BEZIER_KNOTS.);
#4219 = CARTESIAN_POINT('',(-2.55,0.4995,0.7250001));
#4220 = CARTESIAN_POINT('',(-2.55,0.4995,0.1750001));
#4221 = ORIENTED_EDGE('',*,*,#4180,.T.);
#4222 = B_SPLINE_SURFACE_WITH_KNOTS('',1,1,(
    (#4223,#4224)
    ,(#4225,#4226
    )),.UNSPECIFIED.,.F.,.F.,.F.,(2,2),(2,2),(-0.55,0.),(-1.,0.),
  .PIECEWISE_BEZIER_KNOTS.);
#4223 = CARTESIAN_POINT('',(-2.55,-0.5005,0.1750001));
#4224 = CARTESIAN_POINT('',(-2.55,0.4995,0.1750001));
#4225 = CARTESIAN_POINT('',(-2.55,-0.5005,0.7250001));
#4226 = CARTESIAN_POINT('',(-2.55,0.4995,0.7250001));
#4227 = ADVANCED_FACE('',(#4228),#4244,.F.);
#4228 = FACE_BOUND('',#4229,.F.);
#4229 = EDGE_LOOP('',(#4230,#4231,#4237,#4238));
#4230 = ORIENTED_EDGE('',*,*,#4210,.F.);
#4231 = ORIENTED_EDGE('',*,*,#4232,.T.);
#4232 = EDGE_CURVE('',#4211,#3956,#4233,.T.);
#4233 = ( BOUNDED_CURVE() B_SPLINE_CURVE(2,(#4234,#4235,#4236),
.UNSPECIFIED.,.F.,.F.) B_SPLINE_CURVE_WITH_KNOTS((3,3),(3.14159265359,
4.712388980385),.PIECEWISE_BEZIER_KNOTS.) CURVE() 
GEOMETRIC_REPRESENTATION_ITEM() RATIONAL_B_SPLINE_CURVE((1.,
0.707106781187,1.)) REPRESENTATION_ITEM('') );
#4234 = CARTESIAN_POINT('',(-2.55,0.4995,0.1750001));
#4235 = CARTESIAN_POINT('',(-2.55,0.4995,0.1500001));
#4236 = CARTESIAN_POINT('',(-2.525,0.4995,0.1500001));
#4237 = ORIENTED_EDGE('',*,*,#3962,.T.);
#4238 = ORIENTED_EDGE('',*,*,#4239,.F.);
#4239 = EDGE_CURVE('',#4204,#3940,#4240,.T.);
#4240 = ( BOUNDED_CURVE() B_SPLINE_CURVE(2,(#4241,#4242,#4243),
.UNSPECIFIED.,.F.,.F.) B_SPLINE_CURVE_WITH_KNOTS((3,3),(3.14159265359,
4.712388980385),.PIECEWISE_BEZIER_KNOTS.) CURVE() 
GEOMETRIC_REPRESENTATION_ITEM() RATIONAL_B_SPLINE_CURVE((1.,
0.707106781187,1.)) REPRESENTATION_ITEM('') );
#4241 = CARTESIAN_POINT('',(-2.55,-0.5005,0.1750001));
#4242 = CARTESIAN_POINT('',(-2.55,-0.5005,0.1500001));
#4243 = CARTESIAN_POINT('',(-2.525,-0.5005,0.1500001));
#4244 = ( BOUNDED_SURFACE() B_SPLINE_SURFACE(2,1,(
    (#4245,#4246)
    ,(#4247,#4248)
    ,(#4249,#4250
)),.UNSPECIFIED.,.F.,.F.,.F.) B_SPLINE_SURFACE_WITH_KNOTS((3,3),(2,2),(
    4.712388980385,6.28318530718),(0.,1.),.PIECEWISE_BEZIER_KNOTS.) 
GEOMETRIC_REPRESENTATION_ITEM() RATIONAL_B_SPLINE_SURFACE((
    (1.,1.)
    ,(0.707106781187,0.707106781187)
,(1.,1.))) REPRESENTATION_ITEM('') SURFACE() );
#4245 = CARTESIAN_POINT('',(-2.55,0.4995,0.1750001));
#4246 = CARTESIAN_POINT('',(-2.55,-0.5005,0.1750001));
#4247 = CARTESIAN_POINT('',(-2.55,0.4995,0.1500001));
#4248 = CARTESIAN_POINT('',(-2.55,-0.5005,0.1500001));
#4249 = CARTESIAN_POINT('',(-2.525,0.4995,0.1500001));
#4250 = CARTESIAN_POINT('',(-2.525,-0.5005,0.1500001));
#4251 = ADVANCED_FACE('',(#4252),#4266,.T.);
#4252 = FACE_BOUND('',#4253,.T.);
#4253 = EDGE_LOOP('',(#4254,#4255,#4256,#4257,#4258,#4259,#4260,#4261,
    #4262,#4263,#4264,#4265));
#4254 = ORIENTED_EDGE('',*,*,#3955,.T.);
#4255 = ORIENTED_EDGE('',*,*,#3989,.F.);
#4256 = ORIENTED_EDGE('',*,*,#4017,.F.);
#4257 = ORIENTED_EDGE('',*,*,#4046,.F.);
#4258 = ORIENTED_EDGE('',*,*,#4077,.F.);
#4259 = ORIENTED_EDGE('',*,*,#4106,.F.);
#4260 = ORIENTED_EDGE('',*,*,#4129,.F.);
#4261 = ORIENTED_EDGE('',*,*,#1940,.F.);
#4262 = ORIENTED_EDGE('',*,*,#4157,.T.);
#4263 = ORIENTED_EDGE('',*,*,#4172,.T.);
#4264 = ORIENTED_EDGE('',*,*,#4217,.T.);
#4265 = ORIENTED_EDGE('',*,*,#4232,.T.);
#4266 = B_SPLINE_SURFACE_WITH_KNOTS('',1,1,(
    (#4267,#4268)
    ,(#4269,#4270
  )),.UNSPECIFIED.,.F.,.F.,.F.,(2,2),(2,2),(-0.175,1.225),(-0.725,0.175)
  ,.PIECEWISE_BEZIER_KNOTS.);
#4267 = CARTESIAN_POINT('',(-2.7,0.4995,0.9000001));
#4268 = CARTESIAN_POINT('',(-2.7,0.4995,1.000000000584E-07));
#4269 = CARTESIAN_POINT('',(-1.3,0.4995,0.9000001));
#4270 = CARTESIAN_POINT('',(-1.3,0.4995,1.000000000584E-07));
#4271 = ADVANCED_FACE('',(#4272),#4286,.F.);
#4272 = FACE_BOUND('',#4273,.T.);
#4273 = EDGE_LOOP('',(#4274,#4275,#4276,#4277,#4278,#4279,#4280,#4281,
    #4282,#4283,#4284,#4285));
#4274 = ORIENTED_EDGE('',*,*,#3939,.F.);
#4275 = ORIENTED_EDGE('',*,*,#4239,.F.);
#4276 = ORIENTED_EDGE('',*,*,#4203,.F.);
#4277 = ORIENTED_EDGE('',*,*,#4187,.F.);
#4278 = ORIENTED_EDGE('',*,*,#4143,.F.);
#4279 = ORIENTED_EDGE('',*,*,#1956,.T.);
#4280 = ORIENTED_EDGE('',*,*,#4123,.T.);
#4281 = ORIENTED_EDGE('',*,*,#4091,.T.);
#4282 = ORIENTED_EDGE('',*,*,#4063,.T.);
#4283 = ORIENTED_EDGE('',*,*,#4031,.T.);
#4284 = ORIENTED_EDGE('',*,*,#4003,.T.);
#4285 = ORIENTED_EDGE('',*,*,#3975,.T.);
#4286 = B_SPLINE_SURFACE_WITH_KNOTS('',1,1,(
    (#4287,#4288)
    ,(#4289,#4290
  )),.UNSPECIFIED.,.F.,.F.,.F.,(2,2),(2,2),(-0.175,1.225),(-0.725,0.175)
  ,.PIECEWISE_BEZIER_KNOTS.);
#4287 = CARTESIAN_POINT('',(-2.7,-0.5005,0.9000001));
#4288 = CARTESIAN_POINT('',(-2.7,-0.5005,1.000000000584E-07));
#4289 = CARTESIAN_POINT('',(-1.3,-0.5005,0.9000001));
#4290 = CARTESIAN_POINT('',(-1.3,-0.5005,1.000000000584E-07));
#4291 = ADVANCED_FACE('',(#4292),#4322,.F.);
#4292 = FACE_BOUND('',#4293,.T.);
#4293 = EDGE_LOOP('',(#4294,#4303,#4310,#4317));
#4294 = ORIENTED_EDGE('',*,*,#4295,.T.);
#4295 = EDGE_CURVE('',#4296,#4298,#4300,.T.);
#4296 = VERTEX_POINT('',#4297);
#4297 = CARTESIAN_POINT('',(2.525,-0.5005,1.000000000584E-07));
#4298 = VERTEX_POINT('',#4299);
#4299 = CARTESIAN_POINT('',(1.3,-0.5005,1.000000000584E-07));
#4300 = B_SPLINE_CURVE_WITH_KNOTS('',1,(#4301,#4302),.UNSPECIFIED.,.F.,
  .F.,(2,2),(-0.,1.225),.PIECEWISE_BEZIER_KNOTS.);
#4301 = CARTESIAN_POINT('',(2.525,-0.5005,1.000000000584E-07));
#4302 = CARTESIAN_POINT('',(1.3,-0.5005,1.000000000584E-07));
#4303 = ORIENTED_EDGE('',*,*,#4304,.F.);
#4304 = EDGE_CURVE('',#4305,#4298,#4307,.T.);
#4305 = VERTEX_POINT('',#4306);
#4306 = CARTESIAN_POINT('',(1.3,0.4995,1.000000000584E-07));
#4307 = B_SPLINE_CURVE_WITH_KNOTS('',1,(#4308,#4309),.UNSPECIFIED.,.F.,
  .F.,(2,2),(-0.,1.),.PIECEWISE_BEZIER_KNOTS.);
#4308 = CARTESIAN_POINT('',(1.3,0.4995,1.000000000584E-07));
#4309 = CARTESIAN_POINT('',(1.3,-0.5005,1.000000000584E-07));
#4310 = ORIENTED_EDGE('',*,*,#4311,.F.);
#4311 = EDGE_CURVE('',#4312,#4305,#4314,.T.);
#4312 = VERTEX_POINT('',#4313);
#4313 = CARTESIAN_POINT('',(2.525,0.4995,1.000000000584E-07));
#4314 = B_SPLINE_CURVE_WITH_KNOTS('',1,(#4315,#4316),.UNSPECIFIED.,.F.,
  .F.,(2,2),(-0.,1.225),.PIECEWISE_BEZIER_KNOTS.);
#4315 = CARTESIAN_POINT('',(2.525,0.4995,1.000000000584E-07));
#4316 = CARTESIAN_POINT('',(1.3,0.4995,1.000000000584E-07));
#4317 = ORIENTED_EDGE('',*,*,#4318,.T.);
#4318 = EDGE_CURVE('',#4312,#4296,#4319,.T.);
#4319 = B_SPLINE_CURVE_WITH_KNOTS('',1,(#4320,#4321),.UNSPECIFIED.,.F.,
  .F.,(2,2),(-0.,1.),.PIECEWISE_BEZIER_KNOTS.);
#4320 = CARTESIAN_POINT('',(2.525,0.4995,1.000000000584E-07));
#4321 = CARTESIAN_POINT('',(2.525,-0.5005,1.000000000584E-07));
#4322 = B_SPLINE_SURFACE_WITH_KNOTS('',1,1,(
    (#4323,#4324)
    ,(#4325,#4326
    )),.UNSPECIFIED.,.F.,.F.,.F.,(2,2),(2,2),(-1.225,0.),(-1.,0.),
  .PIECEWISE_BEZIER_KNOTS.);
#4323 = CARTESIAN_POINT('',(1.3,-0.5005,1.000000000584E-07));
#4324 = CARTESIAN_POINT('',(1.3,0.4995,1.000000000584E-07));
#4325 = CARTESIAN_POINT('',(2.525,-0.5005,1.000000000584E-07));
#4326 = CARTESIAN_POINT('',(2.525,0.4995,1.000000000584E-07));
#4327 = ADVANCED_FACE('',(#4328),#4350,.T.);
#4328 = FACE_BOUND('',#4329,.T.);
#4329 = EDGE_LOOP('',(#4330,#4337,#4344,#4349));
#4330 = ORIENTED_EDGE('',*,*,#4331,.F.);
#4331 = EDGE_CURVE('',#4332,#4298,#4334,.T.);
#4332 = VERTEX_POINT('',#4333);
#4333 = CARTESIAN_POINT('',(1.3,-0.5005,0.1500001));
#4334 = B_SPLINE_CURVE_WITH_KNOTS('',1,(#4335,#4336),.UNSPECIFIED.,.F.,
  .F.,(2,2),(0.,0.15),.PIECEWISE_BEZIER_KNOTS.);
#4335 = CARTESIAN_POINT('',(1.3,-0.5005,0.1500001));
#4336 = CARTESIAN_POINT('',(1.3,-0.5005,1.000000000584E-07));
#4337 = ORIENTED_EDGE('',*,*,#4338,.F.);
#4338 = EDGE_CURVE('',#4339,#4332,#4341,.T.);
#4339 = VERTEX_POINT('',#4340);
#4340 = CARTESIAN_POINT('',(1.3,0.4995,0.1500001));
#4341 = B_SPLINE_CURVE_WITH_KNOTS('',1,(#4342,#4343),.UNSPECIFIED.,.F.,
  .F.,(2,2),(-0.,1.),.PIECEWISE_BEZIER_KNOTS.);
#4342 = CARTESIAN_POINT('',(1.3,0.4995,0.1500001));
#4343 = CARTESIAN_POINT('',(1.3,-0.5005,0.1500001));
#4344 = ORIENTED_EDGE('',*,*,#4345,.T.);
#4345 = EDGE_CURVE('',#4339,#4305,#4346,.T.);
#4346 = B_SPLINE_CURVE_WITH_KNOTS('',1,(#4347,#4348),.UNSPECIFIED.,.F.,
  .F.,(2,2),(0.,0.15),.PIECEWISE_BEZIER_KNOTS.);
#4347 = CARTESIAN_POINT('',(1.3,0.4995,0.1500001));
#4348 = CARTESIAN_POINT('',(1.3,0.4995,1.000000000584E-07));
#4349 = ORIENTED_EDGE('',*,*,#4304,.T.);
#4350 = B_SPLINE_SURFACE_WITH_KNOTS('',1,1,(
    (#4351,#4352)
    ,(#4353,#4354
    )),.UNSPECIFIED.,.F.,.F.,.F.,(2,2),(2,2),(-0.15,0.),(-1.,0.),
  .PIECEWISE_BEZIER_KNOTS.);
#4351 = CARTESIAN_POINT('',(1.3,-0.5005,1.000000000584E-07));
#4352 = CARTESIAN_POINT('',(1.3,0.4995,1.000000000584E-07));
#4353 = CARTESIAN_POINT('',(1.3,-0.5005,0.1500001));
#4354 = CARTESIAN_POINT('',(1.3,0.4995,0.1500001));
#4355 = ADVANCED_FACE('',(#4356),#4378,.T.);
#4356 = FACE_BOUND('',#4357,.T.);
#4357 = EDGE_LOOP('',(#4358,#4365,#4372,#4377));
#4358 = ORIENTED_EDGE('',*,*,#4359,.F.);
#4359 = EDGE_CURVE('',#4360,#4332,#4362,.T.);
#4360 = VERTEX_POINT('',#4361);
#4361 = CARTESIAN_POINT('',(2.525,-0.5005,0.1500001));
#4362 = B_SPLINE_CURVE_WITH_KNOTS('',1,(#4363,#4364),.UNSPECIFIED.,.F.,
  .F.,(2,2),(-0.,1.225),.PIECEWISE_BEZIER_KNOTS.);
#4363 = CARTESIAN_POINT('',(2.525,-0.5005,0.1500001));
#4364 = CARTESIAN_POINT('',(1.3,-0.5005,0.1500001));
#4365 = ORIENTED_EDGE('',*,*,#4366,.F.);
#4366 = EDGE_CURVE('',#4367,#4360,#4369,.T.);
#4367 = VERTEX_POINT('',#4368);
#4368 = CARTESIAN_POINT('',(2.525,0.4995,0.1500001));
#4369 = B_SPLINE_CURVE_WITH_KNOTS('',1,(#4370,#4371),.UNSPECIFIED.,.F.,
  .F.,(2,2),(-0.,1.),.PIECEWISE_BEZIER_KNOTS.);
#4370 = CARTESIAN_POINT('',(2.525,0.4995,0.1500001));
#4371 = CARTESIAN_POINT('',(2.525,-0.5005,0.1500001));
#4372 = ORIENTED_EDGE('',*,*,#4373,.T.);
#4373 = EDGE_CURVE('',#4367,#4339,#4374,.T.);
#4374 = B_SPLINE_CURVE_WITH_KNOTS('',1,(#4375,#4376),.UNSPECIFIED.,.F.,
  .F.,(2,2),(-0.,1.225),.PIECEWISE_BEZIER_KNOTS.);
#4375 = CARTESIAN_POINT('',(2.525,0.4995,0.1500001));
#4376 = CARTESIAN_POINT('',(1.3,0.4995,0.1500001));
#4377 = ORIENTED_EDGE('',*,*,#4338,.T.);
#4378 = B_SPLINE_SURFACE_WITH_KNOTS('',1,1,(
    (#4379,#4380)
    ,(#4381,#4382
    )),.UNSPECIFIED.,.F.,.F.,.F.,(2,2),(2,2),(-1.225,0.),(-1.,0.),
  .PIECEWISE_BEZIER_KNOTS.);
#4379 = CARTESIAN_POINT('',(1.3,-0.5005,0.1500001));
#4380 = CARTESIAN_POINT('',(1.3,0.4995,0.1500001));
#4381 = CARTESIAN_POINT('',(2.525,-0.5005,0.1500001));
#4382 = CARTESIAN_POINT('',(2.525,0.4995,0.1500001));
#4383 = ADVANCED_FACE('',(#4384),#4408,.F.);
#4384 = FACE_BOUND('',#4385,.F.);
#4385 = EDGE_LOOP('',(#4386,#4387,#4395,#4402));
#4386 = ORIENTED_EDGE('',*,*,#4366,.F.);
#4387 = ORIENTED_EDGE('',*,*,#4388,.F.);
#4388 = EDGE_CURVE('',#4389,#4367,#4391,.T.);
#4389 = VERTEX_POINT('',#4390);
#4390 = CARTESIAN_POINT('',(2.55,0.4995,0.1750001));
#4391 = ( BOUNDED_CURVE() B_SPLINE_CURVE(2,(#4392,#4393,#4394),
.UNSPECIFIED.,.F.,.F.) B_SPLINE_CURVE_WITH_KNOTS((3,3),(0.,
1.570796326795),.PIECEWISE_BEZIER_KNOTS.) CURVE() 
GEOMETRIC_REPRESENTATION_ITEM() RATIONAL_B_SPLINE_CURVE((1.,
0.707106781187,1.)) REPRESENTATION_ITEM('') );
#4392 = CARTESIAN_POINT('',(2.55,0.4995,0.1750001));
#4393 = CARTESIAN_POINT('',(2.55,0.4995,0.1500001));
#4394 = CARTESIAN_POINT('',(2.525,0.4995,0.1500001));
#4395 = ORIENTED_EDGE('',*,*,#4396,.T.);
#4396 = EDGE_CURVE('',#4389,#4397,#4399,.T.);
#4397 = VERTEX_POINT('',#4398);
#4398 = CARTESIAN_POINT('',(2.55,-0.5005,0.1750001));
#4399 = B_SPLINE_CURVE_WITH_KNOTS('',1,(#4400,#4401),.UNSPECIFIED.,.F.,
  .F.,(2,2),(-0.,1.),.PIECEWISE_BEZIER_KNOTS.);
#4400 = CARTESIAN_POINT('',(2.55,0.4995,0.1750001));
#4401 = CARTESIAN_POINT('',(2.55,-0.5005,0.1750001));
#4402 = ORIENTED_EDGE('',*,*,#4403,.T.);
#4403 = EDGE_CURVE('',#4397,#4360,#4404,.T.);
#4404 = ( BOUNDED_CURVE() B_SPLINE_CURVE(2,(#4405,#4406,#4407),
.UNSPECIFIED.,.F.,.F.) B_SPLINE_CURVE_WITH_KNOTS((3,3),(0.,
1.570796326795),.PIECEWISE_BEZIER_KNOTS.) CURVE() 
GEOMETRIC_REPRESENTATION_ITEM() RATIONAL_B_SPLINE_CURVE((1.,
0.707106781187,1.)) REPRESENTATION_ITEM('') );
#4405 = CARTESIAN_POINT('',(2.55,-0.5005,0.1750001));
#4406 = CARTESIAN_POINT('',(2.55,-0.5005,0.1500001));
#4407 = CARTESIAN_POINT('',(2.525,-0.5005,0.1500001));
#4408 = ( BOUNDED_SURFACE() B_SPLINE_SURFACE(2,1,(
    (#4409,#4410)
    ,(#4411,#4412)
    ,(#4413,#4414
)),.UNSPECIFIED.,.F.,.F.,.F.) B_SPLINE_SURFACE_WITH_KNOTS((3,3),(2,2),(
    0.,1.570796326795),(0.,1.),.PIECEWISE_BEZIER_KNOTS.) 
GEOMETRIC_REPRESENTATION_ITEM() RATIONAL_B_SPLINE_SURFACE((
    (1.,1.)
    ,(0.707106781187,0.707106781187)
,(1.,1.))) REPRESENTATION_ITEM('') SURFACE() );
#4409 = CARTESIAN_POINT('',(2.525,0.4995,0.1500001));
#4410 = CARTESIAN_POINT('',(2.525,-0.5005,0.1500001));
#4411 = CARTESIAN_POINT('',(2.55,0.4995,0.1500001));
#4412 = CARTESIAN_POINT('',(2.55,-0.5005,0.1500001));
#4413 = CARTESIAN_POINT('',(2.55,0.4995,0.1750001));
#4414 = CARTESIAN_POINT('',(2.55,-0.5005,0.1750001));
#4415 = ADVANCED_FACE('',(#4416),#4438,.T.);
#4416 = FACE_BOUND('',#4417,.T.);
#4417 = EDGE_LOOP('',(#4418,#4425,#4432,#4437));
#4418 = ORIENTED_EDGE('',*,*,#4419,.F.);
#4419 = EDGE_CURVE('',#4420,#4397,#4422,.T.);
#4420 = VERTEX_POINT('',#4421);
#4421 = CARTESIAN_POINT('',(2.55,-0.5005,0.7250001));
#4422 = B_SPLINE_CURVE_WITH_KNOTS('',1,(#4423,#4424),.UNSPECIFIED.,.F.,
  .F.,(2,2),(0.,0.55),.PIECEWISE_BEZIER_KNOTS.);
#4423 = CARTESIAN_POINT('',(2.55,-0.5005,0.7250001));
#4424 = CARTESIAN_POINT('',(2.55,-0.5005,0.1750001));
#4425 = ORIENTED_EDGE('',*,*,#4426,.F.);
#4426 = EDGE_CURVE('',#4427,#4420,#4429,.T.);
#4427 = VERTEX_POINT('',#4428);
#4428 = CARTESIAN_POINT('',(2.55,0.4995,0.7250001));
#4429 = B_SPLINE_CURVE_WITH_KNOTS('',1,(#4430,#4431),.UNSPECIFIED.,.F.,
  .F.,(2,2),(-0.,1.),.PIECEWISE_BEZIER_KNOTS.);
#4430 = CARTESIAN_POINT('',(2.55,0.4995,0.7250001));
#4431 = CARTESIAN_POINT('',(2.55,-0.5005,0.7250001));
#4432 = ORIENTED_EDGE('',*,*,#4433,.T.);
#4433 = EDGE_CURVE('',#4427,#4389,#4434,.T.);
#4434 = B_SPLINE_CURVE_WITH_KNOTS('',1,(#4435,#4436),.UNSPECIFIED.,.F.,
  .F.,(2,2),(0.,0.55),.PIECEWISE_BEZIER_KNOTS.);
#4435 = CARTESIAN_POINT('',(2.55,0.4995,0.7250001));
#4436 = CARTESIAN_POINT('',(2.55,0.4995,0.1750001));
#4437 = ORIENTED_EDGE('',*,*,#4396,.T.);
#4438 = B_SPLINE_SURFACE_WITH_KNOTS('',1,1,(
    (#4439,#4440)
    ,(#4441,#4442
    )),.UNSPECIFIED.,.F.,.F.,.F.,(2,2),(2,2),(-0.55,0.),(-1.,0.),
  .PIECEWISE_BEZIER_KNOTS.);
#4439 = CARTESIAN_POINT('',(2.55,-0.5005,0.1750001));
#4440 = CARTESIAN_POINT('',(2.55,0.4995,0.1750001));
#4441 = CARTESIAN_POINT('',(2.55,-0.5005,0.7250001));
#4442 = CARTESIAN_POINT('',(2.55,0.4995,0.7250001));
#4443 = ADVANCED_FACE('',(#4444),#4468,.F.);
#4444 = FACE_BOUND('',#4445,.F.);
#4445 = EDGE_LOOP('',(#4446,#4447,#4455,#4462));
#4446 = ORIENTED_EDGE('',*,*,#4426,.F.);
#4447 = ORIENTED_EDGE('',*,*,#4448,.F.);
#4448 = EDGE_CURVE('',#4449,#4427,#4451,.T.);
#4449 = VERTEX_POINT('',#4450);
#4450 = CARTESIAN_POINT('',(2.525,0.4995,0.7500001));
#4451 = ( BOUNDED_CURVE() B_SPLINE_CURVE(2,(#4452,#4453,#4454),
.UNSPECIFIED.,.F.,.F.) B_SPLINE_CURVE_WITH_KNOTS((3,3),(4.712388980385,
6.28318530718),.PIECEWISE_BEZIER_KNOTS.) CURVE() 
GEOMETRIC_REPRESENTATION_ITEM() RATIONAL_B_SPLINE_CURVE((1.,
0.707106781187,1.)) REPRESENTATION_ITEM('') );
#4452 = CARTESIAN_POINT('',(2.525,0.4995,0.7500001));
#4453 = CARTESIAN_POINT('',(2.55,0.4995,0.7500001));
#4454 = CARTESIAN_POINT('',(2.55,0.4995,0.7250001));
#4455 = ORIENTED_EDGE('',*,*,#4456,.T.);
#4456 = EDGE_CURVE('',#4449,#4457,#4459,.T.);
#4457 = VERTEX_POINT('',#4458);
#4458 = CARTESIAN_POINT('',(2.525,-0.5005,0.7500001));
#4459 = B_SPLINE_CURVE_WITH_KNOTS('',1,(#4460,#4461),.UNSPECIFIED.,.F.,
  .F.,(2,2),(-0.,1.),.PIECEWISE_BEZIER_KNOTS.);
#4460 = CARTESIAN_POINT('',(2.525,0.4995,0.7500001));
#4461 = CARTESIAN_POINT('',(2.525,-0.5005,0.7500001));
#4462 = ORIENTED_EDGE('',*,*,#4463,.T.);
#4463 = EDGE_CURVE('',#4457,#4420,#4464,.T.);
#4464 = ( BOUNDED_CURVE() B_SPLINE_CURVE(2,(#4465,#4466,#4467),
.UNSPECIFIED.,.F.,.F.) B_SPLINE_CURVE_WITH_KNOTS((3,3),(4.712388980385,
6.28318530718),.PIECEWISE_BEZIER_KNOTS.) CURVE() 
GEOMETRIC_REPRESENTATION_ITEM() RATIONAL_B_SPLINE_CURVE((1.,
0.707106781187,1.)) REPRESENTATION_ITEM('') );
#4465 = CARTESIAN_POINT('',(2.525,-0.5005,0.7500001));
#4466 = CARTESIAN_POINT('',(2.55,-0.5005,0.7500001));
#4467 = CARTESIAN_POINT('',(2.55,-0.5005,0.7250001));
#4468 = ( BOUNDED_SURFACE() B_SPLINE_SURFACE(2,1,(
    (#4469,#4470)
    ,(#4471,#4472)
    ,(#4473,#4474
)),.UNSPECIFIED.,.F.,.F.,.F.) B_SPLINE_SURFACE_WITH_KNOTS((3,3),(2,2),(
    1.570796326795,3.14159265359),(0.,1.),.PIECEWISE_BEZIER_KNOTS.) 
GEOMETRIC_REPRESENTATION_ITEM() RATIONAL_B_SPLINE_SURFACE((
    (1.,1.)
    ,(0.707106781187,0.707106781187)
,(1.,1.))) REPRESENTATION_ITEM('') SURFACE() );
#4469 = CARTESIAN_POINT('',(2.55,0.4995,0.7250001));
#4470 = CARTESIAN_POINT('',(2.55,-0.5005,0.7250001));
#4471 = CARTESIAN_POINT('',(2.55,0.4995,0.7500001));
#4472 = CARTESIAN_POINT('',(2.55,-0.5005,0.7500001));
#4473 = CARTESIAN_POINT('',(2.525,0.4995,0.7500001));
#4474 = CARTESIAN_POINT('',(2.525,-0.5005,0.7500001));
#4475 = ADVANCED_FACE('',(#4476),#4490,.T.);
#4476 = FACE_BOUND('',#4477,.T.);
#4477 = EDGE_LOOP('',(#4478,#4483,#4484,#4489));
#4478 = ORIENTED_EDGE('',*,*,#4479,.F.);
#4479 = EDGE_CURVE('',#1804,#4457,#4480,.T.);
#4480 = B_SPLINE_CURVE_WITH_KNOTS('',1,(#4481,#4482),.UNSPECIFIED.,.F.,
  .F.,(2,2),(0.,2.5E-02),.PIECEWISE_BEZIER_KNOTS.);
#4481 = CARTESIAN_POINT('',(2.5,-0.5005,0.7500001));
#4482 = CARTESIAN_POINT('',(2.525,-0.5005,0.7500001));
#4483 = ORIENTED_EDGE('',*,*,#1803,.F.);
#4484 = ORIENTED_EDGE('',*,*,#4485,.T.);
#4485 = EDGE_CURVE('',#1797,#4449,#4486,.T.);
#4486 = B_SPLINE_CURVE_WITH_KNOTS('',1,(#4487,#4488),.UNSPECIFIED.,.F.,
  .F.,(2,2),(0.,2.5E-02),.PIECEWISE_BEZIER_KNOTS.);
#4487 = CARTESIAN_POINT('',(2.5,0.4995,0.7500001));
#4488 = CARTESIAN_POINT('',(2.525,0.4995,0.7500001));
#4489 = ORIENTED_EDGE('',*,*,#4456,.T.);
#4490 = B_SPLINE_SURFACE_WITH_KNOTS('',1,1,(
    (#4491,#4492)
    ,(#4493,#4494
  )),.UNSPECIFIED.,.F.,.F.,.F.,(2,2),(2,2),(-2.5E-02,0.),(-1.,0.),
  .PIECEWISE_BEZIER_KNOTS.);
#4491 = CARTESIAN_POINT('',(2.525,-0.5005,0.7500001));
#4492 = CARTESIAN_POINT('',(2.525,0.4995,0.7500001));
#4493 = CARTESIAN_POINT('',(2.5,-0.5005,0.7500001));
#4494 = CARTESIAN_POINT('',(2.5,0.4995,0.7500001));
#4495 = ADVANCED_FACE('',(#4496),#4518,.F.);
#4496 = FACE_BOUND('',#4497,.T.);
#4497 = EDGE_LOOP('',(#4498,#4505,#4512,#4517));
#4498 = ORIENTED_EDGE('',*,*,#4499,.T.);
#4499 = EDGE_CURVE('',#1811,#4500,#4502,.T.);
#4500 = VERTEX_POINT('',#4501);
#4501 = CARTESIAN_POINT('',(2.525,-0.5005,0.9000001));
#4502 = B_SPLINE_CURVE_WITH_KNOTS('',1,(#4503,#4504),.UNSPECIFIED.,.F.,
  .F.,(2,2),(-2.6645352591E-15,2.5E-02),.PIECEWISE_BEZIER_KNOTS.);
#4503 = CARTESIAN_POINT('',(2.5,-0.5005,0.9000001));
#4504 = CARTESIAN_POINT('',(2.525,-0.5005,0.9000001));
#4505 = ORIENTED_EDGE('',*,*,#4506,.F.);
#4506 = EDGE_CURVE('',#4507,#4500,#4509,.T.);
#4507 = VERTEX_POINT('',#4508);
#4508 = CARTESIAN_POINT('',(2.525,0.4995,0.9000001));
#4509 = B_SPLINE_CURVE_WITH_KNOTS('',1,(#4510,#4511),.UNSPECIFIED.,.F.,
  .F.,(2,2),(-0.,1.),.PIECEWISE_BEZIER_KNOTS.);
#4510 = CARTESIAN_POINT('',(2.525,0.4995,0.9000001));
#4511 = CARTESIAN_POINT('',(2.525,-0.5005,0.9000001));
#4512 = ORIENTED_EDGE('',*,*,#4513,.F.);
#4513 = EDGE_CURVE('',#1795,#4507,#4514,.T.);
#4514 = B_SPLINE_CURVE_WITH_KNOTS('',1,(#4515,#4516),.UNSPECIFIED.,.F.,
  .F.,(2,2),(0.,2.5E-02),.PIECEWISE_BEZIER_KNOTS.);
#4515 = CARTESIAN_POINT('',(2.5,0.4995,0.9000001));
#4516 = CARTESIAN_POINT('',(2.525,0.4995,0.9000001));
#4517 = ORIENTED_EDGE('',*,*,#1817,.T.);
#4518 = B_SPLINE_SURFACE_WITH_KNOTS('',1,1,(
    (#4519,#4520)
    ,(#4521,#4522
    )),.UNSPECIFIED.,.F.,.F.,.F.,(2,2),(2,2),(-2.5E-02,2.6645352591E-15)
  ,(-1.,0.),.PIECEWISE_BEZIER_KNOTS.);
#4519 = CARTESIAN_POINT('',(2.525,-0.5005,0.9000001));
#4520 = CARTESIAN_POINT('',(2.525,0.4995,0.9000001));
#4521 = CARTESIAN_POINT('',(2.5,-0.5005,0.9000001));
#4522 = CARTESIAN_POINT('',(2.5,0.4995,0.9000001));
#4523 = ADVANCED_FACE('',(#4524),#4548,.T.);
#4524 = FACE_BOUND('',#4525,.T.);
#4525 = EDGE_LOOP('',(#4526,#4534,#4541,#4547));
#4526 = ORIENTED_EDGE('',*,*,#4527,.T.);
#4527 = EDGE_CURVE('',#4500,#4528,#4530,.T.);
#4528 = VERTEX_POINT('',#4529);
#4529 = CARTESIAN_POINT('',(2.7,-0.5005,0.7250001));
#4530 = ( BOUNDED_CURVE() B_SPLINE_CURVE(2,(#4531,#4532,#4533),
.UNSPECIFIED.,.F.,.F.) B_SPLINE_CURVE_WITH_KNOTS((3,3),(4.712388980385,
6.28318530718),.PIECEWISE_BEZIER_KNOTS.) CURVE() 
GEOMETRIC_REPRESENTATION_ITEM() RATIONAL_B_SPLINE_CURVE((1.,
0.707106781187,1.)) REPRESENTATION_ITEM('') );
#4531 = CARTESIAN_POINT('',(2.525,-0.5005,0.9000001));
#4532 = CARTESIAN_POINT('',(2.7,-0.5005,0.9000001));
#4533 = CARTESIAN_POINT('',(2.7,-0.5005,0.7250001));
#4534 = ORIENTED_EDGE('',*,*,#4535,.F.);
#4535 = EDGE_CURVE('',#4536,#4528,#4538,.T.);
#4536 = VERTEX_POINT('',#4537);
#4537 = CARTESIAN_POINT('',(2.7,0.4995,0.7250001));
#4538 = B_SPLINE_CURVE_WITH_KNOTS('',1,(#4539,#4540),.UNSPECIFIED.,.F.,
  .F.,(2,2),(-0.,1.),.PIECEWISE_BEZIER_KNOTS.);
#4539 = CARTESIAN_POINT('',(2.7,0.4995,0.7250001));
#4540 = CARTESIAN_POINT('',(2.7,-0.5005,0.7250001));
#4541 = ORIENTED_EDGE('',*,*,#4542,.F.);
#4542 = EDGE_CURVE('',#4507,#4536,#4543,.T.);
#4543 = ( BOUNDED_CURVE() B_SPLINE_CURVE(2,(#4544,#4545,#4546),
.UNSPECIFIED.,.F.,.F.) B_SPLINE_CURVE_WITH_KNOTS((3,3),(4.712388980385,
6.28318530718),.PIECEWISE_BEZIER_KNOTS.) CURVE() 
GEOMETRIC_REPRESENTATION_ITEM() RATIONAL_B_SPLINE_CURVE((1.,
0.707106781187,1.)) REPRESENTATION_ITEM('') );
#4544 = CARTESIAN_POINT('',(2.525,0.4995,0.9000001));
#4545 = CARTESIAN_POINT('',(2.7,0.4995,0.9000001));
#4546 = CARTESIAN_POINT('',(2.7,0.4995,0.7250001));
#4547 = ORIENTED_EDGE('',*,*,#4506,.T.);
#4548 = ( BOUNDED_SURFACE() B_SPLINE_SURFACE(2,1,(
    (#4549,#4550)
    ,(#4551,#4552)
    ,(#4553,#4554
)),.UNSPECIFIED.,.F.,.F.,.F.) B_SPLINE_SURFACE_WITH_KNOTS((3,3),(2,2),(
    1.570796326795,3.14159265359),(0.,1.),.PIECEWISE_BEZIER_KNOTS.) 
GEOMETRIC_REPRESENTATION_ITEM() RATIONAL_B_SPLINE_SURFACE((
    (1.,1.)
    ,(0.707106781187,0.707106781187)
,(1.,1.))) REPRESENTATION_ITEM('') SURFACE() );
#4549 = CARTESIAN_POINT('',(2.7,0.4995,0.7250001));
#4550 = CARTESIAN_POINT('',(2.7,-0.5005,0.7250001));
#4551 = CARTESIAN_POINT('',(2.7,0.4995,0.9000001));
#4552 = CARTESIAN_POINT('',(2.7,-0.5005,0.9000001));
#4553 = CARTESIAN_POINT('',(2.525,0.4995,0.9000001));
#4554 = CARTESIAN_POINT('',(2.525,-0.5005,0.9000001));
#4555 = ADVANCED_FACE('',(#4556),#4578,.F.);
#4556 = FACE_BOUND('',#4557,.T.);
#4557 = EDGE_LOOP('',(#4558,#4565,#4572,#4577));
#4558 = ORIENTED_EDGE('',*,*,#4559,.T.);
#4559 = EDGE_CURVE('',#4528,#4560,#4562,.T.);
#4560 = VERTEX_POINT('',#4561);
#4561 = CARTESIAN_POINT('',(2.7,-0.5005,0.1750001));
#4562 = B_SPLINE_CURVE_WITH_KNOTS('',1,(#4563,#4564),.UNSPECIFIED.,.F.,
  .F.,(2,2),(0.,0.55),.PIECEWISE_BEZIER_KNOTS.);
#4563 = CARTESIAN_POINT('',(2.7,-0.5005,0.7250001));
#4564 = CARTESIAN_POINT('',(2.7,-0.5005,0.1750001));
#4565 = ORIENTED_EDGE('',*,*,#4566,.F.);
#4566 = EDGE_CURVE('',#4567,#4560,#4569,.T.);
#4567 = VERTEX_POINT('',#4568);
#4568 = CARTESIAN_POINT('',(2.7,0.4995,0.1750001));
#4569 = B_SPLINE_CURVE_WITH_KNOTS('',1,(#4570,#4571),.UNSPECIFIED.,.F.,
  .F.,(2,2),(-0.,1.),.PIECEWISE_BEZIER_KNOTS.);
#4570 = CARTESIAN_POINT('',(2.7,0.4995,0.1750001));
#4571 = CARTESIAN_POINT('',(2.7,-0.5005,0.1750001));
#4572 = ORIENTED_EDGE('',*,*,#4573,.F.);
#4573 = EDGE_CURVE('',#4536,#4567,#4574,.T.);
#4574 = B_SPLINE_CURVE_WITH_KNOTS('',1,(#4575,#4576),.UNSPECIFIED.,.F.,
  .F.,(2,2),(0.,0.55),.PIECEWISE_BEZIER_KNOTS.);
#4575 = CARTESIAN_POINT('',(2.7,0.4995,0.7250001));
#4576 = CARTESIAN_POINT('',(2.7,0.4995,0.1750001));
#4577 = ORIENTED_EDGE('',*,*,#4535,.T.);
#4578 = B_SPLINE_SURFACE_WITH_KNOTS('',1,1,(
    (#4579,#4580)
    ,(#4581,#4582
    )),.UNSPECIFIED.,.F.,.F.,.F.,(2,2),(2,2),(-0.55,0.),(-1.,0.),
  .PIECEWISE_BEZIER_KNOTS.);
#4579 = CARTESIAN_POINT('',(2.7,-0.5005,0.1750001));
#4580 = CARTESIAN_POINT('',(2.7,0.4995,0.1750001));
#4581 = CARTESIAN_POINT('',(2.7,-0.5005,0.7250001));
#4582 = CARTESIAN_POINT('',(2.7,0.4995,0.7250001));
#4583 = ADVANCED_FACE('',(#4584),#4600,.T.);
#4584 = FACE_BOUND('',#4585,.T.);
#4585 = EDGE_LOOP('',(#4586,#4592,#4593,#4599));
#4586 = ORIENTED_EDGE('',*,*,#4587,.T.);
#4587 = EDGE_CURVE('',#4560,#4296,#4588,.T.);
#4588 = ( BOUNDED_CURVE() B_SPLINE_CURVE(2,(#4589,#4590,#4591),
.UNSPECIFIED.,.F.,.F.) B_SPLINE_CURVE_WITH_KNOTS((3,3),(0.,
1.570796326795),.PIECEWISE_BEZIER_KNOTS.) CURVE() 
GEOMETRIC_REPRESENTATION_ITEM() RATIONAL_B_SPLINE_CURVE((1.,
0.707106781187,1.)) REPRESENTATION_ITEM('') );
#4589 = CARTESIAN_POINT('',(2.7,-0.5005,0.1750001));
#4590 = CARTESIAN_POINT('',(2.7,-0.5005,1.000000002804E-07));
#4591 = CARTESIAN_POINT('',(2.525,-0.5005,1.000000002804E-07));
#4592 = ORIENTED_EDGE('',*,*,#4318,.F.);
#4593 = ORIENTED_EDGE('',*,*,#4594,.F.);
#4594 = EDGE_CURVE('',#4567,#4312,#4595,.T.);
#4595 = ( BOUNDED_CURVE() B_SPLINE_CURVE(2,(#4596,#4597,#4598),
.UNSPECIFIED.,.F.,.F.) B_SPLINE_CURVE_WITH_KNOTS((3,3),(0.,
1.570796326795),.PIECEWISE_BEZIER_KNOTS.) CURVE() 
GEOMETRIC_REPRESENTATION_ITEM() RATIONAL_B_SPLINE_CURVE((1.,
0.707106781187,1.)) REPRESENTATION_ITEM('') );
#4596 = CARTESIAN_POINT('',(2.7,0.4995,0.1750001));
#4597 = CARTESIAN_POINT('',(2.7,0.4995,1.000000002804E-07));
#4598 = CARTESIAN_POINT('',(2.525,0.4995,1.000000002804E-07));
#4599 = ORIENTED_EDGE('',*,*,#4566,.T.);
#4600 = ( BOUNDED_SURFACE() B_SPLINE_SURFACE(2,1,(
    (#4601,#4602)
    ,(#4603,#4604)
    ,(#4605,#4606
)),.UNSPECIFIED.,.F.,.F.,.F.) B_SPLINE_SURFACE_WITH_KNOTS((3,3),(2,2),(
    0.,1.570796326795),(0.,1.),.PIECEWISE_BEZIER_KNOTS.) 
GEOMETRIC_REPRESENTATION_ITEM() RATIONAL_B_SPLINE_SURFACE((
    (1.,1.)
    ,(0.707106781187,0.707106781187)
,(1.,1.))) REPRESENTATION_ITEM('') SURFACE() );
#4601 = CARTESIAN_POINT('',(2.525,0.4995,1.000000000584E-07));
#4602 = CARTESIAN_POINT('',(2.525,-0.5005,1.000000000584E-07));
#4603 = CARTESIAN_POINT('',(2.7,0.4995,1.000000000584E-07));
#4604 = CARTESIAN_POINT('',(2.7,-0.5005,1.000000000584E-07));
#4605 = CARTESIAN_POINT('',(2.7,0.4995,0.1750001));
#4606 = CARTESIAN_POINT('',(2.7,-0.5005,0.1750001));
#4607 = ADVANCED_FACE('',(#4608),#4622,.T.);
#4608 = FACE_BOUND('',#4609,.T.);
#4609 = EDGE_LOOP('',(#4610,#4611,#4612,#4613,#4614,#4615,#4616,#4617,
    #4618,#4619,#4620,#4621));
#4610 = ORIENTED_EDGE('',*,*,#4311,.T.);
#4611 = ORIENTED_EDGE('',*,*,#4345,.F.);
#4612 = ORIENTED_EDGE('',*,*,#4373,.F.);
#4613 = ORIENTED_EDGE('',*,*,#4388,.F.);
#4614 = ORIENTED_EDGE('',*,*,#4433,.F.);
#4615 = ORIENTED_EDGE('',*,*,#4448,.F.);
#4616 = ORIENTED_EDGE('',*,*,#4485,.F.);
#4617 = ORIENTED_EDGE('',*,*,#1794,.F.);
#4618 = ORIENTED_EDGE('',*,*,#4513,.T.);
#4619 = ORIENTED_EDGE('',*,*,#4542,.T.);
#4620 = ORIENTED_EDGE('',*,*,#4573,.T.);
#4621 = ORIENTED_EDGE('',*,*,#4594,.T.);
#4622 = B_SPLINE_SURFACE_WITH_KNOTS('',1,1,(
    (#4623,#4624)
    ,(#4625,#4626
  )),.UNSPECIFIED.,.F.,.F.,.F.,(2,2),(2,2),(-1.225,0.175),(-0.725,0.175)
  ,.PIECEWISE_BEZIER_KNOTS.);
#4623 = CARTESIAN_POINT('',(1.3,0.4995,0.9000001));
#4624 = CARTESIAN_POINT('',(1.3,0.4995,1.000000000584E-07));
#4625 = CARTESIAN_POINT('',(2.7,0.4995,0.9000001));
#4626 = CARTESIAN_POINT('',(2.7,0.4995,1.000000000584E-07));
#4627 = ADVANCED_FACE('',(#4628),#4642,.F.);
#4628 = FACE_BOUND('',#4629,.T.);
#4629 = EDGE_LOOP('',(#4630,#4631,#4632,#4633,#4634,#4635,#4636,#4637,
    #4638,#4639,#4640,#4641));
#4630 = ORIENTED_EDGE('',*,*,#4295,.F.);
#4631 = ORIENTED_EDGE('',*,*,#4587,.F.);
#4632 = ORIENTED_EDGE('',*,*,#4559,.F.);
#4633 = ORIENTED_EDGE('',*,*,#4527,.F.);
#4634 = ORIENTED_EDGE('',*,*,#4499,.F.);
#4635 = ORIENTED_EDGE('',*,*,#1810,.T.);
#4636 = ORIENTED_EDGE('',*,*,#4479,.T.);
#4637 = ORIENTED_EDGE('',*,*,#4463,.T.);
#4638 = ORIENTED_EDGE('',*,*,#4419,.T.);
#4639 = ORIENTED_EDGE('',*,*,#4403,.T.);
#4640 = ORIENTED_EDGE('',*,*,#4359,.T.);
#4641 = ORIENTED_EDGE('',*,*,#4331,.T.);
#4642 = B_SPLINE_SURFACE_WITH_KNOTS('',1,1,(
    (#4643,#4644)
    ,(#4645,#4646
  )),.UNSPECIFIED.,.F.,.F.,.F.,(2,2),(2,2),(-1.225,0.175),(-0.725,0.175)
  ,.PIECEWISE_BEZIER_KNOTS.);
#4643 = CARTESIAN_POINT('',(1.3,-0.5005,0.9000001));
#4644 = CARTESIAN_POINT('',(1.3,-0.5005,1.000000000584E-07));
#4645 = CARTESIAN_POINT('',(2.7,-0.5005,0.9000001));
#4646 = CARTESIAN_POINT('',(2.7,-0.5005,1.000000000584E-07));
#4647 = ADVANCED_FACE('',(#4648),#4677,.F.);
#4648 = FACE_BOUND('',#4649,.T.);
#4649 = EDGE_LOOP('',(#4650,#4659,#4664,#4665,#4672));
#4650 = ORIENTED_EDGE('',*,*,#4651,.T.);
#4651 = EDGE_CURVE('',#4652,#4654,#4656,.T.);
#4652 = VERTEX_POINT('',#4653);
#4653 = CARTESIAN_POINT('',(-2.525,-2.0005,0.1500001));
#4654 = VERTEX_POINT('',#4655);
#4655 = CARTESIAN_POINT('',(-1.3,-2.0005,0.1500001));
#4656 = B_SPLINE_CURVE_WITH_KNOTS('',1,(#4657,#4658),.UNSPECIFIED.,.F.,
  .F.,(2,2),(0.,1.225),.PIECEWISE_BEZIER_KNOTS.);
#4657 = CARTESIAN_POINT('',(-2.525,-2.0005,0.1500001));
#4658 = CARTESIAN_POINT('',(-1.3,-2.0005,0.1500001));
#4659 = ORIENTED_EDGE('',*,*,#4660,.F.);
#4660 = EDGE_CURVE('',#1523,#4654,#4661,.T.);
#4661 = B_SPLINE_CURVE_WITH_KNOTS('',1,(#4662,#4663),.UNSPECIFIED.,.F.,
  .F.,(2,2),(-0.,1.),.PIECEWISE_BEZIER_KNOTS.);
#4662 = CARTESIAN_POINT('',(-1.3,-1.0005,0.1500001));
#4663 = CARTESIAN_POINT('',(-1.3,-2.0005,0.1500001));
#4664 = ORIENTED_EDGE('',*,*,#1522,.T.);
#4665 = ORIENTED_EDGE('',*,*,#4666,.F.);
#4666 = EDGE_CURVE('',#4667,#1525,#4669,.T.);
#4667 = VERTEX_POINT('',#4668);
#4668 = CARTESIAN_POINT('',(-2.525,-1.0005,0.1500001));
#4669 = B_SPLINE_CURVE_WITH_KNOTS('',1,(#4670,#4671),.UNSPECIFIED.,.F.,
  .F.,(2,2),(0.,2.5E-02),.PIECEWISE_BEZIER_KNOTS.);
#4670 = CARTESIAN_POINT('',(-2.525,-1.0005,0.1500001));
#4671 = CARTESIAN_POINT('',(-2.5,-1.0005,0.1500001));
#4672 = ORIENTED_EDGE('',*,*,#4673,.T.);
#4673 = EDGE_CURVE('',#4667,#4652,#4674,.T.);
#4674 = B_SPLINE_CURVE_WITH_KNOTS('',1,(#4675,#4676),.UNSPECIFIED.,.F.,
  .F.,(2,2),(-0.,1.),.PIECEWISE_BEZIER_KNOTS.);
#4675 = CARTESIAN_POINT('',(-2.525,-1.0005,0.1500001));
#4676 = CARTESIAN_POINT('',(-2.525,-2.0005,0.1500001));
#4677 = B_SPLINE_SURFACE_WITH_KNOTS('',1,1,(
    (#4678,#4679)
    ,(#4680,#4681
    )),.UNSPECIFIED.,.F.,.F.,.F.,(2,2),(2,2),(-1.225,0.),(-1.,0.),
  .PIECEWISE_BEZIER_KNOTS.);
#4678 = CARTESIAN_POINT('',(-1.3,-2.0005,0.1500001));
#4679 = CARTESIAN_POINT('',(-1.3,-1.0005,0.1500001));
#4680 = CARTESIAN_POINT('',(-2.525,-2.0005,0.1500001));
#4681 = CARTESIAN_POINT('',(-2.525,-1.0005,0.1500001));
#4682 = ADVANCED_FACE('',(#4683),#4706,.T.);
#4683 = FACE_BOUND('',#4684,.T.);
#4684 = EDGE_LOOP('',(#4685,#4692,#4699,#4704,#4705));
#4685 = ORIENTED_EDGE('',*,*,#4686,.F.);
#4686 = EDGE_CURVE('',#4687,#4654,#4689,.T.);
#4687 = VERTEX_POINT('',#4688);
#4688 = CARTESIAN_POINT('',(-1.3,-2.0005,1.000000000584E-07));
#4689 = B_SPLINE_CURVE_WITH_KNOTS('',1,(#4690,#4691),.UNSPECIFIED.,.F.,
  .F.,(2,2),(0.,0.15),.PIECEWISE_BEZIER_KNOTS.);
#4690 = CARTESIAN_POINT('',(-1.3,-2.0005,1.000000000584E-07));
#4691 = CARTESIAN_POINT('',(-1.3,-2.0005,0.1500001));
#4692 = ORIENTED_EDGE('',*,*,#4693,.F.);
#4693 = EDGE_CURVE('',#4694,#4687,#4696,.T.);
#4694 = VERTEX_POINT('',#4695);
#4695 = CARTESIAN_POINT('',(-1.3,-1.0005,1.000000000584E-07));
#4696 = B_SPLINE_CURVE_WITH_KNOTS('',1,(#4697,#4698),.UNSPECIFIED.,.F.,
  .F.,(2,2),(-0.,1.),.PIECEWISE_BEZIER_KNOTS.);
#4697 = CARTESIAN_POINT('',(-1.3,-1.0005,1.000000000584E-07));
#4698 = CARTESIAN_POINT('',(-1.3,-2.0005,1.000000000584E-07));
#4699 = ORIENTED_EDGE('',*,*,#4700,.T.);
#4700 = EDGE_CURVE('',#4694,#1532,#4701,.T.);
#4701 = B_SPLINE_CURVE_WITH_KNOTS('',1,(#4702,#4703),.UNSPECIFIED.,.F.,
  .F.,(2,2),(0.,2.5E-02),.PIECEWISE_BEZIER_KNOTS.);
#4702 = CARTESIAN_POINT('',(-1.3,-1.0005,1.000000000584E-07));
#4703 = CARTESIAN_POINT('',(-1.3,-1.0005,2.50001E-02));
#4704 = ORIENTED_EDGE('',*,*,#1531,.F.);
#4705 = ORIENTED_EDGE('',*,*,#4660,.T.);
#4706 = B_SPLINE_SURFACE_WITH_KNOTS('',1,1,(
    (#4707,#4708)
    ,(#4709,#4710
    )),.UNSPECIFIED.,.F.,.F.,.F.,(2,2),(2,2),(-0.15,0.),(-1.,0.),
  .PIECEWISE_BEZIER_KNOTS.);
#4707 = CARTESIAN_POINT('',(-1.3,-2.0005,0.1500001));
#4708 = CARTESIAN_POINT('',(-1.3,-1.0005,0.1500001));
#4709 = CARTESIAN_POINT('',(-1.3,-2.0005,1.000000000584E-07));
#4710 = CARTESIAN_POINT('',(-1.3,-1.0005,1.000000000584E-07));
#4711 = ADVANCED_FACE('',(#4712),#4734,.T.);
#4712 = FACE_BOUND('',#4713,.T.);
#4713 = EDGE_LOOP('',(#4714,#4721,#4728,#4733));
#4714 = ORIENTED_EDGE('',*,*,#4715,.F.);
#4715 = EDGE_CURVE('',#4716,#4687,#4718,.T.);
#4716 = VERTEX_POINT('',#4717);
#4717 = CARTESIAN_POINT('',(-2.525,-2.0005,1.000000000584E-07));
#4718 = B_SPLINE_CURVE_WITH_KNOTS('',1,(#4719,#4720),.UNSPECIFIED.,.F.,
  .F.,(2,2),(0.,1.225),.PIECEWISE_BEZIER_KNOTS.);
#4719 = CARTESIAN_POINT('',(-2.525,-2.0005,1.000000000584E-07));
#4720 = CARTESIAN_POINT('',(-1.3,-2.0005,1.000000000584E-07));
#4721 = ORIENTED_EDGE('',*,*,#4722,.F.);
#4722 = EDGE_CURVE('',#4723,#4716,#4725,.T.);
#4723 = VERTEX_POINT('',#4724);
#4724 = CARTESIAN_POINT('',(-2.525,-1.0005,1.000000000584E-07));
#4725 = B_SPLINE_CURVE_WITH_KNOTS('',1,(#4726,#4727),.UNSPECIFIED.,.F.,
  .F.,(2,2),(-0.,1.),.PIECEWISE_BEZIER_KNOTS.);
#4726 = CARTESIAN_POINT('',(-2.525,-1.0005,1.000000000584E-07));
#4727 = CARTESIAN_POINT('',(-2.525,-2.0005,1.000000000584E-07));
#4728 = ORIENTED_EDGE('',*,*,#4729,.T.);
#4729 = EDGE_CURVE('',#4723,#4694,#4730,.T.);
#4730 = B_SPLINE_CURVE_WITH_KNOTS('',1,(#4731,#4732),.UNSPECIFIED.,.F.,
  .F.,(2,2),(0.,1.225),.PIECEWISE_BEZIER_KNOTS.);
#4731 = CARTESIAN_POINT('',(-2.525,-1.0005,1.000000000584E-07));
#4732 = CARTESIAN_POINT('',(-1.3,-1.0005,1.000000000584E-07));
#4733 = ORIENTED_EDGE('',*,*,#4693,.T.);
#4734 = B_SPLINE_SURFACE_WITH_KNOTS('',1,1,(
    (#4735,#4736)
    ,(#4737,#4738
    )),.UNSPECIFIED.,.F.,.F.,.F.,(2,2),(2,2),(-1.225,0.),(-1.,0.),
  .PIECEWISE_BEZIER_KNOTS.);
#4735 = CARTESIAN_POINT('',(-1.3,-2.0005,1.000000000584E-07));
#4736 = CARTESIAN_POINT('',(-1.3,-1.0005,1.000000000584E-07));
#4737 = CARTESIAN_POINT('',(-2.525,-2.0005,1.000000000584E-07));
#4738 = CARTESIAN_POINT('',(-2.525,-1.0005,1.000000000584E-07));
#4739 = ADVANCED_FACE('',(#4740),#4764,.T.);
#4740 = FACE_BOUND('',#4741,.T.);
#4741 = EDGE_LOOP('',(#4742,#4750,#4757,#4763));
#4742 = ORIENTED_EDGE('',*,*,#4743,.F.);
#4743 = EDGE_CURVE('',#4744,#4716,#4746,.T.);
#4744 = VERTEX_POINT('',#4745);
#4745 = CARTESIAN_POINT('',(-2.7,-2.0005,0.1750001));
#4746 = ( BOUNDED_CURVE() B_SPLINE_CURVE(2,(#4747,#4748,#4749),
.UNSPECIFIED.,.F.,.F.) B_SPLINE_CURVE_WITH_KNOTS((3,3),(3.14159265359,
4.712388980385),.PIECEWISE_BEZIER_KNOTS.) CURVE() 
GEOMETRIC_REPRESENTATION_ITEM() RATIONAL_B_SPLINE_CURVE((1.,
0.707106781187,1.)) REPRESENTATION_ITEM('') );
#4747 = CARTESIAN_POINT('',(-2.7,-2.0005,0.1750001));
#4748 = CARTESIAN_POINT('',(-2.7,-2.0005,1.000000002804E-07));
#4749 = CARTESIAN_POINT('',(-2.525,-2.0005,1.000000002804E-07));
#4750 = ORIENTED_EDGE('',*,*,#4751,.F.);
#4751 = EDGE_CURVE('',#4752,#4744,#4754,.T.);
#4752 = VERTEX_POINT('',#4753);
#4753 = CARTESIAN_POINT('',(-2.7,-1.0005,0.1750001));
#4754 = B_SPLINE_CURVE_WITH_KNOTS('',1,(#4755,#4756),.UNSPECIFIED.,.F.,
  .F.,(2,2),(-0.,1.),.PIECEWISE_BEZIER_KNOTS.);
#4755 = CARTESIAN_POINT('',(-2.7,-1.0005,0.1750001));
#4756 = CARTESIAN_POINT('',(-2.7,-2.0005,0.1750001));
#4757 = ORIENTED_EDGE('',*,*,#4758,.T.);
#4758 = EDGE_CURVE('',#4752,#4723,#4759,.T.);
#4759 = ( BOUNDED_CURVE() B_SPLINE_CURVE(2,(#4760,#4761,#4762),
.UNSPECIFIED.,.F.,.F.) B_SPLINE_CURVE_WITH_KNOTS((3,3),(3.14159265359,
4.712388980385),.PIECEWISE_BEZIER_KNOTS.) CURVE() 
GEOMETRIC_REPRESENTATION_ITEM() RATIONAL_B_SPLINE_CURVE((1.,
0.707106781187,1.)) REPRESENTATION_ITEM('') );
#4760 = CARTESIAN_POINT('',(-2.7,-1.0005,0.1750001));
#4761 = CARTESIAN_POINT('',(-2.7,-1.0005,1.000000002804E-07));
#4762 = CARTESIAN_POINT('',(-2.525,-1.0005,1.000000002804E-07));
#4763 = ORIENTED_EDGE('',*,*,#4722,.T.);
#4764 = ( BOUNDED_SURFACE() B_SPLINE_SURFACE(2,1,(
    (#4765,#4766)
    ,(#4767,#4768)
    ,(#4769,#4770
)),.UNSPECIFIED.,.F.,.F.,.F.) B_SPLINE_SURFACE_WITH_KNOTS((3,3),(2,2),(
    4.712388980385,6.28318530718),(0.,1.),.PIECEWISE_BEZIER_KNOTS.) 
GEOMETRIC_REPRESENTATION_ITEM() RATIONAL_B_SPLINE_SURFACE((
    (1.,1.)
    ,(0.707106781187,0.707106781187)
,(1.,1.))) REPRESENTATION_ITEM('') SURFACE() );
#4765 = CARTESIAN_POINT('',(-2.7,-1.0005,0.1750001));
#4766 = CARTESIAN_POINT('',(-2.7,-2.0005,0.1750001));
#4767 = CARTESIAN_POINT('',(-2.7,-1.0005,1.000000000584E-07));
#4768 = CARTESIAN_POINT('',(-2.7,-2.0005,1.000000000584E-07));
#4769 = CARTESIAN_POINT('',(-2.525,-1.0005,1.000000000584E-07));
#4770 = CARTESIAN_POINT('',(-2.525,-2.0005,1.000000000584E-07));
#4771 = ADVANCED_FACE('',(#4772),#4794,.T.);
#4772 = FACE_BOUND('',#4773,.T.);
#4773 = EDGE_LOOP('',(#4774,#4781,#4788,#4793));
#4774 = ORIENTED_EDGE('',*,*,#4775,.F.);
#4775 = EDGE_CURVE('',#4776,#4744,#4778,.T.);
#4776 = VERTEX_POINT('',#4777);
#4777 = CARTESIAN_POINT('',(-2.7,-2.0005,0.7250001));
#4778 = B_SPLINE_CURVE_WITH_KNOTS('',1,(#4779,#4780),.UNSPECIFIED.,.F.,
  .F.,(2,2),(0.,0.55),.PIECEWISE_BEZIER_KNOTS.);
#4779 = CARTESIAN_POINT('',(-2.7,-2.0005,0.7250001));
#4780 = CARTESIAN_POINT('',(-2.7,-2.0005,0.1750001));
#4781 = ORIENTED_EDGE('',*,*,#4782,.F.);
#4782 = EDGE_CURVE('',#4783,#4776,#4785,.T.);
#4783 = VERTEX_POINT('',#4784);
#4784 = CARTESIAN_POINT('',(-2.7,-1.0005,0.7250001));
#4785 = B_SPLINE_CURVE_WITH_KNOTS('',1,(#4786,#4787),.UNSPECIFIED.,.F.,
  .F.,(2,2),(-0.,1.),.PIECEWISE_BEZIER_KNOTS.);
#4786 = CARTESIAN_POINT('',(-2.7,-1.0005,0.7250001));
#4787 = CARTESIAN_POINT('',(-2.7,-2.0005,0.7250001));
#4788 = ORIENTED_EDGE('',*,*,#4789,.T.);
#4789 = EDGE_CURVE('',#4783,#4752,#4790,.T.);
#4790 = B_SPLINE_CURVE_WITH_KNOTS('',1,(#4791,#4792),.UNSPECIFIED.,.F.,
  .F.,(2,2),(0.,0.55),.PIECEWISE_BEZIER_KNOTS.);
#4791 = CARTESIAN_POINT('',(-2.7,-1.0005,0.7250001));
#4792 = CARTESIAN_POINT('',(-2.7,-1.0005,0.1750001));
#4793 = ORIENTED_EDGE('',*,*,#4751,.T.);
#4794 = B_SPLINE_SURFACE_WITH_KNOTS('',1,1,(
    (#4795,#4796)
    ,(#4797,#4798
    )),.UNSPECIFIED.,.F.,.F.,.F.,(2,2),(2,2),(-0.55,0.),(-1.,0.),
  .PIECEWISE_BEZIER_KNOTS.);
#4795 = CARTESIAN_POINT('',(-2.7,-2.0005,0.1750001));
#4796 = CARTESIAN_POINT('',(-2.7,-1.0005,0.1750001));
#4797 = CARTESIAN_POINT('',(-2.7,-2.0005,0.7250001));
#4798 = CARTESIAN_POINT('',(-2.7,-1.0005,0.7250001));
#4799 = ADVANCED_FACE('',(#4800),#4824,.T.);
#4800 = FACE_BOUND('',#4801,.T.);
#4801 = EDGE_LOOP('',(#4802,#4810,#4817,#4823));
#4802 = ORIENTED_EDGE('',*,*,#4803,.F.);
#4803 = EDGE_CURVE('',#4804,#4776,#4806,.T.);
#4804 = VERTEX_POINT('',#4805);
#4805 = CARTESIAN_POINT('',(-2.525,-2.0005,0.9000001));
#4806 = ( BOUNDED_CURVE() B_SPLINE_CURVE(2,(#4807,#4808,#4809),
.UNSPECIFIED.,.F.,.F.) B_SPLINE_CURVE_WITH_KNOTS((3,3),(1.570796326795,
3.14159265359),.PIECEWISE_BEZIER_KNOTS.) CURVE() 
GEOMETRIC_REPRESENTATION_ITEM() RATIONAL_B_SPLINE_CURVE((1.,
0.707106781187,1.)) REPRESENTATION_ITEM('') );
#4807 = CARTESIAN_POINT('',(-2.525,-2.0005,0.9000001));
#4808 = CARTESIAN_POINT('',(-2.7,-2.0005,0.9000001));
#4809 = CARTESIAN_POINT('',(-2.7,-2.0005,0.7250001));
#4810 = ORIENTED_EDGE('',*,*,#4811,.F.);
#4811 = EDGE_CURVE('',#4812,#4804,#4814,.T.);
#4812 = VERTEX_POINT('',#4813);
#4813 = CARTESIAN_POINT('',(-2.525,-1.0005,0.9000001));
#4814 = B_SPLINE_CURVE_WITH_KNOTS('',1,(#4815,#4816),.UNSPECIFIED.,.F.,
  .F.,(2,2),(-0.,1.),.PIECEWISE_BEZIER_KNOTS.);
#4815 = CARTESIAN_POINT('',(-2.525,-1.0005,0.9000001));
#4816 = CARTESIAN_POINT('',(-2.525,-2.0005,0.9000001));
#4817 = ORIENTED_EDGE('',*,*,#4818,.T.);
#4818 = EDGE_CURVE('',#4812,#4783,#4819,.T.);
#4819 = ( BOUNDED_CURVE() B_SPLINE_CURVE(2,(#4820,#4821,#4822),
.UNSPECIFIED.,.F.,.F.) B_SPLINE_CURVE_WITH_KNOTS((3,3),(1.570796326795,
3.14159265359),.PIECEWISE_BEZIER_KNOTS.) CURVE() 
GEOMETRIC_REPRESENTATION_ITEM() RATIONAL_B_SPLINE_CURVE((1.,
0.707106781187,1.)) REPRESENTATION_ITEM('') );
#4820 = CARTESIAN_POINT('',(-2.525,-1.0005,0.9000001));
#4821 = CARTESIAN_POINT('',(-2.7,-1.0005,0.9000001));
#4822 = CARTESIAN_POINT('',(-2.7,-1.0005,0.7250001));
#4823 = ORIENTED_EDGE('',*,*,#4782,.T.);
#4824 = ( BOUNDED_SURFACE() B_SPLINE_SURFACE(2,1,(
    (#4825,#4826)
    ,(#4827,#4828)
    ,(#4829,#4830
)),.UNSPECIFIED.,.F.,.F.,.F.) B_SPLINE_SURFACE_WITH_KNOTS((3,3),(2,2),(
    3.14159265359,4.712388980385),(0.,1.),.PIECEWISE_BEZIER_KNOTS.) 
GEOMETRIC_REPRESENTATION_ITEM() RATIONAL_B_SPLINE_SURFACE((
    (1.,1.)
    ,(0.707106781187,0.707106781187)
,(1.,1.))) REPRESENTATION_ITEM('') SURFACE() );
#4825 = CARTESIAN_POINT('',(-2.525,-1.0005,0.9000001));
#4826 = CARTESIAN_POINT('',(-2.525,-2.0005,0.9000001));
#4827 = CARTESIAN_POINT('',(-2.7,-1.0005,0.9000001));
#4828 = CARTESIAN_POINT('',(-2.7,-2.0005,0.9000001));
#4829 = CARTESIAN_POINT('',(-2.7,-1.0005,0.7250001));
#4830 = CARTESIAN_POINT('',(-2.7,-2.0005,0.7250001));
#4831 = ADVANCED_FACE('',(#4832),#4846,.T.);
#4832 = FACE_BOUND('',#4833,.T.);
#4833 = EDGE_LOOP('',(#4834,#4839,#4840,#4845));
#4834 = ORIENTED_EDGE('',*,*,#4835,.F.);
#4835 = EDGE_CURVE('',#1920,#4804,#4836,.T.);
#4836 = B_SPLINE_CURVE_WITH_KNOTS('',1,(#4837,#4838),.UNSPECIFIED.,.F.,
  .F.,(2,2),(0.,2.5E-02),.PIECEWISE_BEZIER_KNOTS.);
#4837 = CARTESIAN_POINT('',(-2.5,-2.0005,0.9000001));
#4838 = CARTESIAN_POINT('',(-2.525,-2.0005,0.9000001));
#4839 = ORIENTED_EDGE('',*,*,#1919,.F.);
#4840 = ORIENTED_EDGE('',*,*,#4841,.T.);
#4841 = EDGE_CURVE('',#1913,#4812,#4842,.T.);
#4842 = B_SPLINE_CURVE_WITH_KNOTS('',1,(#4843,#4844),.UNSPECIFIED.,.F.,
  .F.,(2,2),(0.,2.5E-02),.PIECEWISE_BEZIER_KNOTS.);
#4843 = CARTESIAN_POINT('',(-2.5,-1.0005,0.9000001));
#4844 = CARTESIAN_POINT('',(-2.525,-1.0005,0.9000001));
#4845 = ORIENTED_EDGE('',*,*,#4811,.T.);
#4846 = B_SPLINE_SURFACE_WITH_KNOTS('',1,1,(
    (#4847,#4848)
    ,(#4849,#4850
  )),.UNSPECIFIED.,.F.,.F.,.F.,(2,2),(2,2),(-2.5E-02,0.),(-1.,0.),
  .PIECEWISE_BEZIER_KNOTS.);
#4847 = CARTESIAN_POINT('',(-2.525,-2.0005,0.9000001));
#4848 = CARTESIAN_POINT('',(-2.525,-1.0005,0.9000001));
#4849 = CARTESIAN_POINT('',(-2.5,-2.0005,0.9000001));
#4850 = CARTESIAN_POINT('',(-2.5,-1.0005,0.9000001));
#4851 = ADVANCED_FACE('',(#4852),#4874,.F.);
#4852 = FACE_BOUND('',#4853,.T.);
#4853 = EDGE_LOOP('',(#4854,#4861,#4868,#4873));
#4854 = ORIENTED_EDGE('',*,*,#4855,.T.);
#4855 = EDGE_CURVE('',#1927,#4856,#4858,.T.);
#4856 = VERTEX_POINT('',#4857);
#4857 = CARTESIAN_POINT('',(-2.525,-2.0005,0.7500001));
#4858 = B_SPLINE_CURVE_WITH_KNOTS('',1,(#4859,#4860),.UNSPECIFIED.,.F.,
  .F.,(2,2),(8.881784197001E-16,2.5E-02),.PIECEWISE_BEZIER_KNOTS.);
#4859 = CARTESIAN_POINT('',(-2.5,-2.0005,0.7500001));
#4860 = CARTESIAN_POINT('',(-2.525,-2.0005,0.7500001));
#4861 = ORIENTED_EDGE('',*,*,#4862,.F.);
#4862 = EDGE_CURVE('',#4863,#4856,#4865,.T.);
#4863 = VERTEX_POINT('',#4864);
#4864 = CARTESIAN_POINT('',(-2.525,-1.0005,0.7500001));
#4865 = B_SPLINE_CURVE_WITH_KNOTS('',1,(#4866,#4867),.UNSPECIFIED.,.F.,
  .F.,(2,2),(-0.,1.),.PIECEWISE_BEZIER_KNOTS.);
#4866 = CARTESIAN_POINT('',(-2.525,-1.0005,0.7500001));
#4867 = CARTESIAN_POINT('',(-2.525,-2.0005,0.7500001));
#4868 = ORIENTED_EDGE('',*,*,#4869,.F.);
#4869 = EDGE_CURVE('',#1911,#4863,#4870,.T.);
#4870 = B_SPLINE_CURVE_WITH_KNOTS('',1,(#4871,#4872),.UNSPECIFIED.,.F.,
  .F.,(2,2),(0.,2.5E-02),.PIECEWISE_BEZIER_KNOTS.);
#4871 = CARTESIAN_POINT('',(-2.5,-1.0005,0.7500001));
#4872 = CARTESIAN_POINT('',(-2.525,-1.0005,0.7500001));
#4873 = ORIENTED_EDGE('',*,*,#1933,.T.);
#4874 = B_SPLINE_SURFACE_WITH_KNOTS('',1,1,(
    (#4875,#4876)
    ,(#4877,#4878
  )),.UNSPECIFIED.,.F.,.F.,.F.,(2,2),(2,2),(-2.5E-02,0.),(-1.,0.),
  .PIECEWISE_BEZIER_KNOTS.);
#4875 = CARTESIAN_POINT('',(-2.525,-2.0005,0.7500001));
#4876 = CARTESIAN_POINT('',(-2.525,-1.0005,0.7500001));
#4877 = CARTESIAN_POINT('',(-2.5,-2.0005,0.7500001));
#4878 = CARTESIAN_POINT('',(-2.5,-1.0005,0.7500001));
#4879 = ADVANCED_FACE('',(#4880),#4904,.F.);
#4880 = FACE_BOUND('',#4881,.F.);
#4881 = EDGE_LOOP('',(#4882,#4883,#4891,#4898));
#4882 = ORIENTED_EDGE('',*,*,#4862,.F.);
#4883 = ORIENTED_EDGE('',*,*,#4884,.T.);
#4884 = EDGE_CURVE('',#4863,#4885,#4887,.T.);
#4885 = VERTEX_POINT('',#4886);
#4886 = CARTESIAN_POINT('',(-2.55,-1.0005,0.7250001));
#4887 = ( BOUNDED_CURVE() B_SPLINE_CURVE(2,(#4888,#4889,#4890),
.UNSPECIFIED.,.F.,.F.) B_SPLINE_CURVE_WITH_KNOTS((3,3),(1.570796326795,
3.14159265359),.PIECEWISE_BEZIER_KNOTS.) CURVE() 
GEOMETRIC_REPRESENTATION_ITEM() RATIONAL_B_SPLINE_CURVE((1.,
0.707106781187,1.)) REPRESENTATION_ITEM('') );
#4888 = CARTESIAN_POINT('',(-2.525,-1.0005,0.7500001));
#4889 = CARTESIAN_POINT('',(-2.55,-1.0005,0.7500001));
#4890 = CARTESIAN_POINT('',(-2.55,-1.0005,0.7250001));
#4891 = ORIENTED_EDGE('',*,*,#4892,.T.);
#4892 = EDGE_CURVE('',#4885,#4893,#4895,.T.);
#4893 = VERTEX_POINT('',#4894);
#4894 = CARTESIAN_POINT('',(-2.55,-2.0005,0.7250001));
#4895 = B_SPLINE_CURVE_WITH_KNOTS('',1,(#4896,#4897),.UNSPECIFIED.,.F.,
  .F.,(2,2),(-0.,1.),.PIECEWISE_BEZIER_KNOTS.);
#4896 = CARTESIAN_POINT('',(-2.55,-1.0005,0.7250001));
#4897 = CARTESIAN_POINT('',(-2.55,-2.0005,0.7250001));
#4898 = ORIENTED_EDGE('',*,*,#4899,.F.);
#4899 = EDGE_CURVE('',#4856,#4893,#4900,.T.);
#4900 = ( BOUNDED_CURVE() B_SPLINE_CURVE(2,(#4901,#4902,#4903),
.UNSPECIFIED.,.F.,.F.) B_SPLINE_CURVE_WITH_KNOTS((3,3),(1.570796326795,
3.14159265359),.PIECEWISE_BEZIER_KNOTS.) CURVE() 
GEOMETRIC_REPRESENTATION_ITEM() RATIONAL_B_SPLINE_CURVE((1.,
0.707106781187,1.)) REPRESENTATION_ITEM('') );
#4901 = CARTESIAN_POINT('',(-2.525,-2.0005,0.7500001));
#4902 = CARTESIAN_POINT('',(-2.55,-2.0005,0.7500001));
#4903 = CARTESIAN_POINT('',(-2.55,-2.0005,0.7250001));
#4904 = ( BOUNDED_SURFACE() B_SPLINE_SURFACE(2,1,(
    (#4905,#4906)
    ,(#4907,#4908)
    ,(#4909,#4910
)),.UNSPECIFIED.,.F.,.F.,.F.) B_SPLINE_SURFACE_WITH_KNOTS((3,3),(2,2),(
    3.14159265359,4.712388980385),(0.,1.),.PIECEWISE_BEZIER_KNOTS.) 
GEOMETRIC_REPRESENTATION_ITEM() RATIONAL_B_SPLINE_SURFACE((
    (1.,1.)
    ,(0.707106781187,0.707106781187)
,(1.,1.))) REPRESENTATION_ITEM('') SURFACE() );
#4905 = CARTESIAN_POINT('',(-2.525,-1.0005,0.7500001));
#4906 = CARTESIAN_POINT('',(-2.525,-2.0005,0.7500001));
#4907 = CARTESIAN_POINT('',(-2.55,-1.0005,0.7500001));
#4908 = CARTESIAN_POINT('',(-2.55,-2.0005,0.7500001));
#4909 = CARTESIAN_POINT('',(-2.55,-1.0005,0.7250001));
#4910 = CARTESIAN_POINT('',(-2.55,-2.0005,0.7250001));
#4911 = ADVANCED_FACE('',(#4912),#4934,.F.);
#4912 = FACE_BOUND('',#4913,.T.);
#4913 = EDGE_LOOP('',(#4914,#4921,#4928,#4933));
#4914 = ORIENTED_EDGE('',*,*,#4915,.T.);
#4915 = EDGE_CURVE('',#4893,#4916,#4918,.T.);
#4916 = VERTEX_POINT('',#4917);
#4917 = CARTESIAN_POINT('',(-2.55,-2.0005,0.1750001));
#4918 = B_SPLINE_CURVE_WITH_KNOTS('',1,(#4919,#4920),.UNSPECIFIED.,.F.,
  .F.,(2,2),(0.,0.55),.PIECEWISE_BEZIER_KNOTS.);
#4919 = CARTESIAN_POINT('',(-2.55,-2.0005,0.7250001));
#4920 = CARTESIAN_POINT('',(-2.55,-2.0005,0.1750001));
#4921 = ORIENTED_EDGE('',*,*,#4922,.F.);
#4922 = EDGE_CURVE('',#4923,#4916,#4925,.T.);
#4923 = VERTEX_POINT('',#4924);
#4924 = CARTESIAN_POINT('',(-2.55,-1.0005,0.1750001));
#4925 = B_SPLINE_CURVE_WITH_KNOTS('',1,(#4926,#4927),.UNSPECIFIED.,.F.,
  .F.,(2,2),(-0.,1.),.PIECEWISE_BEZIER_KNOTS.);
#4926 = CARTESIAN_POINT('',(-2.55,-1.0005,0.1750001));
#4927 = CARTESIAN_POINT('',(-2.55,-2.0005,0.1750001));
#4928 = ORIENTED_EDGE('',*,*,#4929,.F.);
#4929 = EDGE_CURVE('',#4885,#4923,#4930,.T.);
#4930 = B_SPLINE_CURVE_WITH_KNOTS('',1,(#4931,#4932),.UNSPECIFIED.,.F.,
  .F.,(2,2),(0.,0.55),.PIECEWISE_BEZIER_KNOTS.);
#4931 = CARTESIAN_POINT('',(-2.55,-1.0005,0.7250001));
#4932 = CARTESIAN_POINT('',(-2.55,-1.0005,0.1750001));
#4933 = ORIENTED_EDGE('',*,*,#4892,.T.);
#4934 = B_SPLINE_SURFACE_WITH_KNOTS('',1,1,(
    (#4935,#4936)
    ,(#4937,#4938
    )),.UNSPECIFIED.,.F.,.F.,.F.,(2,2),(2,2),(-0.55,0.),(-1.,0.),
  .PIECEWISE_BEZIER_KNOTS.);
#4935 = CARTESIAN_POINT('',(-2.55,-2.0005,0.1750001));
#4936 = CARTESIAN_POINT('',(-2.55,-1.0005,0.1750001));
#4937 = CARTESIAN_POINT('',(-2.55,-2.0005,0.7250001));
#4938 = CARTESIAN_POINT('',(-2.55,-1.0005,0.7250001));
#4939 = ADVANCED_FACE('',(#4940),#4956,.F.);
#4940 = FACE_BOUND('',#4941,.F.);
#4941 = EDGE_LOOP('',(#4942,#4943,#4949,#4950));
#4942 = ORIENTED_EDGE('',*,*,#4922,.F.);
#4943 = ORIENTED_EDGE('',*,*,#4944,.T.);
#4944 = EDGE_CURVE('',#4923,#4667,#4945,.T.);
#4945 = ( BOUNDED_CURVE() B_SPLINE_CURVE(2,(#4946,#4947,#4948),
.UNSPECIFIED.,.F.,.F.) B_SPLINE_CURVE_WITH_KNOTS((3,3),(3.14159265359,
4.712388980385),.PIECEWISE_BEZIER_KNOTS.) CURVE() 
GEOMETRIC_REPRESENTATION_ITEM() RATIONAL_B_SPLINE_CURVE((1.,
0.707106781187,1.)) REPRESENTATION_ITEM('') );
#4946 = CARTESIAN_POINT('',(-2.55,-1.0005,0.1750001));
#4947 = CARTESIAN_POINT('',(-2.55,-1.0005,0.1500001));
#4948 = CARTESIAN_POINT('',(-2.525,-1.0005,0.1500001));
#4949 = ORIENTED_EDGE('',*,*,#4673,.T.);
#4950 = ORIENTED_EDGE('',*,*,#4951,.F.);
#4951 = EDGE_CURVE('',#4916,#4652,#4952,.T.);
#4952 = ( BOUNDED_CURVE() B_SPLINE_CURVE(2,(#4953,#4954,#4955),
.UNSPECIFIED.,.F.,.F.) B_SPLINE_CURVE_WITH_KNOTS((3,3),(3.14159265359,
4.712388980385),.PIECEWISE_BEZIER_KNOTS.) CURVE() 
GEOMETRIC_REPRESENTATION_ITEM() RATIONAL_B_SPLINE_CURVE((1.,
0.707106781187,1.)) REPRESENTATION_ITEM('') );
#4953 = CARTESIAN_POINT('',(-2.55,-2.0005,0.1750001));
#4954 = CARTESIAN_POINT('',(-2.55,-2.0005,0.1500001));
#4955 = CARTESIAN_POINT('',(-2.525,-2.0005,0.1500001));
#4956 = ( BOUNDED_SURFACE() B_SPLINE_SURFACE(2,1,(
    (#4957,#4958)
    ,(#4959,#4960)
    ,(#4961,#4962
)),.UNSPECIFIED.,.F.,.F.,.F.) B_SPLINE_SURFACE_WITH_KNOTS((3,3),(2,2),(
    4.712388980385,6.28318530718),(0.,1.),.PIECEWISE_BEZIER_KNOTS.) 
GEOMETRIC_REPRESENTATION_ITEM() RATIONAL_B_SPLINE_SURFACE((
    (1.,1.)
    ,(0.707106781187,0.707106781187)
,(1.,1.))) REPRESENTATION_ITEM('') SURFACE() );
#4957 = CARTESIAN_POINT('',(-2.55,-1.0005,0.1750001));
#4958 = CARTESIAN_POINT('',(-2.55,-2.0005,0.1750001));
#4959 = CARTESIAN_POINT('',(-2.55,-1.0005,0.1500001));
#4960 = CARTESIAN_POINT('',(-2.55,-2.0005,0.1500001));
#4961 = CARTESIAN_POINT('',(-2.525,-1.0005,0.1500001));
#4962 = CARTESIAN_POINT('',(-2.525,-2.0005,0.1500001));
#4963 = ADVANCED_FACE('',(#4964),#4980,.T.);
#4964 = FACE_BOUND('',#4965,.T.);
#4965 = EDGE_LOOP('',(#4966,#4967,#4968,#4969,#4970,#4971,#4972,#4973,
    #4974,#4975,#4976,#4977,#4978,#4979));
#4966 = ORIENTED_EDGE('',*,*,#4666,.T.);
#4967 = ORIENTED_EDGE('',*,*,#2078,.T.);
#4968 = ORIENTED_EDGE('',*,*,#2369,.T.);
#4969 = ORIENTED_EDGE('',*,*,#4700,.F.);
#4970 = ORIENTED_EDGE('',*,*,#4729,.F.);
#4971 = ORIENTED_EDGE('',*,*,#4758,.F.);
#4972 = ORIENTED_EDGE('',*,*,#4789,.F.);
#4973 = ORIENTED_EDGE('',*,*,#4818,.F.);
#4974 = ORIENTED_EDGE('',*,*,#4841,.F.);
#4975 = ORIENTED_EDGE('',*,*,#1910,.F.);
#4976 = ORIENTED_EDGE('',*,*,#4869,.T.);
#4977 = ORIENTED_EDGE('',*,*,#4884,.T.);
#4978 = ORIENTED_EDGE('',*,*,#4929,.T.);
#4979 = ORIENTED_EDGE('',*,*,#4944,.T.);
#4980 = B_SPLINE_SURFACE_WITH_KNOTS('',1,1,(
    (#4981,#4982)
    ,(#4983,#4984
  )),.UNSPECIFIED.,.F.,.F.,.F.,(2,2),(2,2),(-0.175,1.225),(-0.725,0.175)
  ,.PIECEWISE_BEZIER_KNOTS.);
#4981 = CARTESIAN_POINT('',(-2.7,-1.0005,0.9000001));
#4982 = CARTESIAN_POINT('',(-2.7,-1.0005,1.000000000584E-07));
#4983 = CARTESIAN_POINT('',(-1.3,-1.0005,0.9000001));
#4984 = CARTESIAN_POINT('',(-1.3,-1.0005,1.000000000584E-07));
#4985 = ADVANCED_FACE('',(#4986),#5000,.F.);
#4986 = FACE_BOUND('',#4987,.T.);
#4987 = EDGE_LOOP('',(#4988,#4989,#4990,#4991,#4992,#4993,#4994,#4995,
    #4996,#4997,#4998,#4999));
#4988 = ORIENTED_EDGE('',*,*,#4651,.F.);
#4989 = ORIENTED_EDGE('',*,*,#4951,.F.);
#4990 = ORIENTED_EDGE('',*,*,#4915,.F.);
#4991 = ORIENTED_EDGE('',*,*,#4899,.F.);
#4992 = ORIENTED_EDGE('',*,*,#4855,.F.);
#4993 = ORIENTED_EDGE('',*,*,#1926,.T.);
#4994 = ORIENTED_EDGE('',*,*,#4835,.T.);
#4995 = ORIENTED_EDGE('',*,*,#4803,.T.);
#4996 = ORIENTED_EDGE('',*,*,#4775,.T.);
#4997 = ORIENTED_EDGE('',*,*,#4743,.T.);
#4998 = ORIENTED_EDGE('',*,*,#4715,.T.);
#4999 = ORIENTED_EDGE('',*,*,#4686,.T.);
#5000 = B_SPLINE_SURFACE_WITH_KNOTS('',1,1,(
    (#5001,#5002)
    ,(#5003,#5004
  )),.UNSPECIFIED.,.F.,.F.,.F.,(2,2),(2,2),(-0.175,1.225),(-0.725,0.175)
  ,.PIECEWISE_BEZIER_KNOTS.);
#5001 = CARTESIAN_POINT('',(-2.7,-2.0005,0.9000001));
#5002 = CARTESIAN_POINT('',(-2.7,-2.0005,1.000000000584E-07));
#5003 = CARTESIAN_POINT('',(-1.3,-2.0005,0.9000001));
#5004 = CARTESIAN_POINT('',(-1.3,-2.0005,1.000000000584E-07));
#5005 = ADVANCED_FACE('',(#5006),#5036,.F.);
#5006 = FACE_BOUND('',#5007,.T.);
#5007 = EDGE_LOOP('',(#5008,#5017,#5024,#5031));
#5008 = ORIENTED_EDGE('',*,*,#5009,.T.);
#5009 = EDGE_CURVE('',#5010,#5012,#5014,.T.);
#5010 = VERTEX_POINT('',#5011);
#5011 = CARTESIAN_POINT('',(2.525,-2.0005,1.000000000584E-07));
#5012 = VERTEX_POINT('',#5013);
#5013 = CARTESIAN_POINT('',(1.3,-2.0005,1.000000000584E-07));
#5014 = B_SPLINE_CURVE_WITH_KNOTS('',1,(#5015,#5016),.UNSPECIFIED.,.F.,
  .F.,(2,2),(-0.,1.225),.PIECEWISE_BEZIER_KNOTS.);
#5015 = CARTESIAN_POINT('',(2.525,-2.0005,1.000000000584E-07));
#5016 = CARTESIAN_POINT('',(1.3,-2.0005,1.000000000584E-07));
#5017 = ORIENTED_EDGE('',*,*,#5018,.F.);
#5018 = EDGE_CURVE('',#5019,#5012,#5021,.T.);
#5019 = VERTEX_POINT('',#5020);
#5020 = CARTESIAN_POINT('',(1.3,-1.0005,1.000000000584E-07));
#5021 = B_SPLINE_CURVE_WITH_KNOTS('',1,(#5022,#5023),.UNSPECIFIED.,.F.,
  .F.,(2,2),(-0.,1.),.PIECEWISE_BEZIER_KNOTS.);
#5022 = CARTESIAN_POINT('',(1.3,-1.0005,1.000000000584E-07));
#5023 = CARTESIAN_POINT('',(1.3,-2.0005,1.000000000584E-07));
#5024 = ORIENTED_EDGE('',*,*,#5025,.F.);
#5025 = EDGE_CURVE('',#5026,#5019,#5028,.T.);
#5026 = VERTEX_POINT('',#5027);
#5027 = CARTESIAN_POINT('',(2.525,-1.0005,1.000000000584E-07));
#5028 = B_SPLINE_CURVE_WITH_KNOTS('',1,(#5029,#5030),.UNSPECIFIED.,.F.,
  .F.,(2,2),(-0.,1.225),.PIECEWISE_BEZIER_KNOTS.);
#5029 = CARTESIAN_POINT('',(2.525,-1.0005,1.000000000584E-07));
#5030 = CARTESIAN_POINT('',(1.3,-1.0005,1.000000000584E-07));
#5031 = ORIENTED_EDGE('',*,*,#5032,.T.);
#5032 = EDGE_CURVE('',#5026,#5010,#5033,.T.);
#5033 = B_SPLINE_CURVE_WITH_KNOTS('',1,(#5034,#5035),.UNSPECIFIED.,.F.,
  .F.,(2,2),(-0.,1.),.PIECEWISE_BEZIER_KNOTS.);
#5034 = CARTESIAN_POINT('',(2.525,-1.0005,1.000000000584E-07));
#5035 = CARTESIAN_POINT('',(2.525,-2.0005,1.000000000584E-07));
#5036 = B_SPLINE_SURFACE_WITH_KNOTS('',1,1,(
    (#5037,#5038)
    ,(#5039,#5040
    )),.UNSPECIFIED.,.F.,.F.,.F.,(2,2),(2,2),(-1.225,0.),(-1.,0.),
  .PIECEWISE_BEZIER_KNOTS.);
#5037 = CARTESIAN_POINT('',(1.3,-2.0005,1.000000000584E-07));
#5038 = CARTESIAN_POINT('',(1.3,-1.0005,1.000000000584E-07));
#5039 = CARTESIAN_POINT('',(2.525,-2.0005,1.000000000584E-07));
#5040 = CARTESIAN_POINT('',(2.525,-1.0005,1.000000000584E-07));
#5041 = ADVANCED_FACE('',(#5042),#5063,.T.);
#5042 = FACE_BOUND('',#5043,.T.);
#5043 = EDGE_LOOP('',(#5044,#5051,#5056,#5057,#5062));
#5044 = ORIENTED_EDGE('',*,*,#5045,.F.);
#5045 = EDGE_CURVE('',#5046,#5012,#5048,.T.);
#5046 = VERTEX_POINT('',#5047);
#5047 = CARTESIAN_POINT('',(1.3,-2.0005,0.1500001));
#5048 = B_SPLINE_CURVE_WITH_KNOTS('',1,(#5049,#5050),.UNSPECIFIED.,.F.,
  .F.,(2,2),(0.,0.15),.PIECEWISE_BEZIER_KNOTS.);
#5049 = CARTESIAN_POINT('',(1.3,-2.0005,0.1500001));
#5050 = CARTESIAN_POINT('',(1.3,-2.0005,1.000000000584E-07));
#5051 = ORIENTED_EDGE('',*,*,#5052,.F.);
#5052 = EDGE_CURVE('',#2697,#5046,#5053,.T.);
#5053 = B_SPLINE_CURVE_WITH_KNOTS('',1,(#5054,#5055),.UNSPECIFIED.,.F.,
  .F.,(2,2),(-0.,1.),.PIECEWISE_BEZIER_KNOTS.);
#5054 = CARTESIAN_POINT('',(1.3,-1.0005,0.1500001));
#5055 = CARTESIAN_POINT('',(1.3,-2.0005,0.1500001));
#5056 = ORIENTED_EDGE('',*,*,#2696,.T.);
#5057 = ORIENTED_EDGE('',*,*,#5058,.T.);
#5058 = EDGE_CURVE('',#2284,#5019,#5059,.T.);
#5059 = B_SPLINE_CURVE_WITH_KNOTS('',1,(#5060,#5061),.UNSPECIFIED.,.F.,
  .F.,(2,2),(0.125,0.15),.PIECEWISE_BEZIER_KNOTS.);
#5060 = CARTESIAN_POINT('',(1.3,-1.0005,2.50001E-02));
#5061 = CARTESIAN_POINT('',(1.3,-1.0005,1.000000000584E-07));
#5062 = ORIENTED_EDGE('',*,*,#5018,.T.);
#5063 = B_SPLINE_SURFACE_WITH_KNOTS('',1,1,(
    (#5064,#5065)
    ,(#5066,#5067
    )),.UNSPECIFIED.,.F.,.F.,.F.,(2,2),(2,2),(-0.15,0.),(-1.,0.),
  .PIECEWISE_BEZIER_KNOTS.);
#5064 = CARTESIAN_POINT('',(1.3,-2.0005,1.000000000584E-07));
#5065 = CARTESIAN_POINT('',(1.3,-1.0005,1.000000000584E-07));
#5066 = CARTESIAN_POINT('',(1.3,-2.0005,0.1500001));
#5067 = CARTESIAN_POINT('',(1.3,-1.0005,0.1500001));
#5068 = ADVANCED_FACE('',(#5069),#5092,.T.);
#5069 = FACE_BOUND('',#5070,.T.);
#5070 = EDGE_LOOP('',(#5071,#5078,#5085,#5090,#5091));
#5071 = ORIENTED_EDGE('',*,*,#5072,.F.);
#5072 = EDGE_CURVE('',#5073,#5046,#5075,.T.);
#5073 = VERTEX_POINT('',#5074);
#5074 = CARTESIAN_POINT('',(2.525,-2.0005,0.1500001));
#5075 = B_SPLINE_CURVE_WITH_KNOTS('',1,(#5076,#5077),.UNSPECIFIED.,.F.,
  .F.,(2,2),(-0.,1.225),.PIECEWISE_BEZIER_KNOTS.);
#5076 = CARTESIAN_POINT('',(2.525,-2.0005,0.1500001));
#5077 = CARTESIAN_POINT('',(1.3,-2.0005,0.1500001));
#5078 = ORIENTED_EDGE('',*,*,#5079,.F.);
#5079 = EDGE_CURVE('',#5080,#5073,#5082,.T.);
#5080 = VERTEX_POINT('',#5081);
#5081 = CARTESIAN_POINT('',(2.525,-1.0005,0.1500001));
#5082 = B_SPLINE_CURVE_WITH_KNOTS('',1,(#5083,#5084),.UNSPECIFIED.,.F.,
  .F.,(2,2),(-0.,1.),.PIECEWISE_BEZIER_KNOTS.);
#5083 = CARTESIAN_POINT('',(2.525,-1.0005,0.1500001));
#5084 = CARTESIAN_POINT('',(2.525,-2.0005,0.1500001));
#5085 = ORIENTED_EDGE('',*,*,#5086,.T.);
#5086 = EDGE_CURVE('',#5080,#1660,#5087,.T.);
#5087 = B_SPLINE_CURVE_WITH_KNOTS('',1,(#5088,#5089),.UNSPECIFIED.,.F.,
  .F.,(2,2),(-0.,2.5E-02),.PIECEWISE_BEZIER_KNOTS.);
#5088 = CARTESIAN_POINT('',(2.525,-1.0005,0.1500001));
#5089 = CARTESIAN_POINT('',(2.5,-1.0005,0.1500001));
#5090 = ORIENTED_EDGE('',*,*,#2703,.F.);
#5091 = ORIENTED_EDGE('',*,*,#5052,.T.);
#5092 = B_SPLINE_SURFACE_WITH_KNOTS('',1,1,(
    (#5093,#5094)
    ,(#5095,#5096
    )),.UNSPECIFIED.,.F.,.F.,.F.,(2,2),(2,2),(-1.225,0.),(-1.,0.),
  .PIECEWISE_BEZIER_KNOTS.);
#5093 = CARTESIAN_POINT('',(1.3,-2.0005,0.1500001));
#5094 = CARTESIAN_POINT('',(1.3,-1.0005,0.1500001));
#5095 = CARTESIAN_POINT('',(2.525,-2.0005,0.1500001));
#5096 = CARTESIAN_POINT('',(2.525,-1.0005,0.1500001));
#5097 = ADVANCED_FACE('',(#5098),#5122,.F.);
#5098 = FACE_BOUND('',#5099,.F.);
#5099 = EDGE_LOOP('',(#5100,#5101,#5109,#5116));
#5100 = ORIENTED_EDGE('',*,*,#5079,.F.);
#5101 = ORIENTED_EDGE('',*,*,#5102,.F.);
#5102 = EDGE_CURVE('',#5103,#5080,#5105,.T.);
#5103 = VERTEX_POINT('',#5104);
#5104 = CARTESIAN_POINT('',(2.55,-1.0005,0.1750001));
#5105 = ( BOUNDED_CURVE() B_SPLINE_CURVE(2,(#5106,#5107,#5108),
.UNSPECIFIED.,.F.,.F.) B_SPLINE_CURVE_WITH_KNOTS((3,3),(0.,
1.570796326795),.PIECEWISE_BEZIER_KNOTS.) CURVE() 
GEOMETRIC_REPRESENTATION_ITEM() RATIONAL_B_SPLINE_CURVE((1.,
0.707106781187,1.)) REPRESENTATION_ITEM('') );
#5106 = CARTESIAN_POINT('',(2.55,-1.0005,0.1750001));
#5107 = CARTESIAN_POINT('',(2.55,-1.0005,0.1500001));
#5108 = CARTESIAN_POINT('',(2.525,-1.0005,0.1500001));
#5109 = ORIENTED_EDGE('',*,*,#5110,.T.);
#5110 = EDGE_CURVE('',#5103,#5111,#5113,.T.);
#5111 = VERTEX_POINT('',#5112);
#5112 = CARTESIAN_POINT('',(2.55,-2.0005,0.1750001));
#5113 = B_SPLINE_CURVE_WITH_KNOTS('',1,(#5114,#5115),.UNSPECIFIED.,.F.,
  .F.,(2,2),(-0.,1.),.PIECEWISE_BEZIER_KNOTS.);
#5114 = CARTESIAN_POINT('',(2.55,-1.0005,0.1750001));
#5115 = CARTESIAN_POINT('',(2.55,-2.0005,0.1750001));
#5116 = ORIENTED_EDGE('',*,*,#5117,.T.);
#5117 = EDGE_CURVE('',#5111,#5073,#5118,.T.);
#5118 = ( BOUNDED_CURVE() B_SPLINE_CURVE(2,(#5119,#5120,#5121),
.UNSPECIFIED.,.F.,.F.) B_SPLINE_CURVE_WITH_KNOTS((3,3),(0.,
1.570796326795),.PIECEWISE_BEZIER_KNOTS.) CURVE() 
GEOMETRIC_REPRESENTATION_ITEM() RATIONAL_B_SPLINE_CURVE((1.,
0.707106781187,1.)) REPRESENTATION_ITEM('') );
#5119 = CARTESIAN_POINT('',(2.55,-2.0005,0.1750001));
#5120 = CARTESIAN_POINT('',(2.55,-2.0005,0.1500001));
#5121 = CARTESIAN_POINT('',(2.525,-2.0005,0.1500001));
#5122 = ( BOUNDED_SURFACE() B_SPLINE_SURFACE(2,1,(
    (#5123,#5124)
    ,(#5125,#5126)
    ,(#5127,#5128
)),.UNSPECIFIED.,.F.,.F.,.F.) B_SPLINE_SURFACE_WITH_KNOTS((3,3),(2,2),(
    0.,1.570796326795),(0.,1.),.PIECEWISE_BEZIER_KNOTS.) 
GEOMETRIC_REPRESENTATION_ITEM() RATIONAL_B_SPLINE_SURFACE((
    (1.,1.)
    ,(0.707106781187,0.707106781187)
,(1.,1.))) REPRESENTATION_ITEM('') SURFACE() );
#5123 = CARTESIAN_POINT('',(2.525,-1.0005,0.1500001));
#5124 = CARTESIAN_POINT('',(2.525,-2.0005,0.1500001));
#5125 = CARTESIAN_POINT('',(2.55,-1.0005,0.1500001));
#5126 = CARTESIAN_POINT('',(2.55,-2.0005,0.1500001));
#5127 = CARTESIAN_POINT('',(2.55,-1.0005,0.1750001));
#5128 = CARTESIAN_POINT('',(2.55,-2.0005,0.1750001));
#5129 = ADVANCED_FACE('',(#5130),#5152,.T.);
#5130 = FACE_BOUND('',#5131,.T.);
#5131 = EDGE_LOOP('',(#5132,#5139,#5146,#5151));
#5132 = ORIENTED_EDGE('',*,*,#5133,.F.);
#5133 = EDGE_CURVE('',#5134,#5111,#5136,.T.);
#5134 = VERTEX_POINT('',#5135);
#5135 = CARTESIAN_POINT('',(2.55,-2.0005,0.7250001));
#5136 = B_SPLINE_CURVE_WITH_KNOTS('',1,(#5137,#5138),.UNSPECIFIED.,.F.,
  .F.,(2,2),(0.,0.55),.PIECEWISE_BEZIER_KNOTS.);
#5137 = CARTESIAN_POINT('',(2.55,-2.0005,0.7250001));
#5138 = CARTESIAN_POINT('',(2.55,-2.0005,0.1750001));
#5139 = ORIENTED_EDGE('',*,*,#5140,.F.);
#5140 = EDGE_CURVE('',#5141,#5134,#5143,.T.);
#5141 = VERTEX_POINT('',#5142);
#5142 = CARTESIAN_POINT('',(2.55,-1.0005,0.7250001));
#5143 = B_SPLINE_CURVE_WITH_KNOTS('',1,(#5144,#5145),.UNSPECIFIED.,.F.,
  .F.,(2,2),(-0.,1.),.PIECEWISE_BEZIER_KNOTS.);
#5144 = CARTESIAN_POINT('',(2.55,-1.0005,0.7250001));
#5145 = CARTESIAN_POINT('',(2.55,-2.0005,0.7250001));
#5146 = ORIENTED_EDGE('',*,*,#5147,.T.);
#5147 = EDGE_CURVE('',#5141,#5103,#5148,.T.);
#5148 = B_SPLINE_CURVE_WITH_KNOTS('',1,(#5149,#5150),.UNSPECIFIED.,.F.,
  .F.,(2,2),(0.,0.55),.PIECEWISE_BEZIER_KNOTS.);
#5149 = CARTESIAN_POINT('',(2.55,-1.0005,0.7250001));
#5150 = CARTESIAN_POINT('',(2.55,-1.0005,0.1750001));
#5151 = ORIENTED_EDGE('',*,*,#5110,.T.);
#5152 = B_SPLINE_SURFACE_WITH_KNOTS('',1,1,(
    (#5153,#5154)
    ,(#5155,#5156
    )),.UNSPECIFIED.,.F.,.F.,.F.,(2,2),(2,2),(-0.55,0.),(-1.,0.),
  .PIECEWISE_BEZIER_KNOTS.);
#5153 = CARTESIAN_POINT('',(2.55,-2.0005,0.1750001));
#5154 = CARTESIAN_POINT('',(2.55,-1.0005,0.1750001));
#5155 = CARTESIAN_POINT('',(2.55,-2.0005,0.7250001));
#5156 = CARTESIAN_POINT('',(2.55,-1.0005,0.7250001));
#5157 = ADVANCED_FACE('',(#5158),#5182,.F.);
#5158 = FACE_BOUND('',#5159,.F.);
#5159 = EDGE_LOOP('',(#5160,#5161,#5169,#5176));
#5160 = ORIENTED_EDGE('',*,*,#5140,.F.);
#5161 = ORIENTED_EDGE('',*,*,#5162,.F.);
#5162 = EDGE_CURVE('',#5163,#5141,#5165,.T.);
#5163 = VERTEX_POINT('',#5164);
#5164 = CARTESIAN_POINT('',(2.525,-1.0005,0.7500001));
#5165 = ( BOUNDED_CURVE() B_SPLINE_CURVE(2,(#5166,#5167,#5168),
.UNSPECIFIED.,.F.,.F.) B_SPLINE_CURVE_WITH_KNOTS((3,3),(4.712388980385,
6.28318530718),.PIECEWISE_BEZIER_KNOTS.) CURVE() 
GEOMETRIC_REPRESENTATION_ITEM() RATIONAL_B_SPLINE_CURVE((1.,
0.707106781187,1.)) REPRESENTATION_ITEM('') );
#5166 = CARTESIAN_POINT('',(2.525,-1.0005,0.7500001));
#5167 = CARTESIAN_POINT('',(2.55,-1.0005,0.7500001));
#5168 = CARTESIAN_POINT('',(2.55,-1.0005,0.7250001));
#5169 = ORIENTED_EDGE('',*,*,#5170,.T.);
#5170 = EDGE_CURVE('',#5163,#5171,#5173,.T.);
#5171 = VERTEX_POINT('',#5172);
#5172 = CARTESIAN_POINT('',(2.525,-2.0005,0.7500001));
#5173 = B_SPLINE_CURVE_WITH_KNOTS('',1,(#5174,#5175),.UNSPECIFIED.,.F.,
  .F.,(2,2),(-0.,1.),.PIECEWISE_BEZIER_KNOTS.);
#5174 = CARTESIAN_POINT('',(2.525,-1.0005,0.7500001));
#5175 = CARTESIAN_POINT('',(2.525,-2.0005,0.7500001));
#5176 = ORIENTED_EDGE('',*,*,#5177,.T.);
#5177 = EDGE_CURVE('',#5171,#5134,#5178,.T.);
#5178 = ( BOUNDED_CURVE() B_SPLINE_CURVE(2,(#5179,#5180,#5181),
.UNSPECIFIED.,.F.,.F.) B_SPLINE_CURVE_WITH_KNOTS((3,3),(4.712388980385,
6.28318530718),.PIECEWISE_BEZIER_KNOTS.) CURVE() 
GEOMETRIC_REPRESENTATION_ITEM() RATIONAL_B_SPLINE_CURVE((1.,
0.707106781187,1.)) REPRESENTATION_ITEM('') );
#5179 = CARTESIAN_POINT('',(2.525,-2.0005,0.7500001));
#5180 = CARTESIAN_POINT('',(2.55,-2.0005,0.7500001));
#5181 = CARTESIAN_POINT('',(2.55,-2.0005,0.7250001));
#5182 = ( BOUNDED_SURFACE() B_SPLINE_SURFACE(2,1,(
    (#5183,#5184)
    ,(#5185,#5186)
    ,(#5187,#5188
)),.UNSPECIFIED.,.F.,.F.,.F.) B_SPLINE_SURFACE_WITH_KNOTS((3,3),(2,2),(
    1.570796326795,3.14159265359),(0.,1.),.PIECEWISE_BEZIER_KNOTS.) 
GEOMETRIC_REPRESENTATION_ITEM() RATIONAL_B_SPLINE_SURFACE((
    (1.,1.)
    ,(0.707106781187,0.707106781187)
,(1.,1.))) REPRESENTATION_ITEM('') SURFACE() );
#5183 = CARTESIAN_POINT('',(2.55,-1.0005,0.7250001));
#5184 = CARTESIAN_POINT('',(2.55,-2.0005,0.7250001));
#5185 = CARTESIAN_POINT('',(2.55,-1.0005,0.7500001));
#5186 = CARTESIAN_POINT('',(2.55,-2.0005,0.7500001));
#5187 = CARTESIAN_POINT('',(2.525,-1.0005,0.7500001));
#5188 = CARTESIAN_POINT('',(2.525,-2.0005,0.7500001));
#5189 = ADVANCED_FACE('',(#5190),#5204,.T.);
#5190 = FACE_BOUND('',#5191,.T.);
#5191 = EDGE_LOOP('',(#5192,#5197,#5198,#5203));
#5192 = ORIENTED_EDGE('',*,*,#5193,.F.);
#5193 = EDGE_CURVE('',#1774,#5171,#5194,.T.);
#5194 = B_SPLINE_CURVE_WITH_KNOTS('',1,(#5195,#5196),.UNSPECIFIED.,.F.,
  .F.,(2,2),(0.,2.5E-02),.PIECEWISE_BEZIER_KNOTS.);
#5195 = CARTESIAN_POINT('',(2.5,-2.0005,0.7500001));
#5196 = CARTESIAN_POINT('',(2.525,-2.0005,0.7500001));
#5197 = ORIENTED_EDGE('',*,*,#1773,.F.);
#5198 = ORIENTED_EDGE('',*,*,#5199,.T.);
#5199 = EDGE_CURVE('',#1767,#5163,#5200,.T.);
#5200 = B_SPLINE_CURVE_WITH_KNOTS('',1,(#5201,#5202),.UNSPECIFIED.,.F.,
  .F.,(2,2),(0.,2.5E-02),.PIECEWISE_BEZIER_KNOTS.);
#5201 = CARTESIAN_POINT('',(2.5,-1.0005,0.7500001));
#5202 = CARTESIAN_POINT('',(2.525,-1.0005,0.7500001));
#5203 = ORIENTED_EDGE('',*,*,#5170,.T.);
#5204 = B_SPLINE_SURFACE_WITH_KNOTS('',1,1,(
    (#5205,#5206)
    ,(#5207,#5208
  )),.UNSPECIFIED.,.F.,.F.,.F.,(2,2),(2,2),(-2.5E-02,0.),(-1.,0.),
  .PIECEWISE_BEZIER_KNOTS.);
#5205 = CARTESIAN_POINT('',(2.525,-2.0005,0.7500001));
#5206 = CARTESIAN_POINT('',(2.525,-1.0005,0.7500001));
#5207 = CARTESIAN_POINT('',(2.5,-2.0005,0.7500001));
#5208 = CARTESIAN_POINT('',(2.5,-1.0005,0.7500001));
#5209 = ADVANCED_FACE('',(#5210),#5232,.F.);
#5210 = FACE_BOUND('',#5211,.T.);
#5211 = EDGE_LOOP('',(#5212,#5219,#5226,#5231));
#5212 = ORIENTED_EDGE('',*,*,#5213,.T.);
#5213 = EDGE_CURVE('',#1781,#5214,#5216,.T.);
#5214 = VERTEX_POINT('',#5215);
#5215 = CARTESIAN_POINT('',(2.525,-2.0005,0.9000001));
#5216 = B_SPLINE_CURVE_WITH_KNOTS('',1,(#5217,#5218),.UNSPECIFIED.,.F.,
  .F.,(2,2),(-2.6645352591E-15,2.5E-02),.PIECEWISE_BEZIER_KNOTS.);
#5217 = CARTESIAN_POINT('',(2.5,-2.0005,0.9000001));
#5218 = CARTESIAN_POINT('',(2.525,-2.0005,0.9000001));
#5219 = ORIENTED_EDGE('',*,*,#5220,.F.);
#5220 = EDGE_CURVE('',#5221,#5214,#5223,.T.);
#5221 = VERTEX_POINT('',#5222);
#5222 = CARTESIAN_POINT('',(2.525,-1.0005,0.9000001));
#5223 = B_SPLINE_CURVE_WITH_KNOTS('',1,(#5224,#5225),.UNSPECIFIED.,.F.,
  .F.,(2,2),(-0.,1.),.PIECEWISE_BEZIER_KNOTS.);
#5224 = CARTESIAN_POINT('',(2.525,-1.0005,0.9000001));
#5225 = CARTESIAN_POINT('',(2.525,-2.0005,0.9000001));
#5226 = ORIENTED_EDGE('',*,*,#5227,.F.);
#5227 = EDGE_CURVE('',#1765,#5221,#5228,.T.);
#5228 = B_SPLINE_CURVE_WITH_KNOTS('',1,(#5229,#5230),.UNSPECIFIED.,.F.,
  .F.,(2,2),(0.,2.5E-02),.PIECEWISE_BEZIER_KNOTS.);
#5229 = CARTESIAN_POINT('',(2.5,-1.0005,0.9000001));
#5230 = CARTESIAN_POINT('',(2.525,-1.0005,0.9000001));
#5231 = ORIENTED_EDGE('',*,*,#1787,.T.);
#5232 = B_SPLINE_SURFACE_WITH_KNOTS('',1,1,(
    (#5233,#5234)
    ,(#5235,#5236
    )),.UNSPECIFIED.,.F.,.F.,.F.,(2,2),(2,2),(-2.5E-02,2.6645352591E-15)
  ,(-1.,0.),.PIECEWISE_BEZIER_KNOTS.);
#5233 = CARTESIAN_POINT('',(2.525,-2.0005,0.9000001));
#5234 = CARTESIAN_POINT('',(2.525,-1.0005,0.9000001));
#5235 = CARTESIAN_POINT('',(2.5,-2.0005,0.9000001));
#5236 = CARTESIAN_POINT('',(2.5,-1.0005,0.9000001));
#5237 = ADVANCED_FACE('',(#5238),#5262,.T.);
#5238 = FACE_BOUND('',#5239,.T.);
#5239 = EDGE_LOOP('',(#5240,#5248,#5255,#5261));
#5240 = ORIENTED_EDGE('',*,*,#5241,.T.);
#5241 = EDGE_CURVE('',#5214,#5242,#5244,.T.);
#5242 = VERTEX_POINT('',#5243);
#5243 = CARTESIAN_POINT('',(2.7,-2.0005,0.7250001));
#5244 = ( BOUNDED_CURVE() B_SPLINE_CURVE(2,(#5245,#5246,#5247),
.UNSPECIFIED.,.F.,.F.) B_SPLINE_CURVE_WITH_KNOTS((3,3),(4.712388980385,
6.28318530718),.PIECEWISE_BEZIER_KNOTS.) CURVE() 
GEOMETRIC_REPRESENTATION_ITEM() RATIONAL_B_SPLINE_CURVE((1.,
0.707106781187,1.)) REPRESENTATION_ITEM('') );
#5245 = CARTESIAN_POINT('',(2.525,-2.0005,0.9000001));
#5246 = CARTESIAN_POINT('',(2.7,-2.0005,0.9000001));
#5247 = CARTESIAN_POINT('',(2.7,-2.0005,0.7250001));
#5248 = ORIENTED_EDGE('',*,*,#5249,.F.);
#5249 = EDGE_CURVE('',#5250,#5242,#5252,.T.);
#5250 = VERTEX_POINT('',#5251);
#5251 = CARTESIAN_POINT('',(2.7,-1.0005,0.7250001));
#5252 = B_SPLINE_CURVE_WITH_KNOTS('',1,(#5253,#5254),.UNSPECIFIED.,.F.,
  .F.,(2,2),(-0.,1.),.PIECEWISE_BEZIER_KNOTS.);
#5253 = CARTESIAN_POINT('',(2.7,-1.0005,0.7250001));
#5254 = CARTESIAN_POINT('',(2.7,-2.0005,0.7250001));
#5255 = ORIENTED_EDGE('',*,*,#5256,.F.);
#5256 = EDGE_CURVE('',#5221,#5250,#5257,.T.);
#5257 = ( BOUNDED_CURVE() B_SPLINE_CURVE(2,(#5258,#5259,#5260),
.UNSPECIFIED.,.F.,.F.) B_SPLINE_CURVE_WITH_KNOTS((3,3),(4.712388980385,
6.28318530718),.PIECEWISE_BEZIER_KNOTS.) CURVE() 
GEOMETRIC_REPRESENTATION_ITEM() RATIONAL_B_SPLINE_CURVE((1.,
0.707106781187,1.)) REPRESENTATION_ITEM('') );
#5258 = CARTESIAN_POINT('',(2.525,-1.0005,0.9000001));
#5259 = CARTESIAN_POINT('',(2.7,-1.0005,0.9000001));
#5260 = CARTESIAN_POINT('',(2.7,-1.0005,0.7250001));
#5261 = ORIENTED_EDGE('',*,*,#5220,.T.);
#5262 = ( BOUNDED_SURFACE() B_SPLINE_SURFACE(2,1,(
    (#5263,#5264)
    ,(#5265,#5266)
    ,(#5267,#5268
)),.UNSPECIFIED.,.F.,.F.,.F.) B_SPLINE_SURFACE_WITH_KNOTS((3,3),(2,2),(
    1.570796326795,3.14159265359),(0.,1.),.PIECEWISE_BEZIER_KNOTS.) 
GEOMETRIC_REPRESENTATION_ITEM() RATIONAL_B_SPLINE_SURFACE((
    (1.,1.)
    ,(0.707106781187,0.707106781187)
,(1.,1.))) REPRESENTATION_ITEM('') SURFACE() );
#5263 = CARTESIAN_POINT('',(2.7,-1.0005,0.7250001));
#5264 = CARTESIAN_POINT('',(2.7,-2.0005,0.7250001));
#5265 = CARTESIAN_POINT('',(2.7,-1.0005,0.9000001));
#5266 = CARTESIAN_POINT('',(2.7,-2.0005,0.9000001));
#5267 = CARTESIAN_POINT('',(2.525,-1.0005,0.9000001));
#5268 = CARTESIAN_POINT('',(2.525,-2.0005,0.9000001));
#5269 = ADVANCED_FACE('',(#5270),#5292,.F.);
#5270 = FACE_BOUND('',#5271,.T.);
#5271 = EDGE_LOOP('',(#5272,#5279,#5286,#5291));
#5272 = ORIENTED_EDGE('',*,*,#5273,.T.);
#5273 = EDGE_CURVE('',#5242,#5274,#5276,.T.);
#5274 = VERTEX_POINT('',#5275);
#5275 = CARTESIAN_POINT('',(2.7,-2.0005,0.1750001));
#5276 = B_SPLINE_CURVE_WITH_KNOTS('',1,(#5277,#5278),.UNSPECIFIED.,.F.,
  .F.,(2,2),(0.,0.55),.PIECEWISE_BEZIER_KNOTS.);
#5277 = CARTESIAN_POINT('',(2.7,-2.0005,0.7250001));
#5278 = CARTESIAN_POINT('',(2.7,-2.0005,0.1750001));
#5279 = ORIENTED_EDGE('',*,*,#5280,.F.);
#5280 = EDGE_CURVE('',#5281,#5274,#5283,.T.);
#5281 = VERTEX_POINT('',#5282);
#5282 = CARTESIAN_POINT('',(2.7,-1.0005,0.1750001));
#5283 = B_SPLINE_CURVE_WITH_KNOTS('',1,(#5284,#5285),.UNSPECIFIED.,.F.,
  .F.,(2,2),(-0.,1.),.PIECEWISE_BEZIER_KNOTS.);
#5284 = CARTESIAN_POINT('',(2.7,-1.0005,0.1750001));
#5285 = CARTESIAN_POINT('',(2.7,-2.0005,0.1750001));
#5286 = ORIENTED_EDGE('',*,*,#5287,.F.);
#5287 = EDGE_CURVE('',#5250,#5281,#5288,.T.);
#5288 = B_SPLINE_CURVE_WITH_KNOTS('',1,(#5289,#5290),.UNSPECIFIED.,.F.,
  .F.,(2,2),(0.,0.55),.PIECEWISE_BEZIER_KNOTS.);
#5289 = CARTESIAN_POINT('',(2.7,-1.0005,0.7250001));
#5290 = CARTESIAN_POINT('',(2.7,-1.0005,0.1750001));
#5291 = ORIENTED_EDGE('',*,*,#5249,.T.);
#5292 = B_SPLINE_SURFACE_WITH_KNOTS('',1,1,(
    (#5293,#5294)
    ,(#5295,#5296
    )),.UNSPECIFIED.,.F.,.F.,.F.,(2,2),(2,2),(-0.55,0.),(-1.,0.),
  .PIECEWISE_BEZIER_KNOTS.);
#5293 = CARTESIAN_POINT('',(2.7,-2.0005,0.1750001));
#5294 = CARTESIAN_POINT('',(2.7,-1.0005,0.1750001));
#5295 = CARTESIAN_POINT('',(2.7,-2.0005,0.7250001));
#5296 = CARTESIAN_POINT('',(2.7,-1.0005,0.7250001));
#5297 = ADVANCED_FACE('',(#5298),#5314,.T.);
#5298 = FACE_BOUND('',#5299,.T.);
#5299 = EDGE_LOOP('',(#5300,#5306,#5307,#5313));
#5300 = ORIENTED_EDGE('',*,*,#5301,.T.);
#5301 = EDGE_CURVE('',#5274,#5010,#5302,.T.);
#5302 = ( BOUNDED_CURVE() B_SPLINE_CURVE(2,(#5303,#5304,#5305),
.UNSPECIFIED.,.F.,.F.) B_SPLINE_CURVE_WITH_KNOTS((3,3),(0.,
1.570796326795),.PIECEWISE_BEZIER_KNOTS.) CURVE() 
GEOMETRIC_REPRESENTATION_ITEM() RATIONAL_B_SPLINE_CURVE((1.,
0.707106781187,1.)) REPRESENTATION_ITEM('') );
#5303 = CARTESIAN_POINT('',(2.7,-2.0005,0.1750001));
#5304 = CARTESIAN_POINT('',(2.7,-2.0005,1.000000002804E-07));
#5305 = CARTESIAN_POINT('',(2.525,-2.0005,1.000000002804E-07));
#5306 = ORIENTED_EDGE('',*,*,#5032,.F.);
#5307 = ORIENTED_EDGE('',*,*,#5308,.F.);
#5308 = EDGE_CURVE('',#5281,#5026,#5309,.T.);
#5309 = ( BOUNDED_CURVE() B_SPLINE_CURVE(2,(#5310,#5311,#5312),
.UNSPECIFIED.,.F.,.F.) B_SPLINE_CURVE_WITH_KNOTS((3,3),(0.,
1.570796326795),.PIECEWISE_BEZIER_KNOTS.) CURVE() 
GEOMETRIC_REPRESENTATION_ITEM() RATIONAL_B_SPLINE_CURVE((1.,
0.707106781187,1.)) REPRESENTATION_ITEM('') );
#5310 = CARTESIAN_POINT('',(2.7,-1.0005,0.1750001));
#5311 = CARTESIAN_POINT('',(2.7,-1.0005,1.000000002804E-07));
#5312 = CARTESIAN_POINT('',(2.525,-1.0005,1.000000002804E-07));
#5313 = ORIENTED_EDGE('',*,*,#5280,.T.);
#5314 = ( BOUNDED_SURFACE() B_SPLINE_SURFACE(2,1,(
    (#5315,#5316)
    ,(#5317,#5318)
    ,(#5319,#5320
)),.UNSPECIFIED.,.F.,.F.,.F.) B_SPLINE_SURFACE_WITH_KNOTS((3,3),(2,2),(
    0.,1.570796326795),(0.,1.),.PIECEWISE_BEZIER_KNOTS.) 
GEOMETRIC_REPRESENTATION_ITEM() RATIONAL_B_SPLINE_SURFACE((
    (1.,1.)
    ,(0.707106781187,0.707106781187)
,(1.,1.))) REPRESENTATION_ITEM('') SURFACE() );
#5315 = CARTESIAN_POINT('',(2.525,-1.0005,1.000000000584E-07));
#5316 = CARTESIAN_POINT('',(2.525,-2.0005,1.000000000584E-07));
#5317 = CARTESIAN_POINT('',(2.7,-1.0005,1.000000000584E-07));
#5318 = CARTESIAN_POINT('',(2.7,-2.0005,1.000000000584E-07));
#5319 = CARTESIAN_POINT('',(2.7,-1.0005,0.1750001));
#5320 = CARTESIAN_POINT('',(2.7,-2.0005,0.1750001));
#5321 = ADVANCED_FACE('',(#5322),#5338,.T.);
#5322 = FACE_BOUND('',#5323,.T.);
#5323 = EDGE_LOOP('',(#5324,#5325,#5326,#5327,#5328,#5329,#5330,#5331,
    #5332,#5333,#5334,#5335,#5336,#5337));
#5324 = ORIENTED_EDGE('',*,*,#2283,.T.);
#5325 = ORIENTED_EDGE('',*,*,#1666,.F.);
#5326 = ORIENTED_EDGE('',*,*,#5086,.F.);
#5327 = ORIENTED_EDGE('',*,*,#5102,.F.);
#5328 = ORIENTED_EDGE('',*,*,#5147,.F.);
#5329 = ORIENTED_EDGE('',*,*,#5162,.F.);
#5330 = ORIENTED_EDGE('',*,*,#5199,.F.);
#5331 = ORIENTED_EDGE('',*,*,#1764,.F.);
#5332 = ORIENTED_EDGE('',*,*,#5227,.T.);
#5333 = ORIENTED_EDGE('',*,*,#5256,.T.);
#5334 = ORIENTED_EDGE('',*,*,#5287,.T.);
#5335 = ORIENTED_EDGE('',*,*,#5308,.T.);
#5336 = ORIENTED_EDGE('',*,*,#5025,.T.);
#5337 = ORIENTED_EDGE('',*,*,#5058,.F.);
#5338 = B_SPLINE_SURFACE_WITH_KNOTS('',1,1,(
    (#5339,#5340)
    ,(#5341,#5342
  )),.UNSPECIFIED.,.F.,.F.,.F.,(2,2),(2,2),(-1.225,0.175),(-0.725,0.175)
  ,.PIECEWISE_BEZIER_KNOTS.);
#5339 = CARTESIAN_POINT('',(1.3,-1.0005,0.9000001));
#5340 = CARTESIAN_POINT('',(1.3,-1.0005,1.000000000584E-07));
#5341 = CARTESIAN_POINT('',(2.7,-1.0005,0.9000001));
#5342 = CARTESIAN_POINT('',(2.7,-1.0005,1.000000000584E-07));
#5343 = ADVANCED_FACE('',(#5344),#5358,.F.);
#5344 = FACE_BOUND('',#5345,.T.);
#5345 = EDGE_LOOP('',(#5346,#5347,#5348,#5349,#5350,#5351,#5352,#5353,
    #5354,#5355,#5356,#5357));
#5346 = ORIENTED_EDGE('',*,*,#5009,.F.);
#5347 = ORIENTED_EDGE('',*,*,#5301,.F.);
#5348 = ORIENTED_EDGE('',*,*,#5273,.F.);
#5349 = ORIENTED_EDGE('',*,*,#5241,.F.);
#5350 = ORIENTED_EDGE('',*,*,#5213,.F.);
#5351 = ORIENTED_EDGE('',*,*,#1780,.T.);
#5352 = ORIENTED_EDGE('',*,*,#5193,.T.);
#5353 = ORIENTED_EDGE('',*,*,#5177,.T.);
#5354 = ORIENTED_EDGE('',*,*,#5133,.T.);
#5355 = ORIENTED_EDGE('',*,*,#5117,.T.);
#5356 = ORIENTED_EDGE('',*,*,#5072,.T.);
#5357 = ORIENTED_EDGE('',*,*,#5045,.T.);
#5358 = B_SPLINE_SURFACE_WITH_KNOTS('',1,1,(
    (#5359,#5360)
    ,(#5361,#5362
  )),.UNSPECIFIED.,.F.,.F.,.F.,(2,2),(2,2),(-1.225,0.175),(-0.725,0.175)
  ,.PIECEWISE_BEZIER_KNOTS.);
#5359 = CARTESIAN_POINT('',(1.3,-2.0005,0.9000001));
#5360 = CARTESIAN_POINT('',(1.3,-2.0005,1.000000000584E-07));
#5361 = CARTESIAN_POINT('',(2.7,-2.0005,0.9000001));
#5362 = CARTESIAN_POINT('',(2.7,-2.0005,1.000000000584E-07));
#5363 = ADVANCED_FACE('',(#5364),#5377,.F.);
#5364 = FACE_BOUND('',#5365,.F.);
#5365 = EDGE_LOOP('',(#5366,#5367,#5368,#5376));
#5366 = ORIENTED_EDGE('',*,*,#2453,.F.);
#5367 = ORIENTED_EDGE('',*,*,#69,.F.);
#5368 = ORIENTED_EDGE('',*,*,#5369,.T.);
#5369 = EDGE_CURVE('',#70,#89,#5370,.T.);
#5370 = ( BOUNDED_CURVE() B_SPLINE_CURVE(2,(#5371,#5372,#5373,#5374,
#5375),.UNSPECIFIED.,.F.,.F.) B_SPLINE_CURVE_WITH_KNOTS((3,2,3),(0.,
1.570796326795,3.14159265359),.PIECEWISE_BEZIER_KNOTS.) CURVE() 
GEOMETRIC_REPRESENTATION_ITEM() RATIONAL_B_SPLINE_CURVE((1.,
0.707106781187,1.,0.707106781187,1.)) REPRESENTATION_ITEM('') );
#5371 = CARTESIAN_POINT('',(2.,-4.999999999997E-04,1.1250001));
#5372 = CARTESIAN_POINT('',(2.,1.9995,1.1250001));
#5373 = CARTESIAN_POINT('',(1.224646799147E-16,1.9995,1.1250001));
#5374 = CARTESIAN_POINT('',(-2.,1.9995,1.1250001));
#5375 = CARTESIAN_POINT('',(-2.,-4.999999999995E-04,1.1250001));
#5376 = ORIENTED_EDGE('',*,*,#88,.T.);
#5377 = ( BOUNDED_SURFACE() B_SPLINE_SURFACE(2,1,(
    (#5378,#5379)
    ,(#5380,#5381)
    ,(#5382,#5383)
    ,(#5384,#5385)
    ,(#5386,#5387
)),.UNSPECIFIED.,.F.,.F.,.F.) B_SPLINE_SURFACE_WITH_KNOTS((3,2,3),(2,2),
  (0.,1.570796326795,3.14159265359),(0.,0.5),.PIECEWISE_BEZIER_KNOTS.) 
GEOMETRIC_REPRESENTATION_ITEM() RATIONAL_B_SPLINE_SURFACE((
    (1.,1.)
    ,(0.707106781187,0.707106781187)
    ,(1.,1.)
    ,(0.707106781187,0.707106781187)
,(1.,1.))) REPRESENTATION_ITEM('') SURFACE() );
#5378 = CARTESIAN_POINT('',(2.,-4.999999999997E-04,1.1250001));
#5379 = CARTESIAN_POINT('',(2.,-4.999999999997E-04,1.6250001));
#5380 = CARTESIAN_POINT('',(2.,1.9995,1.1250001));
#5381 = CARTESIAN_POINT('',(2.,1.9995,1.6250001));
#5382 = CARTESIAN_POINT('',(1.224646799147E-16,1.9995,1.1250001));
#5383 = CARTESIAN_POINT('',(1.224646799147E-16,1.9995,1.6250001));
#5384 = CARTESIAN_POINT('',(-2.,1.9995,1.1250001));
#5385 = CARTESIAN_POINT('',(-2.,1.9995,1.6250001));
#5386 = CARTESIAN_POINT('',(-2.,-4.999999999995E-04,1.1250001));
#5387 = CARTESIAN_POINT('',(-2.,-4.999999999995E-04,1.6250001));
#5388 = ADVANCED_FACE('',(#5389,#5419,#5449,#5479,#5509),#5513,.T.);
#5389 = FACE_BOUND('',#5390,.T.);
#5390 = EDGE_LOOP('',(#5391,#5400,#5407,#5414));
#5391 = ORIENTED_EDGE('',*,*,#5392,.F.);
#5392 = EDGE_CURVE('',#5393,#5395,#5397,.T.);
#5393 = VERTEX_POINT('',#5394);
#5394 = CARTESIAN_POINT('',(2.967077716637E-02,1.261008029571,1.1250001)
  );
#5395 = VERTEX_POINT('',#5396);
#5396 = CARTESIAN_POINT('',(2.967077716637E-02,0.69726326341,1.1250001)
  );
#5397 = B_SPLINE_CURVE_WITH_KNOTS('',1,(#5398,#5399),.UNSPECIFIED.,.F.,
  .F.,(2,2),(0.,0.563744766161),.PIECEWISE_BEZIER_KNOTS.);
#5398 = CARTESIAN_POINT('',(2.967077716637E-02,1.261008029571,1.1250001)
  );
#5399 = CARTESIAN_POINT('',(2.967077716637E-02,0.69726326341,1.1250001)
  );
#5400 = ORIENTED_EDGE('',*,*,#5401,.F.);
#5401 = EDGE_CURVE('',#5402,#5393,#5404,.T.);
#5402 = VERTEX_POINT('',#5403);
#5403 = CARTESIAN_POINT('',(0.87034279688,1.261008029571,1.1250001));
#5404 = B_SPLINE_CURVE_WITH_KNOTS('',1,(#5405,#5406),.UNSPECIFIED.,.F.,
  .F.,(2,2),(-0.840672019714,-0.),.PIECEWISE_BEZIER_KNOTS.);
#5405 = CARTESIAN_POINT('',(0.87034279688,1.261008029571,1.1250001));
#5406 = CARTESIAN_POINT('',(2.967077716637E-02,1.261008029571,1.1250001)
  );
#5407 = ORIENTED_EDGE('',*,*,#5408,.F.);
#5408 = EDGE_CURVE('',#5409,#5402,#5411,.T.);
#5409 = VERTEX_POINT('',#5410);
#5410 = CARTESIAN_POINT('',(0.87034279688,0.69726326341,1.1250001));
#5411 = B_SPLINE_CURVE_WITH_KNOTS('',1,(#5412,#5413),.UNSPECIFIED.,.F.,
  .F.,(2,2),(-0.563744766161,0.),.PIECEWISE_BEZIER_KNOTS.);
#5412 = CARTESIAN_POINT('',(0.87034279688,0.69726326341,1.1250001));
#5413 = CARTESIAN_POINT('',(0.87034279688,1.261008029571,1.1250001));
#5414 = ORIENTED_EDGE('',*,*,#5415,.F.);
#5415 = EDGE_CURVE('',#5395,#5409,#5416,.T.);
#5416 = B_SPLINE_CURVE_WITH_KNOTS('',1,(#5417,#5418),.UNSPECIFIED.,.F.,
  .F.,(2,2),(0.,0.840672019714),.PIECEWISE_BEZIER_KNOTS.);
#5417 = CARTESIAN_POINT('',(2.967077716637E-02,0.69726326341,1.1250001)
  );
#5418 = CARTESIAN_POINT('',(0.87034279688,0.69726326341,1.1250001));
#5419 = FACE_BOUND('',#5420,.T.);
#5420 = EDGE_LOOP('',(#5421,#5430,#5437,#5444));
#5421 = ORIENTED_EDGE('',*,*,#5422,.F.);
#5422 = EDGE_CURVE('',#5423,#5425,#5427,.T.);
#5423 = VERTEX_POINT('',#5424);
#5424 = CARTESIAN_POINT('',(0.811001242547,-4.999999999997E-04,1.1250001
    ));
#5425 = VERTEX_POINT('',#5426);
#5426 = CARTESIAN_POINT('',(0.811001242547,-0.726934040576,1.1250001));
#5427 = B_SPLINE_CURVE_WITH_KNOTS('',1,(#5428,#5429),.UNSPECIFIED.,.F.,
  .F.,(2,2),(0.,0.726434040576),.PIECEWISE_BEZIER_KNOTS.);
#5428 = CARTESIAN_POINT('',(0.811001242547,-4.999999999997E-04,1.1250001
    ));
#5429 = CARTESIAN_POINT('',(0.811001242547,-0.726934040576,1.1250001));
#5430 = ORIENTED_EDGE('',*,*,#5431,.F.);
#5431 = EDGE_CURVE('',#5432,#5423,#5434,.T.);
#5432 = VERTEX_POINT('',#5433);
#5433 = CARTESIAN_POINT('',(1.285733677209,-4.999999999997E-04,1.1250001
    ));
#5434 = B_SPLINE_CURVE_WITH_KNOTS('',1,(#5435,#5436),.UNSPECIFIED.,.F.,
  .F.,(2,2),(-0.474732434662,-0.),.PIECEWISE_BEZIER_KNOTS.);
#5435 = CARTESIAN_POINT('',(1.285733677209,-4.999999999997E-04,1.1250001
    ));
#5436 = CARTESIAN_POINT('',(0.811001242547,-4.999999999997E-04,1.1250001
    ));
#5437 = ORIENTED_EDGE('',*,*,#5438,.F.);
#5438 = EDGE_CURVE('',#5439,#5432,#5441,.T.);
#5439 = VERTEX_POINT('',#5440);
#5440 = CARTESIAN_POINT('',(1.285733677209,-0.726934040576,1.1250001));
#5441 = B_SPLINE_CURVE_WITH_KNOTS('',1,(#5442,#5443),.UNSPECIFIED.,.F.,
  .F.,(2,2),(-0.726434040576,0.),.PIECEWISE_BEZIER_KNOTS.);
#5442 = CARTESIAN_POINT('',(1.285733677209,-0.726934040576,1.1250001));
#5443 = CARTESIAN_POINT('',(1.285733677209,-4.999999999997E-04,1.1250001
    ));
#5444 = ORIENTED_EDGE('',*,*,#5445,.F.);
#5445 = EDGE_CURVE('',#5425,#5439,#5446,.T.);
#5446 = B_SPLINE_CURVE_WITH_KNOTS('',1,(#5447,#5448),.UNSPECIFIED.,.F.,
  .F.,(2,2),(0.,0.474732434662),.PIECEWISE_BEZIER_KNOTS.);
#5447 = CARTESIAN_POINT('',(0.811001242547,-0.726934040576,1.1250001));
#5448 = CARTESIAN_POINT('',(1.285733677209,-0.726934040576,1.1250001));
#5449 = FACE_BOUND('',#5450,.T.);
#5450 = EDGE_LOOP('',(#5451,#5460,#5467,#5474));
#5451 = ORIENTED_EDGE('',*,*,#5452,.F.);
#5452 = EDGE_CURVE('',#5453,#5455,#5457,.T.);
#5453 = VERTEX_POINT('',#5454);
#5454 = CARTESIAN_POINT('',(-0.32637854883,0.360994455524,1.1250001));
#5455 = VERTEX_POINT('',#5456);
#5456 = CARTESIAN_POINT('',(-0.32637854883,-1.221446993349,1.1250001));
#5457 = B_SPLINE_CURVE_WITH_KNOTS('',1,(#5458,#5459),.UNSPECIFIED.,.F.,
  .F.,(2,2),(0.,1.582441448873),.PIECEWISE_BEZIER_KNOTS.);
#5458 = CARTESIAN_POINT('',(-0.32637854883,0.360994455524,1.1250001));
#5459 = CARTESIAN_POINT('',(-0.32637854883,-1.221446993349,1.1250001));
#5460 = ORIENTED_EDGE('',*,*,#5461,.F.);
#5461 = EDGE_CURVE('',#5462,#5453,#5464,.T.);
#5462 = VERTEX_POINT('',#5463);
#5463 = CARTESIAN_POINT('',(0.306598030719,0.360994455524,1.1250001));
#5464 = B_SPLINE_CURVE_WITH_KNOTS('',1,(#5465,#5466),.UNSPECIFIED.,.F.,
  .F.,(2,2),(-0.632976579549,-0.),.PIECEWISE_BEZIER_KNOTS.);
#5465 = CARTESIAN_POINT('',(0.306598030719,0.360994455524,1.1250001));
#5466 = CARTESIAN_POINT('',(-0.32637854883,0.360994455524,1.1250001));
#5467 = ORIENTED_EDGE('',*,*,#5468,.F.);
#5468 = EDGE_CURVE('',#5469,#5462,#5471,.T.);
#5469 = VERTEX_POINT('',#5470);
#5470 = CARTESIAN_POINT('',(0.306598030719,-1.221446993349,1.1250001));
#5471 = B_SPLINE_CURVE_WITH_KNOTS('',1,(#5472,#5473),.UNSPECIFIED.,.F.,
  .F.,(2,2),(-1.582441448873,0.),.PIECEWISE_BEZIER_KNOTS.);
#5472 = CARTESIAN_POINT('',(0.306598030719,-1.221446993349,1.1250001));
#5473 = CARTESIAN_POINT('',(0.306598030719,0.360994455524,1.1250001));
#5474 = ORIENTED_EDGE('',*,*,#5475,.F.);
#5475 = EDGE_CURVE('',#5455,#5469,#5476,.T.);
#5476 = B_SPLINE_CURVE_WITH_KNOTS('',1,(#5477,#5478),.UNSPECIFIED.,.F.,
  .F.,(2,2),(0.,0.632976579549),.PIECEWISE_BEZIER_KNOTS.);
#5477 = CARTESIAN_POINT('',(-0.32637854883,-1.221446993349,1.1250001));
#5478 = CARTESIAN_POINT('',(0.306598030719,-1.221446993349,1.1250001));
#5479 = FACE_BOUND('',#5480,.T.);
#5480 = EDGE_LOOP('',(#5481,#5490,#5497,#5504));
#5481 = ORIENTED_EDGE('',*,*,#5482,.F.);
#5482 = EDGE_CURVE('',#5483,#5485,#5487,.T.);
#5483 = VERTEX_POINT('',#5484);
#5484 = CARTESIAN_POINT('',(-1.63189274415,0.360994455524,1.1250001));
#5485 = VERTEX_POINT('',#5486);
#5486 = CARTESIAN_POINT('',(-1.63189274415,-0.363717020288,1.1250001));
#5487 = B_SPLINE_CURVE_WITH_KNOTS('',1,(#5488,#5489),.UNSPECIFIED.,.F.,
  .F.,(2,2),(0.,0.724711475812),.PIECEWISE_BEZIER_KNOTS.);
#5488 = CARTESIAN_POINT('',(-1.63189274415,0.360994455524,1.1250001));
#5489 = CARTESIAN_POINT('',(-1.63189274415,-0.363717020288,1.1250001));
#5490 = ORIENTED_EDGE('',*,*,#5491,.F.);
#5491 = EDGE_CURVE('',#5492,#5483,#5494,.T.);
#5492 = VERTEX_POINT('',#5493);
#5493 = CARTESIAN_POINT('',(-1.167050568544,0.360994455524,1.1250001));
#5494 = B_SPLINE_CURVE_WITH_KNOTS('',1,(#5495,#5496),.UNSPECIFIED.,.F.,
  .F.,(2,2),(-0.464842175606,-0.),.PIECEWISE_BEZIER_KNOTS.);
#5495 = CARTESIAN_POINT('',(-1.167050568544,0.360994455524,1.1250001));
#5496 = CARTESIAN_POINT('',(-1.63189274415,0.360994455524,1.1250001));
#5497 = ORIENTED_EDGE('',*,*,#5498,.F.);
#5498 = EDGE_CURVE('',#5499,#5492,#5501,.T.);
#5499 = VERTEX_POINT('',#5500);
#5500 = CARTESIAN_POINT('',(-1.167050568544,-0.363717020288,1.1250001));
#5501 = B_SPLINE_CURVE_WITH_KNOTS('',1,(#5502,#5503),.UNSPECIFIED.,.F.,
  .F.,(2,2),(-0.724711475812,0.),.PIECEWISE_BEZIER_KNOTS.);
#5502 = CARTESIAN_POINT('',(-1.167050568544,-0.363717020288,1.1250001));
#5503 = CARTESIAN_POINT('',(-1.167050568544,0.360994455524,1.1250001));
#5504 = ORIENTED_EDGE('',*,*,#5505,.F.);
#5505 = EDGE_CURVE('',#5485,#5499,#5506,.T.);
#5506 = B_SPLINE_CURVE_WITH_KNOTS('',1,(#5507,#5508),.UNSPECIFIED.,.F.,
  .F.,(2,2),(0.,0.464842175606),.PIECEWISE_BEZIER_KNOTS.);
#5507 = CARTESIAN_POINT('',(-1.63189274415,-0.363717020288,1.1250001));
#5508 = CARTESIAN_POINT('',(-1.167050568544,-0.363717020288,1.1250001));
#5509 = FACE_BOUND('',#5510,.T.);
#5510 = EDGE_LOOP('',(#5511,#5512));
#5511 = ORIENTED_EDGE('',*,*,#5369,.T.);
#5512 = ORIENTED_EDGE('',*,*,#95,.T.);
#5513 = B_SPLINE_SURFACE_WITH_KNOTS('',1,1,(
    (#5514,#5515)
    ,(#5516,#5517
    )),.UNSPECIFIED.,.F.,.F.,.F.,(2,2),(2,2),(-2.,2.),(-2.,2.),
  .PIECEWISE_BEZIER_KNOTS.);
#5514 = CARTESIAN_POINT('',(-2.,-2.0005,1.1250001));
#5515 = CARTESIAN_POINT('',(-2.,1.9995,1.1250001));
#5516 = CARTESIAN_POINT('',(2.,-2.0005,1.1250001));
#5517 = CARTESIAN_POINT('',(2.,1.9995,1.1250001));
#5518 = ADVANCED_FACE('',(#5519),#5541,.F.);
#5519 = FACE_BOUND('',#5520,.T.);
#5520 = EDGE_LOOP('',(#5521,#5522,#5529,#5536));
#5521 = ORIENTED_EDGE('',*,*,#5482,.T.);
#5522 = ORIENTED_EDGE('',*,*,#5523,.F.);
#5523 = EDGE_CURVE('',#5524,#5485,#5526,.T.);
#5524 = VERTEX_POINT('',#5525);
#5525 = CARTESIAN_POINT('',(-1.63189274415,-0.363717020288,1.1240001));
#5526 = B_SPLINE_CURVE_WITH_KNOTS('',1,(#5527,#5528),.UNSPECIFIED.,.F.,
  .F.,(2,2),(0.,1.E-03),.PIECEWISE_BEZIER_KNOTS.);
#5527 = CARTESIAN_POINT('',(-1.63189274415,-0.363717020288,1.1240001));
#5528 = CARTESIAN_POINT('',(-1.63189274415,-0.363717020288,1.1250001));
#5529 = ORIENTED_EDGE('',*,*,#5530,.F.);
#5530 = EDGE_CURVE('',#5531,#5524,#5533,.T.);
#5531 = VERTEX_POINT('',#5532);
#5532 = CARTESIAN_POINT('',(-1.63189274415,0.360994455524,1.1240001));
#5533 = B_SPLINE_CURVE_WITH_KNOTS('',1,(#5534,#5535),.UNSPECIFIED.,.F.,
  .F.,(2,2),(0.,0.724711475812),.PIECEWISE_BEZIER_KNOTS.);
#5534 = CARTESIAN_POINT('',(-1.63189274415,0.360994455524,1.1240001));
#5535 = CARTESIAN_POINT('',(-1.63189274415,-0.363717020288,1.1240001));
#5536 = ORIENTED_EDGE('',*,*,#5537,.T.);
#5537 = EDGE_CURVE('',#5531,#5483,#5538,.T.);
#5538 = B_SPLINE_CURVE_WITH_KNOTS('',1,(#5539,#5540),.UNSPECIFIED.,.F.,
  .F.,(2,2),(0.,1.E-03),.PIECEWISE_BEZIER_KNOTS.);
#5539 = CARTESIAN_POINT('',(-1.63189274415,0.360994455524,1.1240001));
#5540 = CARTESIAN_POINT('',(-1.63189274415,0.360994455524,1.1250001));
#5541 = B_SPLINE_SURFACE_WITH_KNOTS('',1,1,(
    (#5542,#5543)
    ,(#5544,#5545
    )),.UNSPECIFIED.,.F.,.F.,.F.,(2,2),(2,2),(0.,1.E-03),(
    -0.724711475812,0.),.PIECEWISE_BEZIER_KNOTS.);
#5542 = CARTESIAN_POINT('',(-1.63189274415,-0.363717020288,1.1240001));
#5543 = CARTESIAN_POINT('',(-1.63189274415,0.360994455524,1.1240001));
#5544 = CARTESIAN_POINT('',(-1.63189274415,-0.363717020288,1.1250001));
#5545 = CARTESIAN_POINT('',(-1.63189274415,0.360994455524,1.1250001));
#5546 = ADVANCED_FACE('',(#5547),#5563,.F.);
#5547 = FACE_BOUND('',#5548,.T.);
#5548 = EDGE_LOOP('',(#5549,#5550,#5551,#5558));
#5549 = ORIENTED_EDGE('',*,*,#5491,.T.);
#5550 = ORIENTED_EDGE('',*,*,#5537,.F.);
#5551 = ORIENTED_EDGE('',*,*,#5552,.F.);
#5552 = EDGE_CURVE('',#5553,#5531,#5555,.T.);
#5553 = VERTEX_POINT('',#5554);
#5554 = CARTESIAN_POINT('',(-1.167050568544,0.360994455524,1.1240001));
#5555 = B_SPLINE_CURVE_WITH_KNOTS('',1,(#5556,#5557),.UNSPECIFIED.,.F.,
  .F.,(2,2),(-0.464842175606,-0.),.PIECEWISE_BEZIER_KNOTS.);
#5556 = CARTESIAN_POINT('',(-1.167050568544,0.360994455524,1.1240001));
#5557 = CARTESIAN_POINT('',(-1.63189274415,0.360994455524,1.1240001));
#5558 = ORIENTED_EDGE('',*,*,#5559,.T.);
#5559 = EDGE_CURVE('',#5553,#5492,#5560,.T.);
#5560 = B_SPLINE_CURVE_WITH_KNOTS('',1,(#5561,#5562),.UNSPECIFIED.,.F.,
  .F.,(2,2),(0.,1.E-03),.PIECEWISE_BEZIER_KNOTS.);
#5561 = CARTESIAN_POINT('',(-1.167050568544,0.360994455524,1.1240001));
#5562 = CARTESIAN_POINT('',(-1.167050568544,0.360994455524,1.1250001));
#5563 = B_SPLINE_SURFACE_WITH_KNOTS('',1,1,(
    (#5564,#5565)
    ,(#5566,#5567
    )),.UNSPECIFIED.,.F.,.F.,.F.,(2,2),(2,2),(0.,1.E-03),(0.,
    0.464842175606),.PIECEWISE_BEZIER_KNOTS.);
#5564 = CARTESIAN_POINT('',(-1.63189274415,0.360994455524,1.1240001));
#5565 = CARTESIAN_POINT('',(-1.167050568544,0.360994455524,1.1240001));
#5566 = CARTESIAN_POINT('',(-1.63189274415,0.360994455524,1.1250001));
#5567 = CARTESIAN_POINT('',(-1.167050568544,0.360994455524,1.1250001));
#5568 = ADVANCED_FACE('',(#5569),#5585,.F.);
#5569 = FACE_BOUND('',#5570,.T.);
#5570 = EDGE_LOOP('',(#5571,#5572,#5573,#5580));
#5571 = ORIENTED_EDGE('',*,*,#5498,.T.);
#5572 = ORIENTED_EDGE('',*,*,#5559,.F.);
#5573 = ORIENTED_EDGE('',*,*,#5574,.F.);
#5574 = EDGE_CURVE('',#5575,#5553,#5577,.T.);
#5575 = VERTEX_POINT('',#5576);
#5576 = CARTESIAN_POINT('',(-1.167050568544,-0.363717020288,1.1240001));
#5577 = B_SPLINE_CURVE_WITH_KNOTS('',1,(#5578,#5579),.UNSPECIFIED.,.F.,
  .F.,(2,2),(-0.724711475812,0.),.PIECEWISE_BEZIER_KNOTS.);
#5578 = CARTESIAN_POINT('',(-1.167050568544,-0.363717020288,1.1240001));
#5579 = CARTESIAN_POINT('',(-1.167050568544,0.360994455524,1.1240001));
#5580 = ORIENTED_EDGE('',*,*,#5581,.T.);
#5581 = EDGE_CURVE('',#5575,#5499,#5582,.T.);
#5582 = B_SPLINE_CURVE_WITH_KNOTS('',1,(#5583,#5584),.UNSPECIFIED.,.F.,
  .F.,(2,2),(0.,1.E-03),.PIECEWISE_BEZIER_KNOTS.);
#5583 = CARTESIAN_POINT('',(-1.167050568544,-0.363717020288,1.1240001));
#5584 = CARTESIAN_POINT('',(-1.167050568544,-0.363717020288,1.1250001));
#5585 = B_SPLINE_SURFACE_WITH_KNOTS('',1,1,(
    (#5586,#5587)
    ,(#5588,#5589
    )),.UNSPECIFIED.,.F.,.F.,.F.,(2,2),(2,2),(-1.E-03,0.),(
    -0.724711475812,0.),.PIECEWISE_BEZIER_KNOTS.);
#5586 = CARTESIAN_POINT('',(-1.167050568544,-0.363717020288,1.1250001));
#5587 = CARTESIAN_POINT('',(-1.167050568544,0.360994455524,1.1250001));
#5588 = CARTESIAN_POINT('',(-1.167050568544,-0.363717020288,1.1240001));
#5589 = CARTESIAN_POINT('',(-1.167050568544,0.360994455524,1.1240001));
#5590 = ADVANCED_FACE('',(#5591),#5601,.F.);
#5591 = FACE_BOUND('',#5592,.T.);
#5592 = EDGE_LOOP('',(#5593,#5594,#5595,#5600));
#5593 = ORIENTED_EDGE('',*,*,#5505,.T.);
#5594 = ORIENTED_EDGE('',*,*,#5581,.F.);
#5595 = ORIENTED_EDGE('',*,*,#5596,.F.);
#5596 = EDGE_CURVE('',#5524,#5575,#5597,.T.);
#5597 = B_SPLINE_CURVE_WITH_KNOTS('',1,(#5598,#5599),.UNSPECIFIED.,.F.,
  .F.,(2,2),(0.,0.464842175606),.PIECEWISE_BEZIER_KNOTS.);
#5598 = CARTESIAN_POINT('',(-1.63189274415,-0.363717020288,1.1240001));
#5599 = CARTESIAN_POINT('',(-1.167050568544,-0.363717020288,1.1240001));
#5600 = ORIENTED_EDGE('',*,*,#5523,.T.);
#5601 = B_SPLINE_SURFACE_WITH_KNOTS('',1,1,(
    (#5602,#5603)
    ,(#5604,#5605
    )),.UNSPECIFIED.,.F.,.F.,.F.,(2,2),(2,2),(-1.E-03,0.),(0.,
    0.464842175606),.PIECEWISE_BEZIER_KNOTS.);
#5602 = CARTESIAN_POINT('',(-1.63189274415,-0.363717020288,1.1250001));
#5603 = CARTESIAN_POINT('',(-1.167050568544,-0.363717020288,1.1250001));
#5604 = CARTESIAN_POINT('',(-1.63189274415,-0.363717020288,1.1240001));
#5605 = CARTESIAN_POINT('',(-1.167050568544,-0.363717020288,1.1240001));
#5606 = ADVANCED_FACE('',(#5607),#5613,.T.);
#5607 = FACE_BOUND('',#5608,.T.);
#5608 = EDGE_LOOP('',(#5609,#5610,#5611,#5612));
#5609 = ORIENTED_EDGE('',*,*,#5530,.T.);
#5610 = ORIENTED_EDGE('',*,*,#5596,.T.);
#5611 = ORIENTED_EDGE('',*,*,#5574,.T.);
#5612 = ORIENTED_EDGE('',*,*,#5552,.T.);
#5613 = B_SPLINE_SURFACE_WITH_KNOTS('',1,1,(
    (#5614,#5615)
    ,(#5616,#5617
    )),.UNSPECIFIED.,.F.,.F.,.F.,(2,2),(2,2),(-1.63189274415,
    -1.167050568544),(-0.363217020288,0.361494455524),
  .PIECEWISE_BEZIER_KNOTS.);
#5614 = CARTESIAN_POINT('',(-1.63189274415,-0.363717020288,1.1240001));
#5615 = CARTESIAN_POINT('',(-1.63189274415,0.360994455524,1.1240001));
#5616 = CARTESIAN_POINT('',(-1.167050568544,-0.363717020288,1.1240001));
#5617 = CARTESIAN_POINT('',(-1.167050568544,0.360994455524,1.1240001));
#5618 = ADVANCED_FACE('',(#5619),#5641,.F.);
#5619 = FACE_BOUND('',#5620,.T.);
#5620 = EDGE_LOOP('',(#5621,#5622,#5629,#5636));
#5621 = ORIENTED_EDGE('',*,*,#5452,.T.);
#5622 = ORIENTED_EDGE('',*,*,#5623,.F.);
#5623 = EDGE_CURVE('',#5624,#5455,#5626,.T.);
#5624 = VERTEX_POINT('',#5625);
#5625 = CARTESIAN_POINT('',(-0.32637854883,-1.221446993349,1.1240001));
#5626 = B_SPLINE_CURVE_WITH_KNOTS('',1,(#5627,#5628),.UNSPECIFIED.,.F.,
  .F.,(2,2),(0.,1.E-03),.PIECEWISE_BEZIER_KNOTS.);
#5627 = CARTESIAN_POINT('',(-0.32637854883,-1.221446993349,1.1240001));
#5628 = CARTESIAN_POINT('',(-0.32637854883,-1.221446993349,1.1250001));
#5629 = ORIENTED_EDGE('',*,*,#5630,.F.);
#5630 = EDGE_CURVE('',#5631,#5624,#5633,.T.);
#5631 = VERTEX_POINT('',#5632);
#5632 = CARTESIAN_POINT('',(-0.32637854883,0.360994455524,1.1240001));
#5633 = B_SPLINE_CURVE_WITH_KNOTS('',1,(#5634,#5635),.UNSPECIFIED.,.F.,
  .F.,(2,2),(0.,1.582441448873),.PIECEWISE_BEZIER_KNOTS.);
#5634 = CARTESIAN_POINT('',(-0.32637854883,0.360994455524,1.1240001));
#5635 = CARTESIAN_POINT('',(-0.32637854883,-1.221446993349,1.1240001));
#5636 = ORIENTED_EDGE('',*,*,#5637,.T.);
#5637 = EDGE_CURVE('',#5631,#5453,#5638,.T.);
#5638 = B_SPLINE_CURVE_WITH_KNOTS('',1,(#5639,#5640),.UNSPECIFIED.,.F.,
  .F.,(2,2),(0.,1.E-03),.PIECEWISE_BEZIER_KNOTS.);
#5639 = CARTESIAN_POINT('',(-0.32637854883,0.360994455524,1.1240001));
#5640 = CARTESIAN_POINT('',(-0.32637854883,0.360994455524,1.1250001));
#5641 = B_SPLINE_SURFACE_WITH_KNOTS('',1,1,(
    (#5642,#5643)
    ,(#5644,#5645
    )),.UNSPECIFIED.,.F.,.F.,.F.,(2,2),(2,2),(0.,1.582441448873),(0.,
    1.E-03),.PIECEWISE_BEZIER_KNOTS.);
#5642 = CARTESIAN_POINT('',(-0.32637854883,0.360994455524,1.1240001));
#5643 = CARTESIAN_POINT('',(-0.32637854883,0.360994455524,1.1250001));
#5644 = CARTESIAN_POINT('',(-0.32637854883,-1.221446993349,1.1240001));
#5645 = CARTESIAN_POINT('',(-0.32637854883,-1.221446993349,1.1250001));
#5646 = ADVANCED_FACE('',(#5647),#5663,.F.);
#5647 = FACE_BOUND('',#5648,.T.);
#5648 = EDGE_LOOP('',(#5649,#5650,#5651,#5658));
#5649 = ORIENTED_EDGE('',*,*,#5461,.T.);
#5650 = ORIENTED_EDGE('',*,*,#5637,.F.);
#5651 = ORIENTED_EDGE('',*,*,#5652,.F.);
#5652 = EDGE_CURVE('',#5653,#5631,#5655,.T.);
#5653 = VERTEX_POINT('',#5654);
#5654 = CARTESIAN_POINT('',(0.306598030719,0.360994455524,1.1240001));
#5655 = B_SPLINE_CURVE_WITH_KNOTS('',1,(#5656,#5657),.UNSPECIFIED.,.F.,
  .F.,(2,2),(-0.632976579549,-0.),.PIECEWISE_BEZIER_KNOTS.);
#5656 = CARTESIAN_POINT('',(0.306598030719,0.360994455524,1.1240001));
#5657 = CARTESIAN_POINT('',(-0.32637854883,0.360994455524,1.1240001));
#5658 = ORIENTED_EDGE('',*,*,#5659,.T.);
#5659 = EDGE_CURVE('',#5653,#5462,#5660,.T.);
#5660 = B_SPLINE_CURVE_WITH_KNOTS('',1,(#5661,#5662),.UNSPECIFIED.,.F.,
  .F.,(2,2),(0.,1.E-03),.PIECEWISE_BEZIER_KNOTS.);
#5661 = CARTESIAN_POINT('',(0.306598030719,0.360994455524,1.1240001));
#5662 = CARTESIAN_POINT('',(0.306598030719,0.360994455524,1.1250001));
#5663 = B_SPLINE_SURFACE_WITH_KNOTS('',1,1,(
    (#5664,#5665)
    ,(#5666,#5667
    )),.UNSPECIFIED.,.F.,.F.,.F.,(2,2),(2,2),(0.,1.E-03),(0.,
    0.632976579549),.PIECEWISE_BEZIER_KNOTS.);
#5664 = CARTESIAN_POINT('',(-0.32637854883,0.360994455524,1.1240001));
#5665 = CARTESIAN_POINT('',(0.306598030719,0.360994455524,1.1240001));
#5666 = CARTESIAN_POINT('',(-0.32637854883,0.360994455524,1.1250001));
#5667 = CARTESIAN_POINT('',(0.306598030719,0.360994455524,1.1250001));
#5668 = ADVANCED_FACE('',(#5669),#5685,.F.);
#5669 = FACE_BOUND('',#5670,.T.);
#5670 = EDGE_LOOP('',(#5671,#5672,#5673,#5680));
#5671 = ORIENTED_EDGE('',*,*,#5468,.T.);
#5672 = ORIENTED_EDGE('',*,*,#5659,.F.);
#5673 = ORIENTED_EDGE('',*,*,#5674,.F.);
#5674 = EDGE_CURVE('',#5675,#5653,#5677,.T.);
#5675 = VERTEX_POINT('',#5676);
#5676 = CARTESIAN_POINT('',(0.306598030719,-1.221446993349,1.1240001));
#5677 = B_SPLINE_CURVE_WITH_KNOTS('',1,(#5678,#5679),.UNSPECIFIED.,.F.,
  .F.,(2,2),(-1.582441448873,0.),.PIECEWISE_BEZIER_KNOTS.);
#5678 = CARTESIAN_POINT('',(0.306598030719,-1.221446993349,1.1240001));
#5679 = CARTESIAN_POINT('',(0.306598030719,0.360994455524,1.1240001));
#5680 = ORIENTED_EDGE('',*,*,#5681,.T.);
#5681 = EDGE_CURVE('',#5675,#5469,#5682,.T.);
#5682 = B_SPLINE_CURVE_WITH_KNOTS('',1,(#5683,#5684),.UNSPECIFIED.,.F.,
  .F.,(2,2),(0.,1.E-03),.PIECEWISE_BEZIER_KNOTS.);
#5683 = CARTESIAN_POINT('',(0.306598030719,-1.221446993349,1.1240001));
#5684 = CARTESIAN_POINT('',(0.306598030719,-1.221446993349,1.1250001));
#5685 = B_SPLINE_SURFACE_WITH_KNOTS('',1,1,(
    (#5686,#5687)
    ,(#5688,#5689
    )),.UNSPECIFIED.,.F.,.F.,.F.,(2,2),(2,2),(-1.582441448873,0.),(0.,
    1.E-03),.PIECEWISE_BEZIER_KNOTS.);
#5686 = CARTESIAN_POINT('',(0.306598030719,-1.221446993349,1.1240001));
#5687 = CARTESIAN_POINT('',(0.306598030719,-1.221446993349,1.1250001));
#5688 = CARTESIAN_POINT('',(0.306598030719,0.360994455524,1.1240001));
#5689 = CARTESIAN_POINT('',(0.306598030719,0.360994455524,1.1250001));
#5690 = ADVANCED_FACE('',(#5691),#5701,.F.);
#5691 = FACE_BOUND('',#5692,.T.);
#5692 = EDGE_LOOP('',(#5693,#5694,#5695,#5700));
#5693 = ORIENTED_EDGE('',*,*,#5475,.T.);
#5694 = ORIENTED_EDGE('',*,*,#5681,.F.);
#5695 = ORIENTED_EDGE('',*,*,#5696,.F.);
#5696 = EDGE_CURVE('',#5624,#5675,#5697,.T.);
#5697 = B_SPLINE_CURVE_WITH_KNOTS('',1,(#5698,#5699),.UNSPECIFIED.,.F.,
  .F.,(2,2),(0.,0.632976579549),.PIECEWISE_BEZIER_KNOTS.);
#5698 = CARTESIAN_POINT('',(-0.32637854883,-1.221446993349,1.1240001));
#5699 = CARTESIAN_POINT('',(0.306598030719,-1.221446993349,1.1240001));
#5700 = ORIENTED_EDGE('',*,*,#5623,.T.);
#5701 = B_SPLINE_SURFACE_WITH_KNOTS('',1,1,(
    (#5702,#5703)
    ,(#5704,#5705
    )),.UNSPECIFIED.,.F.,.F.,.F.,(2,2),(2,2),(-1.E-03,0.),(0.,
    0.632976579549),.PIECEWISE_BEZIER_KNOTS.);
#5702 = CARTESIAN_POINT('',(-0.32637854883,-1.221446993349,1.1250001));
#5703 = CARTESIAN_POINT('',(0.306598030719,-1.221446993349,1.1250001));
#5704 = CARTESIAN_POINT('',(-0.32637854883,-1.221446993349,1.1240001));
#5705 = CARTESIAN_POINT('',(0.306598030719,-1.221446993349,1.1240001));
#5706 = ADVANCED_FACE('',(#5707),#5713,.T.);
#5707 = FACE_BOUND('',#5708,.T.);
#5708 = EDGE_LOOP('',(#5709,#5710,#5711,#5712));
#5709 = ORIENTED_EDGE('',*,*,#5630,.T.);
#5710 = ORIENTED_EDGE('',*,*,#5696,.T.);
#5711 = ORIENTED_EDGE('',*,*,#5674,.T.);
#5712 = ORIENTED_EDGE('',*,*,#5652,.T.);
#5713 = B_SPLINE_SURFACE_WITH_KNOTS('',1,1,(
    (#5714,#5715)
    ,(#5716,#5717
    )),.UNSPECIFIED.,.F.,.F.,.F.,(2,2),(2,2),(-0.32637854883,
    0.306598030719),(-1.220946993349,0.361494455524),
  .PIECEWISE_BEZIER_KNOTS.);
#5714 = CARTESIAN_POINT('',(-0.32637854883,-1.221446993349,1.1240001));
#5715 = CARTESIAN_POINT('',(-0.32637854883,0.360994455524,1.1240001));
#5716 = CARTESIAN_POINT('',(0.306598030719,-1.221446993349,1.1240001));
#5717 = CARTESIAN_POINT('',(0.306598030719,0.360994455524,1.1240001));
#5718 = ADVANCED_FACE('',(#5719),#5741,.F.);
#5719 = FACE_BOUND('',#5720,.T.);
#5720 = EDGE_LOOP('',(#5721,#5722,#5729,#5736));
#5721 = ORIENTED_EDGE('',*,*,#5422,.T.);
#5722 = ORIENTED_EDGE('',*,*,#5723,.F.);
#5723 = EDGE_CURVE('',#5724,#5425,#5726,.T.);
#5724 = VERTEX_POINT('',#5725);
#5725 = CARTESIAN_POINT('',(0.811001242547,-0.726934040576,1.1240001));
#5726 = B_SPLINE_CURVE_WITH_KNOTS('',1,(#5727,#5728),.UNSPECIFIED.,.F.,
  .F.,(2,2),(0.,1.E-03),.PIECEWISE_BEZIER_KNOTS.);
#5727 = CARTESIAN_POINT('',(0.811001242547,-0.726934040576,1.1240001));
#5728 = CARTESIAN_POINT('',(0.811001242547,-0.726934040576,1.1250001));
#5729 = ORIENTED_EDGE('',*,*,#5730,.F.);
#5730 = EDGE_CURVE('',#5731,#5724,#5733,.T.);
#5731 = VERTEX_POINT('',#5732);
#5732 = CARTESIAN_POINT('',(0.811001242547,-4.999999999997E-04,1.1240001
    ));
#5733 = B_SPLINE_CURVE_WITH_KNOTS('',1,(#5734,#5735),.UNSPECIFIED.,.F.,
  .F.,(2,2),(0.,0.726434040576),.PIECEWISE_BEZIER_KNOTS.);
#5734 = CARTESIAN_POINT('',(0.811001242547,-4.999999999997E-04,1.1240001
    ));
#5735 = CARTESIAN_POINT('',(0.811001242547,-0.726934040576,1.1240001));
#5736 = ORIENTED_EDGE('',*,*,#5737,.T.);
#5737 = EDGE_CURVE('',#5731,#5423,#5738,.T.);
#5738 = B_SPLINE_CURVE_WITH_KNOTS('',1,(#5739,#5740),.UNSPECIFIED.,.F.,
  .F.,(2,2),(0.,1.E-03),.PIECEWISE_BEZIER_KNOTS.);
#5739 = CARTESIAN_POINT('',(0.811001242547,-4.999999999997E-04,1.1240001
    ));
#5740 = CARTESIAN_POINT('',(0.811001242547,-4.999999999997E-04,1.1250001
    ));
#5741 = B_SPLINE_SURFACE_WITH_KNOTS('',1,1,(
    (#5742,#5743)
    ,(#5744,#5745
    )),.UNSPECIFIED.,.F.,.F.,.F.,(2,2),(2,2),(0.,1.E-03),(
    -0.726434040576,0.),.PIECEWISE_BEZIER_KNOTS.);
#5742 = CARTESIAN_POINT('',(0.811001242547,-0.726934040576,1.1240001));
#5743 = CARTESIAN_POINT('',(0.811001242547,-4.999999999997E-04,1.1240001
    ));
#5744 = CARTESIAN_POINT('',(0.811001242547,-0.726934040576,1.1250001));
#5745 = CARTESIAN_POINT('',(0.811001242547,-4.999999999997E-04,1.1250001
    ));
#5746 = ADVANCED_FACE('',(#5747),#5763,.F.);
#5747 = FACE_BOUND('',#5748,.T.);
#5748 = EDGE_LOOP('',(#5749,#5750,#5751,#5758));
#5749 = ORIENTED_EDGE('',*,*,#5431,.T.);
#5750 = ORIENTED_EDGE('',*,*,#5737,.F.);
#5751 = ORIENTED_EDGE('',*,*,#5752,.F.);
#5752 = EDGE_CURVE('',#5753,#5731,#5755,.T.);
#5753 = VERTEX_POINT('',#5754);
#5754 = CARTESIAN_POINT('',(1.285733677209,-4.999999999997E-04,1.1240001
    ));
#5755 = B_SPLINE_CURVE_WITH_KNOTS('',1,(#5756,#5757),.UNSPECIFIED.,.F.,
  .F.,(2,2),(-0.474732434662,-0.),.PIECEWISE_BEZIER_KNOTS.);
#5756 = CARTESIAN_POINT('',(1.285733677209,-4.999999999997E-04,1.1240001
    ));
#5757 = CARTESIAN_POINT('',(0.811001242547,-4.999999999997E-04,1.1240001
    ));
#5758 = ORIENTED_EDGE('',*,*,#5759,.T.);
#5759 = EDGE_CURVE('',#5753,#5432,#5760,.T.);
#5760 = B_SPLINE_CURVE_WITH_KNOTS('',1,(#5761,#5762),.UNSPECIFIED.,.F.,
  .F.,(2,2),(0.,1.E-03),.PIECEWISE_BEZIER_KNOTS.);
#5761 = CARTESIAN_POINT('',(1.285733677209,-4.999999999997E-04,1.1240001
    ));
#5762 = CARTESIAN_POINT('',(1.285733677209,-4.999999999997E-04,1.1250001
    ));
#5763 = B_SPLINE_SURFACE_WITH_KNOTS('',1,1,(
    (#5764,#5765)
    ,(#5766,#5767
    )),.UNSPECIFIED.,.F.,.F.,.F.,(2,2),(2,2),(0.,1.E-03),(0.,
    0.474732434662),.PIECEWISE_BEZIER_KNOTS.);
#5764 = CARTESIAN_POINT('',(0.811001242547,-4.999999999997E-04,1.1240001
    ));
#5765 = CARTESIAN_POINT('',(1.285733677209,-4.999999999997E-04,1.1240001
    ));
#5766 = CARTESIAN_POINT('',(0.811001242547,-4.999999999997E-04,1.1250001
    ));
#5767 = CARTESIAN_POINT('',(1.285733677209,-4.999999999997E-04,1.1250001
    ));
#5768 = ADVANCED_FACE('',(#5769),#5785,.F.);
#5769 = FACE_BOUND('',#5770,.T.);
#5770 = EDGE_LOOP('',(#5771,#5772,#5773,#5780));
#5771 = ORIENTED_EDGE('',*,*,#5438,.T.);
#5772 = ORIENTED_EDGE('',*,*,#5759,.F.);
#5773 = ORIENTED_EDGE('',*,*,#5774,.F.);
#5774 = EDGE_CURVE('',#5775,#5753,#5777,.T.);
#5775 = VERTEX_POINT('',#5776);
#5776 = CARTESIAN_POINT('',(1.285733677209,-0.726934040576,1.1240001));
#5777 = B_SPLINE_CURVE_WITH_KNOTS('',1,(#5778,#5779),.UNSPECIFIED.,.F.,
  .F.,(2,2),(-0.726434040576,0.),.PIECEWISE_BEZIER_KNOTS.);
#5778 = CARTESIAN_POINT('',(1.285733677209,-0.726934040576,1.1240001));
#5779 = CARTESIAN_POINT('',(1.285733677209,-4.999999999997E-04,1.1240001
    ));
#5780 = ORIENTED_EDGE('',*,*,#5781,.T.);
#5781 = EDGE_CURVE('',#5775,#5439,#5782,.T.);
#5782 = B_SPLINE_CURVE_WITH_KNOTS('',1,(#5783,#5784),.UNSPECIFIED.,.F.,
  .F.,(2,2),(0.,1.E-03),.PIECEWISE_BEZIER_KNOTS.);
#5783 = CARTESIAN_POINT('',(1.285733677209,-0.726934040576,1.1240001));
#5784 = CARTESIAN_POINT('',(1.285733677209,-0.726934040576,1.1250001));
#5785 = B_SPLINE_SURFACE_WITH_KNOTS('',1,1,(
    (#5786,#5787)
    ,(#5788,#5789
    )),.UNSPECIFIED.,.F.,.F.,.F.,(2,2),(2,2),(-1.E-03,0.),(
    -0.726434040576,0.),.PIECEWISE_BEZIER_KNOTS.);
#5786 = CARTESIAN_POINT('',(1.285733677209,-0.726934040576,1.1250001));
#5787 = CARTESIAN_POINT('',(1.285733677209,-4.999999999997E-04,1.1250001
    ));
#5788 = CARTESIAN_POINT('',(1.285733677209,-0.726934040576,1.1240001));
#5789 = CARTESIAN_POINT('',(1.285733677209,-4.999999999997E-04,1.1240001
    ));
#5790 = ADVANCED_FACE('',(#5791),#5801,.F.);
#5791 = FACE_BOUND('',#5792,.T.);
#5792 = EDGE_LOOP('',(#5793,#5794,#5795,#5800));
#5793 = ORIENTED_EDGE('',*,*,#5445,.T.);
#5794 = ORIENTED_EDGE('',*,*,#5781,.F.);
#5795 = ORIENTED_EDGE('',*,*,#5796,.F.);
#5796 = EDGE_CURVE('',#5724,#5775,#5797,.T.);
#5797 = B_SPLINE_CURVE_WITH_KNOTS('',1,(#5798,#5799),.UNSPECIFIED.,.F.,
  .F.,(2,2),(0.,0.474732434662),.PIECEWISE_BEZIER_KNOTS.);
#5798 = CARTESIAN_POINT('',(0.811001242547,-0.726934040576,1.1240001));
#5799 = CARTESIAN_POINT('',(1.285733677209,-0.726934040576,1.1240001));
#5800 = ORIENTED_EDGE('',*,*,#5723,.T.);
#5801 = B_SPLINE_SURFACE_WITH_KNOTS('',1,1,(
    (#5802,#5803)
    ,(#5804,#5805
    )),.UNSPECIFIED.,.F.,.F.,.F.,(2,2),(2,2),(-1.E-03,0.),(0.,
    0.474732434662),.PIECEWISE_BEZIER_KNOTS.);
#5802 = CARTESIAN_POINT('',(0.811001242547,-0.726934040576,1.1250001));
#5803 = CARTESIAN_POINT('',(1.285733677209,-0.726934040576,1.1250001));
#5804 = CARTESIAN_POINT('',(0.811001242547,-0.726934040576,1.1240001));
#5805 = CARTESIAN_POINT('',(1.285733677209,-0.726934040576,1.1240001));
#5806 = ADVANCED_FACE('',(#5807),#5813,.T.);
#5807 = FACE_BOUND('',#5808,.T.);
#5808 = EDGE_LOOP('',(#5809,#5810,#5811,#5812));
#5809 = ORIENTED_EDGE('',*,*,#5730,.T.);
#5810 = ORIENTED_EDGE('',*,*,#5796,.T.);
#5811 = ORIENTED_EDGE('',*,*,#5774,.T.);
#5812 = ORIENTED_EDGE('',*,*,#5752,.T.);
#5813 = B_SPLINE_SURFACE_WITH_KNOTS('',1,1,(
    (#5814,#5815)
    ,(#5816,#5817
    )),.UNSPECIFIED.,.F.,.F.,.F.,(2,2),(2,2),(0.811001242547,
    1.285733677209),(-0.726434040576,0.),.PIECEWISE_BEZIER_KNOTS.);
#5814 = CARTESIAN_POINT('',(0.811001242547,-0.726934040576,1.1240001));
#5815 = CARTESIAN_POINT('',(0.811001242547,-4.999999999997E-04,1.1240001
    ));
#5816 = CARTESIAN_POINT('',(1.285733677209,-0.726934040576,1.1240001));
#5817 = CARTESIAN_POINT('',(1.285733677209,-4.999999999997E-04,1.1240001
    ));
#5818 = ADVANCED_FACE('',(#5819),#5841,.F.);
#5819 = FACE_BOUND('',#5820,.T.);
#5820 = EDGE_LOOP('',(#5821,#5822,#5829,#5836));
#5821 = ORIENTED_EDGE('',*,*,#5392,.T.);
#5822 = ORIENTED_EDGE('',*,*,#5823,.F.);
#5823 = EDGE_CURVE('',#5824,#5395,#5826,.T.);
#5824 = VERTEX_POINT('',#5825);
#5825 = CARTESIAN_POINT('',(2.967077716637E-02,0.69726326341,1.1240001)
  );
#5826 = B_SPLINE_CURVE_WITH_KNOTS('',1,(#5827,#5828),.UNSPECIFIED.,.F.,
  .F.,(2,2),(0.,1.E-03),.PIECEWISE_BEZIER_KNOTS.);
#5827 = CARTESIAN_POINT('',(2.967077716637E-02,0.69726326341,1.1240001)
  );
#5828 = CARTESIAN_POINT('',(2.967077716637E-02,0.69726326341,1.1250001)
  );
#5829 = ORIENTED_EDGE('',*,*,#5830,.F.);
#5830 = EDGE_CURVE('',#5831,#5824,#5833,.T.);
#5831 = VERTEX_POINT('',#5832);
#5832 = CARTESIAN_POINT('',(2.967077716637E-02,1.261008029571,1.1240001)
  );
#5833 = B_SPLINE_CURVE_WITH_KNOTS('',1,(#5834,#5835),.UNSPECIFIED.,.F.,
  .F.,(2,2),(0.,0.563744766161),.PIECEWISE_BEZIER_KNOTS.);
#5834 = CARTESIAN_POINT('',(2.967077716637E-02,1.261008029571,1.1240001)
  );
#5835 = CARTESIAN_POINT('',(2.967077716637E-02,0.69726326341,1.1240001)
  );
#5836 = ORIENTED_EDGE('',*,*,#5837,.T.);
#5837 = EDGE_CURVE('',#5831,#5393,#5838,.T.);
#5838 = B_SPLINE_CURVE_WITH_KNOTS('',1,(#5839,#5840),.UNSPECIFIED.,.F.,
  .F.,(2,2),(0.,1.E-03),.PIECEWISE_BEZIER_KNOTS.);
#5839 = CARTESIAN_POINT('',(2.967077716637E-02,1.261008029571,1.1240001)
  );
#5840 = CARTESIAN_POINT('',(2.967077716637E-02,1.261008029571,1.1250001)
  );
#5841 = B_SPLINE_SURFACE_WITH_KNOTS('',1,1,(
    (#5842,#5843)
    ,(#5844,#5845
    )),.UNSPECIFIED.,.F.,.F.,.F.,(2,2),(2,2),(0.,0.563744766161),(0.,
    1.E-03),.PIECEWISE_BEZIER_KNOTS.);
#5842 = CARTESIAN_POINT('',(2.967077716637E-02,1.261008029571,1.1240001)
  );
#5843 = CARTESIAN_POINT('',(2.967077716637E-02,1.261008029571,1.1250001)
  );
#5844 = CARTESIAN_POINT('',(2.967077716637E-02,0.69726326341,1.1240001)
  );
#5845 = CARTESIAN_POINT('',(2.967077716637E-02,0.69726326341,1.1250001)
  );
#5846 = ADVANCED_FACE('',(#5847),#5863,.F.);
#5847 = FACE_BOUND('',#5848,.T.);
#5848 = EDGE_LOOP('',(#5849,#5850,#5851,#5858));
#5849 = ORIENTED_EDGE('',*,*,#5401,.T.);
#5850 = ORIENTED_EDGE('',*,*,#5837,.F.);
#5851 = ORIENTED_EDGE('',*,*,#5852,.F.);
#5852 = EDGE_CURVE('',#5853,#5831,#5855,.T.);
#5853 = VERTEX_POINT('',#5854);
#5854 = CARTESIAN_POINT('',(0.87034279688,1.261008029571,1.1240001));
#5855 = B_SPLINE_CURVE_WITH_KNOTS('',1,(#5856,#5857),.UNSPECIFIED.,.F.,
  .F.,(2,2),(-0.840672019714,-0.),.PIECEWISE_BEZIER_KNOTS.);
#5856 = CARTESIAN_POINT('',(0.87034279688,1.261008029571,1.1240001));
#5857 = CARTESIAN_POINT('',(2.967077716637E-02,1.261008029571,1.1240001)
  );
#5858 = ORIENTED_EDGE('',*,*,#5859,.T.);
#5859 = EDGE_CURVE('',#5853,#5402,#5860,.T.);
#5860 = B_SPLINE_CURVE_WITH_KNOTS('',1,(#5861,#5862),.UNSPECIFIED.,.F.,
  .F.,(2,2),(0.,1.E-03),.PIECEWISE_BEZIER_KNOTS.);
#5861 = CARTESIAN_POINT('',(0.87034279688,1.261008029571,1.1240001));
#5862 = CARTESIAN_POINT('',(0.87034279688,1.261008029571,1.1250001));
#5863 = B_SPLINE_SURFACE_WITH_KNOTS('',1,1,(
    (#5864,#5865)
    ,(#5866,#5867
    )),.UNSPECIFIED.,.F.,.F.,.F.,(2,2),(2,2),(0.,1.E-03),(0.,
    0.840672019714),.PIECEWISE_BEZIER_KNOTS.);
#5864 = CARTESIAN_POINT('',(2.967077716637E-02,1.261008029571,1.1240001)
  );
#5865 = CARTESIAN_POINT('',(0.87034279688,1.261008029571,1.1240001));
#5866 = CARTESIAN_POINT('',(2.967077716637E-02,1.261008029571,1.1250001)
  );
#5867 = CARTESIAN_POINT('',(0.87034279688,1.261008029571,1.1250001));
#5868 = ADVANCED_FACE('',(#5869),#5885,.F.);
#5869 = FACE_BOUND('',#5870,.T.);
#5870 = EDGE_LOOP('',(#5871,#5872,#5873,#5880));
#5871 = ORIENTED_EDGE('',*,*,#5408,.T.);
#5872 = ORIENTED_EDGE('',*,*,#5859,.F.);
#5873 = ORIENTED_EDGE('',*,*,#5874,.F.);
#5874 = EDGE_CURVE('',#5875,#5853,#5877,.T.);
#5875 = VERTEX_POINT('',#5876);
#5876 = CARTESIAN_POINT('',(0.87034279688,0.69726326341,1.1240001));
#5877 = B_SPLINE_CURVE_WITH_KNOTS('',1,(#5878,#5879),.UNSPECIFIED.,.F.,
  .F.,(2,2),(-0.563744766161,0.),.PIECEWISE_BEZIER_KNOTS.);
#5878 = CARTESIAN_POINT('',(0.87034279688,0.69726326341,1.1240001));
#5879 = CARTESIAN_POINT('',(0.87034279688,1.261008029571,1.1240001));
#5880 = ORIENTED_EDGE('',*,*,#5881,.T.);
#5881 = EDGE_CURVE('',#5875,#5409,#5882,.T.);
#5882 = B_SPLINE_CURVE_WITH_KNOTS('',1,(#5883,#5884),.UNSPECIFIED.,.F.,
  .F.,(2,2),(0.,1.E-03),.PIECEWISE_BEZIER_KNOTS.);
#5883 = CARTESIAN_POINT('',(0.87034279688,0.69726326341,1.1240001));
#5884 = CARTESIAN_POINT('',(0.87034279688,0.69726326341,1.1250001));
#5885 = B_SPLINE_SURFACE_WITH_KNOTS('',1,1,(
    (#5886,#5887)
    ,(#5888,#5889
    )),.UNSPECIFIED.,.F.,.F.,.F.,(2,2),(2,2),(-1.E-03,0.),(
    -0.563744766161,0.),.PIECEWISE_BEZIER_KNOTS.);
#5886 = CARTESIAN_POINT('',(0.87034279688,0.69726326341,1.1250001));
#5887 = CARTESIAN_POINT('',(0.87034279688,1.261008029571,1.1250001));
#5888 = CARTESIAN_POINT('',(0.87034279688,0.69726326341,1.1240001));
#5889 = CARTESIAN_POINT('',(0.87034279688,1.261008029571,1.1240001));
#5890 = ADVANCED_FACE('',(#5891),#5901,.F.);
#5891 = FACE_BOUND('',#5892,.T.);
#5892 = EDGE_LOOP('',(#5893,#5894,#5895,#5900));
#5893 = ORIENTED_EDGE('',*,*,#5415,.T.);
#5894 = ORIENTED_EDGE('',*,*,#5881,.F.);
#5895 = ORIENTED_EDGE('',*,*,#5896,.F.);
#5896 = EDGE_CURVE('',#5824,#5875,#5897,.T.);
#5897 = B_SPLINE_CURVE_WITH_KNOTS('',1,(#5898,#5899),.UNSPECIFIED.,.F.,
  .F.,(2,2),(0.,0.840672019714),.PIECEWISE_BEZIER_KNOTS.);
#5898 = CARTESIAN_POINT('',(2.967077716637E-02,0.69726326341,1.1240001)
  );
#5899 = CARTESIAN_POINT('',(0.87034279688,0.69726326341,1.1240001));
#5900 = ORIENTED_EDGE('',*,*,#5823,.T.);
#5901 = B_SPLINE_SURFACE_WITH_KNOTS('',1,1,(
    (#5902,#5903)
    ,(#5904,#5905
    )),.UNSPECIFIED.,.F.,.F.,.F.,(2,2),(2,2),(-1.E-03,0.),(0.,
    0.840672019714),.PIECEWISE_BEZIER_KNOTS.);
#5902 = CARTESIAN_POINT('',(2.967077716637E-02,0.69726326341,1.1250001)
  );
#5903 = CARTESIAN_POINT('',(0.87034279688,0.69726326341,1.1250001));
#5904 = CARTESIAN_POINT('',(2.967077716637E-02,0.69726326341,1.1240001)
  );
#5905 = CARTESIAN_POINT('',(0.87034279688,0.69726326341,1.1240001));
#5906 = ADVANCED_FACE('',(#5907),#5913,.T.);
#5907 = FACE_BOUND('',#5908,.T.);
#5908 = EDGE_LOOP('',(#5909,#5910,#5911,#5912));
#5909 = ORIENTED_EDGE('',*,*,#5830,.T.);
#5910 = ORIENTED_EDGE('',*,*,#5896,.T.);
#5911 = ORIENTED_EDGE('',*,*,#5874,.T.);
#5912 = ORIENTED_EDGE('',*,*,#5852,.T.);
#5913 = B_SPLINE_SURFACE_WITH_KNOTS('',1,1,(
    (#5914,#5915)
    ,(#5916,#5917
    )),.UNSPECIFIED.,.F.,.F.,.F.,(2,2),(2,2),(2.967077716637E-02,
    0.87034279688),(0.69776326341,1.261508029571),
  .PIECEWISE_BEZIER_KNOTS.);
#5914 = CARTESIAN_POINT('',(2.967077716637E-02,0.69726326341,1.1240001)
  );
#5915 = CARTESIAN_POINT('',(2.967077716637E-02,1.261008029571,1.1240001)
  );
#5916 = CARTESIAN_POINT('',(0.87034279688,0.69726326341,1.1240001));
#5917 = CARTESIAN_POINT('',(0.87034279688,1.261008029571,1.1240001));
#5918 = ADVANCED_FACE('',(#5919),#5941,.F.);
#5919 = FACE_BOUND('',#5920,.T.);
#5920 = EDGE_LOOP('',(#5921,#5922,#5929,#5936));
#5921 = ORIENTED_EDGE('',*,*,#779,.T.);
#5922 = ORIENTED_EDGE('',*,*,#5923,.F.);
#5923 = EDGE_CURVE('',#5924,#771,#5926,.T.);
#5924 = VERTEX_POINT('',#5925);
#5925 = CARTESIAN_POINT('',(6.858653639283E-02,2.5005,1.153383683436));
#5926 = B_SPLINE_CURVE_WITH_KNOTS('',1,(#5927,#5928),.UNSPECIFIED.,.F.,
  .F.,(2,2),(-0.,1.E-03),.PIECEWISE_BEZIER_KNOTS.);
#5927 = CARTESIAN_POINT('',(6.858653639283E-02,2.5005,1.153383683436));
#5928 = CARTESIAN_POINT('',(6.858653639283E-02,2.4995,1.153383683436));
#5929 = ORIENTED_EDGE('',*,*,#5930,.F.);
#5930 = EDGE_CURVE('',#5931,#5924,#5933,.T.);
#5931 = VERTEX_POINT('',#5932);
#5932 = CARTESIAN_POINT('',(6.858653639283E-02,2.5005,1.13792594908));
#5933 = B_SPLINE_CURVE_WITH_KNOTS('',1,(#5934,#5935),.UNSPECIFIED.,.F.,
  .F.,(2,2),(-1.545773435586E-02,0.),.PIECEWISE_BEZIER_KNOTS.);
#5934 = CARTESIAN_POINT('',(6.858653639283E-02,2.5005,1.13792594908));
#5935 = CARTESIAN_POINT('',(6.858653639283E-02,2.5005,1.153383683436));
#5936 = ORIENTED_EDGE('',*,*,#5937,.T.);
#5937 = EDGE_CURVE('',#5931,#780,#5938,.T.);
#5938 = B_SPLINE_CURVE_WITH_KNOTS('',1,(#5939,#5940),.UNSPECIFIED.,.F.,
  .F.,(2,2),(-0.,1.E-03),.PIECEWISE_BEZIER_KNOTS.);
#5939 = CARTESIAN_POINT('',(6.858653639283E-02,2.5005,1.13792594908));
#5940 = CARTESIAN_POINT('',(6.858653639283E-02,2.4995,1.13792594908));
#5941 = B_SPLINE_SURFACE_WITH_KNOTS('',1,1,(
    (#5942,#5943)
    ,(#5944,#5945
    )),.UNSPECIFIED.,.F.,.F.,.F.,(2,2),(2,2),(-0.,1.545773435586E-02),(
    -1.E-03,0.),.PIECEWISE_BEZIER_KNOTS.);
#5942 = CARTESIAN_POINT('',(6.858653639283E-02,2.4995,1.153383683436));
#5943 = CARTESIAN_POINT('',(6.858653639283E-02,2.5005,1.153383683436));
#5944 = CARTESIAN_POINT('',(6.858653639283E-02,2.4995,1.13792594908));
#5945 = CARTESIAN_POINT('',(6.858653639283E-02,2.5005,1.13792594908));
#5946 = ADVANCED_FACE('',(#5947),#5963,.F.);
#5947 = FACE_BOUND('',#5948,.T.);
#5948 = EDGE_LOOP('',(#5949,#5950,#5957,#5962));
#5949 = ORIENTED_EDGE('',*,*,#770,.T.);
#5950 = ORIENTED_EDGE('',*,*,#5951,.F.);
#5951 = EDGE_CURVE('',#5952,#773,#5954,.T.);
#5952 = VERTEX_POINT('',#5953);
#5953 = CARTESIAN_POINT('',(0.122584630847,2.5005,1.153383683436));
#5954 = B_SPLINE_CURVE_WITH_KNOTS('',1,(#5955,#5956),.UNSPECIFIED.,.F.,
  .F.,(2,2),(-0.,1.E-03),.PIECEWISE_BEZIER_KNOTS.);
#5955 = CARTESIAN_POINT('',(0.122584630847,2.5005,1.153383683436));
#5956 = CARTESIAN_POINT('',(0.122584630847,2.4995,1.153383683436));
#5957 = ORIENTED_EDGE('',*,*,#5958,.F.);
#5958 = EDGE_CURVE('',#5924,#5952,#5959,.T.);
#5959 = B_SPLINE_CURVE_WITH_KNOTS('',1,(#5960,#5961),.UNSPECIFIED.,.F.,
  .F.,(2,2),(-5.399809445444E-02,0.),.PIECEWISE_BEZIER_KNOTS.);
#5960 = CARTESIAN_POINT('',(6.858653639283E-02,2.5005,1.153383683436));
#5961 = CARTESIAN_POINT('',(0.122584630847,2.5005,1.153383683436));
#5962 = ORIENTED_EDGE('',*,*,#5923,.T.);
#5963 = B_SPLINE_SURFACE_WITH_KNOTS('',1,1,(
    (#5964,#5965)
    ,(#5966,#5967
    )),.UNSPECIFIED.,.F.,.F.,.F.,(2,2),(2,2),(0.,5.399809445444E-02),(
    -1.E-03,0.),.PIECEWISE_BEZIER_KNOTS.);
#5964 = CARTESIAN_POINT('',(0.122584630847,2.4995,1.153383683436));
#5965 = CARTESIAN_POINT('',(0.122584630847,2.5005,1.153383683436));
#5966 = CARTESIAN_POINT('',(6.858653639283E-02,2.4995,1.153383683436));
#5967 = CARTESIAN_POINT('',(6.858653639283E-02,2.5005,1.153383683436));
#5968 = ADVANCED_FACE('',(#5969),#5985,.F.);
#5969 = FACE_BOUND('',#5970,.T.);
#5970 = EDGE_LOOP('',(#5971,#5972,#5979,#5984));
#5971 = ORIENTED_EDGE('',*,*,#807,.T.);
#5972 = ORIENTED_EDGE('',*,*,#5973,.F.);
#5973 = EDGE_CURVE('',#5974,#801,#5976,.T.);
#5974 = VERTEX_POINT('',#5975);
#5975 = CARTESIAN_POINT('',(0.122584630847,2.5005,1.273510381368));
#5976 = B_SPLINE_CURVE_WITH_KNOTS('',1,(#5977,#5978),.UNSPECIFIED.,.F.,
  .F.,(2,2),(-0.,1.E-03),.PIECEWISE_BEZIER_KNOTS.);
#5977 = CARTESIAN_POINT('',(0.122584630847,2.5005,1.273510381368));
#5978 = CARTESIAN_POINT('',(0.122584630847,2.4995,1.273510381368));
#5979 = ORIENTED_EDGE('',*,*,#5980,.F.);
#5980 = EDGE_CURVE('',#5952,#5974,#5981,.T.);
#5981 = B_SPLINE_CURVE_WITH_KNOTS('',1,(#5982,#5983),.UNSPECIFIED.,.F.,
  .F.,(2,2),(-0.120126697932,0.),.PIECEWISE_BEZIER_KNOTS.);
#5982 = CARTESIAN_POINT('',(0.122584630847,2.5005,1.153383683436));
#5983 = CARTESIAN_POINT('',(0.122584630847,2.5005,1.273510381368));
#5984 = ORIENTED_EDGE('',*,*,#5951,.T.);
#5985 = B_SPLINE_SURFACE_WITH_KNOTS('',1,1,(
    (#5986,#5987)
    ,(#5988,#5989
    )),.UNSPECIFIED.,.F.,.F.,.F.,(2,2),(2,2),(-0.,0.120126697932),(
    -1.E-03,0.),.PIECEWISE_BEZIER_KNOTS.);
#5986 = CARTESIAN_POINT('',(0.122584630847,2.4995,1.273510381368));
#5987 = CARTESIAN_POINT('',(0.122584630847,2.5005,1.273510381368));
#5988 = CARTESIAN_POINT('',(0.122584630847,2.4995,1.153383683436));
#5989 = CARTESIAN_POINT('',(0.122584630847,2.5005,1.153383683436));
#5990 = ADVANCED_FACE('',(#5991),#6007,.F.);
#5991 = FACE_BOUND('',#5992,.T.);
#5992 = EDGE_LOOP('',(#5993,#5994,#6001,#6006));
#5993 = ORIENTED_EDGE('',*,*,#800,.T.);
#5994 = ORIENTED_EDGE('',*,*,#5995,.F.);
#5995 = EDGE_CURVE('',#5996,#794,#5998,.T.);
#5996 = VERTEX_POINT('',#5997);
#5997 = CARTESIAN_POINT('',(0.140087222439,2.5005,1.273510381368));
#5998 = B_SPLINE_CURVE_WITH_KNOTS('',1,(#5999,#6000),.UNSPECIFIED.,.F.,
  .F.,(2,2),(-0.,1.E-03),.PIECEWISE_BEZIER_KNOTS.);
#5999 = CARTESIAN_POINT('',(0.140087222439,2.5005,1.273510381368));
#6000 = CARTESIAN_POINT('',(0.140087222439,2.4995,1.273510381368));
#6001 = ORIENTED_EDGE('',*,*,#6002,.F.);
#6002 = EDGE_CURVE('',#5974,#5996,#6003,.T.);
#6003 = B_SPLINE_CURVE_WITH_KNOTS('',1,(#6004,#6005),.UNSPECIFIED.,.F.,
  .F.,(2,2),(-1.750259159126E-02,0.),.PIECEWISE_BEZIER_KNOTS.);
#6004 = CARTESIAN_POINT('',(0.122584630847,2.5005,1.273510381368));
#6005 = CARTESIAN_POINT('',(0.140087222439,2.5005,1.273510381368));
#6006 = ORIENTED_EDGE('',*,*,#5973,.T.);
#6007 = B_SPLINE_SURFACE_WITH_KNOTS('',1,1,(
    (#6008,#6009)
    ,(#6010,#6011
    )),.UNSPECIFIED.,.F.,.F.,.F.,(2,2),(2,2),(0.,1.750259159126E-02),(
    -1.E-03,0.),.PIECEWISE_BEZIER_KNOTS.);
#6008 = CARTESIAN_POINT('',(0.140087222439,2.4995,1.273510381368));
#6009 = CARTESIAN_POINT('',(0.140087222439,2.5005,1.273510381368));
#6010 = CARTESIAN_POINT('',(0.122584630847,2.4995,1.273510381368));
#6011 = CARTESIAN_POINT('',(0.122584630847,2.5005,1.273510381368));
#6012 = ADVANCED_FACE('',(#6013),#6029,.F.);
#6013 = FACE_BOUND('',#6014,.T.);
#6014 = EDGE_LOOP('',(#6015,#6016,#6023,#6028));
#6015 = ORIENTED_EDGE('',*,*,#793,.T.);
#6016 = ORIENTED_EDGE('',*,*,#6017,.F.);
#6017 = EDGE_CURVE('',#6018,#787,#6020,.T.);
#6018 = VERTEX_POINT('',#6019);
#6019 = CARTESIAN_POINT('',(0.140087222439,2.5005,1.13792594908));
#6020 = B_SPLINE_CURVE_WITH_KNOTS('',1,(#6021,#6022),.UNSPECIFIED.,.F.,
  .F.,(2,2),(-0.,1.E-03),.PIECEWISE_BEZIER_KNOTS.);
#6021 = CARTESIAN_POINT('',(0.140087222439,2.5005,1.13792594908));
#6022 = CARTESIAN_POINT('',(0.140087222439,2.4995,1.13792594908));
#6023 = ORIENTED_EDGE('',*,*,#6024,.F.);
#6024 = EDGE_CURVE('',#5996,#6018,#6025,.T.);
#6025 = B_SPLINE_CURVE_WITH_KNOTS('',1,(#6026,#6027),.UNSPECIFIED.,.F.,
  .F.,(2,2),(-0.135584432288,-0.),.PIECEWISE_BEZIER_KNOTS.);
#6026 = CARTESIAN_POINT('',(0.140087222439,2.5005,1.273510381368));
#6027 = CARTESIAN_POINT('',(0.140087222439,2.5005,1.13792594908));
#6028 = ORIENTED_EDGE('',*,*,#5995,.T.);
#6029 = B_SPLINE_SURFACE_WITH_KNOTS('',1,1,(
    (#6030,#6031)
    ,(#6032,#6033
    )),.UNSPECIFIED.,.F.,.F.,.F.,(2,2),(2,2),(0.,0.135584432288),(
    -1.E-03,0.),.PIECEWISE_BEZIER_KNOTS.);
#6030 = CARTESIAN_POINT('',(0.140087222439,2.4995,1.13792594908));
#6031 = CARTESIAN_POINT('',(0.140087222439,2.5005,1.13792594908));
#6032 = CARTESIAN_POINT('',(0.140087222439,2.4995,1.273510381368));
#6033 = CARTESIAN_POINT('',(0.140087222439,2.5005,1.273510381368));
#6034 = ADVANCED_FACE('',(#6035),#6045,.F.);
#6035 = FACE_BOUND('',#6036,.T.);
#6036 = EDGE_LOOP('',(#6037,#6038,#6039,#6044));
#6037 = ORIENTED_EDGE('',*,*,#786,.T.);
#6038 = ORIENTED_EDGE('',*,*,#5937,.F.);
#6039 = ORIENTED_EDGE('',*,*,#6040,.F.);
#6040 = EDGE_CURVE('',#6018,#5931,#6041,.T.);
#6041 = B_SPLINE_CURVE_WITH_KNOTS('',1,(#6042,#6043),.UNSPECIFIED.,.F.,
  .F.,(2,2),(-7.15006860457E-02,0.),.PIECEWISE_BEZIER_KNOTS.);
#6042 = CARTESIAN_POINT('',(0.140087222439,2.5005,1.13792594908));
#6043 = CARTESIAN_POINT('',(6.858653639283E-02,2.5005,1.13792594908));
#6044 = ORIENTED_EDGE('',*,*,#6017,.T.);
#6045 = B_SPLINE_SURFACE_WITH_KNOTS('',1,1,(
    (#6046,#6047)
    ,(#6048,#6049
    )),.UNSPECIFIED.,.F.,.F.,.F.,(2,2),(2,2),(0.,7.15006860457E-02),(
    -1.E-03,0.),.PIECEWISE_BEZIER_KNOTS.);
#6046 = CARTESIAN_POINT('',(6.858653639283E-02,2.4995,1.13792594908));
#6047 = CARTESIAN_POINT('',(6.858653639283E-02,2.5005,1.13792594908));
#6048 = CARTESIAN_POINT('',(0.140087222439,2.4995,1.13792594908));
#6049 = CARTESIAN_POINT('',(0.140087222439,2.5005,1.13792594908));
#6050 = ADVANCED_FACE('',(#6051),#6059,.F.);
#6051 = FACE_BOUND('',#6052,.T.);
#6052 = EDGE_LOOP('',(#6053,#6054,#6055,#6056,#6057,#6058));
#6053 = ORIENTED_EDGE('',*,*,#5930,.T.);
#6054 = ORIENTED_EDGE('',*,*,#5958,.T.);
#6055 = ORIENTED_EDGE('',*,*,#5980,.T.);
#6056 = ORIENTED_EDGE('',*,*,#6002,.T.);
#6057 = ORIENTED_EDGE('',*,*,#6024,.T.);
#6058 = ORIENTED_EDGE('',*,*,#6040,.T.);
#6059 = B_SPLINE_SURFACE_WITH_KNOTS('',1,1,(
    (#6060,#6061)
    ,(#6062,#6063
    )),.UNSPECIFIED.,.F.,.F.,.F.,(2,2),(2,2),(0.351489718632,
    0.48707415092),(6.858653639283E-02,0.140087222439),
  .PIECEWISE_BEZIER_KNOTS.);
#6060 = CARTESIAN_POINT('',(6.858653639283E-02,2.5005,1.273510381368));
#6061 = CARTESIAN_POINT('',(0.140087222439,2.5005,1.273510381368));
#6062 = CARTESIAN_POINT('',(6.858653639283E-02,2.5005,1.13792594908));
#6063 = CARTESIAN_POINT('',(0.140087222439,2.5005,1.13792594908));
#6064 = ADVANCED_FACE('',(#6065),#6089,.F.);
#6065 = FACE_BOUND('',#6066,.F.);
#6066 = EDGE_LOOP('',(#6067,#6074,#6083,#6088));
#6067 = ORIENTED_EDGE('',*,*,#6068,.F.);
#6068 = EDGE_CURVE('',#6069,#824,#6071,.T.);
#6069 = VERTEX_POINT('',#6070);
#6070 = CARTESIAN_POINT('',(-9.386096113506E-04,2.5005,1.135638481664));
#6071 = B_SPLINE_CURVE_WITH_KNOTS('',1,(#6072,#6073),.UNSPECIFIED.,.F.,
  .F.,(2,2),(-0.,1.E-03),.PIECEWISE_BEZIER_KNOTS.);
#6072 = CARTESIAN_POINT('',(-9.386096113506E-04,2.5005,1.135638481664));
#6073 = CARTESIAN_POINT('',(-9.386096113506E-04,2.4995,1.135638481664));
#6074 = ORIENTED_EDGE('',*,*,#6075,.T.);
#6075 = EDGE_CURVE('',#6069,#6076,#6078,.T.);
#6076 = VERTEX_POINT('',#6077);
#6077 = CARTESIAN_POINT('',(-3.847387039059E-02,2.5005,1.143540641828));
#6078 = B_SPLINE_CURVE_WITH_KNOTS('',3,(#6079,#6080,#6081,#6082),
  .UNSPECIFIED.,.F.,.F.,(4,4),(0.,1.),.PIECEWISE_BEZIER_KNOTS.);
#6079 = CARTESIAN_POINT('',(-9.386096113506E-04,2.5005,1.135638481664));
#6080 = CARTESIAN_POINT('',(-1.598044080069E-02,2.5005,1.135638481664));
#6081 = CARTESIAN_POINT('',(-2.849219439377E-02,2.5005,1.138272535052));
#6082 = CARTESIAN_POINT('',(-3.847387039059E-02,2.5005,1.143540641828));
#6083 = ORIENTED_EDGE('',*,*,#6084,.T.);
#6084 = EDGE_CURVE('',#6076,#815,#6085,.T.);
#6085 = B_SPLINE_CURVE_WITH_KNOTS('',1,(#6086,#6087),.UNSPECIFIED.,.F.,
  .F.,(2,2),(-0.,1.E-03),.PIECEWISE_BEZIER_KNOTS.);
#6086 = CARTESIAN_POINT('',(-3.847387039059E-02,2.5005,1.143540641828));
#6087 = CARTESIAN_POINT('',(-3.847387039059E-02,2.4995,1.143540641828));
#6088 = ORIENTED_EDGE('',*,*,#823,.F.);
#6089 = B_SPLINE_SURFACE_WITH_KNOTS('',3,1,(
    (#6090,#6091)
    ,(#6092,#6093)
    ,(#6094,#6095)
    ,(#6096,#6097
    )),.UNSPECIFIED.,.F.,.F.,.F.,(4,4),(2,2),(0.,1.),(0.,1.),
  .PIECEWISE_BEZIER_KNOTS.);
#6090 = CARTESIAN_POINT('',(-9.386096113506E-04,2.5005,1.135638481664));
#6091 = CARTESIAN_POINT('',(-9.386096113506E-04,2.4995,1.135638481664));
#6092 = CARTESIAN_POINT('',(-1.598044080069E-02,2.5005,1.135638481664));
#6093 = CARTESIAN_POINT('',(-1.598044080069E-02,2.4995,1.135638481664));
#6094 = CARTESIAN_POINT('',(-2.849219439377E-02,2.5005,1.138272535052));
#6095 = CARTESIAN_POINT('',(-2.849219439377E-02,2.4995,1.138272535052));
#6096 = CARTESIAN_POINT('',(-3.847387039059E-02,2.5005,1.143540641828));
#6097 = CARTESIAN_POINT('',(-3.847387039059E-02,2.4995,1.143540641828));
#6098 = ADVANCED_FACE('',(#6099),#6115,.F.);
#6099 = FACE_BOUND('',#6100,.T.);
#6100 = EDGE_LOOP('',(#6101,#6102,#6109,#6114));
#6101 = ORIENTED_EDGE('',*,*,#814,.T.);
#6102 = ORIENTED_EDGE('',*,*,#6103,.F.);
#6103 = EDGE_CURVE('',#6104,#817,#6106,.T.);
#6104 = VERTEX_POINT('',#6105);
#6105 = CARTESIAN_POINT('',(-3.847387039059E-02,2.5005,1.160315402878));
#6106 = B_SPLINE_CURVE_WITH_KNOTS('',1,(#6107,#6108),.UNSPECIFIED.,.F.,
  .F.,(2,2),(-0.,1.E-03),.PIECEWISE_BEZIER_KNOTS.);
#6107 = CARTESIAN_POINT('',(-3.847387039059E-02,2.5005,1.160315402878));
#6108 = CARTESIAN_POINT('',(-3.847387039059E-02,2.4995,1.160315402878));
#6109 = ORIENTED_EDGE('',*,*,#6110,.F.);
#6110 = EDGE_CURVE('',#6076,#6104,#6111,.T.);
#6111 = B_SPLINE_CURVE_WITH_KNOTS('',1,(#6112,#6113),.UNSPECIFIED.,.F.,
  .F.,(2,2),(-1.67747610502E-02,0.),.PIECEWISE_BEZIER_KNOTS.);
#6112 = CARTESIAN_POINT('',(-3.847387039059E-02,2.5005,1.143540641828));
#6113 = CARTESIAN_POINT('',(-3.847387039059E-02,2.5005,1.160315402878));
#6114 = ORIENTED_EDGE('',*,*,#6084,.T.);
#6115 = B_SPLINE_SURFACE_WITH_KNOTS('',1,1,(
    (#6116,#6117)
    ,(#6118,#6119
    )),.UNSPECIFIED.,.F.,.F.,.F.,(2,2),(2,2),(-0.,1.67747610502E-02),(
    -1.E-03,0.),.PIECEWISE_BEZIER_KNOTS.);
#6116 = CARTESIAN_POINT('',(-3.847387039059E-02,2.4995,1.160315402878));
#6117 = CARTESIAN_POINT('',(-3.847387039059E-02,2.5005,1.160315402878));
#6118 = CARTESIAN_POINT('',(-3.847387039059E-02,2.4995,1.143540641828));
#6119 = CARTESIAN_POINT('',(-3.847387039059E-02,2.5005,1.143540641828));
#6120 = ADVANCED_FACE('',(#6121),#6139,.F.);
#6121 = FACE_BOUND('',#6122,.F.);
#6122 = EDGE_LOOP('',(#6123,#6124,#6133,#6138));
#6123 = ORIENTED_EDGE('',*,*,#6103,.F.);
#6124 = ORIENTED_EDGE('',*,*,#6125,.T.);
#6125 = EDGE_CURVE('',#6104,#6126,#6128,.T.);
#6126 = VERTEX_POINT('',#6127);
#6127 = CARTESIAN_POINT('',(-3.468687207609E-03,2.5005,1.151234850408));
#6128 = B_SPLINE_CURVE_WITH_KNOTS('',3,(#6129,#6130,#6131,#6132),
  .UNSPECIFIED.,.F.,.F.,(4,4),(12.,13.),.PIECEWISE_BEZIER_KNOTS.);
#6129 = CARTESIAN_POINT('',(-3.847387039059E-02,2.5005,1.160315402878));
#6130 = CARTESIAN_POINT('',(-2.856151158811E-02,2.5005,1.154284806963));
#6131 = CARTESIAN_POINT('',(-1.688156432807E-02,2.5005,1.151234850408));
#6132 = CARTESIAN_POINT('',(-3.468687207609E-03,2.5005,1.151234850408));
#6133 = ORIENTED_EDGE('',*,*,#6134,.T.);
#6134 = EDGE_CURVE('',#6126,#921,#6135,.T.);
#6135 = B_SPLINE_CURVE_WITH_KNOTS('',1,(#6136,#6137),.UNSPECIFIED.,.F.,
  .F.,(2,2),(-0.,1.E-03),.PIECEWISE_BEZIER_KNOTS.);
#6136 = CARTESIAN_POINT('',(-3.468687207609E-03,2.5005,1.151234850408));
#6137 = CARTESIAN_POINT('',(-3.468687207609E-03,2.4995,1.151234850408));
#6138 = ORIENTED_EDGE('',*,*,#929,.F.);
#6139 = B_SPLINE_SURFACE_WITH_KNOTS('',3,1,(
    (#6140,#6141)
    ,(#6142,#6143)
    ,(#6144,#6145)
    ,(#6146,#6147
    )),.UNSPECIFIED.,.F.,.F.,.F.,(4,4),(2,2),(12.,13.),(0.,1.),
  .PIECEWISE_BEZIER_KNOTS.);
#6140 = CARTESIAN_POINT('',(-3.847387039059E-02,2.5005,1.160315402878));
#6141 = CARTESIAN_POINT('',(-3.847387039059E-02,2.4995,1.160315402878));
#6142 = CARTESIAN_POINT('',(-2.856151158811E-02,2.5005,1.154284806963));
#6143 = CARTESIAN_POINT('',(-2.856151158811E-02,2.4995,1.154284806963));
#6144 = CARTESIAN_POINT('',(-1.688156432807E-02,2.5005,1.151234850408));
#6145 = CARTESIAN_POINT('',(-1.688156432807E-02,2.4995,1.151234850408));
#6146 = CARTESIAN_POINT('',(-3.468687207609E-03,2.5005,1.151234850408));
#6147 = CARTESIAN_POINT('',(-3.468687207609E-03,2.4995,1.151234850408));
#6148 = ADVANCED_FACE('',(#6149),#6167,.F.);
#6149 = FACE_BOUND('',#6150,.F.);
#6150 = EDGE_LOOP('',(#6151,#6152,#6161,#6166));
#6151 = ORIENTED_EDGE('',*,*,#6134,.F.);
#6152 = ORIENTED_EDGE('',*,*,#6153,.T.);
#6153 = EDGE_CURVE('',#6126,#6154,#6156,.T.);
#6154 = VERTEX_POINT('',#6155);
#6155 = CARTESIAN_POINT('',(3.136320298905E-02,2.5005,1.16551419246));
#6156 = B_SPLINE_CURVE_WITH_KNOTS('',3,(#6157,#6158,#6159,#6160),
  .UNSPECIFIED.,.F.,.F.,(4,4),(11.,12.),.PIECEWISE_BEZIER_KNOTS.);
#6157 = CARTESIAN_POINT('',(-3.468687207609E-03,2.5005,1.151234850408));
#6158 = CARTESIAN_POINT('',(1.087997203738E-02,2.5005,1.151234850408));
#6159 = CARTESIAN_POINT('',(2.249060210309E-02,2.5005,1.156017736824));
#6160 = CARTESIAN_POINT('',(3.136320298905E-02,2.5005,1.16551419246));
#6161 = ORIENTED_EDGE('',*,*,#6162,.T.);
#6162 = EDGE_CURVE('',#6154,#912,#6163,.T.);
#6163 = B_SPLINE_CURVE_WITH_KNOTS('',1,(#6164,#6165),.UNSPECIFIED.,.F.,
  .F.,(2,2),(-0.,1.E-03),.PIECEWISE_BEZIER_KNOTS.);
#6164 = CARTESIAN_POINT('',(3.136320298905E-02,2.5005,1.16551419246));
#6165 = CARTESIAN_POINT('',(3.136320298905E-02,2.4995,1.16551419246));
#6166 = ORIENTED_EDGE('',*,*,#920,.F.);
#6167 = B_SPLINE_SURFACE_WITH_KNOTS('',3,1,(
    (#6168,#6169)
    ,(#6170,#6171)
    ,(#6172,#6173)
    ,(#6174,#6175
    )),.UNSPECIFIED.,.F.,.F.,.F.,(4,4),(2,2),(11.,12.),(0.,1.),
  .PIECEWISE_BEZIER_KNOTS.);
#6168 = CARTESIAN_POINT('',(-3.468687207609E-03,2.5005,1.151234850408));
#6169 = CARTESIAN_POINT('',(-3.468687207609E-03,2.4995,1.151234850408));
#6170 = CARTESIAN_POINT('',(1.087997203738E-02,2.5005,1.151234850408));
#6171 = CARTESIAN_POINT('',(1.087997203738E-02,2.4995,1.151234850408));
#6172 = CARTESIAN_POINT('',(2.249060210309E-02,2.5005,1.156017736824));
#6173 = CARTESIAN_POINT('',(2.249060210309E-02,2.4995,1.156017736824));
#6174 = CARTESIAN_POINT('',(3.136320298905E-02,2.5005,1.16551419246));
#6175 = CARTESIAN_POINT('',(3.136320298905E-02,2.4995,1.16551419246));
#6176 = ADVANCED_FACE('',(#6177),#6195,.F.);
#6177 = FACE_BOUND('',#6178,.F.);
#6178 = EDGE_LOOP('',(#6179,#6180,#6189,#6194));
#6179 = ORIENTED_EDGE('',*,*,#6162,.F.);
#6180 = ORIENTED_EDGE('',*,*,#6181,.T.);
#6181 = EDGE_CURVE('',#6154,#6182,#6184,.T.);
#6182 = VERTEX_POINT('',#6183);
#6183 = CARTESIAN_POINT('',(4.467210431753E-02,2.5005,1.204193186947));
#6184 = B_SPLINE_CURVE_WITH_KNOTS('',3,(#6185,#6186,#6187,#6188),
  .UNSPECIFIED.,.F.,.F.,(4,4),(10.,11.),.PIECEWISE_BEZIER_KNOTS.);
#6185 = CARTESIAN_POINT('',(3.136320298905E-02,2.5005,1.16551419246));
#6186 = CARTESIAN_POINT('',(4.023580387501E-02,2.5005,1.17507996529));
#6187 = CARTESIAN_POINT('',(4.467210431753E-02,2.5005,1.187972963452));
#6188 = CARTESIAN_POINT('',(4.467210431753E-02,2.5005,1.204193186947));
#6189 = ORIENTED_EDGE('',*,*,#6190,.T.);
#6190 = EDGE_CURVE('',#6182,#903,#6191,.T.);
#6191 = B_SPLINE_CURVE_WITH_KNOTS('',1,(#6192,#6193),.UNSPECIFIED.,.F.,
  .F.,(2,2),(-0.,1.E-03),.PIECEWISE_BEZIER_KNOTS.);
#6192 = CARTESIAN_POINT('',(4.467210431753E-02,2.5005,1.204193186947));
#6193 = CARTESIAN_POINT('',(4.467210431753E-02,2.4995,1.204193186947));
#6194 = ORIENTED_EDGE('',*,*,#911,.F.);
#6195 = B_SPLINE_SURFACE_WITH_KNOTS('',3,1,(
    (#6196,#6197)
    ,(#6198,#6199)
    ,(#6200,#6201)
    ,(#6202,#6203
    )),.UNSPECIFIED.,.F.,.F.,.F.,(4,4),(2,2),(10.,11.),(0.,1.),
  .PIECEWISE_BEZIER_KNOTS.);
#6196 = CARTESIAN_POINT('',(3.136320298905E-02,2.5005,1.16551419246));
#6197 = CARTESIAN_POINT('',(3.136320298905E-02,2.4995,1.16551419246));
#6198 = CARTESIAN_POINT('',(4.023580387501E-02,2.5005,1.17507996529));
#6199 = CARTESIAN_POINT('',(4.023580387501E-02,2.4995,1.17507996529));
#6200 = CARTESIAN_POINT('',(4.467210431753E-02,2.5005,1.187972963452));
#6201 = CARTESIAN_POINT('',(4.467210431753E-02,2.4995,1.187972963452));
#6202 = CARTESIAN_POINT('',(4.467210431753E-02,2.5005,1.204193186947));
#6203 = CARTESIAN_POINT('',(4.467210431753E-02,2.4995,1.204193186947));
#6204 = ADVANCED_FACE('',(#6205),#6223,.F.);
#6205 = FACE_BOUND('',#6206,.F.);
#6206 = EDGE_LOOP('',(#6207,#6208,#6217,#6222));
#6207 = ORIENTED_EDGE('',*,*,#6190,.F.);
#6208 = ORIENTED_EDGE('',*,*,#6209,.T.);
#6209 = EDGE_CURVE('',#6182,#6210,#6212,.T.);
#6210 = VERTEX_POINT('',#6211);
#6211 = CARTESIAN_POINT('',(3.042742086405E-02,2.5005,1.244951697266));
#6212 = B_SPLINE_CURVE_WITH_KNOTS('',3,(#6213,#6214,#6215,#6216),
  .UNSPECIFIED.,.F.,.F.,(4,4),(9.,10.),.PIECEWISE_BEZIER_KNOTS.);
#6213 = CARTESIAN_POINT('',(4.467210431753E-02,2.5005,1.204193186947));
#6214 = CARTESIAN_POINT('',(4.467210431753E-02,2.5005,1.221245216774));
#6215 = CARTESIAN_POINT('',(3.992387650001E-02,2.5005,1.23483138688));
#6216 = CARTESIAN_POINT('',(3.042742086405E-02,2.5005,1.244951697266));
#6217 = ORIENTED_EDGE('',*,*,#6218,.T.);
#6218 = EDGE_CURVE('',#6210,#894,#6219,.T.);
#6219 = B_SPLINE_CURVE_WITH_KNOTS('',1,(#6220,#6221),.UNSPECIFIED.,.F.,
  .F.,(2,2),(-0.,1.E-03),.PIECEWISE_BEZIER_KNOTS.);
#6220 = CARTESIAN_POINT('',(3.042742086405E-02,2.5005,1.244951697266));
#6221 = CARTESIAN_POINT('',(3.042742086405E-02,2.4995,1.244951697266));
#6222 = ORIENTED_EDGE('',*,*,#902,.F.);
#6223 = B_SPLINE_SURFACE_WITH_KNOTS('',3,1,(
    (#6224,#6225)
    ,(#6226,#6227)
    ,(#6228,#6229)
    ,(#6230,#6231
    )),.UNSPECIFIED.,.F.,.F.,.F.,(4,4),(2,2),(9.,10.),(0.,1.),
  .PIECEWISE_BEZIER_KNOTS.);
#6224 = CARTESIAN_POINT('',(4.467210431753E-02,2.5005,1.204193186947));
#6225 = CARTESIAN_POINT('',(4.467210431753E-02,2.4995,1.204193186947));
#6226 = CARTESIAN_POINT('',(4.467210431753E-02,2.5005,1.221245216774));
#6227 = CARTESIAN_POINT('',(4.467210431753E-02,2.4995,1.221245216774));
#6228 = CARTESIAN_POINT('',(3.992387650001E-02,2.5005,1.23483138688));
#6229 = CARTESIAN_POINT('',(3.992387650001E-02,2.4995,1.23483138688));
#6230 = CARTESIAN_POINT('',(3.042742086405E-02,2.5005,1.244951697266));
#6231 = CARTESIAN_POINT('',(3.042742086405E-02,2.4995,1.244951697266));
#6232 = ADVANCED_FACE('',(#6233),#6251,.F.);
#6233 = FACE_BOUND('',#6234,.F.);
#6234 = EDGE_LOOP('',(#6235,#6236,#6245,#6250));
#6235 = ORIENTED_EDGE('',*,*,#6218,.F.);
#6236 = ORIENTED_EDGE('',*,*,#6237,.T.);
#6237 = EDGE_CURVE('',#6210,#6238,#6240,.T.);
#6238 = VERTEX_POINT('',#6239);
#6239 = CARTESIAN_POINT('',(-6.518643762359E-03,2.5005,1.259993528455));
#6240 = B_SPLINE_CURVE_WITH_KNOTS('',3,(#6241,#6242,#6243,#6244),
  .UNSPECIFIED.,.F.,.F.,(4,4),(8.,9.),.PIECEWISE_BEZIER_KNOTS.);
#6241 = CARTESIAN_POINT('',(3.042742086405E-02,2.5005,1.244951697266));
#6242 = CARTESIAN_POINT('',(2.089630663137E-02,2.5005,1.255002690457));
#6243 = CARTESIAN_POINT('',(8.592504621324E-03,2.5005,1.259993528455));
#6244 = CARTESIAN_POINT('',(-6.518643762359E-03,2.5005,1.259993528455));
#6245 = ORIENTED_EDGE('',*,*,#6246,.T.);
#6246 = EDGE_CURVE('',#6238,#885,#6247,.T.);
#6247 = B_SPLINE_CURVE_WITH_KNOTS('',1,(#6248,#6249),.UNSPECIFIED.,.F.,
  .F.,(2,2),(-0.,1.E-03),.PIECEWISE_BEZIER_KNOTS.);
#6248 = CARTESIAN_POINT('',(-6.518643762359E-03,2.5005,1.259993528455));
#6249 = CARTESIAN_POINT('',(-6.518643762359E-03,2.4995,1.259993528455));
#6250 = ORIENTED_EDGE('',*,*,#893,.F.);
#6251 = B_SPLINE_SURFACE_WITH_KNOTS('',3,1,(
    (#6252,#6253)
    ,(#6254,#6255)
    ,(#6256,#6257)
    ,(#6258,#6259
    )),.UNSPECIFIED.,.F.,.F.,.F.,(4,4),(2,2),(8.,9.),(0.,1.),
  .PIECEWISE_BEZIER_KNOTS.);
#6252 = CARTESIAN_POINT('',(3.042742086405E-02,2.5005,1.244951697266));
#6253 = CARTESIAN_POINT('',(3.042742086405E-02,2.4995,1.244951697266));
#6254 = CARTESIAN_POINT('',(2.089630663137E-02,2.5005,1.255002690457));
#6255 = CARTESIAN_POINT('',(2.089630663137E-02,2.4995,1.255002690457));
#6256 = CARTESIAN_POINT('',(8.592504621324E-03,2.5005,1.259993528455));
#6257 = CARTESIAN_POINT('',(8.592504621324E-03,2.4995,1.259993528455));
#6258 = CARTESIAN_POINT('',(-6.518643762359E-03,2.5005,1.259993528455));
#6259 = CARTESIAN_POINT('',(-6.518643762359E-03,2.4995,1.259993528455));
#6260 = ADVANCED_FACE('',(#6261),#6279,.F.);
#6261 = FACE_BOUND('',#6262,.F.);
#6262 = EDGE_LOOP('',(#6263,#6264,#6273,#6278));
#6263 = ORIENTED_EDGE('',*,*,#6246,.F.);
#6264 = ORIENTED_EDGE('',*,*,#6265,.T.);
#6265 = EDGE_CURVE('',#6238,#6266,#6268,.T.);
#6266 = VERTEX_POINT('',#6267);
#6267 = CARTESIAN_POINT('',(-3.847387039059E-02,2.5005,1.251952733903));
#6268 = B_SPLINE_CURVE_WITH_KNOTS('',3,(#6269,#6270,#6271,#6272),
  .UNSPECIFIED.,.F.,.F.,(4,4),(7.,8.),.PIECEWISE_BEZIER_KNOTS.);
#6269 = CARTESIAN_POINT('',(-6.518643762359E-03,2.5005,1.259993528455));
#6270 = CARTESIAN_POINT('',(-1.812927382761E-02,2.5005,1.259993528455));
#6271 = CARTESIAN_POINT('',(-2.87694631716E-02,2.5005,1.257359475067));
#6272 = CARTESIAN_POINT('',(-3.847387039059E-02,2.5005,1.251952733903));
#6273 = ORIENTED_EDGE('',*,*,#6274,.T.);
#6274 = EDGE_CURVE('',#6266,#878,#6275,.T.);
#6275 = B_SPLINE_CURVE_WITH_KNOTS('',1,(#6276,#6277),.UNSPECIFIED.,.F.,
  .F.,(2,2),(-0.,1.E-03),.PIECEWISE_BEZIER_KNOTS.);
#6276 = CARTESIAN_POINT('',(-3.847387039059E-02,2.5005,1.251952733903));
#6277 = CARTESIAN_POINT('',(-3.847387039059E-02,2.4995,1.251952733903));
#6278 = ORIENTED_EDGE('',*,*,#884,.F.);
#6279 = B_SPLINE_SURFACE_WITH_KNOTS('',3,1,(
    (#6280,#6281)
    ,(#6282,#6283)
    ,(#6284,#6285)
    ,(#6286,#6287
    )),.UNSPECIFIED.,.F.,.F.,.F.,(4,4),(2,2),(7.,8.),(0.,1.),
  .PIECEWISE_BEZIER_KNOTS.);
#6280 = CARTESIAN_POINT('',(-6.518643762359E-03,2.5005,1.259993528455));
#6281 = CARTESIAN_POINT('',(-6.518643762359E-03,2.4995,1.259993528455));
#6282 = CARTESIAN_POINT('',(-1.812927382761E-02,2.5005,1.259993528455));
#6283 = CARTESIAN_POINT('',(-1.812927382761E-02,2.4995,1.259993528455));
#6284 = CARTESIAN_POINT('',(-2.87694631716E-02,2.5005,1.257359475067));
#6285 = CARTESIAN_POINT('',(-2.87694631716E-02,2.4995,1.257359475067));
#6286 = CARTESIAN_POINT('',(-3.847387039059E-02,2.5005,1.251952733903));
#6287 = CARTESIAN_POINT('',(-3.847387039059E-02,2.4995,1.251952733903));
#6288 = ADVANCED_FACE('',(#6289),#6305,.F.);
#6289 = FACE_BOUND('',#6290,.T.);
#6290 = EDGE_LOOP('',(#6291,#6292,#6299,#6304));
#6291 = ORIENTED_EDGE('',*,*,#877,.T.);
#6292 = ORIENTED_EDGE('',*,*,#6293,.F.);
#6293 = EDGE_CURVE('',#6294,#869,#6296,.T.);
#6294 = VERTEX_POINT('',#6295);
#6295 = CARTESIAN_POINT('',(-3.847387039059E-02,2.5005,1.27025247323));
#6296 = B_SPLINE_CURVE_WITH_KNOTS('',1,(#6297,#6298),.UNSPECIFIED.,.F.,
  .F.,(2,2),(-0.,1.E-03),.PIECEWISE_BEZIER_KNOTS.);
#6297 = CARTESIAN_POINT('',(-3.847387039059E-02,2.5005,1.27025247323));
#6298 = CARTESIAN_POINT('',(-3.847387039059E-02,2.4995,1.27025247323));
#6299 = ORIENTED_EDGE('',*,*,#6300,.F.);
#6300 = EDGE_CURVE('',#6266,#6294,#6301,.T.);
#6301 = B_SPLINE_CURVE_WITH_KNOTS('',1,(#6302,#6303),.UNSPECIFIED.,.F.,
  .F.,(2,2),(-1.829973932666E-02,0.),.PIECEWISE_BEZIER_KNOTS.);
#6302 = CARTESIAN_POINT('',(-3.847387039059E-02,2.5005,1.251952733903));
#6303 = CARTESIAN_POINT('',(-3.847387039059E-02,2.5005,1.27025247323));
#6304 = ORIENTED_EDGE('',*,*,#6274,.T.);
#6305 = B_SPLINE_SURFACE_WITH_KNOTS('',1,1,(
    (#6306,#6307)
    ,(#6308,#6309
    )),.UNSPECIFIED.,.F.,.F.,.F.,(2,2),(2,2),(-0.,1.829973932666E-02),(
    -1.E-03,0.),.PIECEWISE_BEZIER_KNOTS.);
#6306 = CARTESIAN_POINT('',(-3.847387039059E-02,2.4995,1.27025247323));
#6307 = CARTESIAN_POINT('',(-3.847387039059E-02,2.5005,1.27025247323));
#6308 = CARTESIAN_POINT('',(-3.847387039059E-02,2.4995,1.251952733903));
#6309 = CARTESIAN_POINT('',(-3.847387039059E-02,2.5005,1.251952733903));
#6310 = ADVANCED_FACE('',(#6311),#6329,.F.);
#6311 = FACE_BOUND('',#6312,.F.);
#6312 = EDGE_LOOP('',(#6313,#6314,#6323,#6328));
#6313 = ORIENTED_EDGE('',*,*,#6293,.F.);
#6314 = ORIENTED_EDGE('',*,*,#6315,.T.);
#6315 = EDGE_CURVE('',#6294,#6316,#6318,.T.);
#6316 = VERTEX_POINT('',#6317);
#6317 = CARTESIAN_POINT('',(-6.345350776043E-03,2.5005,1.275797848784));
#6318 = B_SPLINE_CURVE_WITH_KNOTS('',3,(#6319,#6320,#6321,#6322),
  .UNSPECIFIED.,.F.,.F.,(4,4),(5.,6.),.PIECEWISE_BEZIER_KNOTS.);
#6319 = CARTESIAN_POINT('',(-3.847387039059E-02,2.5005,1.27025247323));
#6320 = CARTESIAN_POINT('',(-3.001717267115E-02,2.5005,1.273926284534));
#6321 = CARTESIAN_POINT('',(-1.930766613281E-02,2.5005,1.275797848784));
#6322 = CARTESIAN_POINT('',(-6.345350776043E-03,2.5005,1.275797848784));
#6323 = ORIENTED_EDGE('',*,*,#6324,.T.);
#6324 = EDGE_CURVE('',#6316,#860,#6325,.T.);
#6325 = B_SPLINE_CURVE_WITH_KNOTS('',1,(#6326,#6327),.UNSPECIFIED.,.F.,
  .F.,(2,2),(-0.,1.E-03),.PIECEWISE_BEZIER_KNOTS.);
#6326 = CARTESIAN_POINT('',(-6.345350776043E-03,2.5005,1.275797848784));
#6327 = CARTESIAN_POINT('',(-6.345350776043E-03,2.4995,1.275797848784));
#6328 = ORIENTED_EDGE('',*,*,#868,.F.);
#6329 = B_SPLINE_SURFACE_WITH_KNOTS('',3,1,(
    (#6330,#6331)
    ,(#6332,#6333)
    ,(#6334,#6335)
    ,(#6336,#6337
    )),.UNSPECIFIED.,.F.,.F.,.F.,(4,4),(2,2),(5.,6.),(0.,1.),
  .PIECEWISE_BEZIER_KNOTS.);
#6330 = CARTESIAN_POINT('',(-3.847387039059E-02,2.5005,1.27025247323));
#6331 = CARTESIAN_POINT('',(-3.847387039059E-02,2.4995,1.27025247323));
#6332 = CARTESIAN_POINT('',(-3.001717267115E-02,2.5005,1.273926284534));
#6333 = CARTESIAN_POINT('',(-3.001717267115E-02,2.4995,1.273926284534));
#6334 = CARTESIAN_POINT('',(-1.930766613281E-02,2.5005,1.275797848784));
#6335 = CARTESIAN_POINT('',(-1.930766613281E-02,2.4995,1.275797848784));
#6336 = CARTESIAN_POINT('',(-6.345350776043E-03,2.5005,1.275797848784));
#6337 = CARTESIAN_POINT('',(-6.345350776043E-03,2.4995,1.275797848784));
#6338 = ADVANCED_FACE('',(#6339),#6357,.F.);
#6339 = FACE_BOUND('',#6340,.F.);
#6340 = EDGE_LOOP('',(#6341,#6342,#6351,#6356));
#6341 = ORIENTED_EDGE('',*,*,#6324,.F.);
#6342 = ORIENTED_EDGE('',*,*,#6343,.T.);
#6343 = EDGE_CURVE('',#6316,#6344,#6346,.T.);
#6344 = VERTEX_POINT('',#6345);
#6345 = CARTESIAN_POINT('',(4.345905341562E-02,2.5005,1.25583449679));
#6346 = B_SPLINE_CURVE_WITH_KNOTS('',3,(#6347,#6348,#6349,#6350),
  .UNSPECIFIED.,.F.,.F.,(4,4),(4.,5.),.PIECEWISE_BEZIER_KNOTS.);
#6347 = CARTESIAN_POINT('',(-6.345350776043E-03,2.5005,1.275797848784));
#6348 = CARTESIAN_POINT('',(1.379129420299E-02,2.5005,1.275797848784));
#6349 = CARTESIAN_POINT('',(3.039276226688E-02,2.5005,1.269143398119));
#6350 = CARTESIAN_POINT('',(4.345905341562E-02,2.5005,1.25583449679));
#6351 = ORIENTED_EDGE('',*,*,#6352,.T.);
#6352 = EDGE_CURVE('',#6344,#851,#6353,.T.);
#6353 = B_SPLINE_CURVE_WITH_KNOTS('',1,(#6354,#6355),.UNSPECIFIED.,.F.,
  .F.,(2,2),(-0.,1.E-03),.PIECEWISE_BEZIER_KNOTS.);
#6354 = CARTESIAN_POINT('',(4.345905341562E-02,2.5005,1.25583449679));
#6355 = CARTESIAN_POINT('',(4.345905341562E-02,2.4995,1.25583449679));
#6356 = ORIENTED_EDGE('',*,*,#859,.F.);
#6357 = B_SPLINE_SURFACE_WITH_KNOTS('',3,1,(
    (#6358,#6359)
    ,(#6360,#6361)
    ,(#6362,#6363)
    ,(#6364,#6365
    )),.UNSPECIFIED.,.F.,.F.,.F.,(4,4),(2,2),(4.,5.),(0.,1.),
  .PIECEWISE_BEZIER_KNOTS.);
#6358 = CARTESIAN_POINT('',(-6.345350776043E-03,2.5005,1.275797848784));
#6359 = CARTESIAN_POINT('',(-6.345350776043E-03,2.4995,1.275797848784));
#6360 = CARTESIAN_POINT('',(1.379129420299E-02,2.5005,1.275797848784));
#6361 = CARTESIAN_POINT('',(1.379129420299E-02,2.4995,1.275797848784));
#6362 = CARTESIAN_POINT('',(3.039276226688E-02,2.5005,1.269143398119));
#6363 = CARTESIAN_POINT('',(3.039276226688E-02,2.4995,1.269143398119));
#6364 = CARTESIAN_POINT('',(4.345905341562E-02,2.5005,1.25583449679));
#6365 = CARTESIAN_POINT('',(4.345905341562E-02,2.4995,1.25583449679));
#6366 = ADVANCED_FACE('',(#6367),#6385,.F.);
#6367 = FACE_BOUND('',#6368,.F.);
#6368 = EDGE_LOOP('',(#6369,#6370,#6379,#6384));
#6369 = ORIENTED_EDGE('',*,*,#6352,.F.);
#6370 = ORIENTED_EDGE('',*,*,#6371,.T.);
#6371 = EDGE_CURVE('',#6344,#6372,#6374,.T.);
#6372 = VERTEX_POINT('',#6373);
#6373 = CARTESIAN_POINT('',(6.304116083945E-02,2.5005,1.20315342903));
#6374 = B_SPLINE_CURVE_WITH_KNOTS('',3,(#6375,#6376,#6377,#6378),
  .UNSPECIFIED.,.F.,.F.,(4,4),(3.,4.),.PIECEWISE_BEZIER_KNOTS.);
#6375 = CARTESIAN_POINT('',(4.345905341562E-02,2.5005,1.25583449679));
#6376 = CARTESIAN_POINT('',(5.65253445639E-02,2.5005,1.242525595461));
#6377 = CARTESIAN_POINT('',(6.304116083945E-02,2.5005,1.224988345273));
#6378 = CARTESIAN_POINT('',(6.304116083945E-02,2.5005,1.20315342903));
#6379 = ORIENTED_EDGE('',*,*,#6380,.T.);
#6380 = EDGE_CURVE('',#6372,#842,#6381,.T.);
#6381 = B_SPLINE_CURVE_WITH_KNOTS('',1,(#6382,#6383),.UNSPECIFIED.,.F.,
  .F.,(2,2),(-0.,1.E-03),.PIECEWISE_BEZIER_KNOTS.);
#6382 = CARTESIAN_POINT('',(6.304116083945E-02,2.5005,1.20315342903));
#6383 = CARTESIAN_POINT('',(6.304116083945E-02,2.4995,1.20315342903));
#6384 = ORIENTED_EDGE('',*,*,#850,.F.);
#6385 = B_SPLINE_SURFACE_WITH_KNOTS('',3,1,(
    (#6386,#6387)
    ,(#6388,#6389)
    ,(#6390,#6391)
    ,(#6392,#6393
    )),.UNSPECIFIED.,.F.,.F.,.F.,(4,4),(2,2),(3.,4.),(0.,1.),
  .PIECEWISE_BEZIER_KNOTS.);
#6386 = CARTESIAN_POINT('',(4.345905341562E-02,2.5005,1.25583449679));
#6387 = CARTESIAN_POINT('',(4.345905341562E-02,2.4995,1.25583449679));
#6388 = CARTESIAN_POINT('',(5.65253445639E-02,2.5005,1.242525595461));
#6389 = CARTESIAN_POINT('',(5.65253445639E-02,2.4995,1.242525595461));
#6390 = CARTESIAN_POINT('',(6.304116083945E-02,2.5005,1.224988345273));
#6391 = CARTESIAN_POINT('',(6.304116083945E-02,2.4995,1.224988345273));
#6392 = CARTESIAN_POINT('',(6.304116083945E-02,2.5005,1.20315342903));
#6393 = CARTESIAN_POINT('',(6.304116083945E-02,2.4995,1.20315342903));
#6394 = ADVANCED_FACE('',(#6395),#6413,.F.);
#6395 = FACE_BOUND('',#6396,.F.);
#6396 = EDGE_LOOP('',(#6397,#6398,#6407,#6412));
#6397 = ORIENTED_EDGE('',*,*,#6380,.F.);
#6398 = ORIENTED_EDGE('',*,*,#6399,.T.);
#6399 = EDGE_CURVE('',#6372,#6400,#6402,.T.);
#6400 = VERTEX_POINT('',#6401);
#6401 = CARTESIAN_POINT('',(4.564254503971E-02,2.5005,1.154146172574));
#6402 = B_SPLINE_CURVE_WITH_KNOTS('',3,(#6403,#6404,#6405,#6406),
  .UNSPECIFIED.,.F.,.F.,(4,4),(2.,3.),.PIECEWISE_BEZIER_KNOTS.);
#6403 = CARTESIAN_POINT('',(6.304116083945E-02,2.5005,1.20315342903));
#6404 = CARTESIAN_POINT('',(6.304116083945E-02,2.5005,1.182843491064));
#6405 = CARTESIAN_POINT('',(5.725317510542E-02,2.5005,1.166484633181));
#6406 = CARTESIAN_POINT('',(4.564254503971E-02,2.5005,1.154146172574));
#6407 = ORIENTED_EDGE('',*,*,#6408,.T.);
#6408 = EDGE_CURVE('',#6400,#833,#6409,.T.);
#6409 = B_SPLINE_CURVE_WITH_KNOTS('',1,(#6410,#6411),.UNSPECIFIED.,.F.,
  .F.,(2,2),(-0.,1.E-03),.PIECEWISE_BEZIER_KNOTS.);
#6410 = CARTESIAN_POINT('',(4.564254503971E-02,2.5005,1.154146172574));
#6411 = CARTESIAN_POINT('',(4.564254503971E-02,2.4995,1.154146172574));
#6412 = ORIENTED_EDGE('',*,*,#841,.F.);
#6413 = B_SPLINE_SURFACE_WITH_KNOTS('',3,1,(
    (#6414,#6415)
    ,(#6416,#6417)
    ,(#6418,#6419)
    ,(#6420,#6421
    )),.UNSPECIFIED.,.F.,.F.,.F.,(4,4),(2,2),(2.,3.),(0.,1.),
  .PIECEWISE_BEZIER_KNOTS.);
#6414 = CARTESIAN_POINT('',(6.304116083945E-02,2.5005,1.20315342903));
#6415 = CARTESIAN_POINT('',(6.304116083945E-02,2.4995,1.20315342903));
#6416 = CARTESIAN_POINT('',(6.304116083945E-02,2.5005,1.182843491064));
#6417 = CARTESIAN_POINT('',(6.304116083945E-02,2.4995,1.182843491064));
#6418 = CARTESIAN_POINT('',(5.725317510542E-02,2.5005,1.166484633181));
#6419 = CARTESIAN_POINT('',(5.725317510542E-02,2.4995,1.166484633181));
#6420 = CARTESIAN_POINT('',(4.564254503971E-02,2.5005,1.154146172574));
#6421 = CARTESIAN_POINT('',(4.564254503971E-02,2.4995,1.154146172574));
#6422 = ADVANCED_FACE('',(#6423),#6435,.F.);
#6423 = FACE_BOUND('',#6424,.F.);
#6424 = EDGE_LOOP('',(#6425,#6426,#6433,#6434));
#6425 = ORIENTED_EDGE('',*,*,#6408,.F.);
#6426 = ORIENTED_EDGE('',*,*,#6427,.T.);
#6427 = EDGE_CURVE('',#6400,#6069,#6428,.T.);
#6428 = B_SPLINE_CURVE_WITH_KNOTS('',3,(#6429,#6430,#6431,#6432),
  .UNSPECIFIED.,.F.,.F.,(4,4),(1.,2.),.PIECEWISE_BEZIER_KNOTS.);
#6429 = CARTESIAN_POINT('',(4.564254503971E-02,2.5005,1.154146172574));
#6430 = CARTESIAN_POINT('',(3.4031914974E-02,2.5005,1.141807711968));
#6431 = CARTESIAN_POINT('',(1.85048634238E-02,2.5005,1.135638481664));
#6432 = CARTESIAN_POINT('',(-9.386096113506E-04,2.5005,1.135638481664));
#6433 = ORIENTED_EDGE('',*,*,#6068,.T.);
#6434 = ORIENTED_EDGE('',*,*,#832,.F.);
#6435 = B_SPLINE_SURFACE_WITH_KNOTS('',3,1,(
    (#6436,#6437)
    ,(#6438,#6439)
    ,(#6440,#6441)
    ,(#6442,#6443
    )),.UNSPECIFIED.,.F.,.F.,.F.,(4,4),(2,2),(1.,2.),(0.,1.),
  .PIECEWISE_BEZIER_KNOTS.);
#6436 = CARTESIAN_POINT('',(4.564254503971E-02,2.5005,1.154146172574));
#6437 = CARTESIAN_POINT('',(4.564254503971E-02,2.4995,1.154146172574));
#6438 = CARTESIAN_POINT('',(3.4031914974E-02,2.5005,1.141807711968));
#6439 = CARTESIAN_POINT('',(3.4031914974E-02,2.4995,1.141807711968));
#6440 = CARTESIAN_POINT('',(1.85048634238E-02,2.5005,1.135638481664));
#6441 = CARTESIAN_POINT('',(1.85048634238E-02,2.4995,1.135638481664));
#6442 = CARTESIAN_POINT('',(-9.386096113506E-04,2.5005,1.135638481664));
#6443 = CARTESIAN_POINT('',(-9.386096113506E-04,2.4995,1.135638481664));
#6444 = ADVANCED_FACE('',(#6445),#6461,.T.);
#6445 = FACE_BOUND('',#6446,.T.);
#6446 = EDGE_LOOP('',(#6447,#6448,#6449,#6450,#6451,#6452,#6453,#6454,
    #6455,#6456,#6457,#6458,#6459,#6460));
#6447 = ORIENTED_EDGE('',*,*,#6075,.T.);
#6448 = ORIENTED_EDGE('',*,*,#6110,.T.);
#6449 = ORIENTED_EDGE('',*,*,#6125,.T.);
#6450 = ORIENTED_EDGE('',*,*,#6153,.T.);
#6451 = ORIENTED_EDGE('',*,*,#6181,.T.);
#6452 = ORIENTED_EDGE('',*,*,#6209,.T.);
#6453 = ORIENTED_EDGE('',*,*,#6237,.T.);
#6454 = ORIENTED_EDGE('',*,*,#6265,.T.);
#6455 = ORIENTED_EDGE('',*,*,#6300,.T.);
#6456 = ORIENTED_EDGE('',*,*,#6315,.T.);
#6457 = ORIENTED_EDGE('',*,*,#6343,.T.);
#6458 = ORIENTED_EDGE('',*,*,#6371,.T.);
#6459 = ORIENTED_EDGE('',*,*,#6399,.T.);
#6460 = ORIENTED_EDGE('',*,*,#6427,.T.);
#6461 = B_SPLINE_SURFACE_WITH_KNOTS('',1,1,(
    (#6462,#6463)
    ,(#6464,#6465
    )),.UNSPECIFIED.,.F.,.F.,.F.,(2,2),(2,2),(-1.975540040946E-03,
    0.138183827079),(-1.687007219242E-02,8.464495903762E-02),
  .PIECEWISE_BEZIER_KNOTS.);
#6462 = CARTESIAN_POINT('',(-3.847387039059E-02,2.5005,1.135638481664));
#6463 = CARTESIAN_POINT('',(6.304116083945E-02,2.5005,1.135638481664));
#6464 = CARTESIAN_POINT('',(-3.847387039059E-02,2.5005,1.275797848784));
#6465 = CARTESIAN_POINT('',(6.304116083945E-02,2.5005,1.275797848784));
#6466 = ADVANCED_FACE('',(#6467),#6489,.F.);
#6467 = FACE_BOUND('',#6468,.T.);
#6468 = EDGE_LOOP('',(#6469,#6470,#6477,#6484));
#6469 = ORIENTED_EDGE('',*,*,#947,.T.);
#6470 = ORIENTED_EDGE('',*,*,#6471,.F.);
#6471 = EDGE_CURVE('',#6472,#939,#6474,.T.);
#6472 = VERTEX_POINT('',#6473);
#6473 = CARTESIAN_POINT('',(-0.138533240537,2.5005,1.153383683436));
#6474 = B_SPLINE_CURVE_WITH_KNOTS('',1,(#6475,#6476),.UNSPECIFIED.,.F.,
  .F.,(2,2),(-0.,1.E-03),.PIECEWISE_BEZIER_KNOTS.);
#6475 = CARTESIAN_POINT('',(-0.138533240537,2.5005,1.153383683436));
#6476 = CARTESIAN_POINT('',(-0.138533240537,2.4995,1.153383683436));
#6477 = ORIENTED_EDGE('',*,*,#6478,.F.);
#6478 = EDGE_CURVE('',#6479,#6472,#6481,.T.);
#6479 = VERTEX_POINT('',#6480);
#6480 = CARTESIAN_POINT('',(-0.138533240537,2.5005,1.13792594908));
#6481 = B_SPLINE_CURVE_WITH_KNOTS('',1,(#6482,#6483),.UNSPECIFIED.,.F.,
  .F.,(2,2),(-1.545773435586E-02,0.),.PIECEWISE_BEZIER_KNOTS.);
#6482 = CARTESIAN_POINT('',(-0.138533240537,2.5005,1.13792594908));
#6483 = CARTESIAN_POINT('',(-0.138533240537,2.5005,1.153383683436));
#6484 = ORIENTED_EDGE('',*,*,#6485,.T.);
#6485 = EDGE_CURVE('',#6479,#948,#6486,.T.);
#6486 = B_SPLINE_CURVE_WITH_KNOTS('',1,(#6487,#6488),.UNSPECIFIED.,.F.,
  .F.,(2,2),(-0.,1.E-03),.PIECEWISE_BEZIER_KNOTS.);
#6487 = CARTESIAN_POINT('',(-0.138533240537,2.5005,1.13792594908));
#6488 = CARTESIAN_POINT('',(-0.138533240537,2.4995,1.13792594908));
#6489 = B_SPLINE_SURFACE_WITH_KNOTS('',1,1,(
    (#6490,#6491)
    ,(#6492,#6493
    )),.UNSPECIFIED.,.F.,.F.,.F.,(2,2),(2,2),(-0.,1.545773435586E-02),(
    -1.E-03,0.),.PIECEWISE_BEZIER_KNOTS.);
#6490 = CARTESIAN_POINT('',(-0.138533240537,2.4995,1.153383683436));
#6491 = CARTESIAN_POINT('',(-0.138533240537,2.5005,1.153383683436));
#6492 = CARTESIAN_POINT('',(-0.138533240537,2.4995,1.13792594908));
#6493 = CARTESIAN_POINT('',(-0.138533240537,2.5005,1.13792594908));
#6494 = ADVANCED_FACE('',(#6495),#6511,.F.);
#6495 = FACE_BOUND('',#6496,.T.);
#6496 = EDGE_LOOP('',(#6497,#6498,#6505,#6510));
#6497 = ORIENTED_EDGE('',*,*,#938,.T.);
#6498 = ORIENTED_EDGE('',*,*,#6499,.F.);
#6499 = EDGE_CURVE('',#6500,#941,#6502,.T.);
#6500 = VERTEX_POINT('',#6501);
#6501 = CARTESIAN_POINT('',(-8.311414359775E-02,2.5005,1.153383683436));
#6502 = B_SPLINE_CURVE_WITH_KNOTS('',1,(#6503,#6504),.UNSPECIFIED.,.F.,
  .F.,(2,2),(-0.,1.E-03),.PIECEWISE_BEZIER_KNOTS.);
#6503 = CARTESIAN_POINT('',(-8.311414359775E-02,2.5005,1.153383683436));
#6504 = CARTESIAN_POINT('',(-8.311414359775E-02,2.4995,1.153383683436));
#6505 = ORIENTED_EDGE('',*,*,#6506,.F.);
#6506 = EDGE_CURVE('',#6472,#6500,#6507,.T.);
#6507 = B_SPLINE_CURVE_WITH_KNOTS('',1,(#6508,#6509),.UNSPECIFIED.,.F.,
  .F.,(2,2),(-5.541909693938E-02,0.),.PIECEWISE_BEZIER_KNOTS.);
#6508 = CARTESIAN_POINT('',(-0.138533240537,2.5005,1.153383683436));
#6509 = CARTESIAN_POINT('',(-8.311414359775E-02,2.5005,1.153383683436));
#6510 = ORIENTED_EDGE('',*,*,#6471,.T.);
#6511 = B_SPLINE_SURFACE_WITH_KNOTS('',1,1,(
    (#6512,#6513)
    ,(#6514,#6515
    )),.UNSPECIFIED.,.F.,.F.,.F.,(2,2),(2,2),(0.,5.541909693938E-02),(
    -1.E-03,0.),.PIECEWISE_BEZIER_KNOTS.);
#6512 = CARTESIAN_POINT('',(-8.311414359775E-02,2.4995,1.153383683436));
#6513 = CARTESIAN_POINT('',(-8.311414359775E-02,2.5005,1.153383683436));
#6514 = CARTESIAN_POINT('',(-0.138533240537,2.4995,1.153383683436));
#6515 = CARTESIAN_POINT('',(-0.138533240537,2.5005,1.153383683436));
#6516 = ADVANCED_FACE('',(#6517),#6533,.F.);
#6517 = FACE_BOUND('',#6518,.T.);
#6518 = EDGE_LOOP('',(#6519,#6520,#6527,#6532));
#6519 = ORIENTED_EDGE('',*,*,#1017,.T.);
#6520 = ORIENTED_EDGE('',*,*,#6521,.F.);
#6521 = EDGE_CURVE('',#6522,#1011,#6524,.T.);
#6522 = VERTEX_POINT('',#6523);
#6523 = CARTESIAN_POINT('',(-8.311414359775E-02,2.5005,1.198994397365));
#6524 = B_SPLINE_CURVE_WITH_KNOTS('',1,(#6525,#6526),.UNSPECIFIED.,.F.,
  .F.,(2,2),(-0.,1.E-03),.PIECEWISE_BEZIER_KNOTS.);
#6525 = CARTESIAN_POINT('',(-8.311414359775E-02,2.5005,1.198994397365));
#6526 = CARTESIAN_POINT('',(-8.311414359775E-02,2.4995,1.198994397365));
#6527 = ORIENTED_EDGE('',*,*,#6528,.F.);
#6528 = EDGE_CURVE('',#6500,#6522,#6529,.T.);
#6529 = B_SPLINE_CURVE_WITH_KNOTS('',1,(#6530,#6531),.UNSPECIFIED.,.F.,
  .F.,(2,2),(-4.561071392888E-02,0.),.PIECEWISE_BEZIER_KNOTS.);
#6530 = CARTESIAN_POINT('',(-8.311414359775E-02,2.5005,1.153383683436));
#6531 = CARTESIAN_POINT('',(-8.311414359775E-02,2.5005,1.198994397365));
#6532 = ORIENTED_EDGE('',*,*,#6499,.T.);
#6533 = B_SPLINE_SURFACE_WITH_KNOTS('',1,1,(
    (#6534,#6535)
    ,(#6536,#6537
    )),.UNSPECIFIED.,.F.,.F.,.F.,(2,2),(2,2),(-0.,4.561071392888E-02),(
    -1.E-03,0.),.PIECEWISE_BEZIER_KNOTS.);
#6534 = CARTESIAN_POINT('',(-8.311414359775E-02,2.4995,1.198994397365));
#6535 = CARTESIAN_POINT('',(-8.311414359775E-02,2.5005,1.198994397365));
#6536 = CARTESIAN_POINT('',(-8.311414359775E-02,2.4995,1.153383683436));
#6537 = CARTESIAN_POINT('',(-8.311414359775E-02,2.5005,1.153383683436));
#6538 = ADVANCED_FACE('',(#6539),#6555,.F.);
#6539 = FACE_BOUND('',#6540,.T.);
#6540 = EDGE_LOOP('',(#6541,#6542,#6549,#6554));
#6541 = ORIENTED_EDGE('',*,*,#1010,.T.);
#6542 = ORIENTED_EDGE('',*,*,#6543,.F.);
#6543 = EDGE_CURVE('',#6544,#1004,#6546,.T.);
#6544 = VERTEX_POINT('',#6545);
#6545 = CARTESIAN_POINT('',(-0.131601521095,2.5005,1.198994397365));
#6546 = B_SPLINE_CURVE_WITH_KNOTS('',1,(#6547,#6548),.UNSPECIFIED.,.F.,
  .F.,(2,2),(-0.,1.E-03),.PIECEWISE_BEZIER_KNOTS.);
#6547 = CARTESIAN_POINT('',(-0.131601521095,2.5005,1.198994397365));
#6548 = CARTESIAN_POINT('',(-0.131601521095,2.4995,1.198994397365));
#6549 = ORIENTED_EDGE('',*,*,#6550,.F.);
#6550 = EDGE_CURVE('',#6522,#6544,#6551,.T.);
#6551 = B_SPLINE_CURVE_WITH_KNOTS('',1,(#6552,#6553),.UNSPECIFIED.,.F.,
  .F.,(2,2),(-4.848737749731E-02,0.),.PIECEWISE_BEZIER_KNOTS.);
#6552 = CARTESIAN_POINT('',(-8.311414359775E-02,2.5005,1.198994397365));
#6553 = CARTESIAN_POINT('',(-0.131601521095,2.5005,1.198994397365));
#6554 = ORIENTED_EDGE('',*,*,#6521,.T.);
#6555 = B_SPLINE_SURFACE_WITH_KNOTS('',1,1,(
    (#6556,#6557)
    ,(#6558,#6559
    )),.UNSPECIFIED.,.F.,.F.,.F.,(2,2),(2,2),(0.,4.848737749731E-02),(
    -1.E-03,0.),.PIECEWISE_BEZIER_KNOTS.);
#6556 = CARTESIAN_POINT('',(-0.131601521095,2.4995,1.198994397365));
#6557 = CARTESIAN_POINT('',(-0.131601521095,2.5005,1.198994397365));
#6558 = CARTESIAN_POINT('',(-8.311414359775E-02,2.4995,1.198994397365));
#6559 = CARTESIAN_POINT('',(-8.311414359775E-02,2.5005,1.198994397365));
#6560 = ADVANCED_FACE('',(#6561),#6577,.F.);
#6561 = FACE_BOUND('',#6562,.T.);
#6562 = EDGE_LOOP('',(#6563,#6564,#6571,#6576));
#6563 = ORIENTED_EDGE('',*,*,#1003,.T.);
#6564 = ORIENTED_EDGE('',*,*,#6565,.F.);
#6565 = EDGE_CURVE('',#6566,#997,#6568,.T.);
#6566 = VERTEX_POINT('',#6567);
#6567 = CARTESIAN_POINT('',(-0.131601521095,2.5005,1.214521448915));
#6568 = B_SPLINE_CURVE_WITH_KNOTS('',1,(#6569,#6570),.UNSPECIFIED.,.F.,
  .F.,(2,2),(-0.,1.E-03),.PIECEWISE_BEZIER_KNOTS.);
#6569 = CARTESIAN_POINT('',(-0.131601521095,2.5005,1.214521448915));
#6570 = CARTESIAN_POINT('',(-0.131601521095,2.4995,1.214521448915));
#6571 = ORIENTED_EDGE('',*,*,#6572,.F.);
#6572 = EDGE_CURVE('',#6544,#6566,#6573,.T.);
#6573 = B_SPLINE_CURVE_WITH_KNOTS('',1,(#6574,#6575),.UNSPECIFIED.,.F.,
  .F.,(2,2),(-1.55270515502E-02,0.),.PIECEWISE_BEZIER_KNOTS.);
#6574 = CARTESIAN_POINT('',(-0.131601521095,2.5005,1.198994397365));
#6575 = CARTESIAN_POINT('',(-0.131601521095,2.5005,1.214521448915));
#6576 = ORIENTED_EDGE('',*,*,#6543,.T.);
#6577 = B_SPLINE_SURFACE_WITH_KNOTS('',1,1,(
    (#6578,#6579)
    ,(#6580,#6581
    )),.UNSPECIFIED.,.F.,.F.,.F.,(2,2),(2,2),(0.,1.55270515502E-02),(
    -1.E-03,0.),.PIECEWISE_BEZIER_KNOTS.);
#6578 = CARTESIAN_POINT('',(-0.131601521095,2.4995,1.214521448915));
#6579 = CARTESIAN_POINT('',(-0.131601521095,2.5005,1.214521448915));
#6580 = CARTESIAN_POINT('',(-0.131601521095,2.4995,1.198994397365));
#6581 = CARTESIAN_POINT('',(-0.131601521095,2.5005,1.198994397365));
#6582 = ADVANCED_FACE('',(#6583),#6599,.F.);
#6583 = FACE_BOUND('',#6584,.T.);
#6584 = EDGE_LOOP('',(#6585,#6586,#6593,#6598));
#6585 = ORIENTED_EDGE('',*,*,#996,.T.);
#6586 = ORIENTED_EDGE('',*,*,#6587,.F.);
#6587 = EDGE_CURVE('',#6588,#990,#6590,.T.);
#6588 = VERTEX_POINT('',#6589);
#6589 = CARTESIAN_POINT('',(-8.311414359775E-02,2.5005,1.214521448915));
#6590 = B_SPLINE_CURVE_WITH_KNOTS('',1,(#6591,#6592),.UNSPECIFIED.,.F.,
  .F.,(2,2),(-0.,1.E-03),.PIECEWISE_BEZIER_KNOTS.);
#6591 = CARTESIAN_POINT('',(-8.311414359775E-02,2.5005,1.214521448915));
#6592 = CARTESIAN_POINT('',(-8.311414359775E-02,2.4995,1.214521448915));
#6593 = ORIENTED_EDGE('',*,*,#6594,.F.);
#6594 = EDGE_CURVE('',#6566,#6588,#6595,.T.);
#6595 = B_SPLINE_CURVE_WITH_KNOTS('',1,(#6596,#6597),.UNSPECIFIED.,.F.,
  .F.,(2,2),(-4.848737749731E-02,0.),.PIECEWISE_BEZIER_KNOTS.);
#6596 = CARTESIAN_POINT('',(-0.131601521095,2.5005,1.214521448915));
#6597 = CARTESIAN_POINT('',(-8.311414359775E-02,2.5005,1.214521448915));
#6598 = ORIENTED_EDGE('',*,*,#6565,.T.);
#6599 = B_SPLINE_SURFACE_WITH_KNOTS('',1,1,(
    (#6600,#6601)
    ,(#6602,#6603
    )),.UNSPECIFIED.,.F.,.F.,.F.,(2,2),(2,2),(0.,4.848737749731E-02),(
    -1.E-03,0.),.PIECEWISE_BEZIER_KNOTS.);
#6600 = CARTESIAN_POINT('',(-8.311414359775E-02,2.4995,1.214521448915));
#6601 = CARTESIAN_POINT('',(-8.311414359775E-02,2.5005,1.214521448915));
#6602 = CARTESIAN_POINT('',(-0.131601521095,2.4995,1.214521448915));
#6603 = CARTESIAN_POINT('',(-0.131601521095,2.5005,1.214521448915));
#6604 = ADVANCED_FACE('',(#6605),#6621,.F.);
#6605 = FACE_BOUND('',#6606,.T.);
#6606 = EDGE_LOOP('',(#6607,#6608,#6615,#6620));
#6607 = ORIENTED_EDGE('',*,*,#989,.T.);
#6608 = ORIENTED_EDGE('',*,*,#6609,.F.);
#6609 = EDGE_CURVE('',#6610,#983,#6612,.T.);
#6610 = VERTEX_POINT('',#6611);
#6611 = CARTESIAN_POINT('',(-8.311414359775E-02,2.5005,1.257914012623));
#6612 = B_SPLINE_CURVE_WITH_KNOTS('',1,(#6613,#6614),.UNSPECIFIED.,.F.,
  .F.,(2,2),(-0.,1.E-03),.PIECEWISE_BEZIER_KNOTS.);
#6613 = CARTESIAN_POINT('',(-8.311414359775E-02,2.5005,1.257914012623));
#6614 = CARTESIAN_POINT('',(-8.311414359775E-02,2.4995,1.257914012623));
#6615 = ORIENTED_EDGE('',*,*,#6616,.F.);
#6616 = EDGE_CURVE('',#6588,#6610,#6617,.T.);
#6617 = B_SPLINE_CURVE_WITH_KNOTS('',1,(#6618,#6619),.UNSPECIFIED.,.F.,
  .F.,(2,2),(-4.339256370808E-02,0.),.PIECEWISE_BEZIER_KNOTS.);
#6618 = CARTESIAN_POINT('',(-8.311414359775E-02,2.5005,1.214521448915));
#6619 = CARTESIAN_POINT('',(-8.311414359775E-02,2.5005,1.257914012623));
#6620 = ORIENTED_EDGE('',*,*,#6587,.T.);
#6621 = B_SPLINE_SURFACE_WITH_KNOTS('',1,1,(
    (#6622,#6623)
    ,(#6624,#6625
    )),.UNSPECIFIED.,.F.,.F.,.F.,(2,2),(2,2),(-0.,4.339256370808E-02),(
    -1.E-03,0.),.PIECEWISE_BEZIER_KNOTS.);
#6622 = CARTESIAN_POINT('',(-8.311414359775E-02,2.4995,1.257914012623));
#6623 = CARTESIAN_POINT('',(-8.311414359775E-02,2.5005,1.257914012623));
#6624 = CARTESIAN_POINT('',(-8.311414359775E-02,2.4995,1.214521448915));
#6625 = CARTESIAN_POINT('',(-8.311414359775E-02,2.5005,1.214521448915));
#6626 = ADVANCED_FACE('',(#6627),#6643,.F.);
#6627 = FACE_BOUND('',#6628,.T.);
#6628 = EDGE_LOOP('',(#6629,#6630,#6637,#6642));
#6629 = ORIENTED_EDGE('',*,*,#982,.T.);
#6630 = ORIENTED_EDGE('',*,*,#6631,.F.);
#6631 = EDGE_CURVE('',#6632,#976,#6634,.T.);
#6632 = VERTEX_POINT('',#6633);
#6633 = CARTESIAN_POINT('',(-0.135448625386,2.5005,1.257914012623));
#6634 = B_SPLINE_CURVE_WITH_KNOTS('',1,(#6635,#6636),.UNSPECIFIED.,.F.,
  .F.,(2,2),(-0.,1.E-03),.PIECEWISE_BEZIER_KNOTS.);
#6635 = CARTESIAN_POINT('',(-0.135448625386,2.5005,1.257914012623));
#6636 = CARTESIAN_POINT('',(-0.135448625386,2.4995,1.257914012623));
#6637 = ORIENTED_EDGE('',*,*,#6638,.F.);
#6638 = EDGE_CURVE('',#6610,#6632,#6639,.T.);
#6639 = B_SPLINE_CURVE_WITH_KNOTS('',1,(#6640,#6641),.UNSPECIFIED.,.F.,
  .F.,(2,2),(-5.233448178793E-02,0.),.PIECEWISE_BEZIER_KNOTS.);
#6640 = CARTESIAN_POINT('',(-8.311414359775E-02,2.5005,1.257914012623));
#6641 = CARTESIAN_POINT('',(-0.135448625386,2.5005,1.257914012623));
#6642 = ORIENTED_EDGE('',*,*,#6609,.T.);
#6643 = B_SPLINE_SURFACE_WITH_KNOTS('',1,1,(
    (#6644,#6645)
    ,(#6646,#6647
    )),.UNSPECIFIED.,.F.,.F.,.F.,(2,2),(2,2),(0.,5.233448178793E-02),(
    -1.E-03,0.),.PIECEWISE_BEZIER_KNOTS.);
#6644 = CARTESIAN_POINT('',(-0.135448625386,2.4995,1.257914012623));
#6645 = CARTESIAN_POINT('',(-0.135448625386,2.5005,1.257914012623));
#6646 = CARTESIAN_POINT('',(-8.311414359775E-02,2.4995,1.257914012623));
#6647 = CARTESIAN_POINT('',(-8.311414359775E-02,2.5005,1.257914012623));
#6648 = ADVANCED_FACE('',(#6649),#6665,.F.);
#6649 = FACE_BOUND('',#6650,.T.);
#6650 = EDGE_LOOP('',(#6651,#6652,#6659,#6664));
#6651 = ORIENTED_EDGE('',*,*,#975,.T.);
#6652 = ORIENTED_EDGE('',*,*,#6653,.F.);
#6653 = EDGE_CURVE('',#6654,#969,#6656,.T.);
#6654 = VERTEX_POINT('',#6655);
#6655 = CARTESIAN_POINT('',(-0.135448625386,2.5005,1.273510381368));
#6656 = B_SPLINE_CURVE_WITH_KNOTS('',1,(#6657,#6658),.UNSPECIFIED.,.F.,
  .F.,(2,2),(-0.,1.E-03),.PIECEWISE_BEZIER_KNOTS.);
#6657 = CARTESIAN_POINT('',(-0.135448625386,2.5005,1.273510381368));
#6658 = CARTESIAN_POINT('',(-0.135448625386,2.4995,1.273510381368));
#6659 = ORIENTED_EDGE('',*,*,#6660,.F.);
#6660 = EDGE_CURVE('',#6632,#6654,#6661,.T.);
#6661 = B_SPLINE_CURVE_WITH_KNOTS('',1,(#6662,#6663),.UNSPECIFIED.,.F.,
  .F.,(2,2),(-1.559636874454E-02,0.),.PIECEWISE_BEZIER_KNOTS.);
#6662 = CARTESIAN_POINT('',(-0.135448625386,2.5005,1.257914012623));
#6663 = CARTESIAN_POINT('',(-0.135448625386,2.5005,1.273510381368));
#6664 = ORIENTED_EDGE('',*,*,#6631,.T.);
#6665 = B_SPLINE_SURFACE_WITH_KNOTS('',1,1,(
    (#6666,#6667)
    ,(#6668,#6669
    )),.UNSPECIFIED.,.F.,.F.,.F.,(2,2),(2,2),(0.,1.559636874454E-02),(
    -1.E-03,0.),.PIECEWISE_BEZIER_KNOTS.);
#6666 = CARTESIAN_POINT('',(-0.135448625386,2.4995,1.273510381368));
#6667 = CARTESIAN_POINT('',(-0.135448625386,2.5005,1.273510381368));
#6668 = CARTESIAN_POINT('',(-0.135448625386,2.4995,1.257914012623));
#6669 = CARTESIAN_POINT('',(-0.135448625386,2.5005,1.257914012623));
#6670 = ADVANCED_FACE('',(#6671),#6687,.F.);
#6671 = FACE_BOUND('',#6672,.T.);
#6672 = EDGE_LOOP('',(#6673,#6674,#6681,#6686));
#6673 = ORIENTED_EDGE('',*,*,#968,.T.);
#6674 = ORIENTED_EDGE('',*,*,#6675,.F.);
#6675 = EDGE_CURVE('',#6676,#962,#6678,.T.);
#6676 = VERTEX_POINT('',#6677);
#6677 = CARTESIAN_POINT('',(-6.56115520065E-02,2.5005,1.273510381368));
#6678 = B_SPLINE_CURVE_WITH_KNOTS('',1,(#6679,#6680),.UNSPECIFIED.,.F.,
  .F.,(2,2),(-0.,1.E-03),.PIECEWISE_BEZIER_KNOTS.);
#6679 = CARTESIAN_POINT('',(-6.56115520065E-02,2.5005,1.273510381368));
#6680 = CARTESIAN_POINT('',(-6.56115520065E-02,2.4995,1.273510381368));
#6681 = ORIENTED_EDGE('',*,*,#6682,.F.);
#6682 = EDGE_CURVE('',#6654,#6676,#6683,.T.);
#6683 = B_SPLINE_CURVE_WITH_KNOTS('',1,(#6684,#6685),.UNSPECIFIED.,.F.,
  .F.,(2,2),(-6.983707337918E-02,0.),.PIECEWISE_BEZIER_KNOTS.);
#6684 = CARTESIAN_POINT('',(-0.135448625386,2.5005,1.273510381368));
#6685 = CARTESIAN_POINT('',(-6.56115520065E-02,2.5005,1.273510381368));
#6686 = ORIENTED_EDGE('',*,*,#6653,.T.);
#6687 = B_SPLINE_SURFACE_WITH_KNOTS('',1,1,(
    (#6688,#6689)
    ,(#6690,#6691
    )),.UNSPECIFIED.,.F.,.F.,.F.,(2,2),(2,2),(0.,6.983707337918E-02),(
    -1.E-03,0.),.PIECEWISE_BEZIER_KNOTS.);
#6688 = CARTESIAN_POINT('',(-6.56115520065E-02,2.4995,1.273510381368));
#6689 = CARTESIAN_POINT('',(-6.56115520065E-02,2.5005,1.273510381368));
#6690 = CARTESIAN_POINT('',(-0.135448625386,2.4995,1.273510381368));
#6691 = CARTESIAN_POINT('',(-0.135448625386,2.5005,1.273510381368));
#6692 = ADVANCED_FACE('',(#6693),#6709,.F.);
#6693 = FACE_BOUND('',#6694,.T.);
#6694 = EDGE_LOOP('',(#6695,#6696,#6703,#6708));
#6695 = ORIENTED_EDGE('',*,*,#961,.T.);
#6696 = ORIENTED_EDGE('',*,*,#6697,.F.);
#6697 = EDGE_CURVE('',#6698,#955,#6700,.T.);
#6698 = VERTEX_POINT('',#6699);
#6699 = CARTESIAN_POINT('',(-6.56115520065E-02,2.5005,1.13792594908));
#6700 = B_SPLINE_CURVE_WITH_KNOTS('',1,(#6701,#6702),.UNSPECIFIED.,.F.,
  .F.,(2,2),(-0.,1.E-03),.PIECEWISE_BEZIER_KNOTS.);
#6701 = CARTESIAN_POINT('',(-6.56115520065E-02,2.5005,1.13792594908));
#6702 = CARTESIAN_POINT('',(-6.56115520065E-02,2.4995,1.13792594908));
#6703 = ORIENTED_EDGE('',*,*,#6704,.F.);
#6704 = EDGE_CURVE('',#6676,#6698,#6705,.T.);
#6705 = B_SPLINE_CURVE_WITH_KNOTS('',1,(#6706,#6707),.UNSPECIFIED.,.F.,
  .F.,(2,2),(-0.135584432288,-0.),.PIECEWISE_BEZIER_KNOTS.);
#6706 = CARTESIAN_POINT('',(-6.56115520065E-02,2.5005,1.273510381368));
#6707 = CARTESIAN_POINT('',(-6.56115520065E-02,2.5005,1.13792594908));
#6708 = ORIENTED_EDGE('',*,*,#6675,.T.);
#6709 = B_SPLINE_SURFACE_WITH_KNOTS('',1,1,(
    (#6710,#6711)
    ,(#6712,#6713
    )),.UNSPECIFIED.,.F.,.F.,.F.,(2,2),(2,2),(-2.297158884239E-30,
    0.135584432288),(-1.E-03,0.),.PIECEWISE_BEZIER_KNOTS.);
#6710 = CARTESIAN_POINT('',(-6.56115520065E-02,2.4995,1.13792594908));
#6711 = CARTESIAN_POINT('',(-6.56115520065E-02,2.5005,1.13792594908));
#6712 = CARTESIAN_POINT('',(-6.56115520065E-02,2.4995,1.273510381368));
#6713 = CARTESIAN_POINT('',(-6.56115520065E-02,2.5005,1.273510381368));
#6714 = ADVANCED_FACE('',(#6715),#6725,.F.);
#6715 = FACE_BOUND('',#6716,.T.);
#6716 = EDGE_LOOP('',(#6717,#6718,#6719,#6724));
#6717 = ORIENTED_EDGE('',*,*,#954,.T.);
#6718 = ORIENTED_EDGE('',*,*,#6485,.F.);
#6719 = ORIENTED_EDGE('',*,*,#6720,.F.);
#6720 = EDGE_CURVE('',#6698,#6479,#6721,.T.);
#6721 = B_SPLINE_CURVE_WITH_KNOTS('',1,(#6722,#6723),.UNSPECIFIED.,.F.,
  .F.,(2,2),(-7.292168853064E-02,0.),.PIECEWISE_BEZIER_KNOTS.);
#6722 = CARTESIAN_POINT('',(-6.56115520065E-02,2.5005,1.13792594908));
#6723 = CARTESIAN_POINT('',(-0.138533240537,2.5005,1.13792594908));
#6724 = ORIENTED_EDGE('',*,*,#6697,.T.);
#6725 = B_SPLINE_SURFACE_WITH_KNOTS('',1,1,(
    (#6726,#6727)
    ,(#6728,#6729
    )),.UNSPECIFIED.,.F.,.F.,.F.,(2,2),(2,2),(0.,7.292168853064E-02),(
    -1.E-03,0.),.PIECEWISE_BEZIER_KNOTS.);
#6726 = CARTESIAN_POINT('',(-0.138533240537,2.4995,1.13792594908));
#6727 = CARTESIAN_POINT('',(-0.138533240537,2.5005,1.13792594908));
#6728 = CARTESIAN_POINT('',(-6.56115520065E-02,2.4995,1.13792594908));
#6729 = CARTESIAN_POINT('',(-6.56115520065E-02,2.5005,1.13792594908));
#6730 = ADVANCED_FACE('',(#6731),#6745,.F.);
#6731 = FACE_BOUND('',#6732,.T.);
#6732 = EDGE_LOOP('',(#6733,#6734,#6735,#6736,#6737,#6738,#6739,#6740,
    #6741,#6742,#6743,#6744));
#6733 = ORIENTED_EDGE('',*,*,#6478,.T.);
#6734 = ORIENTED_EDGE('',*,*,#6506,.T.);
#6735 = ORIENTED_EDGE('',*,*,#6528,.T.);
#6736 = ORIENTED_EDGE('',*,*,#6550,.T.);
#6737 = ORIENTED_EDGE('',*,*,#6572,.T.);
#6738 = ORIENTED_EDGE('',*,*,#6594,.T.);
#6739 = ORIENTED_EDGE('',*,*,#6616,.T.);
#6740 = ORIENTED_EDGE('',*,*,#6638,.T.);
#6741 = ORIENTED_EDGE('',*,*,#6660,.T.);
#6742 = ORIENTED_EDGE('',*,*,#6682,.T.);
#6743 = ORIENTED_EDGE('',*,*,#6704,.T.);
#6744 = ORIENTED_EDGE('',*,*,#6720,.T.);
#6745 = B_SPLINE_SURFACE_WITH_KNOTS('',1,1,(
    (#6746,#6747)
    ,(#6748,#6749
    )),.UNSPECIFIED.,.F.,.F.,.F.,(2,2),(2,2),(0.351489718632,
    0.48707415092),(-0.138533240537,-6.56115520065E-02),
  .PIECEWISE_BEZIER_KNOTS.);
#6746 = CARTESIAN_POINT('',(-0.138533240537,2.5005,1.273510381368));
#6747 = CARTESIAN_POINT('',(-6.56115520065E-02,2.5005,1.273510381368));
#6748 = CARTESIAN_POINT('',(-0.138533240537,2.5005,1.13792594908));
#6749 = CARTESIAN_POINT('',(-6.56115520065E-02,2.5005,1.13792594908));
#6750 = ADVANCED_FACE('',(#6751,#6810),#6869,.T.);
#6751 = FACE_BOUND('',#6752,.T.);
#6752 = EDGE_LOOP('',(#6753,#6762,#6771,#6780,#6789,#6798,#6805));
#6753 = ORIENTED_EDGE('',*,*,#6754,.T.);
#6754 = EDGE_CURVE('',#6755,#6757,#6759,.T.);
#6755 = VERTEX_POINT('',#6756);
#6756 = CARTESIAN_POINT('',(-0.164145943876,2.5005,1.13792594908));
#6757 = VERTEX_POINT('',#6758);
#6758 = CARTESIAN_POINT('',(-0.201438594475,2.5005,1.13792594908));
#6759 = B_SPLINE_CURVE_WITH_KNOTS('',1,(#6760,#6761),.UNSPECIFIED.,.F.,
  .F.,(2,2),(-3.729265059858E-02,-5.551115123126E-17),
  .PIECEWISE_BEZIER_KNOTS.);
#6760 = CARTESIAN_POINT('',(-0.164145943876,2.5005,1.13792594908));
#6761 = CARTESIAN_POINT('',(-0.201438594475,2.5005,1.13792594908));
#6762 = ORIENTED_EDGE('',*,*,#6763,.T.);
#6763 = EDGE_CURVE('',#6757,#6764,#6766,.T.);
#6764 = VERTEX_POINT('',#6765);
#6765 = CARTESIAN_POINT('',(-0.254085003638,2.5005,1.156918860351));
#6766 = B_SPLINE_CURVE_WITH_KNOTS('',3,(#6767,#6768,#6769,#6770),
  .UNSPECIFIED.,.F.,.F.,(4,4),(5.,6.),.PIECEWISE_BEZIER_KNOTS.);
#6767 = CARTESIAN_POINT('',(-0.201438594475,2.5005,1.13792594908));
#6768 = CARTESIAN_POINT('',(-0.222892266148,2.5005,1.13792594908));
#6769 = CARTESIAN_POINT('',(-0.240464174934,2.5005,1.144233813772));
#6770 = CARTESIAN_POINT('',(-0.254085003638,2.5005,1.156918860351));
#6771 = ORIENTED_EDGE('',*,*,#6772,.T.);
#6772 = EDGE_CURVE('',#6764,#6773,#6775,.T.);
#6773 = VERTEX_POINT('',#6774);
#6774 = CARTESIAN_POINT('',(-0.274533575992,2.5005,1.207451095085));
#6775 = B_SPLINE_CURVE_WITH_KNOTS('',3,(#6776,#6777,#6778,#6779),
  .UNSPECIFIED.,.F.,.F.,(4,4),(4.,5.),.PIECEWISE_BEZIER_KNOTS.);
#6776 = CARTESIAN_POINT('',(-0.254085003638,2.5005,1.156918860351));
#6777 = CARTESIAN_POINT('',(-0.267705832342,2.5005,1.16960390693));
#6778 = CARTESIAN_POINT('',(-0.274533575992,2.5005,1.186447985175));
#6779 = CARTESIAN_POINT('',(-0.274533575992,2.5005,1.207451095085));
#6780 = ORIENTED_EDGE('',*,*,#6781,.T.);
#6781 = EDGE_CURVE('',#6773,#6782,#6784,.T.);
#6782 = VERTEX_POINT('',#6783);
#6783 = CARTESIAN_POINT('',(-0.254085003638,2.5005,1.255557228013));
#6784 = B_SPLINE_CURVE_WITH_KNOTS('',3,(#6785,#6786,#6787,#6788),
  .UNSPECIFIED.,.F.,.F.,(4,4),(3.,4.),.PIECEWISE_BEZIER_KNOTS.);
#6785 = CARTESIAN_POINT('',(-0.274533575992,2.5005,1.207451095085));
#6786 = CARTESIAN_POINT('',(-0.274533575992,2.5005,1.227553081466));
#6787 = CARTESIAN_POINT('',(-0.267705832342,2.5005,1.243565353378));
#6788 = CARTESIAN_POINT('',(-0.254085003638,2.5005,1.255557228013));
#6789 = ORIENTED_EDGE('',*,*,#6790,.T.);
#6790 = EDGE_CURVE('',#6782,#6791,#6793,.T.);
#6791 = VERTEX_POINT('',#6792);
#6792 = CARTESIAN_POINT('',(-0.202824938363,2.5005,1.273510381368));
#6793 = B_SPLINE_CURVE_WITH_KNOTS('',3,(#6794,#6795,#6796,#6797),
  .UNSPECIFIED.,.F.,.F.,(4,4),(2.,3.),.PIECEWISE_BEZIER_KNOTS.);
#6794 = CARTESIAN_POINT('',(-0.254085003638,2.5005,1.255557228013));
#6795 = CARTESIAN_POINT('',(-0.240464174934,2.5005,1.267549102648));
#6796 = CARTESIAN_POINT('',(-0.223377486509,2.5005,1.273510381368));
#6797 = CARTESIAN_POINT('',(-0.202824938363,2.5005,1.273510381368));
#6798 = ORIENTED_EDGE('',*,*,#6799,.T.);
#6799 = EDGE_CURVE('',#6791,#6800,#6802,.T.);
#6800 = VERTEX_POINT('',#6801);
#6801 = CARTESIAN_POINT('',(-0.164145943876,2.5005,1.273510381368));
#6802 = B_SPLINE_CURVE_WITH_KNOTS('',1,(#6803,#6804),.UNSPECIFIED.,.F.,
  .F.,(2,2),(-3.867899448727E-02,0.),.PIECEWISE_BEZIER_KNOTS.);
#6803 = CARTESIAN_POINT('',(-0.202824938363,2.5005,1.273510381368));
#6804 = CARTESIAN_POINT('',(-0.164145943876,2.5005,1.273510381368));
#6805 = ORIENTED_EDGE('',*,*,#6806,.T.);
#6806 = EDGE_CURVE('',#6800,#6755,#6807,.T.);
#6807 = B_SPLINE_CURVE_WITH_KNOTS('',1,(#6808,#6809),.UNSPECIFIED.,.F.,
  .F.,(2,2),(-0.135584432288,-0.),.PIECEWISE_BEZIER_KNOTS.);
#6808 = CARTESIAN_POINT('',(-0.164145943876,2.5005,1.273510381368));
#6809 = CARTESIAN_POINT('',(-0.164145943876,2.5005,1.13792594908));
#6810 = FACE_BOUND('',#6811,.T.);
#6811 = EDGE_LOOP('',(#6812,#6821,#6828,#6837,#6846,#6855,#6864));
#6812 = ORIENTED_EDGE('',*,*,#6813,.F.);
#6813 = EDGE_CURVE('',#6814,#6816,#6818,.T.);
#6814 = VERTEX_POINT('',#6815);
#6815 = CARTESIAN_POINT('',(-0.181648535468,2.5005,1.257914012623));
#6816 = VERTEX_POINT('',#6817);
#6817 = CARTESIAN_POINT('',(-0.181648535468,2.5005,1.153383683436));
#6818 = B_SPLINE_CURVE_WITH_KNOTS('',1,(#6819,#6820),.UNSPECIFIED.,.F.,
  .F.,(2,2),(0.,0.104530329187),.PIECEWISE_BEZIER_KNOTS.);
#6819 = CARTESIAN_POINT('',(-0.181648535468,2.5005,1.257914012623));
#6820 = CARTESIAN_POINT('',(-0.181648535468,2.5005,1.153383683436));
#6821 = ORIENTED_EDGE('',*,*,#6822,.F.);
#6822 = EDGE_CURVE('',#6823,#6814,#6825,.T.);
#6823 = VERTEX_POINT('',#6824);
#6824 = CARTESIAN_POINT('',(-0.202131766418,2.5005,1.257914012623));
#6825 = B_SPLINE_CURVE_WITH_KNOTS('',1,(#6826,#6827),.UNSPECIFIED.,.F.,
  .F.,(2,2),(0.,2.048323095028E-02),.PIECEWISE_BEZIER_KNOTS.);
#6826 = CARTESIAN_POINT('',(-0.202131766418,2.5005,1.257914012623));
#6827 = CARTESIAN_POINT('',(-0.181648535468,2.5005,1.257914012623));
#6828 = ORIENTED_EDGE('',*,*,#6829,.F.);
#6829 = EDGE_CURVE('',#6830,#6823,#6832,.T.);
#6830 = VERTEX_POINT('',#6831);
#6831 = CARTESIAN_POINT('',(-0.24126132267,2.5005,1.245159648849));
#6832 = B_SPLINE_CURVE_WITH_KNOTS('',3,(#6833,#6834,#6835,#6836),
  .UNSPECIFIED.,.F.,.F.,(4,4),(5.,6.),.PIECEWISE_BEZIER_KNOTS.);
#6833 = CARTESIAN_POINT('',(-0.24126132267,2.5005,1.245159648849));
#6834 = CARTESIAN_POINT('',(-0.231348963867,2.5005,1.253685663763));
#6835 = CARTESIAN_POINT('',(-0.218282672718,2.5005,1.257914012623));
#6836 = CARTESIAN_POINT('',(-0.202131766418,2.5005,1.257914012623));
#6837 = ORIENTED_EDGE('',*,*,#6838,.F.);
#6838 = EDGE_CURVE('',#6839,#6830,#6841,.T.);
#6839 = VERTEX_POINT('',#6840);
#6840 = CARTESIAN_POINT('',(-0.256129860874,2.5005,1.206965874723));
#6841 = B_SPLINE_CURVE_WITH_KNOTS('',3,(#6842,#6843,#6844,#6845),
  .UNSPECIFIED.,.F.,.F.,(4,4),(4.,5.),.PIECEWISE_BEZIER_KNOTS.);
#6842 = CARTESIAN_POINT('',(-0.256129860874,2.5005,1.206965874723));
#6843 = CARTESIAN_POINT('',(-0.256129860874,2.5005,1.223879270162));
#6844 = CARTESIAN_POINT('',(-0.251173681472,2.5005,1.236633633936));
#6845 = CARTESIAN_POINT('',(-0.24126132267,2.5005,1.245159648849));
#6846 = ORIENTED_EDGE('',*,*,#6847,.F.);
#6847 = EDGE_CURVE('',#6848,#6839,#6850,.T.);
#6848 = VERTEX_POINT('',#6849);
#6849 = CARTESIAN_POINT('',(-0.241642567239,2.5005,1.167524391097));
#6850 = B_SPLINE_CURVE_WITH_KNOTS('',3,(#6851,#6852,#6853,#6854),
  .UNSPECIFIED.,.F.,.F.,(4,4),(3.,4.),.PIECEWISE_BEZIER_KNOTS.);
#6851 = CARTESIAN_POINT('',(-0.241642567239,2.5005,1.167524391097));
#6852 = CARTESIAN_POINT('',(-0.251312315861,2.5005,1.176882212345));
#6853 = CARTESIAN_POINT('',(-0.256129860874,2.5005,1.190052479284));
#6854 = CARTESIAN_POINT('',(-0.256129860874,2.5005,1.206965874723));
#6855 = ORIENTED_EDGE('',*,*,#6856,.F.);
#6856 = EDGE_CURVE('',#6857,#6848,#6859,.T.);
#6857 = VERTEX_POINT('',#6858);
#6858 = CARTESIAN_POINT('',(-0.201334618683,2.5005,1.153383683436));
#6859 = B_SPLINE_CURVE_WITH_KNOTS('',3,(#6860,#6861,#6862,#6863),
  .UNSPECIFIED.,.F.,.F.,(4,4),(2.,3.),.PIECEWISE_BEZIER_KNOTS.);
#6860 = CARTESIAN_POINT('',(-0.201334618683,2.5005,1.153383683436));
#6861 = CARTESIAN_POINT('',(-0.218559941497,2.5005,1.153383683436));
#6862 = CARTESIAN_POINT('',(-0.232007477215,2.5005,1.158097252657));
#6863 = CARTESIAN_POINT('',(-0.241642567239,2.5005,1.167524391097));
#6864 = ORIENTED_EDGE('',*,*,#6865,.F.);
#6865 = EDGE_CURVE('',#6816,#6857,#6866,.T.);
#6866 = B_SPLINE_CURVE_WITH_KNOTS('',1,(#6867,#6868),.UNSPECIFIED.,.F.,
  .F.,(2,2),(0.,1.968608321534E-02),.PIECEWISE_BEZIER_KNOTS.);
#6867 = CARTESIAN_POINT('',(-0.181648535468,2.5005,1.153383683436));
#6868 = CARTESIAN_POINT('',(-0.201334618683,2.5005,1.153383683436));
#6869 = B_SPLINE_SURFACE_WITH_KNOTS('',1,1,(
    (#6870,#6871)
    ,(#6872,#6873
    )),.UNSPECIFIED.,.F.,.F.,.F.,(2,2),(2,2),(-0.131104808598,
    4.479623689328E-03),(-4.347921020055E-02,6.690842191499E-02),
  .PIECEWISE_BEZIER_KNOTS.);
#6870 = CARTESIAN_POINT('',(-0.274533575992,2.5005,1.13792594908));
#6871 = CARTESIAN_POINT('',(-0.164145943876,2.5005,1.13792594908));
#6872 = CARTESIAN_POINT('',(-0.274533575992,2.5005,1.273510381368));
#6873 = CARTESIAN_POINT('',(-0.164145943876,2.5005,1.273510381368));
#6874 = ADVANCED_FACE('',(#6875),#6889,.F.);
#6875 = FACE_BOUND('',#6876,.T.);
#6876 = EDGE_LOOP('',(#6877,#6878,#6883,#6884));
#6877 = ORIENTED_EDGE('',*,*,#692,.T.);
#6878 = ORIENTED_EDGE('',*,*,#6879,.F.);
#6879 = EDGE_CURVE('',#6757,#682,#6880,.T.);
#6880 = B_SPLINE_CURVE_WITH_KNOTS('',1,(#6881,#6882),.UNSPECIFIED.,.F.,
  .F.,(2,2),(-0.,1.E-03),.PIECEWISE_BEZIER_KNOTS.);
#6881 = CARTESIAN_POINT('',(-0.201438594475,2.5005,1.13792594908));
#6882 = CARTESIAN_POINT('',(-0.201438594475,2.4995,1.13792594908));
#6883 = ORIENTED_EDGE('',*,*,#6754,.F.);
#6884 = ORIENTED_EDGE('',*,*,#6885,.T.);
#6885 = EDGE_CURVE('',#6755,#693,#6886,.T.);
#6886 = B_SPLINE_CURVE_WITH_KNOTS('',1,(#6887,#6888),.UNSPECIFIED.,.F.,
  .F.,(2,2),(-0.,1.E-03),.PIECEWISE_BEZIER_KNOTS.);
#6887 = CARTESIAN_POINT('',(-0.164145943876,2.5005,1.13792594908));
#6888 = CARTESIAN_POINT('',(-0.164145943876,2.4995,1.13792594908));
#6889 = B_SPLINE_SURFACE_WITH_KNOTS('',1,1,(
    (#6890,#6891)
    ,(#6892,#6893
    )),.UNSPECIFIED.,.F.,.F.,.F.,(2,2),(2,2),(5.551115123126E-17,
    3.729265059858E-02),(-1.E-03,0.),.PIECEWISE_BEZIER_KNOTS.);
#6890 = CARTESIAN_POINT('',(-0.201438594475,2.4995,1.13792594908));
#6891 = CARTESIAN_POINT('',(-0.201438594475,2.5005,1.13792594908));
#6892 = CARTESIAN_POINT('',(-0.164145943876,2.4995,1.13792594908));
#6893 = CARTESIAN_POINT('',(-0.164145943876,2.5005,1.13792594908));
#6894 = ADVANCED_FACE('',(#6895),#6905,.F.);
#6895 = FACE_BOUND('',#6896,.F.);
#6896 = EDGE_LOOP('',(#6897,#6898,#6899,#6904));
#6897 = ORIENTED_EDGE('',*,*,#6879,.F.);
#6898 = ORIENTED_EDGE('',*,*,#6763,.T.);
#6899 = ORIENTED_EDGE('',*,*,#6900,.T.);
#6900 = EDGE_CURVE('',#6764,#684,#6901,.T.);
#6901 = B_SPLINE_CURVE_WITH_KNOTS('',1,(#6902,#6903),.UNSPECIFIED.,.F.,
  .F.,(2,2),(-0.,1.E-03),.PIECEWISE_BEZIER_KNOTS.);
#6902 = CARTESIAN_POINT('',(-0.254085003638,2.5005,1.156918860351));
#6903 = CARTESIAN_POINT('',(-0.254085003638,2.4995,1.156918860351));
#6904 = ORIENTED_EDGE('',*,*,#681,.F.);
#6905 = B_SPLINE_SURFACE_WITH_KNOTS('',3,1,(
    (#6906,#6907)
    ,(#6908,#6909)
    ,(#6910,#6911)
    ,(#6912,#6913
    )),.UNSPECIFIED.,.F.,.F.,.F.,(4,4),(2,2),(5.,6.),(0.,1.),
  .PIECEWISE_BEZIER_KNOTS.);
#6906 = CARTESIAN_POINT('',(-0.201438594475,2.5005,1.13792594908));
#6907 = CARTESIAN_POINT('',(-0.201438594475,2.4995,1.13792594908));
#6908 = CARTESIAN_POINT('',(-0.222892266148,2.5005,1.13792594908));
#6909 = CARTESIAN_POINT('',(-0.222892266148,2.4995,1.13792594908));
#6910 = CARTESIAN_POINT('',(-0.240464174934,2.5005,1.144233813772));
#6911 = CARTESIAN_POINT('',(-0.240464174934,2.4995,1.144233813772));
#6912 = CARTESIAN_POINT('',(-0.254085003638,2.5005,1.156918860351));
#6913 = CARTESIAN_POINT('',(-0.254085003638,2.4995,1.156918860351));
#6914 = ADVANCED_FACE('',(#6915),#6925,.F.);
#6915 = FACE_BOUND('',#6916,.F.);
#6916 = EDGE_LOOP('',(#6917,#6918,#6919,#6924));
#6917 = ORIENTED_EDGE('',*,*,#6900,.F.);
#6918 = ORIENTED_EDGE('',*,*,#6772,.T.);
#6919 = ORIENTED_EDGE('',*,*,#6920,.T.);
#6920 = EDGE_CURVE('',#6773,#723,#6921,.T.);
#6921 = B_SPLINE_CURVE_WITH_KNOTS('',1,(#6922,#6923),.UNSPECIFIED.,.F.,
  .F.,(2,2),(-0.,1.E-03),.PIECEWISE_BEZIER_KNOTS.);
#6922 = CARTESIAN_POINT('',(-0.274533575992,2.5005,1.207451095085));
#6923 = CARTESIAN_POINT('',(-0.274533575992,2.4995,1.207451095085));
#6924 = ORIENTED_EDGE('',*,*,#731,.F.);
#6925 = B_SPLINE_SURFACE_WITH_KNOTS('',3,1,(
    (#6926,#6927)
    ,(#6928,#6929)
    ,(#6930,#6931)
    ,(#6932,#6933
    )),.UNSPECIFIED.,.F.,.F.,.F.,(4,4),(2,2),(4.,5.),(0.,1.),
  .PIECEWISE_BEZIER_KNOTS.);
#6926 = CARTESIAN_POINT('',(-0.254085003638,2.5005,1.156918860351));
#6927 = CARTESIAN_POINT('',(-0.254085003638,2.4995,1.156918860351));
#6928 = CARTESIAN_POINT('',(-0.267705832342,2.5005,1.16960390693));
#6929 = CARTESIAN_POINT('',(-0.267705832342,2.4995,1.16960390693));
#6930 = CARTESIAN_POINT('',(-0.274533575992,2.5005,1.186447985175));
#6931 = CARTESIAN_POINT('',(-0.274533575992,2.4995,1.186447985175));
#6932 = CARTESIAN_POINT('',(-0.274533575992,2.5005,1.207451095085));
#6933 = CARTESIAN_POINT('',(-0.274533575992,2.4995,1.207451095085));
#6934 = ADVANCED_FACE('',(#6935),#6945,.F.);
#6935 = FACE_BOUND('',#6936,.F.);
#6936 = EDGE_LOOP('',(#6937,#6938,#6939,#6944));
#6937 = ORIENTED_EDGE('',*,*,#6920,.F.);
#6938 = ORIENTED_EDGE('',*,*,#6781,.T.);
#6939 = ORIENTED_EDGE('',*,*,#6940,.T.);
#6940 = EDGE_CURVE('',#6782,#714,#6941,.T.);
#6941 = B_SPLINE_CURVE_WITH_KNOTS('',1,(#6942,#6943),.UNSPECIFIED.,.F.,
  .F.,(2,2),(-0.,1.E-03),.PIECEWISE_BEZIER_KNOTS.);
#6942 = CARTESIAN_POINT('',(-0.254085003638,2.5005,1.255557228013));
#6943 = CARTESIAN_POINT('',(-0.254085003638,2.4995,1.255557228013));
#6944 = ORIENTED_EDGE('',*,*,#722,.F.);
#6945 = B_SPLINE_SURFACE_WITH_KNOTS('',3,1,(
    (#6946,#6947)
    ,(#6948,#6949)
    ,(#6950,#6951)
    ,(#6952,#6953
    )),.UNSPECIFIED.,.F.,.F.,.F.,(4,4),(2,2),(3.,4.),(0.,1.),
  .PIECEWISE_BEZIER_KNOTS.);
#6946 = CARTESIAN_POINT('',(-0.274533575992,2.5005,1.207451095085));
#6947 = CARTESIAN_POINT('',(-0.274533575992,2.4995,1.207451095085));
#6948 = CARTESIAN_POINT('',(-0.274533575992,2.5005,1.227553081466));
#6949 = CARTESIAN_POINT('',(-0.274533575992,2.4995,1.227553081466));
#6950 = CARTESIAN_POINT('',(-0.267705832342,2.5005,1.243565353378));
#6951 = CARTESIAN_POINT('',(-0.267705832342,2.4995,1.243565353378));
#6952 = CARTESIAN_POINT('',(-0.254085003638,2.5005,1.255557228013));
#6953 = CARTESIAN_POINT('',(-0.254085003638,2.4995,1.255557228013));
#6954 = ADVANCED_FACE('',(#6955),#6965,.F.);
#6955 = FACE_BOUND('',#6956,.F.);
#6956 = EDGE_LOOP('',(#6957,#6958,#6959,#6964));
#6957 = ORIENTED_EDGE('',*,*,#6940,.F.);
#6958 = ORIENTED_EDGE('',*,*,#6790,.T.);
#6959 = ORIENTED_EDGE('',*,*,#6960,.T.);
#6960 = EDGE_CURVE('',#6791,#707,#6961,.T.);
#6961 = B_SPLINE_CURVE_WITH_KNOTS('',1,(#6962,#6963),.UNSPECIFIED.,.F.,
  .F.,(2,2),(-0.,1.E-03),.PIECEWISE_BEZIER_KNOTS.);
#6962 = CARTESIAN_POINT('',(-0.202824938363,2.5005,1.273510381368));
#6963 = CARTESIAN_POINT('',(-0.202824938363,2.4995,1.273510381368));
#6964 = ORIENTED_EDGE('',*,*,#713,.F.);
#6965 = B_SPLINE_SURFACE_WITH_KNOTS('',3,1,(
    (#6966,#6967)
    ,(#6968,#6969)
    ,(#6970,#6971)
    ,(#6972,#6973
    )),.UNSPECIFIED.,.F.,.F.,.F.,(4,4),(2,2),(2.,3.),(0.,1.),
  .PIECEWISE_BEZIER_KNOTS.);
#6966 = CARTESIAN_POINT('',(-0.254085003638,2.5005,1.255557228013));
#6967 = CARTESIAN_POINT('',(-0.254085003638,2.4995,1.255557228013));
#6968 = CARTESIAN_POINT('',(-0.240464174934,2.5005,1.267549102648));
#6969 = CARTESIAN_POINT('',(-0.240464174934,2.4995,1.267549102648));
#6970 = CARTESIAN_POINT('',(-0.223377486509,2.5005,1.273510381368));
#6971 = CARTESIAN_POINT('',(-0.223377486509,2.4995,1.273510381368));
#6972 = CARTESIAN_POINT('',(-0.202824938363,2.5005,1.273510381368));
#6973 = CARTESIAN_POINT('',(-0.202824938363,2.4995,1.273510381368));
#6974 = ADVANCED_FACE('',(#6975),#6985,.F.);
#6975 = FACE_BOUND('',#6976,.T.);
#6976 = EDGE_LOOP('',(#6977,#6978,#6983,#6984));
#6977 = ORIENTED_EDGE('',*,*,#706,.T.);
#6978 = ORIENTED_EDGE('',*,*,#6979,.F.);
#6979 = EDGE_CURVE('',#6800,#700,#6980,.T.);
#6980 = B_SPLINE_CURVE_WITH_KNOTS('',1,(#6981,#6982),.UNSPECIFIED.,.F.,
  .F.,(2,2),(-0.,1.E-03),.PIECEWISE_BEZIER_KNOTS.);
#6981 = CARTESIAN_POINT('',(-0.164145943876,2.5005,1.273510381368));
#6982 = CARTESIAN_POINT('',(-0.164145943876,2.4995,1.273510381368));
#6983 = ORIENTED_EDGE('',*,*,#6799,.F.);
#6984 = ORIENTED_EDGE('',*,*,#6960,.T.);
#6985 = B_SPLINE_SURFACE_WITH_KNOTS('',1,1,(
    (#6986,#6987)
    ,(#6988,#6989
    )),.UNSPECIFIED.,.F.,.F.,.F.,(2,2),(2,2),(-1.942890293094E-16,
    3.867899448727E-02),(-1.E-03,0.),.PIECEWISE_BEZIER_KNOTS.);
#6986 = CARTESIAN_POINT('',(-0.164145943876,2.4995,1.273510381368));
#6987 = CARTESIAN_POINT('',(-0.164145943876,2.5005,1.273510381368));
#6988 = CARTESIAN_POINT('',(-0.202824938363,2.4995,1.273510381368));
#6989 = CARTESIAN_POINT('',(-0.202824938363,2.5005,1.273510381368));
#6990 = ADVANCED_FACE('',(#6991),#6997,.F.);
#6991 = FACE_BOUND('',#6992,.T.);
#6992 = EDGE_LOOP('',(#6993,#6994,#6995,#6996));
#6993 = ORIENTED_EDGE('',*,*,#699,.T.);
#6994 = ORIENTED_EDGE('',*,*,#6885,.F.);
#6995 = ORIENTED_EDGE('',*,*,#6806,.F.);
#6996 = ORIENTED_EDGE('',*,*,#6979,.T.);
#6997 = B_SPLINE_SURFACE_WITH_KNOTS('',1,1,(
    (#6998,#6999)
    ,(#7000,#7001
    )),.UNSPECIFIED.,.F.,.F.,.F.,(2,2),(2,2),(0.,0.135584432288),(
    -1.E-03,0.),.PIECEWISE_BEZIER_KNOTS.);
#6998 = CARTESIAN_POINT('',(-0.164145943876,2.4995,1.13792594908));
#6999 = CARTESIAN_POINT('',(-0.164145943876,2.5005,1.13792594908));
#7000 = CARTESIAN_POINT('',(-0.164145943876,2.4995,1.273510381368));
#7001 = CARTESIAN_POINT('',(-0.164145943876,2.5005,1.273510381368));
#7002 = ADVANCED_FACE('',(#7003),#7025,.T.);
#7003 = FACE_BOUND('',#7004,.T.);
#7004 = EDGE_LOOP('',(#7005,#7014,#7019,#7020));
#7005 = ORIENTED_EDGE('',*,*,#7006,.F.);
#7006 = EDGE_CURVE('',#7007,#7009,#7011,.T.);
#7007 = VERTEX_POINT('',#7008);
#7008 = CARTESIAN_POINT('',(-0.202131766418,2.4995,1.257914012623));
#7009 = VERTEX_POINT('',#7010);
#7010 = CARTESIAN_POINT('',(-0.181648535468,2.4995,1.257914012623));
#7011 = B_SPLINE_CURVE_WITH_KNOTS('',1,(#7012,#7013),.UNSPECIFIED.,.F.,
  .F.,(2,2),(0.,2.048323095028E-02),.PIECEWISE_BEZIER_KNOTS.);
#7012 = CARTESIAN_POINT('',(-0.202131766418,2.4995,1.257914012623));
#7013 = CARTESIAN_POINT('',(-0.181648535468,2.4995,1.257914012623));
#7014 = ORIENTED_EDGE('',*,*,#7015,.F.);
#7015 = EDGE_CURVE('',#6823,#7007,#7016,.T.);
#7016 = B_SPLINE_CURVE_WITH_KNOTS('',1,(#7017,#7018),.UNSPECIFIED.,.F.,
  .F.,(2,2),(-0.,1.E-03),.PIECEWISE_BEZIER_KNOTS.);
#7017 = CARTESIAN_POINT('',(-0.202131766418,2.5005,1.257914012623));
#7018 = CARTESIAN_POINT('',(-0.202131766418,2.4995,1.257914012623));
#7019 = ORIENTED_EDGE('',*,*,#6822,.T.);
#7020 = ORIENTED_EDGE('',*,*,#7021,.T.);
#7021 = EDGE_CURVE('',#6814,#7009,#7022,.T.);
#7022 = B_SPLINE_CURVE_WITH_KNOTS('',1,(#7023,#7024),.UNSPECIFIED.,.F.,
  .F.,(2,2),(-0.,1.E-03),.PIECEWISE_BEZIER_KNOTS.);
#7023 = CARTESIAN_POINT('',(-0.181648535468,2.5005,1.257914012623));
#7024 = CARTESIAN_POINT('',(-0.181648535468,2.4995,1.257914012623));
#7025 = B_SPLINE_SURFACE_WITH_KNOTS('',1,1,(
    (#7026,#7027)
    ,(#7028,#7029
    )),.UNSPECIFIED.,.F.,.F.,.F.,(2,2),(2,2),(-2.048323095028E-02,0.),(
    -1.E-03,0.),.PIECEWISE_BEZIER_KNOTS.);
#7026 = CARTESIAN_POINT('',(-0.181648535468,2.4995,1.257914012623));
#7027 = CARTESIAN_POINT('',(-0.181648535468,2.5005,1.257914012623));
#7028 = CARTESIAN_POINT('',(-0.202131766418,2.4995,1.257914012623));
#7029 = CARTESIAN_POINT('',(-0.202131766418,2.5005,1.257914012623));
#7030 = ADVANCED_FACE('',(#7031),#7047,.T.);
#7031 = FACE_BOUND('',#7032,.T.);
#7032 = EDGE_LOOP('',(#7033,#7040,#7041,#7042));
#7033 = ORIENTED_EDGE('',*,*,#7034,.F.);
#7034 = EDGE_CURVE('',#7009,#7035,#7037,.T.);
#7035 = VERTEX_POINT('',#7036);
#7036 = CARTESIAN_POINT('',(-0.181648535468,2.4995,1.153383683436));
#7037 = B_SPLINE_CURVE_WITH_KNOTS('',1,(#7038,#7039),.UNSPECIFIED.,.F.,
  .F.,(2,2),(-5.551115123125E-17,0.104530329187),
  .PIECEWISE_BEZIER_KNOTS.);
#7038 = CARTESIAN_POINT('',(-0.181648535468,2.4995,1.257914012623));
#7039 = CARTESIAN_POINT('',(-0.181648535468,2.4995,1.153383683436));
#7040 = ORIENTED_EDGE('',*,*,#7021,.F.);
#7041 = ORIENTED_EDGE('',*,*,#6813,.T.);
#7042 = ORIENTED_EDGE('',*,*,#7043,.T.);
#7043 = EDGE_CURVE('',#6816,#7035,#7044,.T.);
#7044 = B_SPLINE_CURVE_WITH_KNOTS('',1,(#7045,#7046),.UNSPECIFIED.,.F.,
  .F.,(2,2),(-0.,1.E-03),.PIECEWISE_BEZIER_KNOTS.);
#7045 = CARTESIAN_POINT('',(-0.181648535468,2.5005,1.153383683436));
#7046 = CARTESIAN_POINT('',(-0.181648535468,2.4995,1.153383683436));
#7047 = B_SPLINE_SURFACE_WITH_KNOTS('',1,1,(
    (#7048,#7049)
    ,(#7050,#7051
    )),.UNSPECIFIED.,.F.,.F.,.F.,(2,2),(2,2),(-0.104530329187,
    5.551115123125E-17),(-1.E-03,0.),.PIECEWISE_BEZIER_KNOTS.);
#7048 = CARTESIAN_POINT('',(-0.181648535468,2.4995,1.153383683436));
#7049 = CARTESIAN_POINT('',(-0.181648535468,2.5005,1.153383683436));
#7050 = CARTESIAN_POINT('',(-0.181648535468,2.4995,1.257914012623));
#7051 = CARTESIAN_POINT('',(-0.181648535468,2.5005,1.257914012623));
#7052 = ADVANCED_FACE('',(#7053),#7069,.T.);
#7053 = FACE_BOUND('',#7054,.T.);
#7054 = EDGE_LOOP('',(#7055,#7062,#7063,#7064));
#7055 = ORIENTED_EDGE('',*,*,#7056,.F.);
#7056 = EDGE_CURVE('',#7035,#7057,#7059,.T.);
#7057 = VERTEX_POINT('',#7058);
#7058 = CARTESIAN_POINT('',(-0.201334618683,2.4995,1.153383683436));
#7059 = B_SPLINE_CURVE_WITH_KNOTS('',1,(#7060,#7061),.UNSPECIFIED.,.F.,
  .F.,(2,2),(2.22044604925E-16,1.968608321534E-02),
  .PIECEWISE_BEZIER_KNOTS.);
#7060 = CARTESIAN_POINT('',(-0.181648535468,2.4995,1.153383683436));
#7061 = CARTESIAN_POINT('',(-0.201334618683,2.4995,1.153383683436));
#7062 = ORIENTED_EDGE('',*,*,#7043,.F.);
#7063 = ORIENTED_EDGE('',*,*,#6865,.T.);
#7064 = ORIENTED_EDGE('',*,*,#7065,.T.);
#7065 = EDGE_CURVE('',#6857,#7057,#7066,.T.);
#7066 = B_SPLINE_CURVE_WITH_KNOTS('',1,(#7067,#7068),.UNSPECIFIED.,.F.,
  .F.,(2,2),(-0.,1.E-03),.PIECEWISE_BEZIER_KNOTS.);
#7067 = CARTESIAN_POINT('',(-0.201334618683,2.5005,1.153383683436));
#7068 = CARTESIAN_POINT('',(-0.201334618683,2.4995,1.153383683436));
#7069 = B_SPLINE_SURFACE_WITH_KNOTS('',1,1,(
    (#7070,#7071)
    ,(#7072,#7073
    )),.UNSPECIFIED.,.F.,.F.,.F.,(2,2),(2,2),(-1.968608321534E-02,0.),(
    -1.E-03,0.),.PIECEWISE_BEZIER_KNOTS.);
#7070 = CARTESIAN_POINT('',(-0.201334618683,2.4995,1.153383683436));
#7071 = CARTESIAN_POINT('',(-0.201334618683,2.5005,1.153383683436));
#7072 = CARTESIAN_POINT('',(-0.181648535468,2.4995,1.153383683436));
#7073 = CARTESIAN_POINT('',(-0.181648535468,2.5005,1.153383683436));
#7074 = ADVANCED_FACE('',(#7075),#7093,.T.);
#7075 = FACE_BOUND('',#7076,.T.);
#7076 = EDGE_LOOP('',(#7077,#7086,#7087,#7088));
#7077 = ORIENTED_EDGE('',*,*,#7078,.F.);
#7078 = EDGE_CURVE('',#7057,#7079,#7081,.T.);
#7079 = VERTEX_POINT('',#7080);
#7080 = CARTESIAN_POINT('',(-0.241642567239,2.4995,1.167524391097));
#7081 = B_SPLINE_CURVE_WITH_KNOTS('',3,(#7082,#7083,#7084,#7085),
  .UNSPECIFIED.,.F.,.F.,(4,4),(2.,3.),.PIECEWISE_BEZIER_KNOTS.);
#7082 = CARTESIAN_POINT('',(-0.201334618683,2.4995,1.153383683436));
#7083 = CARTESIAN_POINT('',(-0.218559941497,2.4995,1.153383683436));
#7084 = CARTESIAN_POINT('',(-0.232007477215,2.4995,1.158097252657));
#7085 = CARTESIAN_POINT('',(-0.241642567239,2.4995,1.167524391097));
#7086 = ORIENTED_EDGE('',*,*,#7065,.F.);
#7087 = ORIENTED_EDGE('',*,*,#6856,.T.);
#7088 = ORIENTED_EDGE('',*,*,#7089,.T.);
#7089 = EDGE_CURVE('',#6848,#7079,#7090,.T.);
#7090 = B_SPLINE_CURVE_WITH_KNOTS('',1,(#7091,#7092),.UNSPECIFIED.,.F.,
  .F.,(2,2),(-0.,1.E-03),.PIECEWISE_BEZIER_KNOTS.);
#7091 = CARTESIAN_POINT('',(-0.241642567239,2.5005,1.167524391097));
#7092 = CARTESIAN_POINT('',(-0.241642567239,2.4995,1.167524391097));
#7093 = B_SPLINE_SURFACE_WITH_KNOTS('',3,1,(
    (#7094,#7095)
    ,(#7096,#7097)
    ,(#7098,#7099)
    ,(#7100,#7101
    )),.UNSPECIFIED.,.F.,.F.,.F.,(4,4),(2,2),(2.,3.),(0.,1.),
  .PIECEWISE_BEZIER_KNOTS.);
#7094 = CARTESIAN_POINT('',(-0.201334618683,2.5005,1.153383683436));
#7095 = CARTESIAN_POINT('',(-0.201334618683,2.4995,1.153383683436));
#7096 = CARTESIAN_POINT('',(-0.218559941497,2.5005,1.153383683436));
#7097 = CARTESIAN_POINT('',(-0.218559941497,2.4995,1.153383683436));
#7098 = CARTESIAN_POINT('',(-0.232007477215,2.5005,1.158097252657));
#7099 = CARTESIAN_POINT('',(-0.232007477215,2.4995,1.158097252657));
#7100 = CARTESIAN_POINT('',(-0.241642567239,2.5005,1.167524391097));
#7101 = CARTESIAN_POINT('',(-0.241642567239,2.4995,1.167524391097));
#7102 = ADVANCED_FACE('',(#7103),#7121,.T.);
#7103 = FACE_BOUND('',#7104,.T.);
#7104 = EDGE_LOOP('',(#7105,#7114,#7115,#7116));
#7105 = ORIENTED_EDGE('',*,*,#7106,.F.);
#7106 = EDGE_CURVE('',#7079,#7107,#7109,.T.);
#7107 = VERTEX_POINT('',#7108);
#7108 = CARTESIAN_POINT('',(-0.256129860874,2.4995,1.206965874723));
#7109 = B_SPLINE_CURVE_WITH_KNOTS('',3,(#7110,#7111,#7112,#7113),
  .UNSPECIFIED.,.F.,.F.,(4,4),(3.,4.),.PIECEWISE_BEZIER_KNOTS.);
#7110 = CARTESIAN_POINT('',(-0.241642567239,2.4995,1.167524391097));
#7111 = CARTESIAN_POINT('',(-0.251312315861,2.4995,1.176882212345));
#7112 = CARTESIAN_POINT('',(-0.256129860874,2.4995,1.190052479284));
#7113 = CARTESIAN_POINT('',(-0.256129860874,2.4995,1.206965874723));
#7114 = ORIENTED_EDGE('',*,*,#7089,.F.);
#7115 = ORIENTED_EDGE('',*,*,#6847,.T.);
#7116 = ORIENTED_EDGE('',*,*,#7117,.T.);
#7117 = EDGE_CURVE('',#6839,#7107,#7118,.T.);
#7118 = B_SPLINE_CURVE_WITH_KNOTS('',1,(#7119,#7120),.UNSPECIFIED.,.F.,
  .F.,(2,2),(-0.,1.E-03),.PIECEWISE_BEZIER_KNOTS.);
#7119 = CARTESIAN_POINT('',(-0.256129860874,2.5005,1.206965874723));
#7120 = CARTESIAN_POINT('',(-0.256129860874,2.4995,1.206965874723));
#7121 = B_SPLINE_SURFACE_WITH_KNOTS('',3,1,(
    (#7122,#7123)
    ,(#7124,#7125)
    ,(#7126,#7127)
    ,(#7128,#7129
    )),.UNSPECIFIED.,.F.,.F.,.F.,(4,4),(2,2),(3.,4.),(0.,1.),
  .PIECEWISE_BEZIER_KNOTS.);
#7122 = CARTESIAN_POINT('',(-0.241642567239,2.5005,1.167524391097));
#7123 = CARTESIAN_POINT('',(-0.241642567239,2.4995,1.167524391097));
#7124 = CARTESIAN_POINT('',(-0.251312315861,2.5005,1.176882212345));
#7125 = CARTESIAN_POINT('',(-0.251312315861,2.4995,1.176882212345));
#7126 = CARTESIAN_POINT('',(-0.256129860874,2.5005,1.190052479284));
#7127 = CARTESIAN_POINT('',(-0.256129860874,2.4995,1.190052479284));
#7128 = CARTESIAN_POINT('',(-0.256129860874,2.5005,1.206965874723));
#7129 = CARTESIAN_POINT('',(-0.256129860874,2.4995,1.206965874723));
#7130 = ADVANCED_FACE('',(#7131),#7149,.T.);
#7131 = FACE_BOUND('',#7132,.T.);
#7132 = EDGE_LOOP('',(#7133,#7142,#7143,#7144));
#7133 = ORIENTED_EDGE('',*,*,#7134,.F.);
#7134 = EDGE_CURVE('',#7107,#7135,#7137,.T.);
#7135 = VERTEX_POINT('',#7136);
#7136 = CARTESIAN_POINT('',(-0.24126132267,2.4995,1.245159648849));
#7137 = B_SPLINE_CURVE_WITH_KNOTS('',3,(#7138,#7139,#7140,#7141),
  .UNSPECIFIED.,.F.,.F.,(4,4),(4.,5.),.PIECEWISE_BEZIER_KNOTS.);
#7138 = CARTESIAN_POINT('',(-0.256129860874,2.4995,1.206965874723));
#7139 = CARTESIAN_POINT('',(-0.256129860874,2.4995,1.223879270162));
#7140 = CARTESIAN_POINT('',(-0.251173681472,2.4995,1.236633633936));
#7141 = CARTESIAN_POINT('',(-0.24126132267,2.4995,1.245159648849));
#7142 = ORIENTED_EDGE('',*,*,#7117,.F.);
#7143 = ORIENTED_EDGE('',*,*,#6838,.T.);
#7144 = ORIENTED_EDGE('',*,*,#7145,.T.);
#7145 = EDGE_CURVE('',#6830,#7135,#7146,.T.);
#7146 = B_SPLINE_CURVE_WITH_KNOTS('',1,(#7147,#7148),.UNSPECIFIED.,.F.,
  .F.,(2,2),(-0.,1.E-03),.PIECEWISE_BEZIER_KNOTS.);
#7147 = CARTESIAN_POINT('',(-0.24126132267,2.5005,1.245159648849));
#7148 = CARTESIAN_POINT('',(-0.24126132267,2.4995,1.245159648849));
#7149 = B_SPLINE_SURFACE_WITH_KNOTS('',3,1,(
    (#7150,#7151)
    ,(#7152,#7153)
    ,(#7154,#7155)
    ,(#7156,#7157
    )),.UNSPECIFIED.,.F.,.F.,.F.,(4,4),(2,2),(4.,5.),(0.,1.),
  .PIECEWISE_BEZIER_KNOTS.);
#7150 = CARTESIAN_POINT('',(-0.256129860874,2.5005,1.206965874723));
#7151 = CARTESIAN_POINT('',(-0.256129860874,2.4995,1.206965874723));
#7152 = CARTESIAN_POINT('',(-0.256129860874,2.5005,1.223879270162));
#7153 = CARTESIAN_POINT('',(-0.256129860874,2.4995,1.223879270162));
#7154 = CARTESIAN_POINT('',(-0.251173681472,2.5005,1.236633633936));
#7155 = CARTESIAN_POINT('',(-0.251173681472,2.4995,1.236633633936));
#7156 = CARTESIAN_POINT('',(-0.24126132267,2.5005,1.245159648849));
#7157 = CARTESIAN_POINT('',(-0.24126132267,2.4995,1.245159648849));
#7158 = ADVANCED_FACE('',(#7159),#7171,.T.);
#7159 = FACE_BOUND('',#7160,.T.);
#7160 = EDGE_LOOP('',(#7161,#7168,#7169,#7170));
#7161 = ORIENTED_EDGE('',*,*,#7162,.F.);
#7162 = EDGE_CURVE('',#7135,#7007,#7163,.T.);
#7163 = B_SPLINE_CURVE_WITH_KNOTS('',3,(#7164,#7165,#7166,#7167),
  .UNSPECIFIED.,.F.,.F.,(4,4),(5.,6.),.PIECEWISE_BEZIER_KNOTS.);
#7164 = CARTESIAN_POINT('',(-0.24126132267,2.4995,1.245159648849));
#7165 = CARTESIAN_POINT('',(-0.231348963867,2.4995,1.253685663763));
#7166 = CARTESIAN_POINT('',(-0.218282672718,2.4995,1.257914012623));
#7167 = CARTESIAN_POINT('',(-0.202131766418,2.4995,1.257914012623));
#7168 = ORIENTED_EDGE('',*,*,#7145,.F.);
#7169 = ORIENTED_EDGE('',*,*,#6829,.T.);
#7170 = ORIENTED_EDGE('',*,*,#7015,.T.);
#7171 = B_SPLINE_SURFACE_WITH_KNOTS('',3,1,(
    (#7172,#7173)
    ,(#7174,#7175)
    ,(#7176,#7177)
    ,(#7178,#7179
    )),.UNSPECIFIED.,.F.,.F.,.F.,(4,4),(2,2),(5.,6.),(0.,1.),
  .PIECEWISE_BEZIER_KNOTS.);
#7172 = CARTESIAN_POINT('',(-0.24126132267,2.5005,1.245159648849));
#7173 = CARTESIAN_POINT('',(-0.24126132267,2.4995,1.245159648849));
#7174 = CARTESIAN_POINT('',(-0.231348963867,2.5005,1.253685663763));
#7175 = CARTESIAN_POINT('',(-0.231348963867,2.4995,1.253685663763));
#7176 = CARTESIAN_POINT('',(-0.218282672718,2.5005,1.257914012623));
#7177 = CARTESIAN_POINT('',(-0.218282672718,2.4995,1.257914012623));
#7178 = CARTESIAN_POINT('',(-0.202131766418,2.5005,1.257914012623));
#7179 = CARTESIAN_POINT('',(-0.202131766418,2.4995,1.257914012623));
#7180 = ADVANCED_FACE('',(#7181),#7190,.T.);
#7181 = FACE_BOUND('',#7182,.T.);
#7182 = EDGE_LOOP('',(#7183,#7184,#7185,#7186,#7187,#7188,#7189));
#7183 = ORIENTED_EDGE('',*,*,#7006,.T.);
#7184 = ORIENTED_EDGE('',*,*,#7034,.T.);
#7185 = ORIENTED_EDGE('',*,*,#7056,.T.);
#7186 = ORIENTED_EDGE('',*,*,#7078,.T.);
#7187 = ORIENTED_EDGE('',*,*,#7106,.T.);
#7188 = ORIENTED_EDGE('',*,*,#7134,.T.);
#7189 = ORIENTED_EDGE('',*,*,#7162,.T.);
#7190 = B_SPLINE_SURFACE_WITH_KNOTS('',1,1,(
    (#7191,#7192)
    ,(#7193,#7194
    )),.UNSPECIFIED.,.F.,.F.,.F.,(2,2),(2,2),(1.128383583436,
    1.232913912623),(2.243870139126,2.318351464532),
  .PIECEWISE_BEZIER_KNOTS.);
#7191 = CARTESIAN_POINT('',(-0.256129860874,2.4995,1.153383683436));
#7192 = CARTESIAN_POINT('',(-0.181648535468,2.4995,1.153383683436));
#7193 = CARTESIAN_POINT('',(-0.256129860874,2.4995,1.257914012623));
#7194 = CARTESIAN_POINT('',(-0.181648535468,2.4995,1.257914012623));
#7195 = ADVANCED_FACE('',(#7196,#7254),#7302,.F.);
#7196 = FACE_BOUND('',#7197,.T.);
#7197 = EDGE_LOOP('',(#7198,#7207,#7214,#7221,#7228,#7235,#7242,#7249));
#7198 = ORIENTED_EDGE('',*,*,#7199,.T.);
#7199 = EDGE_CURVE('',#7200,#7202,#7204,.T.);
#7200 = VERTEX_POINT('',#7201);
#7201 = CARTESIAN_POINT('',(-0.404052753768,2.5005,1.13792594908));
#7202 = VERTEX_POINT('',#7203);
#7203 = CARTESIAN_POINT('',(-0.352411443924,2.5005,1.273510381368));
#7204 = B_SPLINE_CURVE_WITH_KNOTS('',1,(#7205,#7206),.UNSPECIFIED.,.F.,
  .F.,(2,2),(-0.14508605433,0.),.PIECEWISE_BEZIER_KNOTS.);
#7205 = CARTESIAN_POINT('',(-0.404052753768,2.5005,1.13792594908));
#7206 = CARTESIAN_POINT('',(-0.352411443924,2.5005,1.273510381368));
#7207 = ORIENTED_EDGE('',*,*,#7208,.T.);
#7208 = EDGE_CURVE('',#7202,#7209,#7211,.T.);
#7209 = VERTEX_POINT('',#7210);
#7210 = CARTESIAN_POINT('',(-0.33369580143,2.5005,1.273510381368));
#7211 = B_SPLINE_CURVE_WITH_KNOTS('',1,(#7212,#7213),.UNSPECIFIED.,.F.,
  .F.,(2,2),(-1.871564249363E-02,0.),.PIECEWISE_BEZIER_KNOTS.);
#7212 = CARTESIAN_POINT('',(-0.352411443924,2.5005,1.273510381368));
#7213 = CARTESIAN_POINT('',(-0.33369580143,2.5005,1.273510381368));
#7214 = ORIENTED_EDGE('',*,*,#7215,.T.);
#7215 = EDGE_CURVE('',#7209,#7216,#7218,.T.);
#7216 = VERTEX_POINT('',#7217);
#7217 = CARTESIAN_POINT('',(-0.282054491587,2.5005,1.13792594908));
#7218 = B_SPLINE_CURVE_WITH_KNOTS('',1,(#7219,#7220),.UNSPECIFIED.,.F.,
  .F.,(2,2),(-0.14508605433,0.),.PIECEWISE_BEZIER_KNOTS.);
#7219 = CARTESIAN_POINT('',(-0.33369580143,2.5005,1.273510381368));
#7220 = CARTESIAN_POINT('',(-0.282054491587,2.5005,1.13792594908));
#7221 = ORIENTED_EDGE('',*,*,#7222,.T.);
#7222 = EDGE_CURVE('',#7216,#7223,#7225,.T.);
#7223 = VERTEX_POINT('',#7224);
#7224 = CARTESIAN_POINT('',(-0.30139398883,2.5005,1.13792594908));
#7225 = B_SPLINE_CURVE_WITH_KNOTS('',1,(#7226,#7227),.UNSPECIFIED.,.F.,
  .F.,(2,2),(-1.933949724271E-02,0.),.PIECEWISE_BEZIER_KNOTS.);
#7226 = CARTESIAN_POINT('',(-0.282054491587,2.5005,1.13792594908));
#7227 = CARTESIAN_POINT('',(-0.30139398883,2.5005,1.13792594908));
#7228 = ORIENTED_EDGE('',*,*,#7229,.T.);
#7229 = EDGE_CURVE('',#7223,#7230,#7232,.T.);
#7230 = VERTEX_POINT('',#7231);
#7231 = CARTESIAN_POINT('',(-0.314425621381,2.5005,1.175010648096));
#7232 = B_SPLINE_CURVE_WITH_KNOTS('',1,(#7233,#7234),.UNSPECIFIED.,.F.,
  .F.,(2,2),(-3.930773903472E-02,0.),.PIECEWISE_BEZIER_KNOTS.);
#7233 = CARTESIAN_POINT('',(-0.30139398883,2.5005,1.13792594908));
#7234 = CARTESIAN_POINT('',(-0.314425621381,2.5005,1.175010648096));
#7235 = ORIENTED_EDGE('',*,*,#7236,.T.);
#7236 = EDGE_CURVE('',#7230,#7237,#7239,.T.);
#7237 = VERTEX_POINT('',#7238);
#7238 = CARTESIAN_POINT('',(-0.370884476237,2.5005,1.175010648096));
#7239 = B_SPLINE_CURVE_WITH_KNOTS('',1,(#7240,#7241),.UNSPECIFIED.,.F.,
  .F.,(2,2),(-5.645885485636E-02,0.),.PIECEWISE_BEZIER_KNOTS.);
#7240 = CARTESIAN_POINT('',(-0.314425621381,2.5005,1.175010648096));
#7241 = CARTESIAN_POINT('',(-0.370884476237,2.5005,1.175010648096));
#7242 = ORIENTED_EDGE('',*,*,#7243,.T.);
#7243 = EDGE_CURVE('',#7237,#7244,#7246,.T.);
#7244 = VERTEX_POINT('',#7245);
#7245 = CARTESIAN_POINT('',(-0.384713256524,2.5005,1.13792594908));
#7246 = B_SPLINE_CURVE_WITH_KNOTS('',1,(#7247,#7248),.UNSPECIFIED.,.F.,
  .F.,(2,2),(-3.957916200856E-02,-0.),.PIECEWISE_BEZIER_KNOTS.);
#7247 = CARTESIAN_POINT('',(-0.370884476237,2.5005,1.175010648096));
#7248 = CARTESIAN_POINT('',(-0.384713256524,2.5005,1.13792594908));
#7249 = ORIENTED_EDGE('',*,*,#7250,.T.);
#7250 = EDGE_CURVE('',#7244,#7200,#7251,.T.);
#7251 = B_SPLINE_CURVE_WITH_KNOTS('',1,(#7252,#7253),.UNSPECIFIED.,.F.,
  .F.,(2,2),(-1.933949724364E-02,0.),.PIECEWISE_BEZIER_KNOTS.);
#7252 = CARTESIAN_POINT('',(-0.384713256524,2.5005,1.13792594908));
#7253 = CARTESIAN_POINT('',(-0.404052753768,2.5005,1.13792594908));
#7254 = FACE_BOUND('',#7255,.T.);
#7255 = EDGE_LOOP('',(#7256,#7265,#7272,#7281,#7288,#7297));
#7256 = ORIENTED_EDGE('',*,*,#7257,.F.);
#7257 = EDGE_CURVE('',#7258,#7260,#7262,.T.);
#7258 = VERTEX_POINT('',#7259);
#7259 = CARTESIAN_POINT('',(-0.319970996935,2.5005,1.190329748063));
#7260 = VERTEX_POINT('',#7261);
#7261 = CARTESIAN_POINT('',(-0.365477735072,2.5005,1.190329748063));
#7262 = B_SPLINE_CURVE_WITH_KNOTS('',1,(#7263,#7264),.UNSPECIFIED.,.F.,
  .F.,(2,2),(0.,4.550673813737E-02),.PIECEWISE_BEZIER_KNOTS.);
#7263 = CARTESIAN_POINT('',(-0.319970996935,2.5005,1.190329748063));
#7264 = CARTESIAN_POINT('',(-0.365477735072,2.5005,1.190329748063));
#7265 = ORIENTED_EDGE('',*,*,#7266,.F.);
#7266 = EDGE_CURVE('',#7267,#7258,#7269,.T.);
#7267 = VERTEX_POINT('',#7268);
#7268 = CARTESIAN_POINT('',(-0.340246276303,2.5005,1.246684627127));
#7269 = B_SPLINE_CURVE_WITH_KNOTS('',1,(#7270,#7271),.UNSPECIFIED.,.F.,
  .F.,(2,2),(-1.879246948689E-17,5.989122930586E-02),
  .PIECEWISE_BEZIER_KNOTS.);
#7270 = CARTESIAN_POINT('',(-0.340246276303,2.5005,1.246684627127));
#7271 = CARTESIAN_POINT('',(-0.319970996935,2.5005,1.190329748063));
#7272 = ORIENTED_EDGE('',*,*,#7273,.F.);
#7273 = EDGE_CURVE('',#7274,#7267,#7276,.T.);
#7274 = VERTEX_POINT('',#7275);
#7275 = CARTESIAN_POINT('',(-0.342464426525,2.5005,1.256181082763));
#7276 = B_SPLINE_CURVE_WITH_KNOTS('',3,(#7277,#7278,#7279,#7280),
  .UNSPECIFIED.,.F.,.F.,(4,4),(3.,4.),.PIECEWISE_BEZIER_KNOTS.);
#7277 = CARTESIAN_POINT('',(-0.342464426525,2.5005,1.256181082763));
#7278 = CARTESIAN_POINT('',(-0.341805913177,2.5005,1.252091368292));
#7279 = CARTESIAN_POINT('',(-0.341078082636,2.5005,1.248902777348));
#7280 = CARTESIAN_POINT('',(-0.340246276303,2.5005,1.246684627127));
#7281 = ORIENTED_EDGE('',*,*,#7282,.F.);
#7282 = EDGE_CURVE('',#7283,#7274,#7285,.T.);
#7283 = VERTEX_POINT('',#7284);
#7284 = CARTESIAN_POINT('',(-0.342880329691,2.5005,1.256181082763));
#7285 = B_SPLINE_CURVE_WITH_KNOTS('',1,(#7286,#7287),.UNSPECIFIED.,.F.,
  .F.,(2,2),(0.,4.159031660527E-04),.PIECEWISE_BEZIER_KNOTS.);
#7286 = CARTESIAN_POINT('',(-0.342880329691,2.5005,1.256181082763));
#7287 = CARTESIAN_POINT('',(-0.342464426525,2.5005,1.256181082763));
#7288 = ORIENTED_EDGE('',*,*,#7289,.F.);
#7289 = EDGE_CURVE('',#7290,#7283,#7292,.T.);
#7290 = VERTEX_POINT('',#7291);
#7291 = CARTESIAN_POINT('',(-0.344994504121,2.5005,1.246684627127));
#7292 = B_SPLINE_CURVE_WITH_KNOTS('',3,(#7293,#7294,#7295,#7296),
  .UNSPECIFIED.,.F.,.F.,(4,4),(1.,2.),.PIECEWISE_BEZIER_KNOTS.);
#7293 = CARTESIAN_POINT('',(-0.344994504121,2.5005,1.246684627127));
#7294 = CARTESIAN_POINT('',(-0.344335990774,2.5005,1.248556191376));
#7295 = CARTESIAN_POINT('',(-0.343642818829,2.5005,1.251675465125));
#7296 = CARTESIAN_POINT('',(-0.342880329691,2.5005,1.256181082763));
#7297 = ORIENTED_EDGE('',*,*,#7298,.F.);
#7298 = EDGE_CURVE('',#7260,#7290,#7299,.T.);
#7299 = B_SPLINE_CURVE_WITH_KNOTS('',1,(#7300,#7301),.UNSPECIFIED.,.F.,
  .F.,(2,2),(0.,5.996194747096E-02),.PIECEWISE_BEZIER_KNOTS.);
#7300 = CARTESIAN_POINT('',(-0.365477735072,2.5005,1.190329748063));
#7301 = CARTESIAN_POINT('',(-0.344994504121,2.5005,1.246684627127));
#7302 = B_SPLINE_SURFACE_WITH_KNOTS('',1,1,(
    (#7303,#7304)
    ,(#7305,#7306
    )),.UNSPECIFIED.,.F.,.F.,.F.,(2,2),(2,2),(0.351489718632,
    0.48707415092),(-0.404052753768,-0.282054491587),
  .PIECEWISE_BEZIER_KNOTS.);
#7303 = CARTESIAN_POINT('',(-0.404052753768,2.5005,1.273510381368));
#7304 = CARTESIAN_POINT('',(-0.282054491587,2.5005,1.273510381368));
#7305 = CARTESIAN_POINT('',(-0.404052753768,2.5005,1.13792594908));
#7306 = CARTESIAN_POINT('',(-0.282054491587,2.5005,1.13792594908));
#7307 = ADVANCED_FACE('',(#7308),#7322,.F.);
#7308 = FACE_BOUND('',#7309,.T.);
#7309 = EDGE_LOOP('',(#7310,#7311,#7316,#7317));
#7310 = ORIENTED_EDGE('',*,*,#1033,.T.);
#7311 = ORIENTED_EDGE('',*,*,#7312,.F.);
#7312 = EDGE_CURVE('',#7202,#1025,#7313,.T.);
#7313 = B_SPLINE_CURVE_WITH_KNOTS('',1,(#7314,#7315),.UNSPECIFIED.,.F.,
  .F.,(2,2),(-0.,1.E-03),.PIECEWISE_BEZIER_KNOTS.);
#7314 = CARTESIAN_POINT('',(-0.352411443924,2.5005,1.273510381368));
#7315 = CARTESIAN_POINT('',(-0.352411443924,2.4995,1.273510381368));
#7316 = ORIENTED_EDGE('',*,*,#7199,.F.);
#7317 = ORIENTED_EDGE('',*,*,#7318,.T.);
#7318 = EDGE_CURVE('',#7200,#1034,#7319,.T.);
#7319 = B_SPLINE_CURVE_WITH_KNOTS('',1,(#7320,#7321),.UNSPECIFIED.,.F.,
  .F.,(2,2),(-0.,1.E-03),.PIECEWISE_BEZIER_KNOTS.);
#7320 = CARTESIAN_POINT('',(-0.404052753768,2.5005,1.13792594908));
#7321 = CARTESIAN_POINT('',(-0.404052753768,2.4995,1.13792594908));
#7322 = B_SPLINE_SURFACE_WITH_KNOTS('',1,1,(
    (#7323,#7324)
    ,(#7325,#7326
    )),.UNSPECIFIED.,.F.,.F.,.F.,(2,2),(2,2),(-0.,0.14508605433),(
    -1.E-03,0.),.PIECEWISE_BEZIER_KNOTS.);
#7323 = CARTESIAN_POINT('',(-0.352411443924,2.4995,1.273510381368));
#7324 = CARTESIAN_POINT('',(-0.352411443924,2.5005,1.273510381368));
#7325 = CARTESIAN_POINT('',(-0.404052753768,2.4995,1.13792594908));
#7326 = CARTESIAN_POINT('',(-0.404052753768,2.5005,1.13792594908));
#7327 = ADVANCED_FACE('',(#7328),#7338,.F.);
#7328 = FACE_BOUND('',#7329,.T.);
#7329 = EDGE_LOOP('',(#7330,#7331,#7336,#7337));
#7330 = ORIENTED_EDGE('',*,*,#1024,.T.);
#7331 = ORIENTED_EDGE('',*,*,#7332,.F.);
#7332 = EDGE_CURVE('',#7209,#1027,#7333,.T.);
#7333 = B_SPLINE_CURVE_WITH_KNOTS('',1,(#7334,#7335),.UNSPECIFIED.,.F.,
  .F.,(2,2),(-0.,1.E-03),.PIECEWISE_BEZIER_KNOTS.);
#7334 = CARTESIAN_POINT('',(-0.33369580143,2.5005,1.273510381368));
#7335 = CARTESIAN_POINT('',(-0.33369580143,2.4995,1.273510381368));
#7336 = ORIENTED_EDGE('',*,*,#7208,.F.);
#7337 = ORIENTED_EDGE('',*,*,#7312,.T.);
#7338 = B_SPLINE_SURFACE_WITH_KNOTS('',1,1,(
    (#7339,#7340)
    ,(#7341,#7342
    )),.UNSPECIFIED.,.F.,.F.,.F.,(2,2),(2,2),(0.,1.871564249363E-02),(
    -1.E-03,0.),.PIECEWISE_BEZIER_KNOTS.);
#7339 = CARTESIAN_POINT('',(-0.33369580143,2.4995,1.273510381368));
#7340 = CARTESIAN_POINT('',(-0.33369580143,2.5005,1.273510381368));
#7341 = CARTESIAN_POINT('',(-0.352411443924,2.4995,1.273510381368));
#7342 = CARTESIAN_POINT('',(-0.352411443924,2.5005,1.273510381368));
#7343 = ADVANCED_FACE('',(#7344),#7354,.F.);
#7344 = FACE_BOUND('',#7345,.T.);
#7345 = EDGE_LOOP('',(#7346,#7347,#7352,#7353));
#7346 = ORIENTED_EDGE('',*,*,#1075,.T.);
#7347 = ORIENTED_EDGE('',*,*,#7348,.F.);
#7348 = EDGE_CURVE('',#7216,#1069,#7349,.T.);
#7349 = B_SPLINE_CURVE_WITH_KNOTS('',1,(#7350,#7351),.UNSPECIFIED.,.F.,
  .F.,(2,2),(-0.,1.E-03),.PIECEWISE_BEZIER_KNOTS.);
#7350 = CARTESIAN_POINT('',(-0.282054491587,2.5005,1.13792594908));
#7351 = CARTESIAN_POINT('',(-0.282054491587,2.4995,1.13792594908));
#7352 = ORIENTED_EDGE('',*,*,#7215,.F.);
#7353 = ORIENTED_EDGE('',*,*,#7332,.T.);
#7354 = B_SPLINE_SURFACE_WITH_KNOTS('',1,1,(
    (#7355,#7356)
    ,(#7357,#7358
    )),.UNSPECIFIED.,.F.,.F.,.F.,(2,2),(2,2),(0.,0.14508605433),(-1.E-03
    ,0.),.PIECEWISE_BEZIER_KNOTS.);
#7355 = CARTESIAN_POINT('',(-0.282054491587,2.4995,1.13792594908));
#7356 = CARTESIAN_POINT('',(-0.282054491587,2.5005,1.13792594908));
#7357 = CARTESIAN_POINT('',(-0.33369580143,2.4995,1.273510381368));
#7358 = CARTESIAN_POINT('',(-0.33369580143,2.5005,1.273510381368));
#7359 = ADVANCED_FACE('',(#7360),#7370,.F.);
#7360 = FACE_BOUND('',#7361,.T.);
#7361 = EDGE_LOOP('',(#7362,#7363,#7368,#7369));
#7362 = ORIENTED_EDGE('',*,*,#1068,.T.);
#7363 = ORIENTED_EDGE('',*,*,#7364,.F.);
#7364 = EDGE_CURVE('',#7223,#1062,#7365,.T.);
#7365 = B_SPLINE_CURVE_WITH_KNOTS('',1,(#7366,#7367),.UNSPECIFIED.,.F.,
  .F.,(2,2),(-0.,1.E-03),.PIECEWISE_BEZIER_KNOTS.);
#7366 = CARTESIAN_POINT('',(-0.30139398883,2.5005,1.13792594908));
#7367 = CARTESIAN_POINT('',(-0.30139398883,2.4995,1.13792594908));
#7368 = ORIENTED_EDGE('',*,*,#7222,.F.);
#7369 = ORIENTED_EDGE('',*,*,#7348,.T.);
#7370 = B_SPLINE_SURFACE_WITH_KNOTS('',1,1,(
    (#7371,#7372)
    ,(#7373,#7374
    )),.UNSPECIFIED.,.F.,.F.,.F.,(2,2),(2,2),(0.,1.933949724271E-02),(
    -1.E-03,0.),.PIECEWISE_BEZIER_KNOTS.);
#7371 = CARTESIAN_POINT('',(-0.30139398883,2.4995,1.13792594908));
#7372 = CARTESIAN_POINT('',(-0.30139398883,2.5005,1.13792594908));
#7373 = CARTESIAN_POINT('',(-0.282054491587,2.4995,1.13792594908));
#7374 = CARTESIAN_POINT('',(-0.282054491587,2.5005,1.13792594908));
#7375 = ADVANCED_FACE('',(#7376),#7386,.F.);
#7376 = FACE_BOUND('',#7377,.T.);
#7377 = EDGE_LOOP('',(#7378,#7379,#7384,#7385));
#7378 = ORIENTED_EDGE('',*,*,#1061,.T.);
#7379 = ORIENTED_EDGE('',*,*,#7380,.F.);
#7380 = EDGE_CURVE('',#7230,#1055,#7381,.T.);
#7381 = B_SPLINE_CURVE_WITH_KNOTS('',1,(#7382,#7383),.UNSPECIFIED.,.F.,
  .F.,(2,2),(-0.,1.E-03),.PIECEWISE_BEZIER_KNOTS.);
#7382 = CARTESIAN_POINT('',(-0.314425621381,2.5005,1.175010648096));
#7383 = CARTESIAN_POINT('',(-0.314425621381,2.4995,1.175010648096));
#7384 = ORIENTED_EDGE('',*,*,#7229,.F.);
#7385 = ORIENTED_EDGE('',*,*,#7364,.T.);
#7386 = B_SPLINE_SURFACE_WITH_KNOTS('',1,1,(
    (#7387,#7388)
    ,(#7389,#7390
    )),.UNSPECIFIED.,.F.,.F.,.F.,(2,2),(2,2),(0.,3.930773903472E-02),(
    -1.E-03,0.),.PIECEWISE_BEZIER_KNOTS.);
#7387 = CARTESIAN_POINT('',(-0.314425621381,2.4995,1.175010648096));
#7388 = CARTESIAN_POINT('',(-0.314425621381,2.5005,1.175010648096));
#7389 = CARTESIAN_POINT('',(-0.30139398883,2.4995,1.13792594908));
#7390 = CARTESIAN_POINT('',(-0.30139398883,2.5005,1.13792594908));
#7391 = ADVANCED_FACE('',(#7392),#7402,.F.);
#7392 = FACE_BOUND('',#7393,.T.);
#7393 = EDGE_LOOP('',(#7394,#7395,#7400,#7401));
#7394 = ORIENTED_EDGE('',*,*,#1054,.T.);
#7395 = ORIENTED_EDGE('',*,*,#7396,.F.);
#7396 = EDGE_CURVE('',#7237,#1048,#7397,.T.);
#7397 = B_SPLINE_CURVE_WITH_KNOTS('',1,(#7398,#7399),.UNSPECIFIED.,.F.,
  .F.,(2,2),(-0.,1.E-03),.PIECEWISE_BEZIER_KNOTS.);
#7398 = CARTESIAN_POINT('',(-0.370884476237,2.5005,1.175010648096));
#7399 = CARTESIAN_POINT('',(-0.370884476237,2.4995,1.175010648096));
#7400 = ORIENTED_EDGE('',*,*,#7236,.F.);
#7401 = ORIENTED_EDGE('',*,*,#7380,.T.);
#7402 = B_SPLINE_SURFACE_WITH_KNOTS('',1,1,(
    (#7403,#7404)
    ,(#7405,#7406
    )),.UNSPECIFIED.,.F.,.F.,.F.,(2,2),(2,2),(0.,5.645885485636E-02),(
    -1.E-03,0.),.PIECEWISE_BEZIER_KNOTS.);
#7403 = CARTESIAN_POINT('',(-0.370884476237,2.4995,1.175010648096));
#7404 = CARTESIAN_POINT('',(-0.370884476237,2.5005,1.175010648096));
#7405 = CARTESIAN_POINT('',(-0.314425621381,2.4995,1.175010648096));
#7406 = CARTESIAN_POINT('',(-0.314425621381,2.5005,1.175010648096));
#7407 = ADVANCED_FACE('',(#7408),#7418,.F.);
#7408 = FACE_BOUND('',#7409,.T.);
#7409 = EDGE_LOOP('',(#7410,#7411,#7416,#7417));
#7410 = ORIENTED_EDGE('',*,*,#1047,.T.);
#7411 = ORIENTED_EDGE('',*,*,#7412,.F.);
#7412 = EDGE_CURVE('',#7244,#1041,#7413,.T.);
#7413 = B_SPLINE_CURVE_WITH_KNOTS('',1,(#7414,#7415),.UNSPECIFIED.,.F.,
  .F.,(2,2),(-0.,1.E-03),.PIECEWISE_BEZIER_KNOTS.);
#7414 = CARTESIAN_POINT('',(-0.384713256524,2.5005,1.13792594908));
#7415 = CARTESIAN_POINT('',(-0.384713256524,2.4995,1.13792594908));
#7416 = ORIENTED_EDGE('',*,*,#7243,.F.);
#7417 = ORIENTED_EDGE('',*,*,#7396,.T.);
#7418 = B_SPLINE_SURFACE_WITH_KNOTS('',1,1,(
    (#7419,#7420)
    ,(#7421,#7422
    )),.UNSPECIFIED.,.F.,.F.,.F.,(2,2),(2,2),(0.,3.957916200856E-02),(
    -1.E-03,0.),.PIECEWISE_BEZIER_KNOTS.);
#7419 = CARTESIAN_POINT('',(-0.384713256524,2.4995,1.13792594908));
#7420 = CARTESIAN_POINT('',(-0.384713256524,2.5005,1.13792594908));
#7421 = CARTESIAN_POINT('',(-0.370884476237,2.4995,1.175010648096));
#7422 = CARTESIAN_POINT('',(-0.370884476237,2.5005,1.175010648096));
#7423 = ADVANCED_FACE('',(#7424),#7430,.F.);
#7424 = FACE_BOUND('',#7425,.T.);
#7425 = EDGE_LOOP('',(#7426,#7427,#7428,#7429));
#7426 = ORIENTED_EDGE('',*,*,#1040,.T.);
#7427 = ORIENTED_EDGE('',*,*,#7318,.F.);
#7428 = ORIENTED_EDGE('',*,*,#7250,.F.);
#7429 = ORIENTED_EDGE('',*,*,#7412,.T.);
#7430 = B_SPLINE_SURFACE_WITH_KNOTS('',1,1,(
    (#7431,#7432)
    ,(#7433,#7434
    )),.UNSPECIFIED.,.F.,.F.,.F.,(2,2),(2,2),(0.,1.933949724364E-02),(
    -1.E-03,0.),.PIECEWISE_BEZIER_KNOTS.);
#7431 = CARTESIAN_POINT('',(-0.404052753768,2.4995,1.13792594908));
#7432 = CARTESIAN_POINT('',(-0.404052753768,2.5005,1.13792594908));
#7433 = CARTESIAN_POINT('',(-0.384713256524,2.4995,1.13792594908));
#7434 = CARTESIAN_POINT('',(-0.384713256524,2.5005,1.13792594908));
#7435 = ADVANCED_FACE('',(#7436),#7458,.T.);
#7436 = FACE_BOUND('',#7437,.T.);
#7437 = EDGE_LOOP('',(#7438,#7447,#7452,#7453));
#7438 = ORIENTED_EDGE('',*,*,#7439,.F.);
#7439 = EDGE_CURVE('',#7440,#7442,#7444,.T.);
#7440 = VERTEX_POINT('',#7441);
#7441 = CARTESIAN_POINT('',(-0.319970996935,2.4995,1.190329748063));
#7442 = VERTEX_POINT('',#7443);
#7443 = CARTESIAN_POINT('',(-0.365477735072,2.4995,1.190329748063));
#7444 = B_SPLINE_CURVE_WITH_KNOTS('',1,(#7445,#7446),.UNSPECIFIED.,.F.,
  .F.,(2,2),(4.440892098501E-16,4.550673813737E-02),
  .PIECEWISE_BEZIER_KNOTS.);
#7445 = CARTESIAN_POINT('',(-0.319970996935,2.4995,1.190329748063));
#7446 = CARTESIAN_POINT('',(-0.365477735072,2.4995,1.190329748063));
#7447 = ORIENTED_EDGE('',*,*,#7448,.F.);
#7448 = EDGE_CURVE('',#7258,#7440,#7449,.T.);
#7449 = B_SPLINE_CURVE_WITH_KNOTS('',1,(#7450,#7451),.UNSPECIFIED.,.F.,
  .F.,(2,2),(-0.,1.E-03),.PIECEWISE_BEZIER_KNOTS.);
#7450 = CARTESIAN_POINT('',(-0.319970996935,2.5005,1.190329748063));
#7451 = CARTESIAN_POINT('',(-0.319970996935,2.4995,1.190329748063));
#7452 = ORIENTED_EDGE('',*,*,#7257,.T.);
#7453 = ORIENTED_EDGE('',*,*,#7454,.T.);
#7454 = EDGE_CURVE('',#7260,#7442,#7455,.T.);
#7455 = B_SPLINE_CURVE_WITH_KNOTS('',1,(#7456,#7457),.UNSPECIFIED.,.F.,
  .F.,(2,2),(-0.,1.E-03),.PIECEWISE_BEZIER_KNOTS.);
#7456 = CARTESIAN_POINT('',(-0.365477735072,2.5005,1.190329748063));
#7457 = CARTESIAN_POINT('',(-0.365477735072,2.4995,1.190329748063));
#7458 = B_SPLINE_SURFACE_WITH_KNOTS('',1,1,(
    (#7459,#7460)
    ,(#7461,#7462
    )),.UNSPECIFIED.,.F.,.F.,.F.,(2,2),(2,2),(-4.550673813737E-02,0.),(
    -1.E-03,0.),.PIECEWISE_BEZIER_KNOTS.);
#7459 = CARTESIAN_POINT('',(-0.365477735072,2.4995,1.190329748063));
#7460 = CARTESIAN_POINT('',(-0.365477735072,2.5005,1.190329748063));
#7461 = CARTESIAN_POINT('',(-0.319970996935,2.4995,1.190329748063));
#7462 = CARTESIAN_POINT('',(-0.319970996935,2.5005,1.190329748063));
#7463 = ADVANCED_FACE('',(#7464),#7480,.T.);
#7464 = FACE_BOUND('',#7465,.T.);
#7465 = EDGE_LOOP('',(#7466,#7473,#7474,#7475));
#7466 = ORIENTED_EDGE('',*,*,#7467,.F.);
#7467 = EDGE_CURVE('',#7442,#7468,#7470,.T.);
#7468 = VERTEX_POINT('',#7469);
#7469 = CARTESIAN_POINT('',(-0.344994504121,2.4995,1.246684627127));
#7470 = B_SPLINE_CURVE_WITH_KNOTS('',1,(#7471,#7472),.UNSPECIFIED.,.F.,
  .F.,(2,2),(8.066418658607E-17,5.996194747096E-02),
  .PIECEWISE_BEZIER_KNOTS.);
#7471 = CARTESIAN_POINT('',(-0.365477735072,2.4995,1.190329748063));
#7472 = CARTESIAN_POINT('',(-0.344994504121,2.4995,1.246684627127));
#7473 = ORIENTED_EDGE('',*,*,#7454,.F.);
#7474 = ORIENTED_EDGE('',*,*,#7298,.T.);
#7475 = ORIENTED_EDGE('',*,*,#7476,.T.);
#7476 = EDGE_CURVE('',#7290,#7468,#7477,.T.);
#7477 = B_SPLINE_CURVE_WITH_KNOTS('',1,(#7478,#7479),.UNSPECIFIED.,.F.,
  .F.,(2,2),(-0.,1.E-03),.PIECEWISE_BEZIER_KNOTS.);
#7478 = CARTESIAN_POINT('',(-0.344994504121,2.5005,1.246684627127));
#7479 = CARTESIAN_POINT('',(-0.344994504121,2.4995,1.246684627127));
#7480 = B_SPLINE_SURFACE_WITH_KNOTS('',1,1,(
    (#7481,#7482)
    ,(#7483,#7484
    )),.UNSPECIFIED.,.F.,.F.,.F.,(2,2),(2,2),(-5.996194747096E-02,0.),(
    -1.E-03,0.),.PIECEWISE_BEZIER_KNOTS.);
#7481 = CARTESIAN_POINT('',(-0.344994504121,2.4995,1.246684627127));
#7482 = CARTESIAN_POINT('',(-0.344994504121,2.5005,1.246684627127));
#7483 = CARTESIAN_POINT('',(-0.365477735072,2.4995,1.190329748063));
#7484 = CARTESIAN_POINT('',(-0.365477735072,2.5005,1.190329748063));
#7485 = ADVANCED_FACE('',(#7486),#7504,.T.);
#7486 = FACE_BOUND('',#7487,.T.);
#7487 = EDGE_LOOP('',(#7488,#7497,#7498,#7499));
#7488 = ORIENTED_EDGE('',*,*,#7489,.F.);
#7489 = EDGE_CURVE('',#7468,#7490,#7492,.T.);
#7490 = VERTEX_POINT('',#7491);
#7491 = CARTESIAN_POINT('',(-0.342880329691,2.4995,1.256181082763));
#7492 = B_SPLINE_CURVE_WITH_KNOTS('',3,(#7493,#7494,#7495,#7496),
  .UNSPECIFIED.,.F.,.F.,(4,4),(1.,2.),.PIECEWISE_BEZIER_KNOTS.);
#7493 = CARTESIAN_POINT('',(-0.344994504121,2.4995,1.246684627127));
#7494 = CARTESIAN_POINT('',(-0.344335990774,2.4995,1.248556191376));
#7495 = CARTESIAN_POINT('',(-0.343642818829,2.4995,1.251675465125));
#7496 = CARTESIAN_POINT('',(-0.342880329691,2.4995,1.256181082763));
#7497 = ORIENTED_EDGE('',*,*,#7476,.F.);
#7498 = ORIENTED_EDGE('',*,*,#7289,.T.);
#7499 = ORIENTED_EDGE('',*,*,#7500,.T.);
#7500 = EDGE_CURVE('',#7283,#7490,#7501,.T.);
#7501 = B_SPLINE_CURVE_WITH_KNOTS('',1,(#7502,#7503),.UNSPECIFIED.,.F.,
  .F.,(2,2),(-0.,1.E-03),.PIECEWISE_BEZIER_KNOTS.);
#7502 = CARTESIAN_POINT('',(-0.342880329691,2.5005,1.256181082763));
#7503 = CARTESIAN_POINT('',(-0.342880329691,2.4995,1.256181082763));
#7504 = B_SPLINE_SURFACE_WITH_KNOTS('',3,1,(
    (#7505,#7506)
    ,(#7507,#7508)
    ,(#7509,#7510)
    ,(#7511,#7512
    )),.UNSPECIFIED.,.F.,.F.,.F.,(4,4),(2,2),(1.,2.),(0.,1.),
  .PIECEWISE_BEZIER_KNOTS.);
#7505 = CARTESIAN_POINT('',(-0.344994504121,2.5005,1.246684627127));
#7506 = CARTESIAN_POINT('',(-0.344994504121,2.4995,1.246684627127));
#7507 = CARTESIAN_POINT('',(-0.344335990774,2.5005,1.248556191376));
#7508 = CARTESIAN_POINT('',(-0.344335990774,2.4995,1.248556191376));
#7509 = CARTESIAN_POINT('',(-0.343642818829,2.5005,1.251675465125));
#7510 = CARTESIAN_POINT('',(-0.343642818829,2.4995,1.251675465125));
#7511 = CARTESIAN_POINT('',(-0.342880329691,2.5005,1.256181082763));
#7512 = CARTESIAN_POINT('',(-0.342880329691,2.4995,1.256181082763));
#7513 = ADVANCED_FACE('',(#7514),#7530,.T.);
#7514 = FACE_BOUND('',#7515,.T.);
#7515 = EDGE_LOOP('',(#7516,#7523,#7524,#7525));
#7516 = ORIENTED_EDGE('',*,*,#7517,.F.);
#7517 = EDGE_CURVE('',#7490,#7518,#7520,.T.);
#7518 = VERTEX_POINT('',#7519);
#7519 = CARTESIAN_POINT('',(-0.342464426525,2.4995,1.256181082763));
#7520 = B_SPLINE_CURVE_WITH_KNOTS('',1,(#7521,#7522),.UNSPECIFIED.,.F.,
  .F.,(2,2),(0.,4.159031660528E-04),.PIECEWISE_BEZIER_KNOTS.);
#7521 = CARTESIAN_POINT('',(-0.342880329691,2.4995,1.256181082763));
#7522 = CARTESIAN_POINT('',(-0.342464426525,2.4995,1.256181082763));
#7523 = ORIENTED_EDGE('',*,*,#7500,.F.);
#7524 = ORIENTED_EDGE('',*,*,#7282,.T.);
#7525 = ORIENTED_EDGE('',*,*,#7526,.T.);
#7526 = EDGE_CURVE('',#7274,#7518,#7527,.T.);
#7527 = B_SPLINE_CURVE_WITH_KNOTS('',1,(#7528,#7529),.UNSPECIFIED.,.F.,
  .F.,(2,2),(-0.,1.E-03),.PIECEWISE_BEZIER_KNOTS.);
#7528 = CARTESIAN_POINT('',(-0.342464426525,2.5005,1.256181082763));
#7529 = CARTESIAN_POINT('',(-0.342464426525,2.4995,1.256181082763));
#7530 = B_SPLINE_SURFACE_WITH_KNOTS('',1,1,(
    (#7531,#7532)
    ,(#7533,#7534
    )),.UNSPECIFIED.,.F.,.F.,.F.,(2,2),(2,2),(-4.159031660528E-04,0.),(
    -1.E-03,0.),.PIECEWISE_BEZIER_KNOTS.);
#7531 = CARTESIAN_POINT('',(-0.342464426525,2.4995,1.256181082763));
#7532 = CARTESIAN_POINT('',(-0.342464426525,2.5005,1.256181082763));
#7533 = CARTESIAN_POINT('',(-0.342880329691,2.4995,1.256181082763));
#7534 = CARTESIAN_POINT('',(-0.342880329691,2.5005,1.256181082763));
#7535 = ADVANCED_FACE('',(#7536),#7554,.T.);
#7536 = FACE_BOUND('',#7537,.T.);
#7537 = EDGE_LOOP('',(#7538,#7547,#7548,#7549));
#7538 = ORIENTED_EDGE('',*,*,#7539,.F.);
#7539 = EDGE_CURVE('',#7518,#7540,#7542,.T.);
#7540 = VERTEX_POINT('',#7541);
#7541 = CARTESIAN_POINT('',(-0.340246276303,2.4995,1.246684627127));
#7542 = B_SPLINE_CURVE_WITH_KNOTS('',3,(#7543,#7544,#7545,#7546),
  .UNSPECIFIED.,.F.,.F.,(4,4),(3.,4.),.PIECEWISE_BEZIER_KNOTS.);
#7543 = CARTESIAN_POINT('',(-0.342464426525,2.4995,1.256181082763));
#7544 = CARTESIAN_POINT('',(-0.341805913177,2.4995,1.252091368292));
#7545 = CARTESIAN_POINT('',(-0.341078082636,2.4995,1.248902777348));
#7546 = CARTESIAN_POINT('',(-0.340246276303,2.4995,1.246684627127));
#7547 = ORIENTED_EDGE('',*,*,#7526,.F.);
#7548 = ORIENTED_EDGE('',*,*,#7273,.T.);
#7549 = ORIENTED_EDGE('',*,*,#7550,.T.);
#7550 = EDGE_CURVE('',#7267,#7540,#7551,.T.);
#7551 = B_SPLINE_CURVE_WITH_KNOTS('',1,(#7552,#7553),.UNSPECIFIED.,.F.,
  .F.,(2,2),(8.881784197001E-16,1.E-03),.PIECEWISE_BEZIER_KNOTS.);
#7552 = CARTESIAN_POINT('',(-0.340246276303,2.5005,1.246684627127));
#7553 = CARTESIAN_POINT('',(-0.340246276303,2.4995,1.246684627127));
#7554 = B_SPLINE_SURFACE_WITH_KNOTS('',3,1,(
    (#7555,#7556)
    ,(#7557,#7558)
    ,(#7559,#7560)
    ,(#7561,#7562
    )),.UNSPECIFIED.,.F.,.F.,.F.,(4,4),(2,2),(3.,4.),(0.,1.),
  .PIECEWISE_BEZIER_KNOTS.);
#7555 = CARTESIAN_POINT('',(-0.342464426525,2.5005,1.256181082763));
#7556 = CARTESIAN_POINT('',(-0.342464426525,2.4995,1.256181082763));
#7557 = CARTESIAN_POINT('',(-0.341805913177,2.5005,1.252091368292));
#7558 = CARTESIAN_POINT('',(-0.341805913177,2.4995,1.252091368292));
#7559 = CARTESIAN_POINT('',(-0.341078082636,2.5005,1.248902777348));
#7560 = CARTESIAN_POINT('',(-0.341078082636,2.4995,1.248902777348));
#7561 = CARTESIAN_POINT('',(-0.340246276303,2.5005,1.246684627127));
#7562 = CARTESIAN_POINT('',(-0.340246276303,2.4995,1.246684627127));
#7563 = ADVANCED_FACE('',(#7564),#7574,.T.);
#7564 = FACE_BOUND('',#7565,.T.);
#7565 = EDGE_LOOP('',(#7566,#7571,#7572,#7573));
#7566 = ORIENTED_EDGE('',*,*,#7567,.F.);
#7567 = EDGE_CURVE('',#7540,#7440,#7568,.T.);
#7568 = B_SPLINE_CURVE_WITH_KNOTS('',1,(#7569,#7570),.UNSPECIFIED.,.F.,
  .F.,(2,2),(0.,5.989122930586E-02),.PIECEWISE_BEZIER_KNOTS.);
#7569 = CARTESIAN_POINT('',(-0.340246276303,2.4995,1.246684627127));
#7570 = CARTESIAN_POINT('',(-0.319970996935,2.4995,1.190329748063));
#7571 = ORIENTED_EDGE('',*,*,#7550,.F.);
#7572 = ORIENTED_EDGE('',*,*,#7266,.T.);
#7573 = ORIENTED_EDGE('',*,*,#7448,.T.);
#7574 = B_SPLINE_SURFACE_WITH_KNOTS('',1,1,(
    (#7575,#7576)
    ,(#7577,#7578
    )),.UNSPECIFIED.,.F.,.F.,.F.,(2,2),(2,2),(-5.989122930586E-02,
    1.879246948689E-17),(-1.E-03,0.),.PIECEWISE_BEZIER_KNOTS.);
#7575 = CARTESIAN_POINT('',(-0.319970996935,2.4995,1.190329748063));
#7576 = CARTESIAN_POINT('',(-0.319970996935,2.5005,1.190329748063));
#7577 = CARTESIAN_POINT('',(-0.340246276303,2.4995,1.246684627127));
#7578 = CARTESIAN_POINT('',(-0.340246276303,2.5005,1.246684627127));
#7579 = ADVANCED_FACE('',(#7580),#7588,.T.);
#7580 = FACE_BOUND('',#7581,.T.);
#7581 = EDGE_LOOP('',(#7582,#7583,#7584,#7585,#7586,#7587));
#7582 = ORIENTED_EDGE('',*,*,#7439,.T.);
#7583 = ORIENTED_EDGE('',*,*,#7467,.T.);
#7584 = ORIENTED_EDGE('',*,*,#7489,.T.);
#7585 = ORIENTED_EDGE('',*,*,#7517,.T.);
#7586 = ORIENTED_EDGE('',*,*,#7539,.T.);
#7587 = ORIENTED_EDGE('',*,*,#7567,.T.);
#7588 = B_SPLINE_SURFACE_WITH_KNOTS('',1,1,(
    (#7589,#7590)
    ,(#7591,#7592
    )),.UNSPECIFIED.,.F.,.F.,.F.,(2,2),(2,2),(1.165329648063,
    1.231180982763),(2.134522264928,2.180029003065),
  .PIECEWISE_BEZIER_KNOTS.);
#7589 = CARTESIAN_POINT('',(-0.365477735072,2.4995,1.190329748063));
#7590 = CARTESIAN_POINT('',(-0.319970996935,2.4995,1.190329748063));
#7591 = CARTESIAN_POINT('',(-0.365477735072,2.4995,1.256181082763));
#7592 = CARTESIAN_POINT('',(-0.319970996935,2.4995,1.256181082763));
#7593 = ADVANCED_FACE('',(#7594),#7616,.F.);
#7594 = FACE_BOUND('',#7595,.T.);
#7595 = EDGE_LOOP('',(#7596,#7597,#7604,#7611));
#7596 = ORIENTED_EDGE('',*,*,#1091,.T.);
#7597 = ORIENTED_EDGE('',*,*,#7598,.F.);
#7598 = EDGE_CURVE('',#7599,#1083,#7601,.T.);
#7599 = VERTEX_POINT('',#7600);
#7600 = CARTESIAN_POINT('',(6.716553390743E-02,2.5005,0.938292429147));
#7601 = B_SPLINE_CURVE_WITH_KNOTS('',1,(#7602,#7603),.UNSPECIFIED.,.F.,
  .F.,(2,2),(-0.,1.E-03),.PIECEWISE_BEZIER_KNOTS.);
#7602 = CARTESIAN_POINT('',(6.716553390743E-02,2.5005,0.938292429147));
#7603 = CARTESIAN_POINT('',(6.716553390743E-02,2.4995,0.938292429147));
#7604 = ORIENTED_EDGE('',*,*,#7605,.F.);
#7605 = EDGE_CURVE('',#7606,#7599,#7608,.T.);
#7606 = VERTEX_POINT('',#7607);
#7607 = CARTESIAN_POINT('',(6.716553390743E-02,2.5005,0.922834694791));
#7608 = B_SPLINE_CURVE_WITH_KNOTS('',1,(#7609,#7610),.UNSPECIFIED.,.F.,
  .F.,(2,2),(-1.545773435586E-02,0.),.PIECEWISE_BEZIER_KNOTS.);
#7609 = CARTESIAN_POINT('',(6.716553390743E-02,2.5005,0.922834694791));
#7610 = CARTESIAN_POINT('',(6.716553390743E-02,2.5005,0.938292429147));
#7611 = ORIENTED_EDGE('',*,*,#7612,.T.);
#7612 = EDGE_CURVE('',#7606,#1092,#7613,.T.);
#7613 = B_SPLINE_CURVE_WITH_KNOTS('',1,(#7614,#7615),.UNSPECIFIED.,.F.,
  .F.,(2,2),(-0.,1.E-03),.PIECEWISE_BEZIER_KNOTS.);
#7614 = CARTESIAN_POINT('',(6.716553390743E-02,2.5005,0.922834694791));
#7615 = CARTESIAN_POINT('',(6.716553390743E-02,2.4995,0.922834694791));
#7616 = B_SPLINE_SURFACE_WITH_KNOTS('',1,1,(
    (#7617,#7618)
    ,(#7619,#7620
    )),.UNSPECIFIED.,.F.,.F.,.F.,(2,2),(2,2),(-0.,1.545773435586E-02),(
    -1.E-03,0.),.PIECEWISE_BEZIER_KNOTS.);
#7617 = CARTESIAN_POINT('',(6.716553390743E-02,2.4995,0.938292429147));
#7618 = CARTESIAN_POINT('',(6.716553390743E-02,2.5005,0.938292429147));
#7619 = CARTESIAN_POINT('',(6.716553390743E-02,2.4995,0.922834694791));
#7620 = CARTESIAN_POINT('',(6.716553390743E-02,2.5005,0.922834694791));
#7621 = ADVANCED_FACE('',(#7622),#7638,.F.);
#7622 = FACE_BOUND('',#7623,.T.);
#7623 = EDGE_LOOP('',(#7624,#7625,#7632,#7637));
#7624 = ORIENTED_EDGE('',*,*,#1082,.T.);
#7625 = ORIENTED_EDGE('',*,*,#7626,.F.);
#7626 = EDGE_CURVE('',#7627,#1085,#7629,.T.);
#7627 = VERTEX_POINT('',#7628);
#7628 = CARTESIAN_POINT('',(0.122584630847,2.5005,0.938292429147));
#7629 = B_SPLINE_CURVE_WITH_KNOTS('',1,(#7630,#7631),.UNSPECIFIED.,.F.,
  .F.,(2,2),(-0.,1.E-03),.PIECEWISE_BEZIER_KNOTS.);
#7630 = CARTESIAN_POINT('',(0.122584630847,2.5005,0.938292429147));
#7631 = CARTESIAN_POINT('',(0.122584630847,2.4995,0.938292429147));
#7632 = ORIENTED_EDGE('',*,*,#7633,.F.);
#7633 = EDGE_CURVE('',#7599,#7627,#7634,.T.);
#7634 = B_SPLINE_CURVE_WITH_KNOTS('',1,(#7635,#7636),.UNSPECIFIED.,.F.,
  .F.,(2,2),(-5.541909693984E-02,0.),.PIECEWISE_BEZIER_KNOTS.);
#7635 = CARTESIAN_POINT('',(6.716553390743E-02,2.5005,0.938292429147));
#7636 = CARTESIAN_POINT('',(0.122584630847,2.5005,0.938292429147));
#7637 = ORIENTED_EDGE('',*,*,#7598,.T.);
#7638 = B_SPLINE_SURFACE_WITH_KNOTS('',1,1,(
    (#7639,#7640)
    ,(#7641,#7642
    )),.UNSPECIFIED.,.F.,.F.,.F.,(2,2),(2,2),(0.,5.541909693984E-02),(
    -1.E-03,0.),.PIECEWISE_BEZIER_KNOTS.);
#7639 = CARTESIAN_POINT('',(0.122584630847,2.4995,0.938292429147));
#7640 = CARTESIAN_POINT('',(0.122584630847,2.5005,0.938292429147));
#7641 = CARTESIAN_POINT('',(6.716553390743E-02,2.4995,0.938292429147));
#7642 = CARTESIAN_POINT('',(6.716553390743E-02,2.5005,0.938292429147));
#7643 = ADVANCED_FACE('',(#7644),#7660,.F.);
#7644 = FACE_BOUND('',#7645,.T.);
#7645 = EDGE_LOOP('',(#7646,#7647,#7654,#7659));
#7646 = ORIENTED_EDGE('',*,*,#1161,.T.);
#7647 = ORIENTED_EDGE('',*,*,#7648,.F.);
#7648 = EDGE_CURVE('',#7649,#1155,#7651,.T.);
#7649 = VERTEX_POINT('',#7650);
#7650 = CARTESIAN_POINT('',(0.122584630847,2.5005,0.983903143076));
#7651 = B_SPLINE_CURVE_WITH_KNOTS('',1,(#7652,#7653),.UNSPECIFIED.,.F.,
  .F.,(2,2),(-0.,1.E-03),.PIECEWISE_BEZIER_KNOTS.);
#7652 = CARTESIAN_POINT('',(0.122584630847,2.5005,0.983903143076));
#7653 = CARTESIAN_POINT('',(0.122584630847,2.4995,0.983903143076));
#7654 = ORIENTED_EDGE('',*,*,#7655,.F.);
#7655 = EDGE_CURVE('',#7627,#7649,#7656,.T.);
#7656 = B_SPLINE_CURVE_WITH_KNOTS('',1,(#7657,#7658),.UNSPECIFIED.,.F.,
  .F.,(2,2),(-4.561071392888E-02,0.),.PIECEWISE_BEZIER_KNOTS.);
#7657 = CARTESIAN_POINT('',(0.122584630847,2.5005,0.938292429147));
#7658 = CARTESIAN_POINT('',(0.122584630847,2.5005,0.983903143076));
#7659 = ORIENTED_EDGE('',*,*,#7626,.T.);
#7660 = B_SPLINE_SURFACE_WITH_KNOTS('',1,1,(
    (#7661,#7662)
    ,(#7663,#7664
    )),.UNSPECIFIED.,.F.,.F.,.F.,(2,2),(2,2),(-0.,4.561071392888E-02),(
    -1.E-03,0.),.PIECEWISE_BEZIER_KNOTS.);
#7661 = CARTESIAN_POINT('',(0.122584630847,2.4995,0.983903143076));
#7662 = CARTESIAN_POINT('',(0.122584630847,2.5005,0.983903143076));
#7663 = CARTESIAN_POINT('',(0.122584630847,2.4995,0.938292429147));
#7664 = CARTESIAN_POINT('',(0.122584630847,2.5005,0.938292429147));
#7665 = ADVANCED_FACE('',(#7666),#7682,.F.);
#7666 = FACE_BOUND('',#7667,.T.);
#7667 = EDGE_LOOP('',(#7668,#7669,#7676,#7681));
#7668 = ORIENTED_EDGE('',*,*,#1154,.T.);
#7669 = ORIENTED_EDGE('',*,*,#7670,.F.);
#7670 = EDGE_CURVE('',#7671,#1148,#7673,.T.);
#7671 = VERTEX_POINT('',#7672);
#7672 = CARTESIAN_POINT('',(7.40972533495E-02,2.5005,0.983903143076));
#7673 = B_SPLINE_CURVE_WITH_KNOTS('',1,(#7674,#7675),.UNSPECIFIED.,.F.,
  .F.,(2,2),(-0.,1.E-03),.PIECEWISE_BEZIER_KNOTS.);
#7674 = CARTESIAN_POINT('',(7.40972533495E-02,2.5005,0.983903143076));
#7675 = CARTESIAN_POINT('',(7.40972533495E-02,2.4995,0.983903143076));
#7676 = ORIENTED_EDGE('',*,*,#7677,.F.);
#7677 = EDGE_CURVE('',#7649,#7671,#7678,.T.);
#7678 = B_SPLINE_CURVE_WITH_KNOTS('',1,(#7679,#7680),.UNSPECIFIED.,.F.,
  .F.,(2,2),(-4.848737749777E-02,0.),.PIECEWISE_BEZIER_KNOTS.);
#7679 = CARTESIAN_POINT('',(0.122584630847,2.5005,0.983903143076));
#7680 = CARTESIAN_POINT('',(7.40972533495E-02,2.5005,0.983903143076));
#7681 = ORIENTED_EDGE('',*,*,#7648,.T.);
#7682 = B_SPLINE_SURFACE_WITH_KNOTS('',1,1,(
    (#7683,#7684)
    ,(#7685,#7686
    )),.UNSPECIFIED.,.F.,.F.,.F.,(2,2),(2,2),(0.,4.848737749777E-02),(
    -1.E-03,0.),.PIECEWISE_BEZIER_KNOTS.);
#7683 = CARTESIAN_POINT('',(7.40972533495E-02,2.4995,0.983903143076));
#7684 = CARTESIAN_POINT('',(7.40972533495E-02,2.5005,0.983903143076));
#7685 = CARTESIAN_POINT('',(0.122584630847,2.4995,0.983903143076));
#7686 = CARTESIAN_POINT('',(0.122584630847,2.5005,0.983903143076));
#7687 = ADVANCED_FACE('',(#7688),#7704,.F.);
#7688 = FACE_BOUND('',#7689,.T.);
#7689 = EDGE_LOOP('',(#7690,#7691,#7698,#7703));
#7690 = ORIENTED_EDGE('',*,*,#1147,.T.);
#7691 = ORIENTED_EDGE('',*,*,#7692,.F.);
#7692 = EDGE_CURVE('',#7693,#1141,#7695,.T.);
#7693 = VERTEX_POINT('',#7694);
#7694 = CARTESIAN_POINT('',(7.40972533495E-02,2.5005,0.999430194626));
#7695 = B_SPLINE_CURVE_WITH_KNOTS('',1,(#7696,#7697),.UNSPECIFIED.,.F.,
  .F.,(2,2),(-0.,1.E-03),.PIECEWISE_BEZIER_KNOTS.);
#7696 = CARTESIAN_POINT('',(7.40972533495E-02,2.5005,0.999430194626));
#7697 = CARTESIAN_POINT('',(7.40972533495E-02,2.4995,0.999430194626));
#7698 = ORIENTED_EDGE('',*,*,#7699,.F.);
#7699 = EDGE_CURVE('',#7671,#7693,#7700,.T.);
#7700 = B_SPLINE_CURVE_WITH_KNOTS('',1,(#7701,#7702),.UNSPECIFIED.,.F.,
  .F.,(2,2),(-1.55270515502E-02,0.),.PIECEWISE_BEZIER_KNOTS.);
#7701 = CARTESIAN_POINT('',(7.40972533495E-02,2.5005,0.983903143076));
#7702 = CARTESIAN_POINT('',(7.40972533495E-02,2.5005,0.999430194626));
#7703 = ORIENTED_EDGE('',*,*,#7670,.T.);
#7704 = B_SPLINE_SURFACE_WITH_KNOTS('',1,1,(
    (#7705,#7706)
    ,(#7707,#7708
    )),.UNSPECIFIED.,.F.,.F.,.F.,(2,2),(2,2),(-0.,1.55270515502E-02),(
    -1.E-03,0.),.PIECEWISE_BEZIER_KNOTS.);
#7705 = CARTESIAN_POINT('',(7.40972533495E-02,2.4995,0.999430194626));
#7706 = CARTESIAN_POINT('',(7.40972533495E-02,2.5005,0.999430194626));
#7707 = CARTESIAN_POINT('',(7.40972533495E-02,2.4995,0.983903143076));
#7708 = CARTESIAN_POINT('',(7.40972533495E-02,2.5005,0.983903143076));
#7709 = ADVANCED_FACE('',(#7710),#7726,.F.);
#7710 = FACE_BOUND('',#7711,.T.);
#7711 = EDGE_LOOP('',(#7712,#7713,#7720,#7725));
#7712 = ORIENTED_EDGE('',*,*,#1140,.T.);
#7713 = ORIENTED_EDGE('',*,*,#7714,.F.);
#7714 = EDGE_CURVE('',#7715,#1134,#7717,.T.);
#7715 = VERTEX_POINT('',#7716);
#7716 = CARTESIAN_POINT('',(0.122584630847,2.5005,0.999430194626));
#7717 = B_SPLINE_CURVE_WITH_KNOTS('',1,(#7718,#7719),.UNSPECIFIED.,.F.,
  .F.,(2,2),(-0.,1.E-03),.PIECEWISE_BEZIER_KNOTS.);
#7718 = CARTESIAN_POINT('',(0.122584630847,2.5005,0.999430194626));
#7719 = CARTESIAN_POINT('',(0.122584630847,2.4995,0.999430194626));
#7720 = ORIENTED_EDGE('',*,*,#7721,.F.);
#7721 = EDGE_CURVE('',#7693,#7715,#7722,.T.);
#7722 = B_SPLINE_CURVE_WITH_KNOTS('',1,(#7723,#7724),.UNSPECIFIED.,.F.,
  .F.,(2,2),(-4.848737749777E-02,0.),.PIECEWISE_BEZIER_KNOTS.);
#7723 = CARTESIAN_POINT('',(7.40972533495E-02,2.5005,0.999430194626));
#7724 = CARTESIAN_POINT('',(0.122584630847,2.5005,0.999430194626));
#7725 = ORIENTED_EDGE('',*,*,#7692,.T.);
#7726 = B_SPLINE_SURFACE_WITH_KNOTS('',1,1,(
    (#7727,#7728)
    ,(#7729,#7730
    )),.UNSPECIFIED.,.F.,.F.,.F.,(2,2),(2,2),(0.,4.848737749777E-02),(
    -1.E-03,0.),.PIECEWISE_BEZIER_KNOTS.);
#7727 = CARTESIAN_POINT('',(0.122584630847,2.4995,0.999430194626));
#7728 = CARTESIAN_POINT('',(0.122584630847,2.5005,0.999430194626));
#7729 = CARTESIAN_POINT('',(7.40972533495E-02,2.4995,0.999430194626));
#7730 = CARTESIAN_POINT('',(7.40972533495E-02,2.5005,0.999430194626));
#7731 = ADVANCED_FACE('',(#7732),#7748,.F.);
#7732 = FACE_BOUND('',#7733,.T.);
#7733 = EDGE_LOOP('',(#7734,#7735,#7742,#7747));
#7734 = ORIENTED_EDGE('',*,*,#1133,.T.);
#7735 = ORIENTED_EDGE('',*,*,#7736,.F.);
#7736 = EDGE_CURVE('',#7737,#1127,#7739,.T.);
#7737 = VERTEX_POINT('',#7738);
#7738 = CARTESIAN_POINT('',(0.122584630847,2.5005,1.042822758334));
#7739 = B_SPLINE_CURVE_WITH_KNOTS('',1,(#7740,#7741),.UNSPECIFIED.,.F.,
  .F.,(2,2),(-0.,1.E-03),.PIECEWISE_BEZIER_KNOTS.);
#7740 = CARTESIAN_POINT('',(0.122584630847,2.5005,1.042822758334));
#7741 = CARTESIAN_POINT('',(0.122584630847,2.4995,1.042822758334));
#7742 = ORIENTED_EDGE('',*,*,#7743,.F.);
#7743 = EDGE_CURVE('',#7715,#7737,#7744,.T.);
#7744 = B_SPLINE_CURVE_WITH_KNOTS('',1,(#7745,#7746),.UNSPECIFIED.,.F.,
  .F.,(2,2),(-4.339256370808E-02,0.),.PIECEWISE_BEZIER_KNOTS.);
#7745 = CARTESIAN_POINT('',(0.122584630847,2.5005,0.999430194626));
#7746 = CARTESIAN_POINT('',(0.122584630847,2.5005,1.042822758334));
#7747 = ORIENTED_EDGE('',*,*,#7714,.T.);
#7748 = B_SPLINE_SURFACE_WITH_KNOTS('',1,1,(
    (#7749,#7750)
    ,(#7751,#7752
    )),.UNSPECIFIED.,.F.,.F.,.F.,(2,2),(2,2),(-0.,4.339256370808E-02),(
    -1.E-03,0.),.PIECEWISE_BEZIER_KNOTS.);
#7749 = CARTESIAN_POINT('',(0.122584630847,2.4995,1.042822758334));
#7750 = CARTESIAN_POINT('',(0.122584630847,2.5005,1.042822758334));
#7751 = CARTESIAN_POINT('',(0.122584630847,2.4995,0.999430194626));
#7752 = CARTESIAN_POINT('',(0.122584630847,2.5005,0.999430194626));
#7753 = ADVANCED_FACE('',(#7754),#7770,.F.);
#7754 = FACE_BOUND('',#7755,.T.);
#7755 = EDGE_LOOP('',(#7756,#7757,#7764,#7769));
#7756 = ORIENTED_EDGE('',*,*,#1126,.T.);
#7757 = ORIENTED_EDGE('',*,*,#7758,.F.);
#7758 = EDGE_CURVE('',#7759,#1120,#7761,.T.);
#7759 = VERTEX_POINT('',#7760);
#7760 = CARTESIAN_POINT('',(7.025014905935E-02,2.5005,1.042822758334));
#7761 = B_SPLINE_CURVE_WITH_KNOTS('',1,(#7762,#7763),.UNSPECIFIED.,.F.,
  .F.,(2,2),(-0.,1.E-03),.PIECEWISE_BEZIER_KNOTS.);
#7762 = CARTESIAN_POINT('',(7.025014905935E-02,2.5005,1.042822758334));
#7763 = CARTESIAN_POINT('',(7.025014905935E-02,2.4995,1.042822758334));
#7764 = ORIENTED_EDGE('',*,*,#7765,.F.);
#7765 = EDGE_CURVE('',#7737,#7759,#7766,.T.);
#7766 = B_SPLINE_CURVE_WITH_KNOTS('',1,(#7767,#7768),.UNSPECIFIED.,.F.,
  .F.,(2,2),(-5.233448178792E-02,0.),.PIECEWISE_BEZIER_KNOTS.);
#7767 = CARTESIAN_POINT('',(0.122584630847,2.5005,1.042822758334));
#7768 = CARTESIAN_POINT('',(7.025014905935E-02,2.5005,1.042822758334));
#7769 = ORIENTED_EDGE('',*,*,#7736,.T.);
#7770 = B_SPLINE_SURFACE_WITH_KNOTS('',1,1,(
    (#7771,#7772)
    ,(#7773,#7774
    )),.UNSPECIFIED.,.F.,.F.,.F.,(2,2),(2,2),(0.,5.233448178792E-02),(
    -1.E-03,0.),.PIECEWISE_BEZIER_KNOTS.);
#7771 = CARTESIAN_POINT('',(7.025014905935E-02,2.4995,1.042822758334));
#7772 = CARTESIAN_POINT('',(7.025014905935E-02,2.5005,1.042822758334));
#7773 = CARTESIAN_POINT('',(0.122584630847,2.4995,1.042822758334));
#7774 = CARTESIAN_POINT('',(0.122584630847,2.5005,1.042822758334));
#7775 = ADVANCED_FACE('',(#7776),#7792,.F.);
#7776 = FACE_BOUND('',#7777,.T.);
#7777 = EDGE_LOOP('',(#7778,#7779,#7786,#7791));
#7778 = ORIENTED_EDGE('',*,*,#1119,.T.);
#7779 = ORIENTED_EDGE('',*,*,#7780,.F.);
#7780 = EDGE_CURVE('',#7781,#1113,#7783,.T.);
#7781 = VERTEX_POINT('',#7782);
#7782 = CARTESIAN_POINT('',(7.025014905935E-02,2.5005,1.058419127079));
#7783 = B_SPLINE_CURVE_WITH_KNOTS('',1,(#7784,#7785),.UNSPECIFIED.,.F.,
  .F.,(2,2),(-0.,1.E-03),.PIECEWISE_BEZIER_KNOTS.);
#7784 = CARTESIAN_POINT('',(7.025014905935E-02,2.5005,1.058419127079));
#7785 = CARTESIAN_POINT('',(7.025014905935E-02,2.4995,1.058419127079));
#7786 = ORIENTED_EDGE('',*,*,#7787,.F.);
#7787 = EDGE_CURVE('',#7759,#7781,#7788,.T.);
#7788 = B_SPLINE_CURVE_WITH_KNOTS('',1,(#7789,#7790),.UNSPECIFIED.,.F.,
  .F.,(2,2),(-1.559636874454E-02,0.),.PIECEWISE_BEZIER_KNOTS.);
#7789 = CARTESIAN_POINT('',(7.025014905935E-02,2.5005,1.042822758334));
#7790 = CARTESIAN_POINT('',(7.025014905935E-02,2.5005,1.058419127079));
#7791 = ORIENTED_EDGE('',*,*,#7758,.T.);
#7792 = B_SPLINE_SURFACE_WITH_KNOTS('',1,1,(
    (#7793,#7794)
    ,(#7795,#7796
    )),.UNSPECIFIED.,.F.,.F.,.F.,(2,2),(2,2),(-0.,1.559636874454E-02),(
    -1.E-03,0.),.PIECEWISE_BEZIER_KNOTS.);
#7793 = CARTESIAN_POINT('',(7.025014905935E-02,2.4995,1.058419127079));
#7794 = CARTESIAN_POINT('',(7.025014905935E-02,2.5005,1.058419127079));
#7795 = CARTESIAN_POINT('',(7.025014905935E-02,2.4995,1.042822758334));
#7796 = CARTESIAN_POINT('',(7.025014905935E-02,2.5005,1.042822758334));
#7797 = ADVANCED_FACE('',(#7798),#7814,.F.);
#7798 = FACE_BOUND('',#7799,.T.);
#7799 = EDGE_LOOP('',(#7800,#7801,#7808,#7813));
#7800 = ORIENTED_EDGE('',*,*,#1112,.T.);
#7801 = ORIENTED_EDGE('',*,*,#7802,.F.);
#7802 = EDGE_CURVE('',#7803,#1106,#7805,.T.);
#7803 = VERTEX_POINT('',#7804);
#7804 = CARTESIAN_POINT('',(0.140087222439,2.5005,1.058419127079));
#7805 = B_SPLINE_CURVE_WITH_KNOTS('',1,(#7806,#7807),.UNSPECIFIED.,.F.,
  .F.,(2,2),(-0.,1.E-03),.PIECEWISE_BEZIER_KNOTS.);
#7806 = CARTESIAN_POINT('',(0.140087222439,2.5005,1.058419127079));
#7807 = CARTESIAN_POINT('',(0.140087222439,2.4995,1.058419127079));
#7808 = ORIENTED_EDGE('',*,*,#7809,.F.);
#7809 = EDGE_CURVE('',#7781,#7803,#7810,.T.);
#7810 = B_SPLINE_CURVE_WITH_KNOTS('',1,(#7811,#7812),.UNSPECIFIED.,.F.,
  .F.,(2,2),(-6.983707337918E-02,0.),.PIECEWISE_BEZIER_KNOTS.);
#7811 = CARTESIAN_POINT('',(7.025014905935E-02,2.5005,1.058419127079));
#7812 = CARTESIAN_POINT('',(0.140087222439,2.5005,1.058419127079));
#7813 = ORIENTED_EDGE('',*,*,#7780,.T.);
#7814 = B_SPLINE_SURFACE_WITH_KNOTS('',1,1,(
    (#7815,#7816)
    ,(#7817,#7818
    )),.UNSPECIFIED.,.F.,.F.,.F.,(2,2),(2,2),(0.,6.983707337918E-02),(
    -1.E-03,0.),.PIECEWISE_BEZIER_KNOTS.);
#7815 = CARTESIAN_POINT('',(0.140087222439,2.4995,1.058419127079));
#7816 = CARTESIAN_POINT('',(0.140087222439,2.5005,1.058419127079));
#7817 = CARTESIAN_POINT('',(7.025014905935E-02,2.4995,1.058419127079));
#7818 = CARTESIAN_POINT('',(7.025014905935E-02,2.5005,1.058419127079));
#7819 = ADVANCED_FACE('',(#7820),#7836,.F.);
#7820 = FACE_BOUND('',#7821,.T.);
#7821 = EDGE_LOOP('',(#7822,#7823,#7830,#7835));
#7822 = ORIENTED_EDGE('',*,*,#1105,.T.);
#7823 = ORIENTED_EDGE('',*,*,#7824,.F.);
#7824 = EDGE_CURVE('',#7825,#1099,#7827,.T.);
#7825 = VERTEX_POINT('',#7826);
#7826 = CARTESIAN_POINT('',(0.140087222439,2.5005,0.922834694791));
#7827 = B_SPLINE_CURVE_WITH_KNOTS('',1,(#7828,#7829),.UNSPECIFIED.,.F.,
  .F.,(2,2),(-0.,1.E-03),.PIECEWISE_BEZIER_KNOTS.);
#7828 = CARTESIAN_POINT('',(0.140087222439,2.5005,0.922834694791));
#7829 = CARTESIAN_POINT('',(0.140087222439,2.4995,0.922834694791));
#7830 = ORIENTED_EDGE('',*,*,#7831,.F.);
#7831 = EDGE_CURVE('',#7803,#7825,#7832,.T.);
#7832 = B_SPLINE_CURVE_WITH_KNOTS('',1,(#7833,#7834),.UNSPECIFIED.,.F.,
  .F.,(2,2),(-0.135584432288,-0.),.PIECEWISE_BEZIER_KNOTS.);
#7833 = CARTESIAN_POINT('',(0.140087222439,2.5005,1.058419127079));
#7834 = CARTESIAN_POINT('',(0.140087222439,2.5005,0.922834694791));
#7835 = ORIENTED_EDGE('',*,*,#7802,.T.);
#7836 = B_SPLINE_SURFACE_WITH_KNOTS('',1,1,(
    (#7837,#7838)
    ,(#7839,#7840
    )),.UNSPECIFIED.,.F.,.F.,.F.,(2,2),(2,2),(0.,0.135584432288),(
    -1.E-03,0.),.PIECEWISE_BEZIER_KNOTS.);
#7837 = CARTESIAN_POINT('',(0.140087222439,2.4995,0.922834694791));
#7838 = CARTESIAN_POINT('',(0.140087222439,2.5005,0.922834694791));
#7839 = CARTESIAN_POINT('',(0.140087222439,2.4995,1.058419127079));
#7840 = CARTESIAN_POINT('',(0.140087222439,2.5005,1.058419127079));
#7841 = ADVANCED_FACE('',(#7842),#7852,.F.);
#7842 = FACE_BOUND('',#7843,.T.);
#7843 = EDGE_LOOP('',(#7844,#7845,#7846,#7851));
#7844 = ORIENTED_EDGE('',*,*,#1098,.T.);
#7845 = ORIENTED_EDGE('',*,*,#7612,.F.);
#7846 = ORIENTED_EDGE('',*,*,#7847,.F.);
#7847 = EDGE_CURVE('',#7825,#7606,#7848,.T.);
#7848 = B_SPLINE_CURVE_WITH_KNOTS('',1,(#7849,#7850),.UNSPECIFIED.,.F.,
  .F.,(2,2),(-7.29216885311E-02,0.),.PIECEWISE_BEZIER_KNOTS.);
#7849 = CARTESIAN_POINT('',(0.140087222439,2.5005,0.922834694791));
#7850 = CARTESIAN_POINT('',(6.716553390743E-02,2.5005,0.922834694791));
#7851 = ORIENTED_EDGE('',*,*,#7824,.T.);
#7852 = B_SPLINE_SURFACE_WITH_KNOTS('',1,1,(
    (#7853,#7854)
    ,(#7855,#7856
    )),.UNSPECIFIED.,.F.,.F.,.F.,(2,2),(2,2),(0.,7.29216885311E-02),(
    -1.E-03,0.),.PIECEWISE_BEZIER_KNOTS.);
#7853 = CARTESIAN_POINT('',(6.716553390743E-02,2.4995,0.922834694791));
#7854 = CARTESIAN_POINT('',(6.716553390743E-02,2.5005,0.922834694791));
#7855 = CARTESIAN_POINT('',(0.140087222439,2.4995,0.922834694791));
#7856 = CARTESIAN_POINT('',(0.140087222439,2.5005,0.922834694791));
#7857 = ADVANCED_FACE('',(#7858),#7872,.F.);
#7858 = FACE_BOUND('',#7859,.T.);
#7859 = EDGE_LOOP('',(#7860,#7861,#7862,#7863,#7864,#7865,#7866,#7867,
    #7868,#7869,#7870,#7871));
#7860 = ORIENTED_EDGE('',*,*,#7605,.T.);
#7861 = ORIENTED_EDGE('',*,*,#7633,.T.);
#7862 = ORIENTED_EDGE('',*,*,#7655,.T.);
#7863 = ORIENTED_EDGE('',*,*,#7677,.T.);
#7864 = ORIENTED_EDGE('',*,*,#7699,.T.);
#7865 = ORIENTED_EDGE('',*,*,#7721,.T.);
#7866 = ORIENTED_EDGE('',*,*,#7743,.T.);
#7867 = ORIENTED_EDGE('',*,*,#7765,.T.);
#7868 = ORIENTED_EDGE('',*,*,#7787,.T.);
#7869 = ORIENTED_EDGE('',*,*,#7809,.T.);
#7870 = ORIENTED_EDGE('',*,*,#7831,.T.);
#7871 = ORIENTED_EDGE('',*,*,#7847,.T.);
#7872 = B_SPLINE_SURFACE_WITH_KNOTS('',1,1,(
    (#7873,#7874)
    ,(#7875,#7876
    )),.UNSPECIFIED.,.F.,.F.,.F.,(2,2),(2,2),(0.566580972921,
    0.702165405209),(6.716553390743E-02,0.140087222439),
  .PIECEWISE_BEZIER_KNOTS.);
#7873 = CARTESIAN_POINT('',(6.716553390743E-02,2.5005,1.058419127079));
#7874 = CARTESIAN_POINT('',(0.140087222439,2.5005,1.058419127079));
#7875 = CARTESIAN_POINT('',(6.716553390743E-02,2.5005,0.922834694791));
#7876 = CARTESIAN_POINT('',(0.140087222439,2.5005,0.922834694791));
#7877 = ADVANCED_FACE('',(#7878,#7994),#8064,.T.);
#7878 = FACE_BOUND('',#7879,.T.);
#7879 = EDGE_LOOP('',(#7880,#7891,#7898,#7907,#7916,#7923,#7932,#7941,
    #7950,#7959,#7966,#7973,#7980,#7987));
#7880 = ORIENTED_EDGE('',*,*,#7881,.T.);
#7881 = EDGE_CURVE('',#7882,#7884,#7886,.T.);
#7882 = VERTEX_POINT('',#7883);
#7883 = CARTESIAN_POINT('',(8.107284260462E-03,2.5005,1.021888965619));
#7884 = VERTEX_POINT('',#7885);
#7885 = CARTESIAN_POINT('',(4.144885477739E-02,2.5005,1.012877730344));
#7886 = B_SPLINE_CURVE_WITH_KNOTS('',3,(#7887,#7888,#7889,#7890),
  .UNSPECIFIED.,.F.,.F.,(4,4),(0.,1.),.PIECEWISE_BEZIER_KNOTS.);
#7887 = CARTESIAN_POINT('',(8.107284260462E-03,2.5005,1.021888965619));
#7888 = CARTESIAN_POINT('',(2.072301364506E-02,2.5005,1.021888965619));
#7889 = CARTESIAN_POINT('',(3.184842334991E-02,2.5005,1.018908326259));
#7890 = CARTESIAN_POINT('',(4.144885477739E-02,2.5005,1.012877730344));
#7891 = ORIENTED_EDGE('',*,*,#7892,.T.);
#7892 = EDGE_CURVE('',#7884,#7893,#7895,.T.);
#7893 = VERTEX_POINT('',#7894);
#7894 = CARTESIAN_POINT('',(4.144885477738E-02,2.5005,0.996380238072));
#7895 = B_SPLINE_CURVE_WITH_KNOTS('',1,(#7896,#7897),.UNSPECIFIED.,.F.,
  .F.,(2,2),(-1.649749227284E-02,-0.),.PIECEWISE_BEZIER_KNOTS.);
#7896 = CARTESIAN_POINT('',(4.144885477739E-02,2.5005,1.012877730344));
#7897 = CARTESIAN_POINT('',(4.144885477738E-02,2.5005,0.996380238072));
#7898 = ORIENTED_EDGE('',*,*,#7899,.T.);
#7899 = EDGE_CURVE('',#7893,#7900,#7902,.T.);
#7900 = VERTEX_POINT('',#7901);
#7901 = CARTESIAN_POINT('',(9.701579732179E-03,2.5005,1.008094843929));
#7902 = B_SPLINE_CURVE_WITH_KNOTS('',3,(#7903,#7904,#7905,#7906),
  .UNSPECIFIED.,.F.,.F.,(4,4),(12.,13.),.PIECEWISE_BEZIER_KNOTS.);
#7903 = CARTESIAN_POINT('',(4.144885477738E-02,2.5005,0.996380238072));
#7904 = CARTESIAN_POINT('',(3.188308194708E-02,2.5005,1.004143763847));
#7905 = CARTESIAN_POINT('',(2.131220979789E-02,2.5005,1.008094843929));
#7906 = CARTESIAN_POINT('',(9.701579732179E-03,2.5005,1.008094843929));
#7907 = ORIENTED_EDGE('',*,*,#7908,.T.);
#7908 = EDGE_CURVE('',#7900,#7909,#7911,.T.);
#7909 = VERTEX_POINT('',#7910);
#7910 = CARTESIAN_POINT('',(-9.915186288825E-03,2.5005,0.984388363437));
#7911 = B_SPLINE_CURVE_WITH_KNOTS('',3,(#7912,#7913,#7914,#7915),
  .UNSPECIFIED.,.F.,.F.,(4,4),(11.,12.),.PIECEWISE_BEZIER_KNOTS.);
#7912 = CARTESIAN_POINT('',(9.701579732179E-03,2.5005,1.008094843929));
#7913 = CARTESIAN_POINT('',(-3.364711416101E-03,2.5005,1.008094843929));
#7914 = CARTESIAN_POINT('',(-9.915186288825E-03,2.5005,1.000192683765));
#7915 = CARTESIAN_POINT('',(-9.915186288825E-03,2.5005,0.984388363437));
#7916 = ORIENTED_EDGE('',*,*,#7917,.T.);
#7917 = EDGE_CURVE('',#7909,#7918,#7920,.T.);
#7918 = VERTEX_POINT('',#7919);
#7919 = CARTESIAN_POINT('',(1.878213220163E-02,2.5005,0.980367966161));
#7920 = B_SPLINE_CURVE_WITH_KNOTS('',1,(#7921,#7922),.UNSPECIFIED.,.F.,
  .F.,(2,2),(-2.897757206536E-02,0.),.PIECEWISE_BEZIER_KNOTS.);
#7921 = CARTESIAN_POINT('',(-9.915186288825E-03,2.5005,0.984388363437));
#7922 = CARTESIAN_POINT('',(1.878213220163E-02,2.5005,0.980367966161));
#7923 = ORIENTED_EDGE('',*,*,#7924,.T.);
#7924 = EDGE_CURVE('',#7918,#7925,#7927,.T.);
#7925 = VERTEX_POINT('',#7926);
#7926 = CARTESIAN_POINT('',(5.091065181571E-02,2.5005,0.948759325505));
#7927 = B_SPLINE_CURVE_WITH_KNOTS('',3,(#7928,#7929,#7930,#7931),
  .UNSPECIFIED.,.F.,.F.,(4,4),(9.,10.),.PIECEWISE_BEZIER_KNOTS.);
#7928 = CARTESIAN_POINT('',(1.878213220163E-02,2.5005,0.980367966161));
#7929 = CARTESIAN_POINT('',(4.020114527738E-02,2.5005,0.977387326801));
#7930 = CARTESIAN_POINT('',(5.091065181571E-02,2.5005,0.966851113249));
#7931 = CARTESIAN_POINT('',(5.091065181571E-02,2.5005,0.948759325505));
#7932 = ORIENTED_EDGE('',*,*,#7933,.T.);
#7933 = EDGE_CURVE('',#7925,#7934,#7936,.T.);
#7934 = VERTEX_POINT('',#7935);
#7935 = CARTESIAN_POINT('',(4.259258848495E-02,2.5005,0.928172118761));
#7936 = B_SPLINE_CURVE_WITH_KNOTS('',3,(#7937,#7938,#7939,#7940),
  .UNSPECIFIED.,.F.,.F.,(4,4),(8.,9.),.PIECEWISE_BEZIER_KNOTS.);
#7937 = CARTESIAN_POINT('',(5.091065181571E-02,2.5005,0.948759325505));
#7938 = CARTESIAN_POINT('',(5.091065181571E-02,2.5005,0.940094676202));
#7939 = CARTESIAN_POINT('',(4.813796403879E-02,2.5005,0.933232273954));
#7940 = CARTESIAN_POINT('',(4.259258848495E-02,2.5005,0.928172118761));
#7941 = ORIENTED_EDGE('',*,*,#7942,.T.);
#7942 = EDGE_CURVE('',#7934,#7943,#7945,.T.);
#7943 = VERTEX_POINT('',#7944);
#7944 = CARTESIAN_POINT('',(2.020313468703E-02,2.5005,0.920547227375));
#7945 = B_SPLINE_CURVE_WITH_KNOTS('',3,(#7946,#7947,#7948,#7949),
  .UNSPECIFIED.,.F.,.F.,(4,4),(7.,8.),.PIECEWISE_BEZIER_KNOTS.);
#7946 = CARTESIAN_POINT('',(4.259258848495E-02,2.5005,0.928172118761));
#7947 = CARTESIAN_POINT('',(3.704721293158E-02,2.5005,0.923111963569));
#7948 = CARTESIAN_POINT('',(2.959561453101E-02,2.5005,0.920547227375));
#7949 = CARTESIAN_POINT('',(2.020313468703E-02,2.5005,0.920547227375));
#7950 = ORIENTED_EDGE('',*,*,#7951,.T.);
#7951 = EDGE_CURVE('',#7943,#7952,#7954,.T.);
#7952 = VERTEX_POINT('',#7953);
#7953 = CARTESIAN_POINT('',(-9.46462452514E-03,2.5005,0.937807208786));
#7954 = B_SPLINE_CURVE_WITH_KNOTS('',3,(#7955,#7956,#7957,#7958),
  .UNSPECIFIED.,.F.,.F.,(4,4),(6.,7.),.PIECEWISE_BEZIER_KNOTS.);
#7955 = CARTESIAN_POINT('',(2.020313468703E-02,2.5005,0.920547227375));
#7956 = CARTESIAN_POINT('',(7.13684353875E-03,2.5005,0.920547227375));
#7957 = CARTESIAN_POINT('',(-2.775515263726E-03,2.5005,0.926300554512));
#7958 = CARTESIAN_POINT('',(-9.46462452514E-03,2.5005,0.937807208786));
#7959 = ORIENTED_EDGE('',*,*,#7960,.T.);
#7960 = EDGE_CURVE('',#7952,#7961,#7963,.T.);
#7961 = VERTEX_POINT('',#7962);
#7962 = CARTESIAN_POINT('',(-9.915186288826E-03,2.5005,0.937807208786));
#7963 = B_SPLINE_CURVE_WITH_KNOTS('',1,(#7964,#7965),.UNSPECIFIED.,.F.,
  .F.,(2,2),(-4.505617636851E-04,0.),.PIECEWISE_BEZIER_KNOTS.);
#7964 = CARTESIAN_POINT('',(-9.46462452514E-03,2.5005,0.937807208786));
#7965 = CARTESIAN_POINT('',(-9.915186288826E-03,2.5005,0.937807208786));
#7966 = ORIENTED_EDGE('',*,*,#7967,.T.);
#7967 = EDGE_CURVE('',#7961,#7968,#7970,.T.);
#7968 = VERTEX_POINT('',#7969);
#7969 = CARTESIAN_POINT('',(-9.915186288826E-03,2.5005,0.922834694791));
#7970 = B_SPLINE_CURVE_WITH_KNOTS('',1,(#7971,#7972),.UNSPECIFIED.,.F.,
  .F.,(2,2),(-1.497251399454E-02,-0.),.PIECEWISE_BEZIER_KNOTS.);
#7971 = CARTESIAN_POINT('',(-9.915186288826E-03,2.5005,0.937807208786));
#7972 = CARTESIAN_POINT('',(-9.915186288826E-03,2.5005,0.922834694791));
#7973 = ORIENTED_EDGE('',*,*,#7974,.T.);
#7974 = EDGE_CURVE('',#7968,#7975,#7977,.T.);
#7975 = VERTEX_POINT('',#7976);
#7976 = CARTESIAN_POINT('',(-2.689789892206E-02,2.5005,0.922834694791));
#7977 = B_SPLINE_CURVE_WITH_KNOTS('',1,(#7978,#7979),.UNSPECIFIED.,.F.,
  .F.,(2,2),(-1.698271263323E-02,0.),.PIECEWISE_BEZIER_KNOTS.);
#7978 = CARTESIAN_POINT('',(-9.915186288826E-03,2.5005,0.922834694791));
#7979 = CARTESIAN_POINT('',(-2.689789892206E-02,2.5005,0.922834694791));
#7980 = ORIENTED_EDGE('',*,*,#7981,.T.);
#7981 = EDGE_CURVE('',#7975,#7982,#7984,.T.);
#7982 = VERTEX_POINT('',#7983);
#7983 = CARTESIAN_POINT('',(-2.689789892206E-02,2.5005,0.985150852575));
#7984 = B_SPLINE_CURVE_WITH_KNOTS('',1,(#7985,#7986),.UNSPECIFIED.,.F.,
  .F.,(2,2),(-6.231615778382E-02,0.),.PIECEWISE_BEZIER_KNOTS.);
#7985 = CARTESIAN_POINT('',(-2.689789892206E-02,2.5005,0.922834694791));
#7986 = CARTESIAN_POINT('',(-2.689789892206E-02,2.5005,0.985150852575));
#7987 = ORIENTED_EDGE('',*,*,#7988,.T.);
#7988 = EDGE_CURVE('',#7982,#7882,#7989,.T.);
#7989 = B_SPLINE_CURVE_WITH_KNOTS('',3,(#7990,#7991,#7992,#7993),
  .UNSPECIFIED.,.F.,.F.,(4,4),(1.,2.),.PIECEWISE_BEZIER_KNOTS.);
#7990 = CARTESIAN_POINT('',(-2.689789892206E-02,2.5005,0.985150852575));
#7991 = CARTESIAN_POINT('',(-2.689789892206E-02,2.5005,1.009689139401));
#7992 = CARTESIAN_POINT('',(-1.5217951662E-02,2.5005,1.021888965619));
#7993 = CARTESIAN_POINT('',(8.107284260462E-03,2.5005,1.021888965619));
#7994 = FACE_BOUND('',#7995,.T.);
#7995 = EDGE_LOOP('',(#7996,#8007,#8016,#8023,#8030,#8039,#8048,#8057));
#7996 = ORIENTED_EDGE('',*,*,#7997,.F.);
#7997 = EDGE_CURVE('',#7998,#8000,#8002,.T.);
#7998 = VERTEX_POINT('',#7999);
#7999 = CARTESIAN_POINT('',(2.91797113645E-02,2.5005,0.962414812805));
#8000 = VERTEX_POINT('',#8001);
#8001 = CARTESIAN_POINT('',(3.368532900183E-02,2.5005,0.950145669393));
#8002 = B_SPLINE_CURVE_WITH_KNOTS('',3,(#8003,#8004,#8005,#8006),
  .UNSPECIFIED.,.F.,.F.,(4,4),(1.,2.),.PIECEWISE_BEZIER_KNOTS.);
#8003 = CARTESIAN_POINT('',(2.91797113645E-02,2.5005,0.962414812805));
#8004 = CARTESIAN_POINT('',(3.216035072491E-02,2.5005,0.95950349064));
#8005 = CARTESIAN_POINT('',(3.368532900183E-02,2.5005,0.955413776169));
#8006 = CARTESIAN_POINT('',(3.368532900183E-02,2.5005,0.950145669393));
#8007 = ORIENTED_EDGE('',*,*,#8008,.F.);
#8008 = EDGE_CURVE('',#8009,#7998,#8011,.T.);
#8009 = VERTEX_POINT('',#8010);
#8010 = CARTESIAN_POINT('',(1.275153628693E-02,2.5005,0.968376091526));
#8011 = B_SPLINE_CURVE_WITH_KNOTS('',3,(#8012,#8013,#8014,#8015),
  .UNSPECIFIED.,.F.,.F.,(4,4),(0.,1.),.PIECEWISE_BEZIER_KNOTS.);
#8012 = CARTESIAN_POINT('',(1.275153628693E-02,2.5005,0.968376091526));
#8013 = CARTESIAN_POINT('',(2.068835504789E-02,2.5005,0.967267016415));
#8014 = CARTESIAN_POINT('',(2.616441340739E-02,2.5005,0.965326134971));
#8015 = CARTESIAN_POINT('',(2.91797113645E-02,2.5005,0.962414812805));
#8016 = ORIENTED_EDGE('',*,*,#8017,.F.);
#8017 = EDGE_CURVE('',#8018,#8009,#8020,.T.);
#8018 = VERTEX_POINT('',#8019);
#8019 = CARTESIAN_POINT('',(-9.915186288825E-03,2.5005,0.971426048081));
#8020 = B_SPLINE_CURVE_WITH_KNOTS('',1,(#8021,#8022),.UNSPECIFIED.,.F.,
  .F.,(2,2),(1.719229561318E-18,2.287099795182E-02),
  .PIECEWISE_BEZIER_KNOTS.);
#8021 = CARTESIAN_POINT('',(-9.915186288825E-03,2.5005,0.971426048081));
#8022 = CARTESIAN_POINT('',(1.275153628693E-02,2.5005,0.968376091526));
#8023 = ORIENTED_EDGE('',*,*,#8024,.F.);
#8024 = EDGE_CURVE('',#8025,#8018,#8027,.T.);
#8025 = VERTEX_POINT('',#8026);
#8026 = CARTESIAN_POINT('',(-9.915186288826E-03,2.5005,0.962137544028));
#8027 = B_SPLINE_CURVE_WITH_KNOTS('',1,(#8028,#8029),.UNSPECIFIED.,.F.,
  .F.,(2,2),(0.,9.288504052932E-03),.PIECEWISE_BEZIER_KNOTS.);
#8028 = CARTESIAN_POINT('',(-9.915186288826E-03,2.5005,0.962137544028));
#8029 = CARTESIAN_POINT('',(-9.915186288825E-03,2.5005,0.971426048081));
#8030 = ORIENTED_EDGE('',*,*,#8031,.F.);
#8031 = EDGE_CURVE('',#8032,#8025,#8034,.T.);
#8032 = VERTEX_POINT('',#8033);
#8033 = CARTESIAN_POINT('',(-2.636880874585E-03,2.5005,0.942382143618));
#8034 = B_SPLINE_CURVE_WITH_KNOTS('',3,(#8035,#8036,#8037,#8038),
  .UNSPECIFIED.,.F.,.F.,(4,4),(5.,6.),.PIECEWISE_BEZIER_KNOTS.);
#8035 = CARTESIAN_POINT('',(-2.636880874585E-03,2.5005,0.942382143618));
#8036 = CARTESIAN_POINT('',(-7.489084484077E-03,2.5005,0.947580933199));
#8037 = CARTESIAN_POINT('',(-9.915186288825E-03,2.5005,0.954166066669));
#8038 = CARTESIAN_POINT('',(-9.915186288826E-03,2.5005,0.962137544028));
#8039 = ORIENTED_EDGE('',*,*,#8040,.F.);
#8040 = EDGE_CURVE('',#8041,#8032,#8043,.T.);
#8041 = VERTEX_POINT('',#8042);
#8042 = CARTESIAN_POINT('',(1.580149284122E-02,2.5005,0.934479983454));
#8043 = B_SPLINE_CURVE_WITH_KNOTS('',3,(#8044,#8045,#8046,#8047),
  .UNSPECIFIED.,.F.,.F.,(4,4),(4.,5.),.PIECEWISE_BEZIER_KNOTS.);
#8044 = CARTESIAN_POINT('',(1.580149284122E-02,2.5005,0.934479983454));
#8045 = CARTESIAN_POINT('',(8.349894441122E-03,2.5005,0.934479983454));
#8046 = CARTESIAN_POINT('',(2.180664137744E-03,2.5005,0.937114036842));
#8047 = CARTESIAN_POINT('',(-2.636880874585E-03,2.5005,0.942382143618));
#8048 = ORIENTED_EDGE('',*,*,#8049,.F.);
#8049 = EDGE_CURVE('',#8050,#8041,#8052,.T.);
#8050 = VERTEX_POINT('',#8051);
#8051 = CARTESIAN_POINT('',(2.876380819799E-02,2.5005,0.938846966702));
#8052 = B_SPLINE_CURVE_WITH_KNOTS('',3,(#8053,#8054,#8055,#8056),
  .UNSPECIFIED.,.F.,.F.,(4,4),(3.,4.),.PIECEWISE_BEZIER_KNOTS.);
#8053 = CARTESIAN_POINT('',(2.876380819799E-02,2.5005,0.938846966702));
#8054 = CARTESIAN_POINT('',(2.550590006021E-02,2.5005,0.935935644537));
#8055 = CARTESIAN_POINT('',(2.11735754092E-02,2.5005,0.934479983454));
#8056 = CARTESIAN_POINT('',(1.580149284122E-02,2.5005,0.934479983454));
#8057 = ORIENTED_EDGE('',*,*,#8058,.F.);
#8058 = EDGE_CURVE('',#8000,#8050,#8059,.T.);
#8059 = B_SPLINE_CURVE_WITH_KNOTS('',3,(#8060,#8061,#8062,#8063),
  .UNSPECIFIED.,.F.,.F.,(4,4),(2.,3.),.PIECEWISE_BEZIER_KNOTS.);
#8060 = CARTESIAN_POINT('',(3.368532900183E-02,2.5005,0.950145669393));
#8061 = CARTESIAN_POINT('',(3.368532900183E-02,2.5005,0.945501417367));
#8062 = CARTESIAN_POINT('',(3.205637493293E-02,2.5005,0.941758288868));
#8063 = CARTESIAN_POINT('',(2.876380819799E-02,2.5005,0.938846966702));
#8064 = B_SPLINE_SURFACE_WITH_KNOTS('',1,1,(
    (#8065,#8066)
    ,(#8067,#8068
    )),.UNSPECIFIED.,.F.,.F.,.F.,(2,2),(2,2),(-9.909759407424E-02,
    2.244144169485E-03),(-5.28067051749E-02,2.500184556287E-02),
  .PIECEWISE_BEZIER_KNOTS.);
#8065 = CARTESIAN_POINT('',(-2.689789892206E-02,2.5005,0.920547227375));
#8066 = CARTESIAN_POINT('',(5.091065181571E-02,2.5005,0.920547227375));
#8067 = CARTESIAN_POINT('',(-2.689789892206E-02,2.5005,1.021888965619));
#8068 = CARTESIAN_POINT('',(5.091065181571E-02,2.5005,1.021888965619));
#8069 = ADVANCED_FACE('',(#8070),#8084,.F.);
#8070 = FACE_BOUND('',#8071,.F.);
#8071 = EDGE_LOOP('',(#8072,#8077,#8078,#8083));
#8072 = ORIENTED_EDGE('',*,*,#8073,.F.);
#8073 = EDGE_CURVE('',#7882,#575,#8074,.T.);
#8074 = B_SPLINE_CURVE_WITH_KNOTS('',1,(#8075,#8076),.UNSPECIFIED.,.F.,
  .F.,(2,2),(-0.,1.E-03),.PIECEWISE_BEZIER_KNOTS.);
#8075 = CARTESIAN_POINT('',(8.107284260462E-03,2.5005,1.021888965619));
#8076 = CARTESIAN_POINT('',(8.107284260462E-03,2.4995,1.021888965619));
#8077 = ORIENTED_EDGE('',*,*,#7881,.T.);
#8078 = ORIENTED_EDGE('',*,*,#8079,.T.);
#8079 = EDGE_CURVE('',#7884,#566,#8080,.T.);
#8080 = B_SPLINE_CURVE_WITH_KNOTS('',1,(#8081,#8082),.UNSPECIFIED.,.F.,
  .F.,(2,2),(-0.,1.E-03),.PIECEWISE_BEZIER_KNOTS.);
#8081 = CARTESIAN_POINT('',(4.144885477739E-02,2.5005,1.012877730344));
#8082 = CARTESIAN_POINT('',(4.144885477739E-02,2.4995,1.012877730344));
#8083 = ORIENTED_EDGE('',*,*,#574,.F.);
#8084 = B_SPLINE_SURFACE_WITH_KNOTS('',3,1,(
    (#8085,#8086)
    ,(#8087,#8088)
    ,(#8089,#8090)
    ,(#8091,#8092
    )),.UNSPECIFIED.,.F.,.F.,.F.,(4,4),(2,2),(0.,1.),(0.,1.),
  .PIECEWISE_BEZIER_KNOTS.);
#8085 = CARTESIAN_POINT('',(8.107284260462E-03,2.5005,1.021888965619));
#8086 = CARTESIAN_POINT('',(8.107284260462E-03,2.4995,1.021888965619));
#8087 = CARTESIAN_POINT('',(2.072301364506E-02,2.5005,1.021888965619));
#8088 = CARTESIAN_POINT('',(2.072301364506E-02,2.4995,1.021888965619));
#8089 = CARTESIAN_POINT('',(3.184842334991E-02,2.5005,1.018908326259));
#8090 = CARTESIAN_POINT('',(3.184842334991E-02,2.4995,1.018908326259));
#8091 = CARTESIAN_POINT('',(4.144885477739E-02,2.5005,1.012877730344));
#8092 = CARTESIAN_POINT('',(4.144885477739E-02,2.4995,1.012877730344));
#8093 = ADVANCED_FACE('',(#8094),#8104,.F.);
#8094 = FACE_BOUND('',#8095,.T.);
#8095 = EDGE_LOOP('',(#8096,#8097,#8102,#8103));
#8096 = ORIENTED_EDGE('',*,*,#565,.T.);
#8097 = ORIENTED_EDGE('',*,*,#8098,.F.);
#8098 = EDGE_CURVE('',#7893,#568,#8099,.T.);
#8099 = B_SPLINE_CURVE_WITH_KNOTS('',1,(#8100,#8101),.UNSPECIFIED.,.F.,
  .F.,(2,2),(-0.,1.E-03),.PIECEWISE_BEZIER_KNOTS.);
#8100 = CARTESIAN_POINT('',(4.144885477738E-02,2.5005,0.996380238072));
#8101 = CARTESIAN_POINT('',(4.144885477738E-02,2.4995,0.996380238072));
#8102 = ORIENTED_EDGE('',*,*,#7892,.F.);
#8103 = ORIENTED_EDGE('',*,*,#8079,.T.);
#8104 = B_SPLINE_SURFACE_WITH_KNOTS('',1,1,(
    (#8105,#8106)
    ,(#8107,#8108
    )),.UNSPECIFIED.,.F.,.F.,.F.,(2,2),(2,2),(0.,1.649749227284E-02),(
    -1.E-03,0.),.PIECEWISE_BEZIER_KNOTS.);
#8105 = CARTESIAN_POINT('',(4.144885477738E-02,2.4995,0.996380238072));
#8106 = CARTESIAN_POINT('',(4.144885477738E-02,2.5005,0.996380238072));
#8107 = CARTESIAN_POINT('',(4.144885477739E-02,2.4995,1.012877730344));
#8108 = CARTESIAN_POINT('',(4.144885477739E-02,2.5005,1.012877730344));
#8109 = ADVANCED_FACE('',(#8110),#8120,.F.);
#8110 = FACE_BOUND('',#8111,.F.);
#8111 = EDGE_LOOP('',(#8112,#8113,#8114,#8119));
#8112 = ORIENTED_EDGE('',*,*,#8098,.F.);
#8113 = ORIENTED_EDGE('',*,*,#7899,.T.);
#8114 = ORIENTED_EDGE('',*,*,#8115,.T.);
#8115 = EDGE_CURVE('',#7900,#664,#8116,.T.);
#8116 = B_SPLINE_CURVE_WITH_KNOTS('',1,(#8117,#8118),.UNSPECIFIED.,.F.,
  .F.,(2,2),(-0.,1.E-03),.PIECEWISE_BEZIER_KNOTS.);
#8117 = CARTESIAN_POINT('',(9.701579732179E-03,2.5005,1.008094843929));
#8118 = CARTESIAN_POINT('',(9.701579732179E-03,2.4995,1.008094843929));
#8119 = ORIENTED_EDGE('',*,*,#672,.F.);
#8120 = B_SPLINE_SURFACE_WITH_KNOTS('',3,1,(
    (#8121,#8122)
    ,(#8123,#8124)
    ,(#8125,#8126)
    ,(#8127,#8128
    )),.UNSPECIFIED.,.F.,.F.,.F.,(4,4),(2,2),(12.,13.),(0.,1.),
  .PIECEWISE_BEZIER_KNOTS.);
#8121 = CARTESIAN_POINT('',(4.144885477739E-02,2.5005,0.996380238072));
#8122 = CARTESIAN_POINT('',(4.144885477739E-02,2.4995,0.996380238072));
#8123 = CARTESIAN_POINT('',(3.188308194708E-02,2.5005,1.004143763847));
#8124 = CARTESIAN_POINT('',(3.188308194708E-02,2.4995,1.004143763847));
#8125 = CARTESIAN_POINT('',(2.131220979789E-02,2.5005,1.008094843929));
#8126 = CARTESIAN_POINT('',(2.131220979789E-02,2.4995,1.008094843929));
#8127 = CARTESIAN_POINT('',(9.701579732179E-03,2.5005,1.008094843929));
#8128 = CARTESIAN_POINT('',(9.701579732179E-03,2.4995,1.008094843929));
#8129 = ADVANCED_FACE('',(#8130),#8140,.F.);
#8130 = FACE_BOUND('',#8131,.F.);
#8131 = EDGE_LOOP('',(#8132,#8133,#8134,#8139));
#8132 = ORIENTED_EDGE('',*,*,#8115,.F.);
#8133 = ORIENTED_EDGE('',*,*,#7908,.T.);
#8134 = ORIENTED_EDGE('',*,*,#8135,.T.);
#8135 = EDGE_CURVE('',#7909,#657,#8136,.T.);
#8136 = B_SPLINE_CURVE_WITH_KNOTS('',1,(#8137,#8138),.UNSPECIFIED.,.F.,
  .F.,(2,2),(-0.,1.E-03),.PIECEWISE_BEZIER_KNOTS.);
#8137 = CARTESIAN_POINT('',(-9.915186288825E-03,2.5005,0.984388363437));
#8138 = CARTESIAN_POINT('',(-9.915186288825E-03,2.4995,0.984388363437));
#8139 = ORIENTED_EDGE('',*,*,#663,.F.);
#8140 = B_SPLINE_SURFACE_WITH_KNOTS('',3,1,(
    (#8141,#8142)
    ,(#8143,#8144)
    ,(#8145,#8146)
    ,(#8147,#8148
    )),.UNSPECIFIED.,.F.,.F.,.F.,(4,4),(2,2),(11.,12.),(0.,1.),
  .PIECEWISE_BEZIER_KNOTS.);
#8141 = CARTESIAN_POINT('',(9.701579732179E-03,2.5005,1.008094843929));
#8142 = CARTESIAN_POINT('',(9.701579732179E-03,2.4995,1.008094843929));
#8143 = CARTESIAN_POINT('',(-3.364711416101E-03,2.5005,1.008094843929));
#8144 = CARTESIAN_POINT('',(-3.364711416101E-03,2.4995,1.008094843929));
#8145 = CARTESIAN_POINT('',(-9.915186288825E-03,2.5005,1.000192683765));
#8146 = CARTESIAN_POINT('',(-9.915186288825E-03,2.4995,1.000192683765));
#8147 = CARTESIAN_POINT('',(-9.915186288825E-03,2.5005,0.984388363437));
#8148 = CARTESIAN_POINT('',(-9.915186288825E-03,2.4995,0.984388363437));
#8149 = ADVANCED_FACE('',(#8150),#8160,.F.);
#8150 = FACE_BOUND('',#8151,.T.);
#8151 = EDGE_LOOP('',(#8152,#8153,#8158,#8159));
#8152 = ORIENTED_EDGE('',*,*,#656,.T.);
#8153 = ORIENTED_EDGE('',*,*,#8154,.F.);
#8154 = EDGE_CURVE('',#7918,#648,#8155,.T.);
#8155 = B_SPLINE_CURVE_WITH_KNOTS('',1,(#8156,#8157),.UNSPECIFIED.,.F.,
  .F.,(2,2),(-0.,1.E-03),.PIECEWISE_BEZIER_KNOTS.);
#8156 = CARTESIAN_POINT('',(1.878213220163E-02,2.5005,0.980367966161));
#8157 = CARTESIAN_POINT('',(1.878213220163E-02,2.4995,0.980367966161));
#8158 = ORIENTED_EDGE('',*,*,#7917,.F.);
#8159 = ORIENTED_EDGE('',*,*,#8135,.T.);
#8160 = B_SPLINE_SURFACE_WITH_KNOTS('',1,1,(
    (#8161,#8162)
    ,(#8163,#8164
    )),.UNSPECIFIED.,.F.,.F.,.F.,(2,2),(2,2),(0.,2.897757206536E-02),(
    -1.E-03,0.),.PIECEWISE_BEZIER_KNOTS.);
#8161 = CARTESIAN_POINT('',(1.878213220163E-02,2.4995,0.980367966161));
#8162 = CARTESIAN_POINT('',(1.878213220163E-02,2.5005,0.980367966161));
#8163 = CARTESIAN_POINT('',(-9.915186288825E-03,2.4995,0.984388363437));
#8164 = CARTESIAN_POINT('',(-9.915186288825E-03,2.5005,0.984388363437));
#8165 = ADVANCED_FACE('',(#8166),#8176,.F.);
#8166 = FACE_BOUND('',#8167,.F.);
#8167 = EDGE_LOOP('',(#8168,#8169,#8170,#8175));
#8168 = ORIENTED_EDGE('',*,*,#8154,.F.);
#8169 = ORIENTED_EDGE('',*,*,#7924,.T.);
#8170 = ORIENTED_EDGE('',*,*,#8171,.T.);
#8171 = EDGE_CURVE('',#7925,#639,#8172,.T.);
#8172 = B_SPLINE_CURVE_WITH_KNOTS('',1,(#8173,#8174),.UNSPECIFIED.,.F.,
  .F.,(2,2),(-0.,1.E-03),.PIECEWISE_BEZIER_KNOTS.);
#8173 = CARTESIAN_POINT('',(5.091065181571E-02,2.5005,0.948759325505));
#8174 = CARTESIAN_POINT('',(5.091065181571E-02,2.4995,0.948759325505));
#8175 = ORIENTED_EDGE('',*,*,#647,.F.);
#8176 = B_SPLINE_SURFACE_WITH_KNOTS('',3,1,(
    (#8177,#8178)
    ,(#8179,#8180)
    ,(#8181,#8182)
    ,(#8183,#8184
    )),.UNSPECIFIED.,.F.,.F.,.F.,(4,4),(2,2),(9.,10.),(0.,1.),
  .PIECEWISE_BEZIER_KNOTS.);
#8177 = CARTESIAN_POINT('',(1.878213220163E-02,2.5005,0.980367966161));
#8178 = CARTESIAN_POINT('',(1.878213220163E-02,2.4995,0.980367966161));
#8179 = CARTESIAN_POINT('',(4.020114527738E-02,2.5005,0.977387326801));
#8180 = CARTESIAN_POINT('',(4.020114527738E-02,2.4995,0.977387326801));
#8181 = CARTESIAN_POINT('',(5.091065181571E-02,2.5005,0.966851113249));
#8182 = CARTESIAN_POINT('',(5.091065181571E-02,2.4995,0.966851113249));
#8183 = CARTESIAN_POINT('',(5.091065181571E-02,2.5005,0.948759325505));
#8184 = CARTESIAN_POINT('',(5.091065181571E-02,2.4995,0.948759325505));
#8185 = ADVANCED_FACE('',(#8186),#8196,.F.);
#8186 = FACE_BOUND('',#8187,.F.);
#8187 = EDGE_LOOP('',(#8188,#8189,#8190,#8195));
#8188 = ORIENTED_EDGE('',*,*,#8171,.F.);
#8189 = ORIENTED_EDGE('',*,*,#7933,.T.);
#8190 = ORIENTED_EDGE('',*,*,#8191,.T.);
#8191 = EDGE_CURVE('',#7934,#630,#8192,.T.);
#8192 = B_SPLINE_CURVE_WITH_KNOTS('',1,(#8193,#8194),.UNSPECIFIED.,.F.,
  .F.,(2,2),(-0.,1.E-03),.PIECEWISE_BEZIER_KNOTS.);
#8193 = CARTESIAN_POINT('',(4.259258848495E-02,2.5005,0.928172118761));
#8194 = CARTESIAN_POINT('',(4.259258848495E-02,2.4995,0.928172118761));
#8195 = ORIENTED_EDGE('',*,*,#638,.F.);
#8196 = B_SPLINE_SURFACE_WITH_KNOTS('',3,1,(
    (#8197,#8198)
    ,(#8199,#8200)
    ,(#8201,#8202)
    ,(#8203,#8204
    )),.UNSPECIFIED.,.F.,.F.,.F.,(4,4),(2,2),(8.,9.),(0.,1.),
  .PIECEWISE_BEZIER_KNOTS.);
#8197 = CARTESIAN_POINT('',(5.091065181571E-02,2.5005,0.948759325505));
#8198 = CARTESIAN_POINT('',(5.091065181571E-02,2.4995,0.948759325505));
#8199 = CARTESIAN_POINT('',(5.091065181571E-02,2.5005,0.940094676202));
#8200 = CARTESIAN_POINT('',(5.091065181571E-02,2.4995,0.940094676202));
#8201 = CARTESIAN_POINT('',(4.813796403879E-02,2.5005,0.933232273954));
#8202 = CARTESIAN_POINT('',(4.813796403879E-02,2.4995,0.933232273954));
#8203 = CARTESIAN_POINT('',(4.259258848495E-02,2.5005,0.928172118761));
#8204 = CARTESIAN_POINT('',(4.259258848495E-02,2.4995,0.928172118761));
#8205 = ADVANCED_FACE('',(#8206),#8216,.F.);
#8206 = FACE_BOUND('',#8207,.F.);
#8207 = EDGE_LOOP('',(#8208,#8209,#8210,#8215));
#8208 = ORIENTED_EDGE('',*,*,#8191,.F.);
#8209 = ORIENTED_EDGE('',*,*,#7942,.T.);
#8210 = ORIENTED_EDGE('',*,*,#8211,.T.);
#8211 = EDGE_CURVE('',#7943,#621,#8212,.T.);
#8212 = B_SPLINE_CURVE_WITH_KNOTS('',1,(#8213,#8214),.UNSPECIFIED.,.F.,
  .F.,(2,2),(-0.,1.E-03),.PIECEWISE_BEZIER_KNOTS.);
#8213 = CARTESIAN_POINT('',(2.020313468703E-02,2.5005,0.920547227375));
#8214 = CARTESIAN_POINT('',(2.020313468703E-02,2.4995,0.920547227375));
#8215 = ORIENTED_EDGE('',*,*,#629,.F.);
#8216 = B_SPLINE_SURFACE_WITH_KNOTS('',3,1,(
    (#8217,#8218)
    ,(#8219,#8220)
    ,(#8221,#8222)
    ,(#8223,#8224
    )),.UNSPECIFIED.,.F.,.F.,.F.,(4,4),(2,2),(7.,8.),(0.,1.),
  .PIECEWISE_BEZIER_KNOTS.);
#8217 = CARTESIAN_POINT('',(4.259258848495E-02,2.5005,0.928172118761));
#8218 = CARTESIAN_POINT('',(4.259258848495E-02,2.4995,0.928172118761));
#8219 = CARTESIAN_POINT('',(3.704721293158E-02,2.5005,0.923111963569));
#8220 = CARTESIAN_POINT('',(3.704721293158E-02,2.4995,0.923111963569));
#8221 = CARTESIAN_POINT('',(2.959561453101E-02,2.5005,0.920547227375));
#8222 = CARTESIAN_POINT('',(2.959561453101E-02,2.4995,0.920547227375));
#8223 = CARTESIAN_POINT('',(2.020313468703E-02,2.5005,0.920547227375));
#8224 = CARTESIAN_POINT('',(2.020313468703E-02,2.4995,0.920547227375));
#8225 = ADVANCED_FACE('',(#8226),#8236,.F.);
#8226 = FACE_BOUND('',#8227,.F.);
#8227 = EDGE_LOOP('',(#8228,#8229,#8230,#8235));
#8228 = ORIENTED_EDGE('',*,*,#8211,.F.);
#8229 = ORIENTED_EDGE('',*,*,#7951,.T.);
#8230 = ORIENTED_EDGE('',*,*,#8231,.T.);
#8231 = EDGE_CURVE('',#7952,#614,#8232,.T.);
#8232 = B_SPLINE_CURVE_WITH_KNOTS('',1,(#8233,#8234),.UNSPECIFIED.,.F.,
  .F.,(2,2),(-0.,1.E-03),.PIECEWISE_BEZIER_KNOTS.);
#8233 = CARTESIAN_POINT('',(-9.46462452514E-03,2.5005,0.937807208786));
#8234 = CARTESIAN_POINT('',(-9.46462452514E-03,2.4995,0.937807208786));
#8235 = ORIENTED_EDGE('',*,*,#620,.F.);
#8236 = B_SPLINE_SURFACE_WITH_KNOTS('',3,1,(
    (#8237,#8238)
    ,(#8239,#8240)
    ,(#8241,#8242)
    ,(#8243,#8244
    )),.UNSPECIFIED.,.F.,.F.,.F.,(4,4),(2,2),(6.,7.),(0.,1.),
  .PIECEWISE_BEZIER_KNOTS.);
#8237 = CARTESIAN_POINT('',(2.020313468703E-02,2.5005,0.920547227375));
#8238 = CARTESIAN_POINT('',(2.020313468703E-02,2.4995,0.920547227375));
#8239 = CARTESIAN_POINT('',(7.13684353875E-03,2.5005,0.920547227375));
#8240 = CARTESIAN_POINT('',(7.13684353875E-03,2.4995,0.920547227375));
#8241 = CARTESIAN_POINT('',(-2.775515263726E-03,2.5005,0.926300554512));
#8242 = CARTESIAN_POINT('',(-2.775515263726E-03,2.4995,0.926300554512));
#8243 = CARTESIAN_POINT('',(-9.46462452514E-03,2.5005,0.937807208786));
#8244 = CARTESIAN_POINT('',(-9.46462452514E-03,2.4995,0.937807208786));
#8245 = ADVANCED_FACE('',(#8246),#8256,.F.);
#8246 = FACE_BOUND('',#8247,.T.);
#8247 = EDGE_LOOP('',(#8248,#8249,#8254,#8255));
#8248 = ORIENTED_EDGE('',*,*,#613,.T.);
#8249 = ORIENTED_EDGE('',*,*,#8250,.F.);
#8250 = EDGE_CURVE('',#7961,#607,#8251,.T.);
#8251 = B_SPLINE_CURVE_WITH_KNOTS('',1,(#8252,#8253),.UNSPECIFIED.,.F.,
  .F.,(2,2),(-0.,1.E-03),.PIECEWISE_BEZIER_KNOTS.);
#8252 = CARTESIAN_POINT('',(-9.915186288826E-03,2.5005,0.937807208786));
#8253 = CARTESIAN_POINT('',(-9.915186288826E-03,2.4995,0.937807208786));
#8254 = ORIENTED_EDGE('',*,*,#7960,.F.);
#8255 = ORIENTED_EDGE('',*,*,#8231,.T.);
#8256 = B_SPLINE_SURFACE_WITH_KNOTS('',1,1,(
    (#8257,#8258)
    ,(#8259,#8260
    )),.UNSPECIFIED.,.F.,.F.,.F.,(2,2),(2,2),(0.,4.505617636851E-04),(
    -1.E-03,0.),.PIECEWISE_BEZIER_KNOTS.);
#8257 = CARTESIAN_POINT('',(-9.915186288826E-03,2.4995,0.937807208786));
#8258 = CARTESIAN_POINT('',(-9.915186288826E-03,2.5005,0.937807208786));
#8259 = CARTESIAN_POINT('',(-9.46462452514E-03,2.4995,0.937807208786));
#8260 = CARTESIAN_POINT('',(-9.46462452514E-03,2.5005,0.937807208786));
#8261 = ADVANCED_FACE('',(#8262),#8272,.F.);
#8262 = FACE_BOUND('',#8263,.T.);
#8263 = EDGE_LOOP('',(#8264,#8265,#8270,#8271));
#8264 = ORIENTED_EDGE('',*,*,#606,.T.);
#8265 = ORIENTED_EDGE('',*,*,#8266,.F.);
#8266 = EDGE_CURVE('',#7968,#600,#8267,.T.);
#8267 = B_SPLINE_CURVE_WITH_KNOTS('',1,(#8268,#8269),.UNSPECIFIED.,.F.,
  .F.,(2,2),(-0.,1.E-03),.PIECEWISE_BEZIER_KNOTS.);
#8268 = CARTESIAN_POINT('',(-9.915186288826E-03,2.5005,0.922834694791));
#8269 = CARTESIAN_POINT('',(-9.915186288826E-03,2.4995,0.922834694791));
#8270 = ORIENTED_EDGE('',*,*,#7967,.F.);
#8271 = ORIENTED_EDGE('',*,*,#8250,.T.);
#8272 = B_SPLINE_SURFACE_WITH_KNOTS('',1,1,(
    (#8273,#8274)
    ,(#8275,#8276
    )),.UNSPECIFIED.,.F.,.F.,.F.,(2,2),(2,2),(0.,1.497251399454E-02),(
    -1.E-03,0.),.PIECEWISE_BEZIER_KNOTS.);
#8273 = CARTESIAN_POINT('',(-9.915186288826E-03,2.4995,0.922834694791));
#8274 = CARTESIAN_POINT('',(-9.915186288826E-03,2.5005,0.922834694791));
#8275 = CARTESIAN_POINT('',(-9.915186288826E-03,2.4995,0.937807208786));
#8276 = CARTESIAN_POINT('',(-9.915186288826E-03,2.5005,0.937807208786));
#8277 = ADVANCED_FACE('',(#8278),#8288,.F.);
#8278 = FACE_BOUND('',#8279,.T.);
#8279 = EDGE_LOOP('',(#8280,#8281,#8286,#8287));
#8280 = ORIENTED_EDGE('',*,*,#599,.T.);
#8281 = ORIENTED_EDGE('',*,*,#8282,.F.);
#8282 = EDGE_CURVE('',#7975,#593,#8283,.T.);
#8283 = B_SPLINE_CURVE_WITH_KNOTS('',1,(#8284,#8285),.UNSPECIFIED.,.F.,
  .F.,(2,2),(-0.,1.E-03),.PIECEWISE_BEZIER_KNOTS.);
#8284 = CARTESIAN_POINT('',(-2.689789892206E-02,2.5005,0.922834694791));
#8285 = CARTESIAN_POINT('',(-2.689789892206E-02,2.4995,0.922834694791));
#8286 = ORIENTED_EDGE('',*,*,#7974,.F.);
#8287 = ORIENTED_EDGE('',*,*,#8266,.T.);
#8288 = B_SPLINE_SURFACE_WITH_KNOTS('',1,1,(
    (#8289,#8290)
    ,(#8291,#8292
    )),.UNSPECIFIED.,.F.,.F.,.F.,(2,2),(2,2),(0.,1.698271263323E-02),(
    -1.E-03,0.),.PIECEWISE_BEZIER_KNOTS.);
#8289 = CARTESIAN_POINT('',(-2.689789892206E-02,2.4995,0.922834694791));
#8290 = CARTESIAN_POINT('',(-2.689789892206E-02,2.5005,0.922834694791));
#8291 = CARTESIAN_POINT('',(-9.915186288826E-03,2.4995,0.922834694791));
#8292 = CARTESIAN_POINT('',(-9.915186288826E-03,2.5005,0.922834694791));
#8293 = ADVANCED_FACE('',(#8294),#8304,.F.);
#8294 = FACE_BOUND('',#8295,.T.);
#8295 = EDGE_LOOP('',(#8296,#8297,#8302,#8303));
#8296 = ORIENTED_EDGE('',*,*,#592,.T.);
#8297 = ORIENTED_EDGE('',*,*,#8298,.F.);
#8298 = EDGE_CURVE('',#7982,#584,#8299,.T.);
#8299 = B_SPLINE_CURVE_WITH_KNOTS('',1,(#8300,#8301),.UNSPECIFIED.,.F.,
  .F.,(2,2),(-0.,1.E-03),.PIECEWISE_BEZIER_KNOTS.);
#8300 = CARTESIAN_POINT('',(-2.689789892206E-02,2.5005,0.985150852575));
#8301 = CARTESIAN_POINT('',(-2.689789892206E-02,2.4995,0.985150852575));
#8302 = ORIENTED_EDGE('',*,*,#7981,.F.);
#8303 = ORIENTED_EDGE('',*,*,#8282,.T.);
#8304 = B_SPLINE_SURFACE_WITH_KNOTS('',1,1,(
    (#8305,#8306)
    ,(#8307,#8308
    )),.UNSPECIFIED.,.F.,.F.,.F.,(2,2),(2,2),(-2.41451466612E-32,
    6.231615778382E-02),(-1.E-03,0.),.PIECEWISE_BEZIER_KNOTS.);
#8305 = CARTESIAN_POINT('',(-2.689789892206E-02,2.4995,0.985150852575));
#8306 = CARTESIAN_POINT('',(-2.689789892206E-02,2.5005,0.985150852575));
#8307 = CARTESIAN_POINT('',(-2.689789892206E-02,2.4995,0.922834694791));
#8308 = CARTESIAN_POINT('',(-2.689789892206E-02,2.5005,0.922834694791));
#8309 = ADVANCED_FACE('',(#8310),#8316,.F.);
#8310 = FACE_BOUND('',#8311,.F.);
#8311 = EDGE_LOOP('',(#8312,#8313,#8314,#8315));
#8312 = ORIENTED_EDGE('',*,*,#8298,.F.);
#8313 = ORIENTED_EDGE('',*,*,#7988,.T.);
#8314 = ORIENTED_EDGE('',*,*,#8073,.T.);
#8315 = ORIENTED_EDGE('',*,*,#583,.F.);
#8316 = B_SPLINE_SURFACE_WITH_KNOTS('',3,1,(
    (#8317,#8318)
    ,(#8319,#8320)
    ,(#8321,#8322)
    ,(#8323,#8324
    )),.UNSPECIFIED.,.F.,.F.,.F.,(4,4),(2,2),(1.,2.),(0.,1.),
  .PIECEWISE_BEZIER_KNOTS.);
#8317 = CARTESIAN_POINT('',(-2.689789892206E-02,2.5005,0.985150852575));
#8318 = CARTESIAN_POINT('',(-2.689789892206E-02,2.4995,0.985150852575));
#8319 = CARTESIAN_POINT('',(-2.689789892206E-02,2.5005,1.009689139401));
#8320 = CARTESIAN_POINT('',(-2.689789892206E-02,2.4995,1.009689139401));
#8321 = CARTESIAN_POINT('',(-1.5217951662E-02,2.5005,1.021888965619));
#8322 = CARTESIAN_POINT('',(-1.5217951662E-02,2.4995,1.021888965619));
#8323 = CARTESIAN_POINT('',(8.107284260462E-03,2.5005,1.021888965619));
#8324 = CARTESIAN_POINT('',(8.107284260462E-03,2.4995,1.021888965619));
#8325 = ADVANCED_FACE('',(#8326),#8350,.T.);
#8326 = FACE_BOUND('',#8327,.T.);
#8327 = EDGE_LOOP('',(#8328,#8339,#8344,#8345));
#8328 = ORIENTED_EDGE('',*,*,#8329,.F.);
#8329 = EDGE_CURVE('',#8330,#8332,#8334,.T.);
#8330 = VERTEX_POINT('',#8331);
#8331 = CARTESIAN_POINT('',(1.275153628693E-02,2.4995,0.968376091526));
#8332 = VERTEX_POINT('',#8333);
#8333 = CARTESIAN_POINT('',(2.91797113645E-02,2.4995,0.962414812805));
#8334 = B_SPLINE_CURVE_WITH_KNOTS('',3,(#8335,#8336,#8337,#8338),
  .UNSPECIFIED.,.F.,.F.,(4,4),(0.,1.),.PIECEWISE_BEZIER_KNOTS.);
#8335 = CARTESIAN_POINT('',(1.275153628693E-02,2.4995,0.968376091526));
#8336 = CARTESIAN_POINT('',(2.068835504789E-02,2.4995,0.967267016415));
#8337 = CARTESIAN_POINT('',(2.616441340739E-02,2.4995,0.965326134971));
#8338 = CARTESIAN_POINT('',(2.91797113645E-02,2.4995,0.962414812805));
#8339 = ORIENTED_EDGE('',*,*,#8340,.F.);
#8340 = EDGE_CURVE('',#8009,#8330,#8341,.T.);
#8341 = B_SPLINE_CURVE_WITH_KNOTS('',1,(#8342,#8343),.UNSPECIFIED.,.F.,
  .F.,(2,2),(-0.,1.E-03),.PIECEWISE_BEZIER_KNOTS.);
#8342 = CARTESIAN_POINT('',(1.275153628693E-02,2.5005,0.968376091526));
#8343 = CARTESIAN_POINT('',(1.275153628693E-02,2.4995,0.968376091526));
#8344 = ORIENTED_EDGE('',*,*,#8008,.T.);
#8345 = ORIENTED_EDGE('',*,*,#8346,.T.);
#8346 = EDGE_CURVE('',#7998,#8332,#8347,.T.);
#8347 = B_SPLINE_CURVE_WITH_KNOTS('',1,(#8348,#8349),.UNSPECIFIED.,.F.,
  .F.,(2,2),(-0.,1.E-03),.PIECEWISE_BEZIER_KNOTS.);
#8348 = CARTESIAN_POINT('',(2.91797113645E-02,2.5005,0.962414812805));
#8349 = CARTESIAN_POINT('',(2.91797113645E-02,2.4995,0.962414812805));
#8350 = B_SPLINE_SURFACE_WITH_KNOTS('',3,1,(
    (#8351,#8352)
    ,(#8353,#8354)
    ,(#8355,#8356)
    ,(#8357,#8358
    )),.UNSPECIFIED.,.F.,.F.,.F.,(4,4),(2,2),(0.,1.),(0.,1.),
  .PIECEWISE_BEZIER_KNOTS.);
#8351 = CARTESIAN_POINT('',(1.275153628693E-02,2.5005,0.968376091526));
#8352 = CARTESIAN_POINT('',(1.275153628693E-02,2.4995,0.968376091526));
#8353 = CARTESIAN_POINT('',(2.068835504789E-02,2.5005,0.967267016415));
#8354 = CARTESIAN_POINT('',(2.068835504789E-02,2.4995,0.967267016415));
#8355 = CARTESIAN_POINT('',(2.616441340739E-02,2.5005,0.965326134971));
#8356 = CARTESIAN_POINT('',(2.616441340739E-02,2.4995,0.965326134971));
#8357 = CARTESIAN_POINT('',(2.91797113645E-02,2.5005,0.962414812805));
#8358 = CARTESIAN_POINT('',(2.91797113645E-02,2.4995,0.962414812805));
#8359 = ADVANCED_FACE('',(#8360),#8378,.T.);
#8360 = FACE_BOUND('',#8361,.T.);
#8361 = EDGE_LOOP('',(#8362,#8371,#8372,#8373));
#8362 = ORIENTED_EDGE('',*,*,#8363,.F.);
#8363 = EDGE_CURVE('',#8332,#8364,#8366,.T.);
#8364 = VERTEX_POINT('',#8365);
#8365 = CARTESIAN_POINT('',(3.368532900183E-02,2.4995,0.950145669393));
#8366 = B_SPLINE_CURVE_WITH_KNOTS('',3,(#8367,#8368,#8369,#8370),
  .UNSPECIFIED.,.F.,.F.,(4,4),(1.,2.),.PIECEWISE_BEZIER_KNOTS.);
#8367 = CARTESIAN_POINT('',(2.91797113645E-02,2.4995,0.962414812805));
#8368 = CARTESIAN_POINT('',(3.216035072491E-02,2.4995,0.95950349064));
#8369 = CARTESIAN_POINT('',(3.368532900183E-02,2.4995,0.955413776169));
#8370 = CARTESIAN_POINT('',(3.368532900183E-02,2.4995,0.950145669393));
#8371 = ORIENTED_EDGE('',*,*,#8346,.F.);
#8372 = ORIENTED_EDGE('',*,*,#7997,.T.);
#8373 = ORIENTED_EDGE('',*,*,#8374,.T.);
#8374 = EDGE_CURVE('',#8000,#8364,#8375,.T.);
#8375 = B_SPLINE_CURVE_WITH_KNOTS('',1,(#8376,#8377),.UNSPECIFIED.,.F.,
  .F.,(2,2),(-0.,1.E-03),.PIECEWISE_BEZIER_KNOTS.);
#8376 = CARTESIAN_POINT('',(3.368532900183E-02,2.5005,0.950145669393));
#8377 = CARTESIAN_POINT('',(3.368532900183E-02,2.4995,0.950145669393));
#8378 = B_SPLINE_SURFACE_WITH_KNOTS('',3,1,(
    (#8379,#8380)
    ,(#8381,#8382)
    ,(#8383,#8384)
    ,(#8385,#8386
    )),.UNSPECIFIED.,.F.,.F.,.F.,(4,4),(2,2),(1.,2.),(0.,1.),
  .PIECEWISE_BEZIER_KNOTS.);
#8379 = CARTESIAN_POINT('',(2.91797113645E-02,2.5005,0.962414812805));
#8380 = CARTESIAN_POINT('',(2.91797113645E-02,2.4995,0.962414812805));
#8381 = CARTESIAN_POINT('',(3.216035072491E-02,2.5005,0.95950349064));
#8382 = CARTESIAN_POINT('',(3.216035072491E-02,2.4995,0.95950349064));
#8383 = CARTESIAN_POINT('',(3.368532900183E-02,2.5005,0.955413776169));
#8384 = CARTESIAN_POINT('',(3.368532900183E-02,2.4995,0.955413776169));
#8385 = CARTESIAN_POINT('',(3.368532900183E-02,2.5005,0.950145669393));
#8386 = CARTESIAN_POINT('',(3.368532900183E-02,2.4995,0.950145669393));
#8387 = ADVANCED_FACE('',(#8388),#8406,.T.);
#8388 = FACE_BOUND('',#8389,.T.);
#8389 = EDGE_LOOP('',(#8390,#8399,#8400,#8401));
#8390 = ORIENTED_EDGE('',*,*,#8391,.F.);
#8391 = EDGE_CURVE('',#8364,#8392,#8394,.T.);
#8392 = VERTEX_POINT('',#8393);
#8393 = CARTESIAN_POINT('',(2.876380819799E-02,2.4995,0.938846966702));
#8394 = B_SPLINE_CURVE_WITH_KNOTS('',3,(#8395,#8396,#8397,#8398),
  .UNSPECIFIED.,.F.,.F.,(4,4),(2.,3.),.PIECEWISE_BEZIER_KNOTS.);
#8395 = CARTESIAN_POINT('',(3.368532900183E-02,2.4995,0.950145669393));
#8396 = CARTESIAN_POINT('',(3.368532900183E-02,2.4995,0.945501417367));
#8397 = CARTESIAN_POINT('',(3.205637493293E-02,2.4995,0.941758288868));
#8398 = CARTESIAN_POINT('',(2.876380819799E-02,2.4995,0.938846966702));
#8399 = ORIENTED_EDGE('',*,*,#8374,.F.);
#8400 = ORIENTED_EDGE('',*,*,#8058,.T.);
#8401 = ORIENTED_EDGE('',*,*,#8402,.T.);
#8402 = EDGE_CURVE('',#8050,#8392,#8403,.T.);
#8403 = B_SPLINE_CURVE_WITH_KNOTS('',1,(#8404,#8405),.UNSPECIFIED.,.F.,
  .F.,(2,2),(-0.,1.E-03),.PIECEWISE_BEZIER_KNOTS.);
#8404 = CARTESIAN_POINT('',(2.876380819799E-02,2.5005,0.938846966702));
#8405 = CARTESIAN_POINT('',(2.876380819799E-02,2.4995,0.938846966702));
#8406 = B_SPLINE_SURFACE_WITH_KNOTS('',3,1,(
    (#8407,#8408)
    ,(#8409,#8410)
    ,(#8411,#8412)
    ,(#8413,#8414
    )),.UNSPECIFIED.,.F.,.F.,.F.,(4,4),(2,2),(2.,3.),(0.,1.),
  .PIECEWISE_BEZIER_KNOTS.);
#8407 = CARTESIAN_POINT('',(3.368532900183E-02,2.5005,0.950145669393));
#8408 = CARTESIAN_POINT('',(3.368532900183E-02,2.4995,0.950145669393));
#8409 = CARTESIAN_POINT('',(3.368532900183E-02,2.5005,0.945501417367));
#8410 = CARTESIAN_POINT('',(3.368532900183E-02,2.4995,0.945501417367));
#8411 = CARTESIAN_POINT('',(3.205637493293E-02,2.5005,0.941758288868));
#8412 = CARTESIAN_POINT('',(3.205637493293E-02,2.4995,0.941758288868));
#8413 = CARTESIAN_POINT('',(2.876380819799E-02,2.5005,0.938846966702));
#8414 = CARTESIAN_POINT('',(2.876380819799E-02,2.4995,0.938846966702));
#8415 = ADVANCED_FACE('',(#8416),#8434,.T.);
#8416 = FACE_BOUND('',#8417,.T.);
#8417 = EDGE_LOOP('',(#8418,#8427,#8428,#8429));
#8418 = ORIENTED_EDGE('',*,*,#8419,.F.);
#8419 = EDGE_CURVE('',#8392,#8420,#8422,.T.);
#8420 = VERTEX_POINT('',#8421);
#8421 = CARTESIAN_POINT('',(1.580149284122E-02,2.4995,0.934479983454));
#8422 = B_SPLINE_CURVE_WITH_KNOTS('',3,(#8423,#8424,#8425,#8426),
  .UNSPECIFIED.,.F.,.F.,(4,4),(3.,4.),.PIECEWISE_BEZIER_KNOTS.);
#8423 = CARTESIAN_POINT('',(2.876380819799E-02,2.4995,0.938846966702));
#8424 = CARTESIAN_POINT('',(2.550590006021E-02,2.4995,0.935935644537));
#8425 = CARTESIAN_POINT('',(2.11735754092E-02,2.4995,0.934479983454));
#8426 = CARTESIAN_POINT('',(1.580149284122E-02,2.4995,0.934479983454));
#8427 = ORIENTED_EDGE('',*,*,#8402,.F.);
#8428 = ORIENTED_EDGE('',*,*,#8049,.T.);
#8429 = ORIENTED_EDGE('',*,*,#8430,.T.);
#8430 = EDGE_CURVE('',#8041,#8420,#8431,.T.);
#8431 = B_SPLINE_CURVE_WITH_KNOTS('',1,(#8432,#8433),.UNSPECIFIED.,.F.,
  .F.,(2,2),(-0.,1.E-03),.PIECEWISE_BEZIER_KNOTS.);
#8432 = CARTESIAN_POINT('',(1.580149284122E-02,2.5005,0.934479983454));
#8433 = CARTESIAN_POINT('',(1.580149284122E-02,2.4995,0.934479983454));
#8434 = B_SPLINE_SURFACE_WITH_KNOTS('',3,1,(
    (#8435,#8436)
    ,(#8437,#8438)
    ,(#8439,#8440)
    ,(#8441,#8442
    )),.UNSPECIFIED.,.F.,.F.,.F.,(4,4),(2,2),(3.,4.),(0.,1.),
  .PIECEWISE_BEZIER_KNOTS.);
#8435 = CARTESIAN_POINT('',(2.876380819799E-02,2.5005,0.938846966702));
#8436 = CARTESIAN_POINT('',(2.876380819799E-02,2.4995,0.938846966702));
#8437 = CARTESIAN_POINT('',(2.550590006021E-02,2.5005,0.935935644537));
#8438 = CARTESIAN_POINT('',(2.550590006021E-02,2.4995,0.935935644537));
#8439 = CARTESIAN_POINT('',(2.11735754092E-02,2.5005,0.934479983454));
#8440 = CARTESIAN_POINT('',(2.11735754092E-02,2.4995,0.934479983454));
#8441 = CARTESIAN_POINT('',(1.580149284122E-02,2.5005,0.934479983454));
#8442 = CARTESIAN_POINT('',(1.580149284122E-02,2.4995,0.934479983454));
#8443 = ADVANCED_FACE('',(#8444),#8462,.T.);
#8444 = FACE_BOUND('',#8445,.T.);
#8445 = EDGE_LOOP('',(#8446,#8455,#8456,#8457));
#8446 = ORIENTED_EDGE('',*,*,#8447,.F.);
#8447 = EDGE_CURVE('',#8420,#8448,#8450,.T.);
#8448 = VERTEX_POINT('',#8449);
#8449 = CARTESIAN_POINT('',(-2.636880874585E-03,2.4995,0.942382143618));
#8450 = B_SPLINE_CURVE_WITH_KNOTS('',3,(#8451,#8452,#8453,#8454),
  .UNSPECIFIED.,.F.,.F.,(4,4),(4.,5.),.PIECEWISE_BEZIER_KNOTS.);
#8451 = CARTESIAN_POINT('',(1.580149284122E-02,2.4995,0.934479983454));
#8452 = CARTESIAN_POINT('',(8.349894441122E-03,2.4995,0.934479983454));
#8453 = CARTESIAN_POINT('',(2.180664137744E-03,2.4995,0.937114036842));
#8454 = CARTESIAN_POINT('',(-2.636880874585E-03,2.4995,0.942382143618));
#8455 = ORIENTED_EDGE('',*,*,#8430,.F.);
#8456 = ORIENTED_EDGE('',*,*,#8040,.T.);
#8457 = ORIENTED_EDGE('',*,*,#8458,.T.);
#8458 = EDGE_CURVE('',#8032,#8448,#8459,.T.);
#8459 = B_SPLINE_CURVE_WITH_KNOTS('',1,(#8460,#8461),.UNSPECIFIED.,.F.,
  .F.,(2,2),(-0.,1.E-03),.PIECEWISE_BEZIER_KNOTS.);
#8460 = CARTESIAN_POINT('',(-2.636880874585E-03,2.5005,0.942382143618));
#8461 = CARTESIAN_POINT('',(-2.636880874585E-03,2.4995,0.942382143618));
#8462 = B_SPLINE_SURFACE_WITH_KNOTS('',3,1,(
    (#8463,#8464)
    ,(#8465,#8466)
    ,(#8467,#8468)
    ,(#8469,#8470
    )),.UNSPECIFIED.,.F.,.F.,.F.,(4,4),(2,2),(4.,5.),(0.,1.),
  .PIECEWISE_BEZIER_KNOTS.);
#8463 = CARTESIAN_POINT('',(1.580149284122E-02,2.5005,0.934479983454));
#8464 = CARTESIAN_POINT('',(1.580149284122E-02,2.4995,0.934479983454));
#8465 = CARTESIAN_POINT('',(8.349894441122E-03,2.5005,0.934479983454));
#8466 = CARTESIAN_POINT('',(8.349894441122E-03,2.4995,0.934479983454));
#8467 = CARTESIAN_POINT('',(2.180664137744E-03,2.5005,0.937114036842));
#8468 = CARTESIAN_POINT('',(2.180664137744E-03,2.4995,0.937114036842));
#8469 = CARTESIAN_POINT('',(-2.636880874585E-03,2.5005,0.942382143618));
#8470 = CARTESIAN_POINT('',(-2.636880874585E-03,2.4995,0.942382143618));
#8471 = ADVANCED_FACE('',(#8472),#8490,.T.);
#8472 = FACE_BOUND('',#8473,.T.);
#8473 = EDGE_LOOP('',(#8474,#8483,#8484,#8485));
#8474 = ORIENTED_EDGE('',*,*,#8475,.F.);
#8475 = EDGE_CURVE('',#8448,#8476,#8478,.T.);
#8476 = VERTEX_POINT('',#8477);
#8477 = CARTESIAN_POINT('',(-9.915186288825E-03,2.4995,0.962137544028));
#8478 = B_SPLINE_CURVE_WITH_KNOTS('',3,(#8479,#8480,#8481,#8482),
  .UNSPECIFIED.,.F.,.F.,(4,4),(5.,6.),.PIECEWISE_BEZIER_KNOTS.);
#8479 = CARTESIAN_POINT('',(-2.636880874585E-03,2.4995,0.942382143618));
#8480 = CARTESIAN_POINT('',(-7.489084484077E-03,2.4995,0.947580933199));
#8481 = CARTESIAN_POINT('',(-9.915186288825E-03,2.4995,0.954166066669));
#8482 = CARTESIAN_POINT('',(-9.915186288825E-03,2.4995,0.962137544028));
#8483 = ORIENTED_EDGE('',*,*,#8458,.F.);
#8484 = ORIENTED_EDGE('',*,*,#8031,.T.);
#8485 = ORIENTED_EDGE('',*,*,#8486,.T.);
#8486 = EDGE_CURVE('',#8025,#8476,#8487,.T.);
#8487 = B_SPLINE_CURVE_WITH_KNOTS('',1,(#8488,#8489),.UNSPECIFIED.,.F.,
  .F.,(2,2),(-0.,1.E-03),.PIECEWISE_BEZIER_KNOTS.);
#8488 = CARTESIAN_POINT('',(-9.915186288826E-03,2.5005,0.962137544028));
#8489 = CARTESIAN_POINT('',(-9.915186288826E-03,2.4995,0.962137544028));
#8490 = B_SPLINE_SURFACE_WITH_KNOTS('',3,1,(
    (#8491,#8492)
    ,(#8493,#8494)
    ,(#8495,#8496)
    ,(#8497,#8498
    )),.UNSPECIFIED.,.F.,.F.,.F.,(4,4),(2,2),(5.,6.),(0.,1.),
  .PIECEWISE_BEZIER_KNOTS.);
#8491 = CARTESIAN_POINT('',(-2.636880874585E-03,2.5005,0.942382143618));
#8492 = CARTESIAN_POINT('',(-2.636880874585E-03,2.4995,0.942382143618));
#8493 = CARTESIAN_POINT('',(-7.489084484077E-03,2.5005,0.947580933199));
#8494 = CARTESIAN_POINT('',(-7.489084484077E-03,2.4995,0.947580933199));
#8495 = CARTESIAN_POINT('',(-9.915186288825E-03,2.5005,0.954166066669));
#8496 = CARTESIAN_POINT('',(-9.915186288825E-03,2.4995,0.954166066669));
#8497 = CARTESIAN_POINT('',(-9.915186288825E-03,2.5005,0.962137544028));
#8498 = CARTESIAN_POINT('',(-9.915186288825E-03,2.4995,0.962137544028));
#8499 = ADVANCED_FACE('',(#8500),#8516,.T.);
#8500 = FACE_BOUND('',#8501,.T.);
#8501 = EDGE_LOOP('',(#8502,#8509,#8510,#8511));
#8502 = ORIENTED_EDGE('',*,*,#8503,.F.);
#8503 = EDGE_CURVE('',#8476,#8504,#8506,.T.);
#8504 = VERTEX_POINT('',#8505);
#8505 = CARTESIAN_POINT('',(-9.915186288825E-03,2.4995,0.971426048081));
#8506 = B_SPLINE_CURVE_WITH_KNOTS('',1,(#8507,#8508),.UNSPECIFIED.,.F.,
  .F.,(2,2),(1.984361670712E-30,9.288504052932E-03),
  .PIECEWISE_BEZIER_KNOTS.);
#8507 = CARTESIAN_POINT('',(-9.915186288826E-03,2.4995,0.962137544028));
#8508 = CARTESIAN_POINT('',(-9.915186288825E-03,2.4995,0.971426048081));
#8509 = ORIENTED_EDGE('',*,*,#8486,.F.);
#8510 = ORIENTED_EDGE('',*,*,#8024,.T.);
#8511 = ORIENTED_EDGE('',*,*,#8512,.T.);
#8512 = EDGE_CURVE('',#8018,#8504,#8513,.T.);
#8513 = B_SPLINE_CURVE_WITH_KNOTS('',1,(#8514,#8515),.UNSPECIFIED.,.F.,
  .F.,(2,2),(-0.,1.E-03),.PIECEWISE_BEZIER_KNOTS.);
#8514 = CARTESIAN_POINT('',(-9.915186288825E-03,2.5005,0.971426048081));
#8515 = CARTESIAN_POINT('',(-9.915186288825E-03,2.4995,0.971426048081));
#8516 = B_SPLINE_SURFACE_WITH_KNOTS('',1,1,(
    (#8517,#8518)
    ,(#8519,#8520
    )),.UNSPECIFIED.,.F.,.F.,.F.,(2,2),(2,2),(-9.288504052932E-03,0.),(
    -1.E-03,0.),.PIECEWISE_BEZIER_KNOTS.);
#8517 = CARTESIAN_POINT('',(-9.915186288825E-03,2.4995,0.971426048081));
#8518 = CARTESIAN_POINT('',(-9.915186288825E-03,2.5005,0.971426048081));
#8519 = CARTESIAN_POINT('',(-9.915186288826E-03,2.4995,0.962137544028));
#8520 = CARTESIAN_POINT('',(-9.915186288826E-03,2.5005,0.962137544028));
#8521 = ADVANCED_FACE('',(#8522),#8532,.T.);
#8522 = FACE_BOUND('',#8523,.T.);
#8523 = EDGE_LOOP('',(#8524,#8529,#8530,#8531));
#8524 = ORIENTED_EDGE('',*,*,#8525,.F.);
#8525 = EDGE_CURVE('',#8504,#8330,#8526,.T.);
#8526 = B_SPLINE_CURVE_WITH_KNOTS('',1,(#8527,#8528),.UNSPECIFIED.,.F.,
  .F.,(2,2),(0.,2.287099795182E-02),.PIECEWISE_BEZIER_KNOTS.);
#8527 = CARTESIAN_POINT('',(-9.915186288825E-03,2.4995,0.971426048081));
#8528 = CARTESIAN_POINT('',(1.275153628693E-02,2.4995,0.968376091526));
#8529 = ORIENTED_EDGE('',*,*,#8512,.F.);
#8530 = ORIENTED_EDGE('',*,*,#8017,.T.);
#8531 = ORIENTED_EDGE('',*,*,#8340,.T.);
#8532 = B_SPLINE_SURFACE_WITH_KNOTS('',1,1,(
    (#8533,#8534)
    ,(#8535,#8536
    )),.UNSPECIFIED.,.F.,.F.,.F.,(2,2),(2,2),(-2.287099795182E-02,0.),(
    -1.E-03,0.),.PIECEWISE_BEZIER_KNOTS.);
#8533 = CARTESIAN_POINT('',(1.275153628693E-02,2.4995,0.968376091526));
#8534 = CARTESIAN_POINT('',(1.275153628693E-02,2.5005,0.968376091526));
#8535 = CARTESIAN_POINT('',(-9.915186288825E-03,2.4995,0.971426048081));
#8536 = CARTESIAN_POINT('',(-9.915186288825E-03,2.5005,0.971426048081));
#8537 = ADVANCED_FACE('',(#8538),#8548,.T.);
#8538 = FACE_BOUND('',#8539,.T.);
#8539 = EDGE_LOOP('',(#8540,#8541,#8542,#8543,#8544,#8545,#8546,#8547));
#8540 = ORIENTED_EDGE('',*,*,#8329,.T.);
#8541 = ORIENTED_EDGE('',*,*,#8363,.T.);
#8542 = ORIENTED_EDGE('',*,*,#8391,.T.);
#8543 = ORIENTED_EDGE('',*,*,#8419,.T.);
#8544 = ORIENTED_EDGE('',*,*,#8447,.T.);
#8545 = ORIENTED_EDGE('',*,*,#8475,.T.);
#8546 = ORIENTED_EDGE('',*,*,#8503,.T.);
#8547 = ORIENTED_EDGE('',*,*,#8525,.T.);
#8548 = B_SPLINE_SURFACE_WITH_KNOTS('',1,1,(
    (#8549,#8550)
    ,(#8551,#8552
    )),.UNSPECIFIED.,.F.,.F.,.F.,(2,2),(2,2),(0.909479883454,
    0.946425948081),(2.490084813711,2.533685329002),
  .PIECEWISE_BEZIER_KNOTS.);
#8549 = CARTESIAN_POINT('',(-9.915186288826E-03,2.4995,0.934479983454));
#8550 = CARTESIAN_POINT('',(3.368532900183E-02,2.4995,0.934479983454));
#8551 = CARTESIAN_POINT('',(-9.915186288826E-03,2.4995,0.971426048081));
#8552 = CARTESIAN_POINT('',(3.368532900183E-02,2.4995,0.971426048081));
#8553 = ADVANCED_FACE('',(#8554),#8578,.F.);
#8554 = FACE_BOUND('',#8555,.F.);
#8555 = EDGE_LOOP('',(#8556,#8563,#8572,#8577));
#8556 = ORIENTED_EDGE('',*,*,#8557,.F.);
#8557 = EDGE_CURVE('',#8558,#388,#8560,.T.);
#8558 = VERTEX_POINT('',#8559);
#8559 = CARTESIAN_POINT('',(-7.784603682175E-02,2.5005,0.934410666259));
#8560 = B_SPLINE_CURVE_WITH_KNOTS('',1,(#8561,#8562),.UNSPECIFIED.,.F.,
  .F.,(2,2),(-0.,1.E-03),.PIECEWISE_BEZIER_KNOTS.);
#8561 = CARTESIAN_POINT('',(-7.784603682175E-02,2.5005,0.934410666259));
#8562 = CARTESIAN_POINT('',(-7.784603682175E-02,2.4995,0.934410666259));
#8563 = ORIENTED_EDGE('',*,*,#8564,.T.);
#8564 = EDGE_CURVE('',#8558,#8565,#8567,.T.);
#8565 = VERTEX_POINT('',#8566);
#8566 = CARTESIAN_POINT('',(-4.991120746998E-02,2.5005,0.943768487506));
#8567 = B_SPLINE_CURVE_WITH_KNOTS('',3,(#8568,#8569,#8570,#8571),
  .UNSPECIFIED.,.F.,.F.,(4,4),(0.,1.),.PIECEWISE_BEZIER_KNOTS.);
#8568 = CARTESIAN_POINT('',(-7.784603682175E-02,2.5005,0.934410666259));
#8569 = CARTESIAN_POINT('',(-6.786436082493E-02,2.5005,0.934410666259));
#8570 = CARTESIAN_POINT('',(-5.857585677246E-02,2.5005,0.937529940009));
#8571 = CARTESIAN_POINT('',(-4.991120746998E-02,2.5005,0.943768487506));
#8572 = ORIENTED_EDGE('',*,*,#8573,.T.);
#8573 = EDGE_CURVE('',#8565,#379,#8574,.T.);
#8574 = B_SPLINE_CURVE_WITH_KNOTS('',1,(#8575,#8576),.UNSPECIFIED.,.F.,
  .F.,(2,2),(-0.,1.E-03),.PIECEWISE_BEZIER_KNOTS.);
#8575 = CARTESIAN_POINT('',(-4.991120746998E-02,2.5005,0.943768487506));
#8576 = CARTESIAN_POINT('',(-4.991120746998E-02,2.4995,0.943768487506));
#8577 = ORIENTED_EDGE('',*,*,#387,.F.);
#8578 = B_SPLINE_SURFACE_WITH_KNOTS('',3,1,(
    (#8579,#8580)
    ,(#8581,#8582)
    ,(#8583,#8584)
    ,(#8585,#8586
    )),.UNSPECIFIED.,.F.,.F.,.F.,(4,4),(2,2),(0.,1.),(0.,1.),
  .PIECEWISE_BEZIER_KNOTS.);
#8579 = CARTESIAN_POINT('',(-7.784603682175E-02,2.5005,0.934410666259));
#8580 = CARTESIAN_POINT('',(-7.784603682175E-02,2.4995,0.934410666259));
#8581 = CARTESIAN_POINT('',(-6.786436082493E-02,2.5005,0.934410666259));
#8582 = CARTESIAN_POINT('',(-6.786436082493E-02,2.4995,0.934410666259));
#8583 = CARTESIAN_POINT('',(-5.857585677246E-02,2.5005,0.937529940009));
#8584 = CARTESIAN_POINT('',(-5.857585677246E-02,2.4995,0.937529940009));
#8585 = CARTESIAN_POINT('',(-4.991120746998E-02,2.5005,0.943768487506));
#8586 = CARTESIAN_POINT('',(-4.991120746998E-02,2.4995,0.943768487506));
#8587 = ADVANCED_FACE('',(#8588),#8604,.F.);
#8588 = FACE_BOUND('',#8589,.T.);
#8589 = EDGE_LOOP('',(#8590,#8591,#8598,#8603));
#8590 = ORIENTED_EDGE('',*,*,#378,.T.);
#8591 = ORIENTED_EDGE('',*,*,#8592,.F.);
#8592 = EDGE_CURVE('',#8593,#381,#8595,.T.);
#8593 = VERTEX_POINT('',#8594);
#8594 = CARTESIAN_POINT('',(-4.991120746998E-02,2.5005,0.926231237318));
#8595 = B_SPLINE_CURVE_WITH_KNOTS('',1,(#8596,#8597),.UNSPECIFIED.,.F.,
  .F.,(2,2),(-0.,1.E-03),.PIECEWISE_BEZIER_KNOTS.);
#8596 = CARTESIAN_POINT('',(-4.991120746998E-02,2.5005,0.926231237318));
#8597 = CARTESIAN_POINT('',(-4.991120746998E-02,2.4995,0.926231237318));
#8598 = ORIENTED_EDGE('',*,*,#8599,.F.);
#8599 = EDGE_CURVE('',#8565,#8593,#8600,.T.);
#8600 = B_SPLINE_CURVE_WITH_KNOTS('',1,(#8601,#8602),.UNSPECIFIED.,.F.,
  .F.,(2,2),(-1.753725018796E-02,-0.),.PIECEWISE_BEZIER_KNOTS.);
#8601 = CARTESIAN_POINT('',(-4.991120746998E-02,2.5005,0.943768487506));
#8602 = CARTESIAN_POINT('',(-4.991120746998E-02,2.5005,0.926231237318));
#8603 = ORIENTED_EDGE('',*,*,#8573,.T.);
#8604 = B_SPLINE_SURFACE_WITH_KNOTS('',1,1,(
    (#8605,#8606)
    ,(#8607,#8608
    )),.UNSPECIFIED.,.F.,.F.,.F.,(2,2),(2,2),(0.,1.753725018796E-02),(
    -1.E-03,0.),.PIECEWISE_BEZIER_KNOTS.);
#8605 = CARTESIAN_POINT('',(-4.991120746998E-02,2.4995,0.926231237318));
#8606 = CARTESIAN_POINT('',(-4.991120746998E-02,2.5005,0.926231237318));
#8607 = CARTESIAN_POINT('',(-4.991120746998E-02,2.4995,0.943768487506));
#8608 = CARTESIAN_POINT('',(-4.991120746998E-02,2.5005,0.943768487506));
#8609 = ADVANCED_FACE('',(#8610),#8628,.F.);
#8610 = FACE_BOUND('',#8611,.F.);
#8611 = EDGE_LOOP('',(#8612,#8613,#8622,#8627));
#8612 = ORIENTED_EDGE('',*,*,#8592,.F.);
#8613 = ORIENTED_EDGE('',*,*,#8614,.T.);
#8614 = EDGE_CURVE('',#8593,#8615,#8617,.T.);
#8615 = VERTEX_POINT('',#8616);
#8616 = CARTESIAN_POINT('',(-7.618242415569E-02,2.5005,0.920547227375));
#8617 = B_SPLINE_CURVE_WITH_KNOTS('',3,(#8618,#8619,#8620,#8621),
  .UNSPECIFIED.,.F.,.F.,(4,4),(19.,20.),.PIECEWISE_BEZIER_KNOTS.);
#8618 = CARTESIAN_POINT('',(-4.991120746998E-02,2.5005,0.926231237318));
#8619 = CARTESIAN_POINT('',(-5.739746446725E-02,2.5005,0.922488108819));
#8620 = CARTESIAN_POINT('',(-6.613143096453E-02,2.5005,0.920547227375));
#8621 = CARTESIAN_POINT('',(-7.618242415569E-02,2.5005,0.920547227375));
#8622 = ORIENTED_EDGE('',*,*,#8623,.T.);
#8623 = EDGE_CURVE('',#8615,#548,#8624,.T.);
#8624 = B_SPLINE_CURVE_WITH_KNOTS('',1,(#8625,#8626),.UNSPECIFIED.,.F.,
  .F.,(2,2),(-0.,1.E-03),.PIECEWISE_BEZIER_KNOTS.);
#8625 = CARTESIAN_POINT('',(-7.618242415569E-02,2.5005,0.920547227375));
#8626 = CARTESIAN_POINT('',(-7.618242415569E-02,2.4995,0.920547227375));
#8627 = ORIENTED_EDGE('',*,*,#556,.F.);
#8628 = B_SPLINE_SURFACE_WITH_KNOTS('',3,1,(
    (#8629,#8630)
    ,(#8631,#8632)
    ,(#8633,#8634)
    ,(#8635,#8636
    )),.UNSPECIFIED.,.F.,.F.,.F.,(4,4),(2,2),(19.,20.),(0.,1.),
  .PIECEWISE_BEZIER_KNOTS.);
#8629 = CARTESIAN_POINT('',(-4.991120746998E-02,2.5005,0.926231237318));
#8630 = CARTESIAN_POINT('',(-4.991120746998E-02,2.4995,0.926231237318));
#8631 = CARTESIAN_POINT('',(-5.739746446725E-02,2.5005,0.922488108819));
#8632 = CARTESIAN_POINT('',(-5.739746446725E-02,2.4995,0.922488108819));
#8633 = CARTESIAN_POINT('',(-6.613143096453E-02,2.5005,0.920547227375));
#8634 = CARTESIAN_POINT('',(-6.613143096453E-02,2.4995,0.920547227375));
#8635 = CARTESIAN_POINT('',(-7.618242415569E-02,2.5005,0.920547227375));
#8636 = CARTESIAN_POINT('',(-7.618242415569E-02,2.4995,0.920547227375));
#8637 = ADVANCED_FACE('',(#8638),#8656,.F.);
#8638 = FACE_BOUND('',#8639,.F.);
#8639 = EDGE_LOOP('',(#8640,#8641,#8650,#8655));
#8640 = ORIENTED_EDGE('',*,*,#8623,.F.);
#8641 = ORIENTED_EDGE('',*,*,#8642,.T.);
#8642 = EDGE_CURVE('',#8615,#8643,#8645,.T.);
#8643 = VERTEX_POINT('',#8644);
#8644 = CARTESIAN_POINT('',(-0.104394522285,2.5005,0.928241435956));
#8645 = B_SPLINE_CURVE_WITH_KNOTS('',3,(#8646,#8647,#8648,#8649),
  .UNSPECIFIED.,.F.,.F.,(4,4),(18.,19.),.PIECEWISE_BEZIER_KNOTS.);
#8646 = CARTESIAN_POINT('',(-7.618242415569E-02,2.5005,0.920547227375));
#8647 = CARTESIAN_POINT('',(-8.772373702659E-02,2.5005,0.920547227375));
#8648 = CARTESIAN_POINT('',(-9.715087546775E-02,2.5005,0.923111963569));
#8649 = CARTESIAN_POINT('',(-0.104394522285,2.5005,0.928241435956));
#8650 = ORIENTED_EDGE('',*,*,#8651,.T.);
#8651 = EDGE_CURVE('',#8643,#539,#8652,.T.);
#8652 = B_SPLINE_CURVE_WITH_KNOTS('',1,(#8653,#8654),.UNSPECIFIED.,.F.,
  .F.,(2,2),(-0.,1.E-03),.PIECEWISE_BEZIER_KNOTS.);
#8653 = CARTESIAN_POINT('',(-0.104394522285,2.5005,0.928241435956));
#8654 = CARTESIAN_POINT('',(-0.104394522285,2.4995,0.928241435956));
#8655 = ORIENTED_EDGE('',*,*,#547,.F.);
#8656 = B_SPLINE_SURFACE_WITH_KNOTS('',3,1,(
    (#8657,#8658)
    ,(#8659,#8660)
    ,(#8661,#8662)
    ,(#8663,#8664
    )),.UNSPECIFIED.,.F.,.F.,.F.,(4,4),(2,2),(18.,19.),(0.,1.),
  .PIECEWISE_BEZIER_KNOTS.);
#8657 = CARTESIAN_POINT('',(-7.618242415569E-02,2.5005,0.920547227375));
#8658 = CARTESIAN_POINT('',(-7.618242415569E-02,2.4995,0.920547227375));
#8659 = CARTESIAN_POINT('',(-8.772373702659E-02,2.5005,0.920547227375));
#8660 = CARTESIAN_POINT('',(-8.772373702659E-02,2.4995,0.920547227375));
#8661 = CARTESIAN_POINT('',(-9.715087546775E-02,2.5005,0.923111963569));
#8662 = CARTESIAN_POINT('',(-9.715087546775E-02,2.4995,0.923111963569));
#8663 = CARTESIAN_POINT('',(-0.104394522285,2.5005,0.928241435956));
#8664 = CARTESIAN_POINT('',(-0.104394522285,2.4995,0.928241435956));
#8665 = ADVANCED_FACE('',(#8666),#8684,.F.);
#8666 = FACE_BOUND('',#8667,.F.);
#8667 = EDGE_LOOP('',(#8668,#8669,#8678,#8683));
#8668 = ORIENTED_EDGE('',*,*,#8651,.F.);
#8669 = ORIENTED_EDGE('',*,*,#8670,.T.);
#8670 = EDGE_CURVE('',#8643,#8671,#8673,.T.);
#8671 = VERTEX_POINT('',#8672);
#8672 = CARTESIAN_POINT('',(-0.115311980406,2.5005,0.949175228671));
#8673 = B_SPLINE_CURVE_WITH_KNOTS('',3,(#8674,#8675,#8676,#8677),
  .UNSPECIFIED.,.F.,.F.,(4,4),(17.,18.),.PIECEWISE_BEZIER_KNOTS.);
#8674 = CARTESIAN_POINT('',(-0.104394522285,2.5005,0.928241435956));
#8675 = CARTESIAN_POINT('',(-0.111672827699,2.5005,0.933301591149));
#8676 = CARTESIAN_POINT('',(-0.115311980406,2.5005,0.940302627785));
#8677 = CARTESIAN_POINT('',(-0.115311980406,2.5005,0.949175228671));
#8678 = ORIENTED_EDGE('',*,*,#8679,.T.);
#8679 = EDGE_CURVE('',#8671,#530,#8680,.T.);
#8680 = B_SPLINE_CURVE_WITH_KNOTS('',1,(#8681,#8682),.UNSPECIFIED.,.F.,
  .F.,(2,2),(-0.,1.E-03),.PIECEWISE_BEZIER_KNOTS.);
#8681 = CARTESIAN_POINT('',(-0.115311980406,2.5005,0.949175228671));
#8682 = CARTESIAN_POINT('',(-0.115311980406,2.4995,0.949175228671));
#8683 = ORIENTED_EDGE('',*,*,#538,.F.);
#8684 = B_SPLINE_SURFACE_WITH_KNOTS('',3,1,(
    (#8685,#8686)
    ,(#8687,#8688)
    ,(#8689,#8690)
    ,(#8691,#8692
    )),.UNSPECIFIED.,.F.,.F.,.F.,(4,4),(2,2),(17.,18.),(0.,1.),
  .PIECEWISE_BEZIER_KNOTS.);
#8685 = CARTESIAN_POINT('',(-0.104394522285,2.5005,0.928241435956));
#8686 = CARTESIAN_POINT('',(-0.104394522285,2.4995,0.928241435956));
#8687 = CARTESIAN_POINT('',(-0.111672827699,2.5005,0.933301591149));
#8688 = CARTESIAN_POINT('',(-0.111672827699,2.4995,0.933301591149));
#8689 = CARTESIAN_POINT('',(-0.115311980406,2.5005,0.940302627785));
#8690 = CARTESIAN_POINT('',(-0.115311980406,2.4995,0.940302627785));
#8691 = CARTESIAN_POINT('',(-0.115311980406,2.5005,0.949175228671));
#8692 = CARTESIAN_POINT('',(-0.115311980406,2.4995,0.949175228671));
#8693 = ADVANCED_FACE('',(#8694),#8712,.F.);
#8694 = FACE_BOUND('',#8695,.F.);
#8695 = EDGE_LOOP('',(#8696,#8697,#8706,#8711));
#8696 = ORIENTED_EDGE('',*,*,#8679,.F.);
#8697 = ORIENTED_EDGE('',*,*,#8698,.T.);
#8698 = EDGE_CURVE('',#8671,#8699,#8701,.T.);
#8699 = VERTEX_POINT('',#8700);
#8700 = CARTESIAN_POINT('',(-0.109627970464,2.5005,0.965187500582));
#8701 = B_SPLINE_CURVE_WITH_KNOTS('',3,(#8702,#8703,#8704,#8705),
  .UNSPECIFIED.,.F.,.F.,(4,4),(16.,17.),.PIECEWISE_BEZIER_KNOTS.);
#8702 = CARTESIAN_POINT('',(-0.115311980406,2.5005,0.949175228671));
#8703 = CARTESIAN_POINT('',(-0.115311980406,2.5005,0.955552410558));
#8704 = CARTESIAN_POINT('',(-0.113405757559,2.5005,0.960889834529));
#8705 = CARTESIAN_POINT('',(-0.109627970464,2.5005,0.965187500582));
#8706 = ORIENTED_EDGE('',*,*,#8707,.T.);
#8707 = EDGE_CURVE('',#8699,#521,#8708,.T.);
#8708 = B_SPLINE_CURVE_WITH_KNOTS('',1,(#8709,#8710),.UNSPECIFIED.,.F.,
  .F.,(2,2),(-0.,1.E-03),.PIECEWISE_BEZIER_KNOTS.);
#8709 = CARTESIAN_POINT('',(-0.109627970464,2.5005,0.965187500582));
#8710 = CARTESIAN_POINT('',(-0.109627970464,2.4995,0.965187500582));
#8711 = ORIENTED_EDGE('',*,*,#529,.F.);
#8712 = B_SPLINE_SURFACE_WITH_KNOTS('',3,1,(
    (#8713,#8714)
    ,(#8715,#8716)
    ,(#8717,#8718)
    ,(#8719,#8720
    )),.UNSPECIFIED.,.F.,.F.,.F.,(4,4),(2,2),(16.,17.),(0.,1.),
  .PIECEWISE_BEZIER_KNOTS.);
#8713 = CARTESIAN_POINT('',(-0.115311980406,2.5005,0.949175228671));
#8714 = CARTESIAN_POINT('',(-0.115311980406,2.4995,0.949175228671));
#8715 = CARTESIAN_POINT('',(-0.115311980406,2.5005,0.955552410558));
#8716 = CARTESIAN_POINT('',(-0.115311980406,2.4995,0.955552410558));
#8717 = CARTESIAN_POINT('',(-0.113405757559,2.5005,0.960889834529));
#8718 = CARTESIAN_POINT('',(-0.113405757559,2.4995,0.960889834529));
#8719 = CARTESIAN_POINT('',(-0.109627970464,2.5005,0.965187500582));
#8720 = CARTESIAN_POINT('',(-0.109627970464,2.4995,0.965187500582));
#8721 = ADVANCED_FACE('',(#8722),#8740,.F.);
#8722 = FACE_BOUND('',#8723,.F.);
#8723 = EDGE_LOOP('',(#8724,#8725,#8734,#8739));
#8724 = ORIENTED_EDGE('',*,*,#8707,.F.);
#8725 = ORIENTED_EDGE('',*,*,#8726,.T.);
#8726 = EDGE_CURVE('',#8699,#8727,#8729,.T.);
#8727 = VERTEX_POINT('',#8728);
#8728 = CARTESIAN_POINT('',(-8.772373702659E-02,2.5005,0.977733912772));
#8729 = B_SPLINE_CURVE_WITH_KNOTS('',3,(#8730,#8731,#8732,#8733),
  .UNSPECIFIED.,.F.,.F.,(4,4),(15.,16.),.PIECEWISE_BEZIER_KNOTS.);
#8730 = CARTESIAN_POINT('',(-0.109627970464,2.5005,0.965187500582));
#8731 = CARTESIAN_POINT('',(-0.105815524771,2.5005,0.969485166636));
#8732 = CARTESIAN_POINT('',(-9.853721935644E-02,2.5005,0.973713515496));
#8733 = CARTESIAN_POINT('',(-8.772373702659E-02,2.5005,0.977733912772));
#8734 = ORIENTED_EDGE('',*,*,#8735,.T.);
#8735 = EDGE_CURVE('',#8727,#512,#8736,.T.);
#8736 = B_SPLINE_CURVE_WITH_KNOTS('',1,(#8737,#8738),.UNSPECIFIED.,.F.,
  .F.,(2,2),(-0.,1.E-03),.PIECEWISE_BEZIER_KNOTS.);
#8737 = CARTESIAN_POINT('',(-8.772373702659E-02,2.5005,0.977733912772));
#8738 = CARTESIAN_POINT('',(-8.772373702659E-02,2.4995,0.977733912772));
#8739 = ORIENTED_EDGE('',*,*,#520,.F.);
#8740 = B_SPLINE_SURFACE_WITH_KNOTS('',3,1,(
    (#8741,#8742)
    ,(#8743,#8744)
    ,(#8745,#8746)
    ,(#8747,#8748
    )),.UNSPECIFIED.,.F.,.F.,.F.,(4,4),(2,2),(15.,16.),(0.,1.),
  .PIECEWISE_BEZIER_KNOTS.);
#8741 = CARTESIAN_POINT('',(-0.109627970464,2.5005,0.965187500582));
#8742 = CARTESIAN_POINT('',(-0.109627970464,2.4995,0.965187500582));
#8743 = CARTESIAN_POINT('',(-0.105815524771,2.5005,0.969485166636));
#8744 = CARTESIAN_POINT('',(-0.105815524771,2.4995,0.969485166636));
#8745 = CARTESIAN_POINT('',(-9.853721935644E-02,2.5005,0.973713515496));
#8746 = CARTESIAN_POINT('',(-9.853721935644E-02,2.4995,0.973713515496));
#8747 = CARTESIAN_POINT('',(-8.772373702659E-02,2.5005,0.977733912772));
#8748 = CARTESIAN_POINT('',(-8.772373702659E-02,2.4995,0.977733912772));
#8749 = ADVANCED_FACE('',(#8750),#8768,.F.);
#8750 = FACE_BOUND('',#8751,.F.);
#8751 = EDGE_LOOP('',(#8752,#8753,#8762,#8767));
#8752 = ORIENTED_EDGE('',*,*,#8735,.F.);
#8753 = ORIENTED_EDGE('',*,*,#8754,.T.);
#8754 = EDGE_CURVE('',#8727,#8755,#8757,.T.);
#8755 = VERTEX_POINT('',#8756);
#8756 = CARTESIAN_POINT('',(-7.122624475422E-02,2.5005,0.986051976104));
#8757 = B_SPLINE_CURVE_WITH_KNOTS('',3,(#8758,#8759,#8760,#8761),
  .UNSPECIFIED.,.F.,.F.,(4,4),(14.,15.),.PIECEWISE_BEZIER_KNOTS.);
#8758 = CARTESIAN_POINT('',(-8.772373702659E-02,2.5005,0.977733912772));
#8759 = CARTESIAN_POINT('',(-7.919772211281E-02,2.5005,0.981061138104));
#8760 = CARTESIAN_POINT('',(-7.372166375377E-02,2.5005,0.983833825882));
#8761 = CARTESIAN_POINT('',(-7.122624475422E-02,2.5005,0.986051976104));
#8762 = ORIENTED_EDGE('',*,*,#8763,.T.);
#8763 = EDGE_CURVE('',#8755,#503,#8764,.T.);
#8764 = B_SPLINE_CURVE_WITH_KNOTS('',1,(#8765,#8766),.UNSPECIFIED.,.F.,
  .F.,(2,2),(-0.,1.E-03),.PIECEWISE_BEZIER_KNOTS.);
#8765 = CARTESIAN_POINT('',(-7.122624475422E-02,2.5005,0.986051976104));
#8766 = CARTESIAN_POINT('',(-7.122624475422E-02,2.4995,0.986051976104));
#8767 = ORIENTED_EDGE('',*,*,#511,.F.);
#8768 = B_SPLINE_SURFACE_WITH_KNOTS('',3,1,(
    (#8769,#8770)
    ,(#8771,#8772)
    ,(#8773,#8774)
    ,(#8775,#8776
    )),.UNSPECIFIED.,.F.,.F.,.F.,(4,4),(2,2),(14.,15.),(0.,1.),
  .PIECEWISE_BEZIER_KNOTS.);
#8769 = CARTESIAN_POINT('',(-8.772373702659E-02,2.5005,0.977733912772));
#8770 = CARTESIAN_POINT('',(-8.772373702659E-02,2.4995,0.977733912772));
#8771 = CARTESIAN_POINT('',(-7.919772211281E-02,2.5005,0.981061138104));
#8772 = CARTESIAN_POINT('',(-7.919772211281E-02,2.4995,0.981061138104));
#8773 = CARTESIAN_POINT('',(-7.372166375377E-02,2.5005,0.983833825882));
#8774 = CARTESIAN_POINT('',(-7.372166375377E-02,2.4995,0.983833825882));
#8775 = CARTESIAN_POINT('',(-7.122624475422E-02,2.5005,0.986051976104));
#8776 = CARTESIAN_POINT('',(-7.122624475422E-02,2.4995,0.986051976104));
#8777 = ADVANCED_FACE('',(#8778),#8796,.F.);
#8778 = FACE_BOUND('',#8779,.F.);
#8779 = EDGE_LOOP('',(#8780,#8781,#8790,#8795));
#8780 = ORIENTED_EDGE('',*,*,#8763,.F.);
#8781 = ORIENTED_EDGE('',*,*,#8782,.T.);
#8782 = EDGE_CURVE('',#8755,#8783,#8785,.T.);
#8783 = VERTEX_POINT('',#8784);
#8784 = CARTESIAN_POINT('',(-6.751777485276E-02,2.5005,0.995063211378));
#8785 = B_SPLINE_CURVE_WITH_KNOTS('',3,(#8786,#8787,#8788,#8789),
  .UNSPECIFIED.,.F.,.F.,(4,4),(13.,14.),.PIECEWISE_BEZIER_KNOTS.);
#8786 = CARTESIAN_POINT('',(-7.122624475422E-02,2.5005,0.986051976104));
#8787 = CARTESIAN_POINT('',(-6.87654843523E-02,2.5005,0.98820080913));
#8788 = CARTESIAN_POINT('',(-6.751777485276E-02,2.5005,0.99118144849));
#8789 = CARTESIAN_POINT('',(-6.751777485276E-02,2.5005,0.995063211378));
#8790 = ORIENTED_EDGE('',*,*,#8791,.T.);
#8791 = EDGE_CURVE('',#8783,#494,#8792,.T.);
#8792 = B_SPLINE_CURVE_WITH_KNOTS('',1,(#8793,#8794),.UNSPECIFIED.,.F.,
  .F.,(2,2),(-0.,1.E-03),.PIECEWISE_BEZIER_KNOTS.);
#8793 = CARTESIAN_POINT('',(-6.751777485276E-02,2.5005,0.995063211378));
#8794 = CARTESIAN_POINT('',(-6.751777485276E-02,2.4995,0.995063211378));
#8795 = ORIENTED_EDGE('',*,*,#502,.F.);
#8796 = B_SPLINE_SURFACE_WITH_KNOTS('',3,1,(
    (#8797,#8798)
    ,(#8799,#8800)
    ,(#8801,#8802)
    ,(#8803,#8804
    )),.UNSPECIFIED.,.F.,.F.,.F.,(4,4),(2,2),(13.,14.),(0.,1.),
  .PIECEWISE_BEZIER_KNOTS.);
#8797 = CARTESIAN_POINT('',(-7.122624475422E-02,2.5005,0.986051976104));
#8798 = CARTESIAN_POINT('',(-7.122624475422E-02,2.4995,0.986051976104));
#8799 = CARTESIAN_POINT('',(-6.87654843523E-02,2.5005,0.98820080913));
#8800 = CARTESIAN_POINT('',(-6.87654843523E-02,2.4995,0.98820080913));
#8801 = CARTESIAN_POINT('',(-6.751777485276E-02,2.5005,0.99118144849));
#8802 = CARTESIAN_POINT('',(-6.751777485276E-02,2.4995,0.99118144849));
#8803 = CARTESIAN_POINT('',(-6.751777485276E-02,2.5005,0.995063211378));
#8804 = CARTESIAN_POINT('',(-6.751777485276E-02,2.4995,0.995063211378));
#8805 = ADVANCED_FACE('',(#8806),#8824,.F.);
#8806 = FACE_BOUND('',#8807,.F.);
#8807 = EDGE_LOOP('',(#8808,#8809,#8818,#8823));
#8808 = ORIENTED_EDGE('',*,*,#8791,.F.);
#8809 = ORIENTED_EDGE('',*,*,#8810,.T.);
#8810 = EDGE_CURVE('',#8783,#8811,#8813,.T.);
#8811 = VERTEX_POINT('',#8812);
#8812 = CARTESIAN_POINT('',(-7.268190583725E-02,2.5005,1.004490349819));
#8813 = B_SPLINE_CURVE_WITH_KNOTS('',3,(#8814,#8815,#8816,#8817),
  .UNSPECIFIED.,.F.,.F.,(4,4),(12.,13.),.PIECEWISE_BEZIER_KNOTS.);
#8814 = CARTESIAN_POINT('',(-6.751777485276E-02,2.5005,0.995063211378));
#8815 = CARTESIAN_POINT('',(-6.751777485276E-02,2.5005,0.998944974265));
#8816 = CARTESIAN_POINT('',(-6.925070471362E-02,2.5005,1.002133565208));
#8817 = CARTESIAN_POINT('',(-7.268190583725E-02,2.5005,1.004490349819));
#8818 = ORIENTED_EDGE('',*,*,#8819,.T.);
#8819 = EDGE_CURVE('',#8811,#485,#8820,.T.);
#8820 = B_SPLINE_CURVE_WITH_KNOTS('',1,(#8821,#8822),.UNSPECIFIED.,.F.,
  .F.,(2,2),(-0.,1.E-03),.PIECEWISE_BEZIER_KNOTS.);
#8821 = CARTESIAN_POINT('',(-7.268190583725E-02,2.5005,1.004490349819));
#8822 = CARTESIAN_POINT('',(-7.268190583725E-02,2.4995,1.004490349819));
#8823 = ORIENTED_EDGE('',*,*,#493,.F.);
#8824 = B_SPLINE_SURFACE_WITH_KNOTS('',3,1,(
    (#8825,#8826)
    ,(#8827,#8828)
    ,(#8829,#8830)
    ,(#8831,#8832
    )),.UNSPECIFIED.,.F.,.F.,.F.,(4,4),(2,2),(12.,13.),(0.,1.),
  .PIECEWISE_BEZIER_KNOTS.);
#8825 = CARTESIAN_POINT('',(-6.751777485276E-02,2.5005,0.995063211378));
#8826 = CARTESIAN_POINT('',(-6.751777485276E-02,2.4995,0.995063211378));
#8827 = CARTESIAN_POINT('',(-6.751777485276E-02,2.5005,0.998944974265));
#8828 = CARTESIAN_POINT('',(-6.751777485276E-02,2.4995,0.998944974265));
#8829 = CARTESIAN_POINT('',(-6.925070471362E-02,2.5005,1.002133565208));
#8830 = CARTESIAN_POINT('',(-6.925070471362E-02,2.4995,1.002133565208));
#8831 = CARTESIAN_POINT('',(-7.268190583725E-02,2.5005,1.004490349819));
#8832 = CARTESIAN_POINT('',(-7.268190583725E-02,2.4995,1.004490349819));
#8833 = ADVANCED_FACE('',(#8834),#8852,.F.);
#8834 = FACE_BOUND('',#8835,.F.);
#8835 = EDGE_LOOP('',(#8836,#8837,#8846,#8851));
#8836 = ORIENTED_EDGE('',*,*,#8819,.F.);
#8837 = ORIENTED_EDGE('',*,*,#8838,.T.);
#8838 = EDGE_CURVE('',#8811,#8839,#8841,.T.);
#8839 = VERTEX_POINT('',#8840);
#8840 = CARTESIAN_POINT('',(-8.606012436053E-02,2.5005,1.008094843929));
#8841 = B_SPLINE_CURVE_WITH_KNOTS('',3,(#8842,#8843,#8844,#8845),
  .UNSPECIFIED.,.F.,.F.,(4,4),(11.,12.),.PIECEWISE_BEZIER_KNOTS.);
#8842 = CARTESIAN_POINT('',(-7.268190583725E-02,2.5005,1.004490349819));
#8843 = CARTESIAN_POINT('',(-7.611310696088E-02,2.5005,1.006916451624));
#8844 = CARTESIAN_POINT('',(-8.05840660015E-02,2.5005,1.008094843929));
#8845 = CARTESIAN_POINT('',(-8.606012436053E-02,2.5005,1.008094843929));
#8846 = ORIENTED_EDGE('',*,*,#8847,.T.);
#8847 = EDGE_CURVE('',#8839,#476,#8848,.T.);
#8848 = B_SPLINE_CURVE_WITH_KNOTS('',1,(#8849,#8850),.UNSPECIFIED.,.F.,
  .F.,(2,2),(-0.,1.E-03),.PIECEWISE_BEZIER_KNOTS.);
#8849 = CARTESIAN_POINT('',(-8.606012436053E-02,2.5005,1.008094843929));
#8850 = CARTESIAN_POINT('',(-8.606012436053E-02,2.4995,1.008094843929));
#8851 = ORIENTED_EDGE('',*,*,#484,.F.);
#8852 = B_SPLINE_SURFACE_WITH_KNOTS('',3,1,(
    (#8853,#8854)
    ,(#8855,#8856)
    ,(#8857,#8858)
    ,(#8859,#8860
    )),.UNSPECIFIED.,.F.,.F.,.F.,(4,4),(2,2),(11.,12.),(0.,1.),
  .PIECEWISE_BEZIER_KNOTS.);
#8853 = CARTESIAN_POINT('',(-7.268190583725E-02,2.5005,1.004490349819));
#8854 = CARTESIAN_POINT('',(-7.268190583725E-02,2.4995,1.004490349819));
#8855 = CARTESIAN_POINT('',(-7.611310696088E-02,2.5005,1.006916451624));
#8856 = CARTESIAN_POINT('',(-7.611310696088E-02,2.4995,1.006916451624));
#8857 = CARTESIAN_POINT('',(-8.05840660015E-02,2.5005,1.008094843929));
#8858 = CARTESIAN_POINT('',(-8.05840660015E-02,2.4995,1.008094843929));
#8859 = CARTESIAN_POINT('',(-8.606012436053E-02,2.5005,1.008094843929));
#8860 = CARTESIAN_POINT('',(-8.606012436053E-02,2.4995,1.008094843929));
#8861 = ADVANCED_FACE('',(#8862),#8880,.F.);
#8862 = FACE_BOUND('',#8863,.F.);
#8863 = EDGE_LOOP('',(#8864,#8865,#8874,#8879));
#8864 = ORIENTED_EDGE('',*,*,#8847,.F.);
#8865 = ORIENTED_EDGE('',*,*,#8866,.T.);
#8866 = EDGE_CURVE('',#8839,#8867,#8869,.T.);
#8867 = VERTEX_POINT('',#8868);
#8868 = CARTESIAN_POINT('',(-0.11066772838,2.5005,1.001093807292));
#8869 = B_SPLINE_CURVE_WITH_KNOTS('',3,(#8870,#8871,#8872,#8873),
  .UNSPECIFIED.,.F.,.F.,(4,4),(10.,11.),.PIECEWISE_BEZIER_KNOTS.);
#8870 = CARTESIAN_POINT('',(-8.606012436053E-02,2.5005,1.008094843929));
#8871 = CARTESIAN_POINT('',(-9.524465262149E-02,2.5005,1.008094843929));
#8872 = CARTESIAN_POINT('',(-0.103424081563,2.5005,1.005738059319));
#8873 = CARTESIAN_POINT('',(-0.11066772838,2.5005,1.001093807292));
#8874 = ORIENTED_EDGE('',*,*,#8875,.T.);
#8875 = EDGE_CURVE('',#8867,#469,#8876,.T.);
#8876 = B_SPLINE_CURVE_WITH_KNOTS('',1,(#8877,#8878),.UNSPECIFIED.,.F.,
  .F.,(2,2),(-0.,1.E-03),.PIECEWISE_BEZIER_KNOTS.);
#8877 = CARTESIAN_POINT('',(-0.11066772838,2.5005,1.001093807292));
#8878 = CARTESIAN_POINT('',(-0.11066772838,2.4995,1.001093807292));
#8879 = ORIENTED_EDGE('',*,*,#475,.F.);
#8880 = B_SPLINE_SURFACE_WITH_KNOTS('',3,1,(
    (#8881,#8882)
    ,(#8883,#8884)
    ,(#8885,#8886)
    ,(#8887,#8888
    )),.UNSPECIFIED.,.F.,.F.,.F.,(4,4),(2,2),(10.,11.),(0.,1.),
  .PIECEWISE_BEZIER_KNOTS.);
#8881 = CARTESIAN_POINT('',(-8.606012436053E-02,2.5005,1.008094843929));
#8882 = CARTESIAN_POINT('',(-8.606012436053E-02,2.4995,1.008094843929));
#8883 = CARTESIAN_POINT('',(-9.524465262149E-02,2.5005,1.008094843929));
#8884 = CARTESIAN_POINT('',(-9.524465262149E-02,2.4995,1.008094843929));
#8885 = CARTESIAN_POINT('',(-0.103424081563,2.5005,1.005738059319));
#8886 = CARTESIAN_POINT('',(-0.103424081563,2.4995,1.005738059319));
#8887 = CARTESIAN_POINT('',(-0.11066772838,2.5005,1.001093807292));
#8888 = CARTESIAN_POINT('',(-0.11066772838,2.4995,1.001093807292));
#8889 = ADVANCED_FACE('',(#8890),#8906,.F.);
#8890 = FACE_BOUND('',#8891,.T.);
#8891 = EDGE_LOOP('',(#8892,#8893,#8900,#8905));
#8892 = ORIENTED_EDGE('',*,*,#468,.T.);
#8893 = ORIENTED_EDGE('',*,*,#8894,.F.);
#8894 = EDGE_CURVE('',#8895,#460,#8897,.T.);
#8895 = VERTEX_POINT('',#8896);
#8896 = CARTESIAN_POINT('',(-0.11066772838,2.5005,1.017591299564));
#8897 = B_SPLINE_CURVE_WITH_KNOTS('',1,(#8898,#8899),.UNSPECIFIED.,.F.,
  .F.,(2,2),(-0.,1.E-03),.PIECEWISE_BEZIER_KNOTS.);
#8898 = CARTESIAN_POINT('',(-0.11066772838,2.5005,1.017591299564));
#8899 = CARTESIAN_POINT('',(-0.11066772838,2.4995,1.017591299564));
#8900 = ORIENTED_EDGE('',*,*,#8901,.F.);
#8901 = EDGE_CURVE('',#8867,#8895,#8902,.T.);
#8902 = B_SPLINE_CURVE_WITH_KNOTS('',1,(#8903,#8904),.UNSPECIFIED.,.F.,
  .F.,(2,2),(-1.649749227191E-02,0.),.PIECEWISE_BEZIER_KNOTS.);
#8903 = CARTESIAN_POINT('',(-0.11066772838,2.5005,1.001093807292));
#8904 = CARTESIAN_POINT('',(-0.11066772838,2.5005,1.017591299564));
#8905 = ORIENTED_EDGE('',*,*,#8875,.T.);
#8906 = B_SPLINE_SURFACE_WITH_KNOTS('',1,1,(
    (#8907,#8908)
    ,(#8909,#8910
    )),.UNSPECIFIED.,.F.,.F.,.F.,(2,2),(2,2),(0.,1.649749227191E-02),(
    -1.E-03,0.),.PIECEWISE_BEZIER_KNOTS.);
#8907 = CARTESIAN_POINT('',(-0.11066772838,2.4995,1.017591299564));
#8908 = CARTESIAN_POINT('',(-0.11066772838,2.5005,1.017591299564));
#8909 = CARTESIAN_POINT('',(-0.11066772838,2.4995,1.001093807292));
#8910 = CARTESIAN_POINT('',(-0.11066772838,2.5005,1.001093807292));
#8911 = ADVANCED_FACE('',(#8912),#8930,.F.);
#8912 = FACE_BOUND('',#8913,.F.);
#8913 = EDGE_LOOP('',(#8914,#8915,#8924,#8929));
#8914 = ORIENTED_EDGE('',*,*,#8894,.F.);
#8915 = ORIENTED_EDGE('',*,*,#8916,.T.);
#8916 = EDGE_CURVE('',#8895,#8917,#8919,.T.);
#8917 = VERTEX_POINT('',#8918);
#8918 = CARTESIAN_POINT('',(-8.772373702659E-02,2.5005,1.021888965619));
#8919 = B_SPLINE_CURVE_WITH_KNOTS('',3,(#8920,#8921,#8922,#8923),
  .UNSPECIFIED.,.F.,.F.,(4,4),(8.,9.),.PIECEWISE_BEZIER_KNOTS.);
#8920 = CARTESIAN_POINT('',(-0.11066772838,2.5005,1.017591299564));
#8921 = CARTESIAN_POINT('',(-0.103597374549,2.5005,1.02050262173));
#8922 = CARTESIAN_POINT('',(-9.597248316255E-02,2.5005,1.021888965619));
#8923 = CARTESIAN_POINT('',(-8.772373702659E-02,2.5005,1.021888965619));
#8924 = ORIENTED_EDGE('',*,*,#8925,.T.);
#8925 = EDGE_CURVE('',#8917,#451,#8926,.T.);
#8926 = B_SPLINE_CURVE_WITH_KNOTS('',1,(#8927,#8928),.UNSPECIFIED.,.F.,
  .F.,(2,2),(-0.,1.E-03),.PIECEWISE_BEZIER_KNOTS.);
#8927 = CARTESIAN_POINT('',(-8.772373702659E-02,2.5005,1.021888965619));
#8928 = CARTESIAN_POINT('',(-8.772373702659E-02,2.4995,1.021888965619));
#8929 = ORIENTED_EDGE('',*,*,#459,.F.);
#8930 = B_SPLINE_SURFACE_WITH_KNOTS('',3,1,(
    (#8931,#8932)
    ,(#8933,#8934)
    ,(#8935,#8936)
    ,(#8937,#8938
    )),.UNSPECIFIED.,.F.,.F.,.F.,(4,4),(2,2),(8.,9.),(0.,1.),
  .PIECEWISE_BEZIER_KNOTS.);
#8931 = CARTESIAN_POINT('',(-0.11066772838,2.5005,1.017591299564));
#8932 = CARTESIAN_POINT('',(-0.11066772838,2.4995,1.017591299564));
#8933 = CARTESIAN_POINT('',(-0.103597374549,2.5005,1.02050262173));
#8934 = CARTESIAN_POINT('',(-0.103597374549,2.4995,1.02050262173));
#8935 = CARTESIAN_POINT('',(-9.597248316255E-02,2.5005,1.021888965619));
#8936 = CARTESIAN_POINT('',(-9.597248316255E-02,2.4995,1.021888965619));
#8937 = CARTESIAN_POINT('',(-8.772373702659E-02,2.5005,1.021888965619));
#8938 = CARTESIAN_POINT('',(-8.772373702659E-02,2.4995,1.021888965619));
#8939 = ADVANCED_FACE('',(#8940),#8958,.F.);
#8940 = FACE_BOUND('',#8941,.F.);
#8941 = EDGE_LOOP('',(#8942,#8943,#8952,#8957));
#8942 = ORIENTED_EDGE('',*,*,#8925,.F.);
#8943 = ORIENTED_EDGE('',*,*,#8944,.T.);
#8944 = EDGE_CURVE('',#8917,#8945,#8947,.T.);
#8945 = VERTEX_POINT('',#8946);
#8946 = CARTESIAN_POINT('',(-6.089798278569E-02,2.5005,1.014194757038));
#8947 = B_SPLINE_CURVE_WITH_KNOTS('',3,(#8948,#8949,#8950,#8951),
  .UNSPECIFIED.,.F.,.F.,(4,4),(7.,8.),.PIECEWISE_BEZIER_KNOTS.);
#8948 = CARTESIAN_POINT('',(-8.772373702659E-02,2.5005,1.021888965619));
#8949 = CARTESIAN_POINT('',(-7.711820628023E-02,2.5005,1.021888965619));
#8950 = CARTESIAN_POINT('',(-6.817628819993E-02,2.5005,1.019324229426));
#8951 = CARTESIAN_POINT('',(-6.089798278569E-02,2.5005,1.014194757038));
#8952 = ORIENTED_EDGE('',*,*,#8953,.T.);
#8953 = EDGE_CURVE('',#8945,#442,#8954,.T.);
#8954 = B_SPLINE_CURVE_WITH_KNOTS('',1,(#8955,#8956),.UNSPECIFIED.,.F.,
  .F.,(2,2),(-0.,1.E-03),.PIECEWISE_BEZIER_KNOTS.);
#8955 = CARTESIAN_POINT('',(-6.089798278569E-02,2.5005,1.014194757038));
#8956 = CARTESIAN_POINT('',(-6.089798278569E-02,2.4995,1.014194757038));
#8957 = ORIENTED_EDGE('',*,*,#450,.F.);
#8958 = B_SPLINE_SURFACE_WITH_KNOTS('',3,1,(
    (#8959,#8960)
    ,(#8961,#8962)
    ,(#8963,#8964)
    ,(#8965,#8966
    )),.UNSPECIFIED.,.F.,.F.,.F.,(4,4),(2,2),(7.,8.),(0.,1.),
  .PIECEWISE_BEZIER_KNOTS.);
#8959 = CARTESIAN_POINT('',(-8.772373702659E-02,2.5005,1.021888965619));
#8960 = CARTESIAN_POINT('',(-8.772373702659E-02,2.4995,1.021888965619));
#8961 = CARTESIAN_POINT('',(-7.711820628023E-02,2.5005,1.021888965619));
#8962 = CARTESIAN_POINT('',(-7.711820628023E-02,2.4995,1.021888965619));
#8963 = CARTESIAN_POINT('',(-6.817628819993E-02,2.5005,1.019324229426));
#8964 = CARTESIAN_POINT('',(-6.817628819993E-02,2.4995,1.019324229426));
#8965 = CARTESIAN_POINT('',(-6.089798278569E-02,2.5005,1.014194757038));
#8966 = CARTESIAN_POINT('',(-6.089798278569E-02,2.4995,1.014194757038));
#8967 = ADVANCED_FACE('',(#8968),#8986,.F.);
#8968 = FACE_BOUND('',#8969,.F.);
#8969 = EDGE_LOOP('',(#8970,#8971,#8980,#8985));
#8970 = ORIENTED_EDGE('',*,*,#8953,.F.);
#8971 = ORIENTED_EDGE('',*,*,#8972,.T.);
#8972 = EDGE_CURVE('',#8945,#8973,#8975,.T.);
#8973 = VERTEX_POINT('',#8974);
#8974 = CARTESIAN_POINT('',(-5.00151832615E-02,2.5005,0.993538233101));
#8975 = B_SPLINE_CURVE_WITH_KNOTS('',3,(#8976,#8977,#8978,#8979),
  .UNSPECIFIED.,.F.,.F.,(4,4),(6.,7.),.PIECEWISE_BEZIER_KNOTS.);
#8976 = CARTESIAN_POINT('',(-6.089798278569E-02,2.5005,1.014194757038));
#8977 = CARTESIAN_POINT('',(-5.365433596862E-02,2.5005,1.008995967457));
#8978 = CARTESIAN_POINT('',(-5.00151832615E-02,2.5005,1.002133565208));
#8979 = CARTESIAN_POINT('',(-5.00151832615E-02,2.5005,0.993538233101));
#8980 = ORIENTED_EDGE('',*,*,#8981,.T.);
#8981 = EDGE_CURVE('',#8973,#433,#8982,.T.);
#8982 = B_SPLINE_CURVE_WITH_KNOTS('',1,(#8983,#8984),.UNSPECIFIED.,.F.,
  .F.,(2,2),(-0.,1.E-03),.PIECEWISE_BEZIER_KNOTS.);
#8983 = CARTESIAN_POINT('',(-5.00151832615E-02,2.5005,0.993538233101));
#8984 = CARTESIAN_POINT('',(-5.00151832615E-02,2.4995,0.993538233101));
#8985 = ORIENTED_EDGE('',*,*,#441,.F.);
#8986 = B_SPLINE_SURFACE_WITH_KNOTS('',3,1,(
    (#8987,#8988)
    ,(#8989,#8990)
    ,(#8991,#8992)
    ,(#8993,#8994
    )),.UNSPECIFIED.,.F.,.F.,.F.,(4,4),(2,2),(6.,7.),(0.,1.),
  .PIECEWISE_BEZIER_KNOTS.);
#8987 = CARTESIAN_POINT('',(-6.089798278569E-02,2.5005,1.014194757038));
#8988 = CARTESIAN_POINT('',(-6.089798278569E-02,2.4995,1.014194757038));
#8989 = CARTESIAN_POINT('',(-5.365433596862E-02,2.5005,1.008995967457));
#8990 = CARTESIAN_POINT('',(-5.365433596862E-02,2.4995,1.008995967457));
#8991 = CARTESIAN_POINT('',(-5.00151832615E-02,2.5005,1.002133565208));
#8992 = CARTESIAN_POINT('',(-5.00151832615E-02,2.4995,1.002133565208));
#8993 = CARTESIAN_POINT('',(-5.00151832615E-02,2.5005,0.993538233101));
#8994 = CARTESIAN_POINT('',(-5.00151832615E-02,2.4995,0.993538233101));
#8995 = ADVANCED_FACE('',(#8996),#9014,.F.);
#8996 = FACE_BOUND('',#8997,.F.);
#8997 = EDGE_LOOP('',(#8998,#8999,#9008,#9013));
#8998 = ORIENTED_EDGE('',*,*,#8981,.F.);
#8999 = ORIENTED_EDGE('',*,*,#9000,.T.);
#9000 = EDGE_CURVE('',#8973,#9001,#9003,.T.);
#9001 = VERTEX_POINT('',#9002);
#9002 = CARTESIAN_POINT('',(-5.483272827382E-02,2.5005,0.978219133134));
#9003 = B_SPLINE_CURVE_WITH_KNOTS('',3,(#9004,#9005,#9006,#9007),
  .UNSPECIFIED.,.F.,.F.,(4,4),(5.,6.),.PIECEWISE_BEZIER_KNOTS.);
#9004 = CARTESIAN_POINT('',(-5.00151832615E-02,2.5005,0.993538233101));
#9005 = CARTESIAN_POINT('',(-5.00151832615E-02,2.5005,0.98757695438));
#9006 = CARTESIAN_POINT('',(-5.160947873322E-02,2.5005,0.982447481993));
#9007 = CARTESIAN_POINT('',(-5.483272827382E-02,2.5005,0.978219133134));
#9008 = ORIENTED_EDGE('',*,*,#9009,.T.);
#9009 = EDGE_CURVE('',#9001,#424,#9010,.T.);
#9010 = B_SPLINE_CURVE_WITH_KNOTS('',1,(#9011,#9012),.UNSPECIFIED.,.F.,
  .F.,(2,2),(-0.,1.E-03),.PIECEWISE_BEZIER_KNOTS.);
#9011 = CARTESIAN_POINT('',(-5.483272827382E-02,2.5005,0.978219133134));
#9012 = CARTESIAN_POINT('',(-5.483272827382E-02,2.4995,0.978219133134));
#9013 = ORIENTED_EDGE('',*,*,#432,.F.);
#9014 = B_SPLINE_SURFACE_WITH_KNOTS('',3,1,(
    (#9015,#9016)
    ,(#9017,#9018)
    ,(#9019,#9020)
    ,(#9021,#9022
    )),.UNSPECIFIED.,.F.,.F.,.F.,(4,4),(2,2),(5.,6.),(0.,1.),
  .PIECEWISE_BEZIER_KNOTS.);
#9015 = CARTESIAN_POINT('',(-5.00151832615E-02,2.5005,0.993538233101));
#9016 = CARTESIAN_POINT('',(-5.00151832615E-02,2.4995,0.993538233101));
#9017 = CARTESIAN_POINT('',(-5.00151832615E-02,2.5005,0.98757695438));
#9018 = CARTESIAN_POINT('',(-5.00151832615E-02,2.4995,0.98757695438));
#9019 = CARTESIAN_POINT('',(-5.160947873322E-02,2.5005,0.982447481993));
#9020 = CARTESIAN_POINT('',(-5.160947873322E-02,2.4995,0.982447481993));
#9021 = CARTESIAN_POINT('',(-5.483272827382E-02,2.5005,0.978219133134));
#9022 = CARTESIAN_POINT('',(-5.483272827382E-02,2.4995,0.978219133134));
#9023 = ADVANCED_FACE('',(#9024),#9042,.F.);
#9024 = FACE_BOUND('',#9025,.F.);
#9025 = EDGE_LOOP('',(#9026,#9027,#9036,#9041));
#9026 = ORIENTED_EDGE('',*,*,#9009,.F.);
#9027 = ORIENTED_EDGE('',*,*,#9028,.T.);
#9028 = EDGE_CURVE('',#9001,#9029,#9031,.T.);
#9029 = VERTEX_POINT('',#9030);
#9030 = CARTESIAN_POINT('',(-7.5731862392E-02,2.5005,0.965395452166));
#9031 = B_SPLINE_CURVE_WITH_KNOTS('',3,(#9032,#9033,#9034,#9035),
  .UNSPECIFIED.,.F.,.F.,(4,4),(4.,5.),.PIECEWISE_BEZIER_KNOTS.);
#9032 = CARTESIAN_POINT('',(-5.483272827382E-02,2.5005,0.978219133134));
#9033 = CARTESIAN_POINT('',(-5.802131921726E-02,2.5005,0.973990784274));
#9034 = CARTESIAN_POINT('',(-6.502235585367E-02,2.5005,0.969693118219));
#9035 = CARTESIAN_POINT('',(-7.5731862392E-02,2.5005,0.965395452166));
#9036 = ORIENTED_EDGE('',*,*,#9037,.T.);
#9037 = EDGE_CURVE('',#9029,#415,#9038,.T.);
#9038 = B_SPLINE_CURVE_WITH_KNOTS('',1,(#9039,#9040),.UNSPECIFIED.,.F.,
  .F.,(2,2),(-0.,1.E-03),.PIECEWISE_BEZIER_KNOTS.);
#9039 = CARTESIAN_POINT('',(-7.5731862392E-02,2.5005,0.965395452166));
#9040 = CARTESIAN_POINT('',(-7.5731862392E-02,2.4995,0.965395452166));
#9041 = ORIENTED_EDGE('',*,*,#423,.F.);
#9042 = B_SPLINE_SURFACE_WITH_KNOTS('',3,1,(
    (#9043,#9044)
    ,(#9045,#9046)
    ,(#9047,#9048)
    ,(#9049,#9050
    )),.UNSPECIFIED.,.F.,.F.,.F.,(4,4),(2,2),(4.,5.),(0.,1.),
  .PIECEWISE_BEZIER_KNOTS.);
#9043 = CARTESIAN_POINT('',(-5.483272827382E-02,2.5005,0.978219133134));
#9044 = CARTESIAN_POINT('',(-5.483272827382E-02,2.4995,0.978219133134));
#9045 = CARTESIAN_POINT('',(-5.802131921726E-02,2.5005,0.973990784274));
#9046 = CARTESIAN_POINT('',(-5.802131921726E-02,2.4995,0.973990784274));
#9047 = CARTESIAN_POINT('',(-6.502235585367E-02,2.5005,0.969693118219));
#9048 = CARTESIAN_POINT('',(-6.502235585367E-02,2.4995,0.969693118219));
#9049 = CARTESIAN_POINT('',(-7.5731862392E-02,2.5005,0.965395452166));
#9050 = CARTESIAN_POINT('',(-7.5731862392E-02,2.4995,0.965395452166));
#9051 = ADVANCED_FACE('',(#9052),#9070,.F.);
#9052 = FACE_BOUND('',#9053,.F.);
#9053 = EDGE_LOOP('',(#9054,#9055,#9064,#9069));
#9054 = ORIENTED_EDGE('',*,*,#9037,.F.);
#9055 = ORIENTED_EDGE('',*,*,#9056,.T.);
#9056 = EDGE_CURVE('',#9029,#9057,#9059,.T.);
#9057 = VERTEX_POINT('',#9058);
#9058 = CARTESIAN_POINT('',(-9.351172276063E-02,2.5005,0.956730802863));
#9059 = B_SPLINE_CURVE_WITH_KNOTS('',3,(#9060,#9061,#9062,#9063),
  .UNSPECIFIED.,.F.,.F.,(4,4),(3.,4.),.PIECEWISE_BEZIER_KNOTS.);
#9060 = CARTESIAN_POINT('',(-7.5731862392E-02,2.5005,0.965395452166));
#9061 = CARTESIAN_POINT('',(-8.46737804723E-02,2.5005,0.962068226833));
#9062 = CARTESIAN_POINT('',(-9.060040059503E-02,2.5005,0.959156904667));
#9063 = CARTESIAN_POINT('',(-9.351172276063E-02,2.5005,0.956730802863));
#9064 = ORIENTED_EDGE('',*,*,#9065,.T.);
#9065 = EDGE_CURVE('',#9057,#406,#9066,.T.);
#9066 = B_SPLINE_CURVE_WITH_KNOTS('',1,(#9067,#9068),.UNSPECIFIED.,.F.,
  .F.,(2,2),(-0.,1.E-03),.PIECEWISE_BEZIER_KNOTS.);
#9067 = CARTESIAN_POINT('',(-9.351172276063E-02,2.5005,0.956730802863));
#9068 = CARTESIAN_POINT('',(-9.351172276063E-02,2.4995,0.956730802863));
#9069 = ORIENTED_EDGE('',*,*,#414,.F.);
#9070 = B_SPLINE_SURFACE_WITH_KNOTS('',3,1,(
    (#9071,#9072)
    ,(#9073,#9074)
    ,(#9075,#9076)
    ,(#9077,#9078
    )),.UNSPECIFIED.,.F.,.F.,.F.,(4,4),(2,2),(3.,4.),(0.,1.),
  .PIECEWISE_BEZIER_KNOTS.);
#9071 = CARTESIAN_POINT('',(-7.5731862392E-02,2.5005,0.965395452166));
#9072 = CARTESIAN_POINT('',(-7.5731862392E-02,2.4995,0.965395452166));
#9073 = CARTESIAN_POINT('',(-8.46737804723E-02,2.5005,0.962068226833));
#9074 = CARTESIAN_POINT('',(-8.46737804723E-02,2.4995,0.962068226833));
#9075 = CARTESIAN_POINT('',(-9.060040059503E-02,2.5005,0.959156904667));
#9076 = CARTESIAN_POINT('',(-9.060040059503E-02,2.4995,0.959156904667));
#9077 = CARTESIAN_POINT('',(-9.351172276063E-02,2.5005,0.956730802863));
#9078 = CARTESIAN_POINT('',(-9.351172276063E-02,2.4995,0.956730802863));
#9079 = ADVANCED_FACE('',(#9080),#9098,.F.);
#9080 = FACE_BOUND('',#9081,.F.);
#9081 = EDGE_LOOP('',(#9082,#9083,#9092,#9097));
#9082 = ORIENTED_EDGE('',*,*,#9065,.F.);
#9083 = ORIENTED_EDGE('',*,*,#9084,.T.);
#9084 = EDGE_CURVE('',#9057,#9085,#9087,.T.);
#9085 = VERTEX_POINT('',#9086);
#9086 = CARTESIAN_POINT('',(-9.787870600927E-02,2.5005,0.947511616005));
#9087 = B_SPLINE_CURVE_WITH_KNOTS('',3,(#9088,#9089,#9090,#9091),
  .UNSPECIFIED.,.F.,.F.,(4,4),(2.,3.),.PIECEWISE_BEZIER_KNOTS.);
#9088 = CARTESIAN_POINT('',(-9.351172276063E-02,2.5005,0.956730802863));
#9089 = CARTESIAN_POINT('',(-9.64230449267E-02,2.5005,0.954304701058));
#9090 = CARTESIAN_POINT('',(-9.787870600927E-02,2.5005,0.951254744504));
#9091 = CARTESIAN_POINT('',(-9.787870600927E-02,2.5005,0.947511616005));
#9092 = ORIENTED_EDGE('',*,*,#9093,.T.);
#9093 = EDGE_CURVE('',#9085,#397,#9094,.T.);
#9094 = B_SPLINE_CURVE_WITH_KNOTS('',1,(#9095,#9096),.UNSPECIFIED.,.F.,
  .F.,(2,2),(-0.,1.E-03),.PIECEWISE_BEZIER_KNOTS.);
#9095 = CARTESIAN_POINT('',(-9.787870600927E-02,2.5005,0.947511616005));
#9096 = CARTESIAN_POINT('',(-9.787870600927E-02,2.4995,0.947511616005));
#9097 = ORIENTED_EDGE('',*,*,#405,.F.);
#9098 = B_SPLINE_SURFACE_WITH_KNOTS('',3,1,(
    (#9099,#9100)
    ,(#9101,#9102)
    ,(#9103,#9104)
    ,(#9105,#9106
    )),.UNSPECIFIED.,.F.,.F.,.F.,(4,4),(2,2),(2.,3.),(0.,1.),
  .PIECEWISE_BEZIER_KNOTS.);
#9099 = CARTESIAN_POINT('',(-9.351172276063E-02,2.5005,0.956730802863));
#9100 = CARTESIAN_POINT('',(-9.351172276063E-02,2.4995,0.956730802863));
#9101 = CARTESIAN_POINT('',(-9.64230449267E-02,2.5005,0.954304701058));
#9102 = CARTESIAN_POINT('',(-9.64230449267E-02,2.4995,0.954304701058));
#9103 = CARTESIAN_POINT('',(-9.787870600927E-02,2.5005,0.951254744504));
#9104 = CARTESIAN_POINT('',(-9.787870600927E-02,2.4995,0.951254744504));
#9105 = CARTESIAN_POINT('',(-9.787870600927E-02,2.5005,0.947511616005));
#9106 = CARTESIAN_POINT('',(-9.787870600927E-02,2.4995,0.947511616005));
#9107 = ADVANCED_FACE('',(#9108),#9120,.F.);
#9108 = FACE_BOUND('',#9109,.F.);
#9109 = EDGE_LOOP('',(#9110,#9111,#9118,#9119));
#9110 = ORIENTED_EDGE('',*,*,#9093,.F.);
#9111 = ORIENTED_EDGE('',*,*,#9112,.T.);
#9112 = EDGE_CURVE('',#9085,#8558,#9113,.T.);
#9113 = B_SPLINE_CURVE_WITH_KNOTS('',3,(#9114,#9115,#9116,#9117),
  .UNSPECIFIED.,.F.,.F.,(4,4),(1.,2.),.PIECEWISE_BEZIER_KNOTS.);
#9114 = CARTESIAN_POINT('',(-9.787870600927E-02,2.5005,0.947511616005));
#9115 = CARTESIAN_POINT('',(-9.787870600927E-02,2.5005,0.938777649508));
#9116 = CARTESIAN_POINT('',(-9.118959674786E-02,2.5005,0.934410666259));
#9117 = CARTESIAN_POINT('',(-7.784603682175E-02,2.5005,0.934410666259));
#9118 = ORIENTED_EDGE('',*,*,#8557,.T.);
#9119 = ORIENTED_EDGE('',*,*,#396,.F.);
#9120 = B_SPLINE_SURFACE_WITH_KNOTS('',3,1,(
    (#9121,#9122)
    ,(#9123,#9124)
    ,(#9125,#9126)
    ,(#9127,#9128
    )),.UNSPECIFIED.,.F.,.F.,.F.,(4,4),(2,2),(1.,2.),(0.,1.),
  .PIECEWISE_BEZIER_KNOTS.);
#9121 = CARTESIAN_POINT('',(-9.787870600927E-02,2.5005,0.947511616005));
#9122 = CARTESIAN_POINT('',(-9.787870600927E-02,2.4995,0.947511616005));
#9123 = CARTESIAN_POINT('',(-9.787870600927E-02,2.5005,0.938777649508));
#9124 = CARTESIAN_POINT('',(-9.787870600927E-02,2.4995,0.938777649508));
#9125 = CARTESIAN_POINT('',(-9.118959674786E-02,2.5005,0.934410666259));
#9126 = CARTESIAN_POINT('',(-9.118959674786E-02,2.4995,0.934410666259));
#9127 = CARTESIAN_POINT('',(-7.784603682175E-02,2.5005,0.934410666259));
#9128 = CARTESIAN_POINT('',(-7.784603682175E-02,2.4995,0.934410666259));
#9129 = ADVANCED_FACE('',(#9130),#9153,.F.);
#9130 = FACE_BOUND('',#9131,.T.);
#9131 = EDGE_LOOP('',(#9132,#9133,#9134,#9135,#9136,#9137,#9138,#9139,
    #9140,#9141,#9142,#9143,#9144,#9145,#9146,#9147,#9148,#9149,#9150,
    #9151,#9152));
#9132 = ORIENTED_EDGE('',*,*,#8564,.T.);
#9133 = ORIENTED_EDGE('',*,*,#8599,.T.);
#9134 = ORIENTED_EDGE('',*,*,#8614,.T.);
#9135 = ORIENTED_EDGE('',*,*,#8642,.T.);
#9136 = ORIENTED_EDGE('',*,*,#8670,.T.);
#9137 = ORIENTED_EDGE('',*,*,#8698,.T.);
#9138 = ORIENTED_EDGE('',*,*,#8726,.T.);
#9139 = ORIENTED_EDGE('',*,*,#8754,.T.);
#9140 = ORIENTED_EDGE('',*,*,#8782,.T.);
#9141 = ORIENTED_EDGE('',*,*,#8810,.T.);
#9142 = ORIENTED_EDGE('',*,*,#8838,.T.);
#9143 = ORIENTED_EDGE('',*,*,#8866,.T.);
#9144 = ORIENTED_EDGE('',*,*,#8901,.T.);
#9145 = ORIENTED_EDGE('',*,*,#8916,.T.);
#9146 = ORIENTED_EDGE('',*,*,#8944,.T.);
#9147 = ORIENTED_EDGE('',*,*,#8972,.T.);
#9148 = ORIENTED_EDGE('',*,*,#9000,.T.);
#9149 = ORIENTED_EDGE('',*,*,#9028,.T.);
#9150 = ORIENTED_EDGE('',*,*,#9056,.T.);
#9151 = ORIENTED_EDGE('',*,*,#9084,.T.);
#9152 = ORIENTED_EDGE('',*,*,#9112,.T.);
#9153 = B_SPLINE_SURFACE_WITH_KNOTS('',1,1,(
    (#9154,#9155)
    ,(#9156,#9157
    )),.UNSPECIFIED.,.F.,.F.,.F.,(2,2),(2,2),(-8.513884404788E-02,
    1.620289419584E-02),(-5.19272432707E-02,1.34735296655E-02),
  .PIECEWISE_BEZIER_KNOTS.);
#9154 = CARTESIAN_POINT('',(-0.115311980406,2.5005,1.021888965619));
#9155 = CARTESIAN_POINT('',(-4.991120746998E-02,2.5005,1.021888965619));
#9156 = CARTESIAN_POINT('',(-0.115311980406,2.5005,0.920547227375));
#9157 = CARTESIAN_POINT('',(-4.991120746998E-02,2.5005,0.920547227375));
#9158 = ADVANCED_FACE('',(#9159),#9181,.F.);
#9159 = FACE_BOUND('',#9160,.T.);
#9160 = EDGE_LOOP('',(#9161,#9162,#9169,#9176));
#9161 = ORIENTED_EDGE('',*,*,#270,.T.);
#9162 = ORIENTED_EDGE('',*,*,#9163,.F.);
#9163 = EDGE_CURVE('',#9164,#262,#9166,.T.);
#9164 = VERTEX_POINT('',#9165);
#9165 = CARTESIAN_POINT('',(-0.199497713031,2.5005,1.019670815397));
#9166 = B_SPLINE_CURVE_WITH_KNOTS('',1,(#9167,#9168),.UNSPECIFIED.,.F.,
  .F.,(2,2),(-0.,1.E-03),.PIECEWISE_BEZIER_KNOTS.);
#9167 = CARTESIAN_POINT('',(-0.199497713031,2.5005,1.019670815397));
#9168 = CARTESIAN_POINT('',(-0.199497713031,2.4995,1.019670815397));
#9169 = ORIENTED_EDGE('',*,*,#9170,.F.);
#9170 = EDGE_CURVE('',#9171,#9164,#9173,.T.);
#9171 = VERTEX_POINT('',#9172);
#9172 = CARTESIAN_POINT('',(-0.217104280414,2.5005,1.019670815397));
#9173 = B_SPLINE_CURVE_WITH_KNOTS('',1,(#9174,#9175),.UNSPECIFIED.,.F.,
  .F.,(2,2),(-1.760656738231E-02,0.),.PIECEWISE_BEZIER_KNOTS.);
#9174 = CARTESIAN_POINT('',(-0.217104280414,2.5005,1.019670815397));
#9175 = CARTESIAN_POINT('',(-0.199497713031,2.5005,1.019670815397));
#9176 = ORIENTED_EDGE('',*,*,#9177,.T.);
#9177 = EDGE_CURVE('',#9171,#271,#9178,.T.);
#9178 = B_SPLINE_CURVE_WITH_KNOTS('',1,(#9179,#9180),.UNSPECIFIED.,.F.,
  .F.,(2,2),(-0.,1.E-03),.PIECEWISE_BEZIER_KNOTS.);
#9179 = CARTESIAN_POINT('',(-0.217104280414,2.5005,1.019670815397));
#9180 = CARTESIAN_POINT('',(-0.217104280414,2.4995,1.019670815397));
#9181 = B_SPLINE_SURFACE_WITH_KNOTS('',1,1,(
    (#9182,#9183)
    ,(#9184,#9185
    )),.UNSPECIFIED.,.F.,.F.,.F.,(2,2),(2,2),(0.,1.760656738231E-02),(
    -1.E-03,0.),.PIECEWISE_BEZIER_KNOTS.);
#9182 = CARTESIAN_POINT('',(-0.199497713031,2.4995,1.019670815397));
#9183 = CARTESIAN_POINT('',(-0.199497713031,2.5005,1.019670815397));
#9184 = CARTESIAN_POINT('',(-0.217104280414,2.4995,1.019670815397));
#9185 = CARTESIAN_POINT('',(-0.217104280414,2.5005,1.019670815397));
#9186 = ADVANCED_FACE('',(#9187),#9203,.F.);
#9187 = FACE_BOUND('',#9188,.T.);
#9188 = EDGE_LOOP('',(#9189,#9190,#9197,#9202));
#9189 = ORIENTED_EDGE('',*,*,#261,.T.);
#9190 = ORIENTED_EDGE('',*,*,#9191,.F.);
#9191 = EDGE_CURVE('',#9192,#264,#9194,.T.);
#9192 = VERTEX_POINT('',#9193);
#9193 = CARTESIAN_POINT('',(-0.173053203359,2.5005,0.946749126866));
#9194 = B_SPLINE_CURVE_WITH_KNOTS('',1,(#9195,#9196),.UNSPECIFIED.,.F.,
  .F.,(2,2),(-0.,1.E-03),.PIECEWISE_BEZIER_KNOTS.);
#9195 = CARTESIAN_POINT('',(-0.173053203359,2.5005,0.946749126866));
#9196 = CARTESIAN_POINT('',(-0.173053203359,2.4995,0.946749126866));
#9197 = ORIENTED_EDGE('',*,*,#9198,.F.);
#9198 = EDGE_CURVE('',#9164,#9192,#9199,.T.);
#9199 = B_SPLINE_CURVE_WITH_KNOTS('',1,(#9200,#9201),.UNSPECIFIED.,.F.,
  .F.,(2,2),(-7.756858094629E-02,-1.892473934332E-17),
  .PIECEWISE_BEZIER_KNOTS.);
#9200 = CARTESIAN_POINT('',(-0.199497713031,2.5005,1.019670815397));
#9201 = CARTESIAN_POINT('',(-0.173053203359,2.5005,0.946749126866));
#9202 = ORIENTED_EDGE('',*,*,#9163,.T.);
#9203 = B_SPLINE_SURFACE_WITH_KNOTS('',1,1,(
    (#9204,#9205)
    ,(#9206,#9207
    )),.UNSPECIFIED.,.F.,.F.,.F.,(2,2),(2,2),(0.,7.756858094629E-02),(
    -1.E-03,0.),.PIECEWISE_BEZIER_KNOTS.);
#9204 = CARTESIAN_POINT('',(-0.173053203359,2.4995,0.946749126866));
#9205 = CARTESIAN_POINT('',(-0.173053203359,2.5005,0.946749126866));
#9206 = CARTESIAN_POINT('',(-0.199497713031,2.4995,1.019670815397));
#9207 = CARTESIAN_POINT('',(-0.199497713031,2.5005,1.019670815397));
#9208 = ADVANCED_FACE('',(#9209),#9227,.F.);
#9209 = FACE_BOUND('',#9210,.F.);
#9210 = EDGE_LOOP('',(#9211,#9212,#9221,#9226));
#9211 = ORIENTED_EDGE('',*,*,#9191,.F.);
#9212 = ORIENTED_EDGE('',*,*,#9213,.T.);
#9213 = EDGE_CURVE('',#9192,#9214,#9216,.T.);
#9214 = VERTEX_POINT('',#9215);
#9215 = CARTESIAN_POINT('',(-0.170973687526,2.5005,0.938916283896));
#9216 = B_SPLINE_CURVE_WITH_KNOTS('',3,(#9217,#9218,#9219,#9220),
  .UNSPECIFIED.,.F.,.F.,(4,4),(12.,13.),.PIECEWISE_BEZIER_KNOTS.);
#9217 = CARTESIAN_POINT('',(-0.173053203359,2.5005,0.946749126866));
#9218 = CARTESIAN_POINT('',(-0.172013445443,2.5005,0.94335258434));
#9219 = CARTESIAN_POINT('',(-0.171320273498,2.5005,0.940718530952));
#9220 = CARTESIAN_POINT('',(-0.170973687526,2.5005,0.938916283896));
#9221 = ORIENTED_EDGE('',*,*,#9222,.T.);
#9222 = EDGE_CURVE('',#9214,#363,#9223,.T.);
#9223 = B_SPLINE_CURVE_WITH_KNOTS('',1,(#9224,#9225),.UNSPECIFIED.,.F.,
  .F.,(2,2),(-0.,1.E-03),.PIECEWISE_BEZIER_KNOTS.);
#9224 = CARTESIAN_POINT('',(-0.170973687526,2.5005,0.938916283896));
#9225 = CARTESIAN_POINT('',(-0.170973687526,2.4995,0.938916283896));
#9226 = ORIENTED_EDGE('',*,*,#369,.F.);
#9227 = B_SPLINE_SURFACE_WITH_KNOTS('',3,1,(
    (#9228,#9229)
    ,(#9230,#9231)
    ,(#9232,#9233)
    ,(#9234,#9235
    )),.UNSPECIFIED.,.F.,.F.,.F.,(4,4),(2,2),(12.,13.),(0.,1.),
  .PIECEWISE_BEZIER_KNOTS.);
#9228 = CARTESIAN_POINT('',(-0.173053203359,2.5005,0.946749126866));
#9229 = CARTESIAN_POINT('',(-0.173053203359,2.4995,0.946749126866));
#9230 = CARTESIAN_POINT('',(-0.172013445443,2.5005,0.94335258434));
#9231 = CARTESIAN_POINT('',(-0.172013445443,2.4995,0.94335258434));
#9232 = CARTESIAN_POINT('',(-0.171320273498,2.5005,0.940718530952));
#9233 = CARTESIAN_POINT('',(-0.171320273498,2.4995,0.940718530952));
#9234 = CARTESIAN_POINT('',(-0.170973687526,2.5005,0.938916283896));
#9235 = CARTESIAN_POINT('',(-0.170973687526,2.4995,0.938916283896));
#9236 = ADVANCED_FACE('',(#9237),#9253,.F.);
#9237 = FACE_BOUND('',#9238,.T.);
#9238 = EDGE_LOOP('',(#9239,#9240,#9247,#9252));
#9239 = ORIENTED_EDGE('',*,*,#362,.T.);
#9240 = ORIENTED_EDGE('',*,*,#9241,.F.);
#9241 = EDGE_CURVE('',#9242,#356,#9244,.T.);
#9242 = VERTEX_POINT('',#9243);
#9243 = CARTESIAN_POINT('',(-0.170523125763,2.5005,0.938916283896));
#9244 = B_SPLINE_CURVE_WITH_KNOTS('',1,(#9245,#9246),.UNSPECIFIED.,.F.,
  .F.,(2,2),(-0.,1.E-03),.PIECEWISE_BEZIER_KNOTS.);
#9245 = CARTESIAN_POINT('',(-0.170523125763,2.5005,0.938916283896));
#9246 = CARTESIAN_POINT('',(-0.170523125763,2.4995,0.938916283896));
#9247 = ORIENTED_EDGE('',*,*,#9248,.F.);
#9248 = EDGE_CURVE('',#9214,#9242,#9249,.T.);
#9249 = B_SPLINE_CURVE_WITH_KNOTS('',1,(#9250,#9251),.UNSPECIFIED.,.F.,
  .F.,(2,2),(-4.505617632229E-04,0.),.PIECEWISE_BEZIER_KNOTS.);
#9250 = CARTESIAN_POINT('',(-0.170973687526,2.5005,0.938916283896));
#9251 = CARTESIAN_POINT('',(-0.170523125763,2.5005,0.938916283896));
#9252 = ORIENTED_EDGE('',*,*,#9222,.T.);
#9253 = B_SPLINE_SURFACE_WITH_KNOTS('',1,1,(
    (#9254,#9255)
    ,(#9256,#9257
    )),.UNSPECIFIED.,.F.,.F.,.F.,(2,2),(2,2),(-0.,4.505617632229E-04),(
    -1.E-03,0.),.PIECEWISE_BEZIER_KNOTS.);
#9254 = CARTESIAN_POINT('',(-0.170523125763,2.4995,0.938916283896));
#9255 = CARTESIAN_POINT('',(-0.170523125763,2.5005,0.938916283896));
#9256 = CARTESIAN_POINT('',(-0.170973687526,2.4995,0.938916283896));
#9257 = CARTESIAN_POINT('',(-0.170973687526,2.5005,0.938916283896));
#9258 = ADVANCED_FACE('',(#9259),#9275,.F.);
#9259 = FACE_BOUND('',#9260,.T.);
#9260 = EDGE_LOOP('',(#9261,#9262,#9269,#9274));
#9261 = ORIENTED_EDGE('',*,*,#355,.T.);
#9262 = ORIENTED_EDGE('',*,*,#9263,.F.);
#9263 = EDGE_CURVE('',#9264,#349,#9266,.T.);
#9264 = VERTEX_POINT('',#9265);
#9265 = CARTESIAN_POINT('',(-0.16844360993,2.5005,0.946887761255));
#9266 = B_SPLINE_CURVE_WITH_KNOTS('',1,(#9267,#9268),.UNSPECIFIED.,.F.,
  .F.,(2,2),(-0.,1.E-03),.PIECEWISE_BEZIER_KNOTS.);
#9267 = CARTESIAN_POINT('',(-0.16844360993,2.5005,0.946887761255));
#9268 = CARTESIAN_POINT('',(-0.16844360993,2.4995,0.946887761255));
#9269 = ORIENTED_EDGE('',*,*,#9270,.F.);
#9270 = EDGE_CURVE('',#9242,#9264,#9271,.T.);
#9271 = B_SPLINE_CURVE_WITH_KNOTS('',1,(#9272,#9273),.UNSPECIFIED.,.F.,
  .F.,(2,2),(-8.238254510412E-03,0.),.PIECEWISE_BEZIER_KNOTS.);
#9272 = CARTESIAN_POINT('',(-0.170523125763,2.5005,0.938916283896));
#9273 = CARTESIAN_POINT('',(-0.16844360993,2.5005,0.946887761255));
#9274 = ORIENTED_EDGE('',*,*,#9241,.T.);
#9275 = B_SPLINE_SURFACE_WITH_KNOTS('',1,1,(
    (#9276,#9277)
    ,(#9278,#9279
    )),.UNSPECIFIED.,.F.,.F.,.F.,(2,2),(2,2),(-0.,8.238254510412E-03),(
    -1.E-03,0.),.PIECEWISE_BEZIER_KNOTS.);
#9276 = CARTESIAN_POINT('',(-0.16844360993,2.4995,0.946887761255));
#9277 = CARTESIAN_POINT('',(-0.16844360993,2.5005,0.946887761255));
#9278 = CARTESIAN_POINT('',(-0.170523125763,2.4995,0.938916283896));
#9279 = CARTESIAN_POINT('',(-0.170523125763,2.5005,0.938916283896));
#9280 = ADVANCED_FACE('',(#9281),#9297,.F.);
#9281 = FACE_BOUND('',#9282,.T.);
#9282 = EDGE_LOOP('',(#9283,#9284,#9291,#9296));
#9283 = ORIENTED_EDGE('',*,*,#348,.T.);
#9284 = ORIENTED_EDGE('',*,*,#9285,.F.);
#9285 = EDGE_CURVE('',#9286,#342,#9288,.T.);
#9286 = VERTEX_POINT('',#9287);
#9287 = CARTESIAN_POINT('',(-0.143142833966,2.5005,1.019670815397));
#9288 = B_SPLINE_CURVE_WITH_KNOTS('',1,(#9289,#9290),.UNSPECIFIED.,.F.,
  .F.,(2,2),(-0.,1.E-03),.PIECEWISE_BEZIER_KNOTS.);
#9289 = CARTESIAN_POINT('',(-0.143142833966,2.5005,1.019670815397));
#9290 = CARTESIAN_POINT('',(-0.143142833966,2.4995,1.019670815397));
#9291 = ORIENTED_EDGE('',*,*,#9292,.F.);
#9292 = EDGE_CURVE('',#9264,#9286,#9293,.T.);
#9293 = B_SPLINE_CURVE_WITH_KNOTS('',1,(#9294,#9295),.UNSPECIFIED.,.F.,
  .F.,(2,2),(-7.705518953747E-02,0.),.PIECEWISE_BEZIER_KNOTS.);
#9294 = CARTESIAN_POINT('',(-0.16844360993,2.5005,0.946887761255));
#9295 = CARTESIAN_POINT('',(-0.143142833966,2.5005,1.019670815397));
#9296 = ORIENTED_EDGE('',*,*,#9263,.T.);
#9297 = B_SPLINE_SURFACE_WITH_KNOTS('',1,1,(
    (#9298,#9299)
    ,(#9300,#9301
    )),.UNSPECIFIED.,.F.,.F.,.F.,(2,2),(2,2),(-0.,7.705518953747E-02),(
    -1.E-03,0.),.PIECEWISE_BEZIER_KNOTS.);
#9298 = CARTESIAN_POINT('',(-0.143142833966,2.4995,1.019670815397));
#9299 = CARTESIAN_POINT('',(-0.143142833966,2.5005,1.019670815397));
#9300 = CARTESIAN_POINT('',(-0.16844360993,2.4995,0.946887761255));
#9301 = CARTESIAN_POINT('',(-0.16844360993,2.5005,0.946887761255));
#9302 = ADVANCED_FACE('',(#9303),#9319,.F.);
#9303 = FACE_BOUND('',#9304,.T.);
#9304 = EDGE_LOOP('',(#9305,#9306,#9313,#9318));
#9305 = ORIENTED_EDGE('',*,*,#341,.T.);
#9306 = ORIENTED_EDGE('',*,*,#9307,.F.);
#9307 = EDGE_CURVE('',#9308,#335,#9310,.T.);
#9308 = VERTEX_POINT('',#9309);
#9309 = CARTESIAN_POINT('',(-0.124149922695,2.5005,1.019670815397));
#9310 = B_SPLINE_CURVE_WITH_KNOTS('',1,(#9311,#9312),.UNSPECIFIED.,.F.,
  .F.,(2,2),(-0.,1.E-03),.PIECEWISE_BEZIER_KNOTS.);
#9311 = CARTESIAN_POINT('',(-0.124149922695,2.5005,1.019670815397));
#9312 = CARTESIAN_POINT('',(-0.124149922695,2.4995,1.019670815397));
#9313 = ORIENTED_EDGE('',*,*,#9314,.F.);
#9314 = EDGE_CURVE('',#9286,#9308,#9315,.T.);
#9315 = B_SPLINE_CURVE_WITH_KNOTS('',1,(#9316,#9317),.UNSPECIFIED.,.F.,
  .F.,(2,2),(-1.899291127147E-02,0.),.PIECEWISE_BEZIER_KNOTS.);
#9316 = CARTESIAN_POINT('',(-0.143142833966,2.5005,1.019670815397));
#9317 = CARTESIAN_POINT('',(-0.124149922695,2.5005,1.019670815397));
#9318 = ORIENTED_EDGE('',*,*,#9285,.T.);
#9319 = B_SPLINE_SURFACE_WITH_KNOTS('',1,1,(
    (#9320,#9321)
    ,(#9322,#9323
    )),.UNSPECIFIED.,.F.,.F.,.F.,(2,2),(2,2),(0.,1.899291127147E-02),(
    -1.E-03,0.),.PIECEWISE_BEZIER_KNOTS.);
#9320 = CARTESIAN_POINT('',(-0.124149922695,2.4995,1.019670815397));
#9321 = CARTESIAN_POINT('',(-0.124149922695,2.5005,1.019670815397));
#9322 = CARTESIAN_POINT('',(-0.143142833966,2.4995,1.019670815397));
#9323 = CARTESIAN_POINT('',(-0.143142833966,2.5005,1.019670815397));
#9324 = ADVANCED_FACE('',(#9325),#9341,.F.);
#9325 = FACE_BOUND('',#9326,.T.);
#9326 = EDGE_LOOP('',(#9327,#9328,#9335,#9340));
#9327 = ORIENTED_EDGE('',*,*,#334,.T.);
#9328 = ORIENTED_EDGE('',*,*,#9329,.F.);
#9329 = EDGE_CURVE('',#9330,#328,#9332,.T.);
#9330 = VERTEX_POINT('',#9331);
#9331 = CARTESIAN_POINT('',(-0.162135745238,2.5005,0.923042646374));
#9332 = B_SPLINE_CURVE_WITH_KNOTS('',1,(#9333,#9334),.UNSPECIFIED.,.F.,
  .F.,(2,2),(-0.,1.E-03),.PIECEWISE_BEZIER_KNOTS.);
#9333 = CARTESIAN_POINT('',(-0.162135745238,2.5005,0.923042646374));
#9334 = CARTESIAN_POINT('',(-0.162135745238,2.4995,0.923042646374));
#9335 = ORIENTED_EDGE('',*,*,#9336,.F.);
#9336 = EDGE_CURVE('',#9308,#9330,#9337,.T.);
#9337 = B_SPLINE_CURVE_WITH_KNOTS('',1,(#9338,#9339),.UNSPECIFIED.,.F.,
  .F.,(2,2),(-0.103826421315,-0.),.PIECEWISE_BEZIER_KNOTS.);
#9338 = CARTESIAN_POINT('',(-0.124149922695,2.5005,1.019670815397));
#9339 = CARTESIAN_POINT('',(-0.162135745238,2.5005,0.923042646374));
#9340 = ORIENTED_EDGE('',*,*,#9307,.T.);
#9341 = B_SPLINE_SURFACE_WITH_KNOTS('',1,1,(
    (#9342,#9343)
    ,(#9344,#9345
    )),.UNSPECIFIED.,.F.,.F.,.F.,(2,2),(2,2),(0.,0.103826421315),(
    -1.E-03,0.),.PIECEWISE_BEZIER_KNOTS.);
#9342 = CARTESIAN_POINT('',(-0.162135745238,2.4995,0.923042646374));
#9343 = CARTESIAN_POINT('',(-0.162135745238,2.5005,0.923042646374));
#9344 = CARTESIAN_POINT('',(-0.124149922695,2.4995,1.019670815397));
#9345 = CARTESIAN_POINT('',(-0.124149922695,2.5005,1.019670815397));
#9346 = ADVANCED_FACE('',(#9347),#9363,.F.);
#9347 = FACE_BOUND('',#9348,.T.);
#9348 = EDGE_LOOP('',(#9349,#9350,#9357,#9362));
#9349 = ORIENTED_EDGE('',*,*,#327,.T.);
#9350 = ORIENTED_EDGE('',*,*,#9351,.F.);
#9351 = EDGE_CURVE('',#9352,#319,#9354,.T.);
#9352 = VERTEX_POINT('',#9353);
#9353 = CARTESIAN_POINT('',(-0.154684146837,2.5005,0.905436078991));
#9354 = B_SPLINE_CURVE_WITH_KNOTS('',1,(#9355,#9356),.UNSPECIFIED.,.F.,
  .F.,(2,2),(-0.,1.E-03),.PIECEWISE_BEZIER_KNOTS.);
#9355 = CARTESIAN_POINT('',(-0.154684146837,2.5005,0.905436078991));
#9356 = CARTESIAN_POINT('',(-0.154684146837,2.4995,0.905436078991));
#9357 = ORIENTED_EDGE('',*,*,#9358,.F.);
#9358 = EDGE_CURVE('',#9330,#9352,#9359,.T.);
#9359 = B_SPLINE_CURVE_WITH_KNOTS('',1,(#9360,#9361),.UNSPECIFIED.,.F.,
  .F.,(2,2),(-1.911851285387E-02,0.),.PIECEWISE_BEZIER_KNOTS.);
#9360 = CARTESIAN_POINT('',(-0.162135745238,2.5005,0.923042646374));
#9361 = CARTESIAN_POINT('',(-0.154684146837,2.5005,0.905436078991));
#9362 = ORIENTED_EDGE('',*,*,#9329,.T.);
#9363 = B_SPLINE_SURFACE_WITH_KNOTS('',1,1,(
    (#9364,#9365)
    ,(#9366,#9367
    )),.UNSPECIFIED.,.F.,.F.,.F.,(2,2),(2,2),(0.,1.911851285387E-02),(
    -1.E-03,0.),.PIECEWISE_BEZIER_KNOTS.);
#9364 = CARTESIAN_POINT('',(-0.154684146837,2.4995,0.905436078991));
#9365 = CARTESIAN_POINT('',(-0.154684146837,2.5005,0.905436078991));
#9366 = CARTESIAN_POINT('',(-0.162135745238,2.4995,0.923042646374));
#9367 = CARTESIAN_POINT('',(-0.162135745238,2.5005,0.923042646374));
#9368 = ADVANCED_FACE('',(#9369),#9387,.F.);
#9369 = FACE_BOUND('',#9370,.F.);
#9370 = EDGE_LOOP('',(#9371,#9372,#9381,#9386));
#9371 = ORIENTED_EDGE('',*,*,#9351,.F.);
#9372 = ORIENTED_EDGE('',*,*,#9373,.T.);
#9373 = EDGE_CURVE('',#9352,#9374,#9376,.T.);
#9374 = VERTEX_POINT('',#9375);
#9375 = CARTESIAN_POINT('',(-0.137285531038,2.5005,0.89178059169));
#9376 = B_SPLINE_CURVE_WITH_KNOTS('',3,(#9377,#9378,#9379,#9380),
  .UNSPECIFIED.,.F.,.F.,(4,4),(5.,6.),.PIECEWISE_BEZIER_KNOTS.);
#9377 = CARTESIAN_POINT('',(-0.154684146837,2.5005,0.905436078991));
#9378 = CARTESIAN_POINT('',(-0.150837042547,2.5005,0.896286209328));
#9379 = CARTESIAN_POINT('',(-0.145049056813,2.5005,0.89178059169));
#9380 = CARTESIAN_POINT('',(-0.137285531038,2.5005,0.89178059169));
#9381 = ORIENTED_EDGE('',*,*,#9382,.T.);
#9382 = EDGE_CURVE('',#9374,#310,#9383,.T.);
#9383 = B_SPLINE_CURVE_WITH_KNOTS('',1,(#9384,#9385),.UNSPECIFIED.,.F.,
  .F.,(2,2),(-0.,1.E-03),.PIECEWISE_BEZIER_KNOTS.);
#9384 = CARTESIAN_POINT('',(-0.137285531038,2.5005,0.89178059169));
#9385 = CARTESIAN_POINT('',(-0.137285531038,2.4995,0.89178059169));
#9386 = ORIENTED_EDGE('',*,*,#318,.F.);
#9387 = B_SPLINE_SURFACE_WITH_KNOTS('',3,1,(
    (#9388,#9389)
    ,(#9390,#9391)
    ,(#9392,#9393)
    ,(#9394,#9395
    )),.UNSPECIFIED.,.F.,.F.,.F.,(4,4),(2,2),(5.,6.),(0.,1.),
  .PIECEWISE_BEZIER_KNOTS.);
#9388 = CARTESIAN_POINT('',(-0.154684146837,2.5005,0.905436078991));
#9389 = CARTESIAN_POINT('',(-0.154684146837,2.4995,0.905436078991));
#9390 = CARTESIAN_POINT('',(-0.150837042547,2.5005,0.896286209328));
#9391 = CARTESIAN_POINT('',(-0.150837042547,2.4995,0.896286209328));
#9392 = CARTESIAN_POINT('',(-0.145049056813,2.5005,0.89178059169));
#9393 = CARTESIAN_POINT('',(-0.145049056813,2.4995,0.89178059169));
#9394 = CARTESIAN_POINT('',(-0.137285531038,2.5005,0.89178059169));
#9395 = CARTESIAN_POINT('',(-0.137285531038,2.4995,0.89178059169));
#9396 = ADVANCED_FACE('',(#9397),#9415,.F.);
#9397 = FACE_BOUND('',#9398,.F.);
#9398 = EDGE_LOOP('',(#9399,#9400,#9409,#9414));
#9399 = ORIENTED_EDGE('',*,*,#9382,.F.);
#9400 = ORIENTED_EDGE('',*,*,#9401,.T.);
#9401 = EDGE_CURVE('',#9374,#9402,#9404,.T.);
#9402 = VERTEX_POINT('',#9403);
#9403 = CARTESIAN_POINT('',(-0.127650441013,2.5005,0.893721473134));
#9404 = B_SPLINE_CURVE_WITH_KNOTS('',3,(#9405,#9406,#9407,#9408),
  .UNSPECIFIED.,.F.,.F.,(4,4),(4.,5.),.PIECEWISE_BEZIER_KNOTS.);
#9405 = CARTESIAN_POINT('',(-0.137285531038,2.5005,0.89178059169));
#9406 = CARTESIAN_POINT('',(-0.134166257289,2.5005,0.89178059169));
#9407 = CARTESIAN_POINT('',(-0.130977666346,2.5005,0.89240444644));
#9408 = CARTESIAN_POINT('',(-0.127650441013,2.5005,0.893721473134));
#9409 = ORIENTED_EDGE('',*,*,#9410,.T.);
#9410 = EDGE_CURVE('',#9402,#303,#9411,.T.);
#9411 = B_SPLINE_CURVE_WITH_KNOTS('',1,(#9412,#9413),.UNSPECIFIED.,.F.,
  .F.,(2,2),(-0.,1.E-03),.PIECEWISE_BEZIER_KNOTS.);
#9412 = CARTESIAN_POINT('',(-0.127650441013,2.5005,0.893721473134));
#9413 = CARTESIAN_POINT('',(-0.127650441013,2.4995,0.893721473134));
#9414 = ORIENTED_EDGE('',*,*,#309,.F.);
#9415 = B_SPLINE_SURFACE_WITH_KNOTS('',3,1,(
    (#9416,#9417)
    ,(#9418,#9419)
    ,(#9420,#9421)
    ,(#9422,#9423
    )),.UNSPECIFIED.,.F.,.F.,.F.,(4,4),(2,2),(4.,5.),(0.,1.),
  .PIECEWISE_BEZIER_KNOTS.);
#9416 = CARTESIAN_POINT('',(-0.137285531038,2.5005,0.89178059169));
#9417 = CARTESIAN_POINT('',(-0.137285531038,2.4995,0.89178059169));
#9418 = CARTESIAN_POINT('',(-0.134166257289,2.5005,0.89178059169));
#9419 = CARTESIAN_POINT('',(-0.134166257289,2.4995,0.89178059169));
#9420 = CARTESIAN_POINT('',(-0.130977666346,2.5005,0.89240444644));
#9421 = CARTESIAN_POINT('',(-0.130977666346,2.4995,0.89240444644));
#9422 = CARTESIAN_POINT('',(-0.127650441013,2.5005,0.893721473134));
#9423 = CARTESIAN_POINT('',(-0.127650441013,2.4995,0.893721473134));
#9424 = ADVANCED_FACE('',(#9425),#9441,.F.);
#9425 = FACE_BOUND('',#9426,.T.);
#9426 = EDGE_LOOP('',(#9427,#9428,#9435,#9440));
#9427 = ORIENTED_EDGE('',*,*,#302,.T.);
#9428 = ORIENTED_EDGE('',*,*,#9429,.F.);
#9429 = EDGE_CURVE('',#9430,#294,#9432,.T.);
#9430 = VERTEX_POINT('',#9431);
#9431 = CARTESIAN_POINT('',(-0.127650441013,2.5005,0.87861032475));
#9432 = B_SPLINE_CURVE_WITH_KNOTS('',1,(#9433,#9434),.UNSPECIFIED.,.F.,
  .F.,(2,2),(-0.,1.E-03),.PIECEWISE_BEZIER_KNOTS.);
#9433 = CARTESIAN_POINT('',(-0.127650441013,2.5005,0.87861032475));
#9434 = CARTESIAN_POINT('',(-0.127650441013,2.4995,0.87861032475));
#9435 = ORIENTED_EDGE('',*,*,#9436,.F.);
#9436 = EDGE_CURVE('',#9402,#9430,#9437,.T.);
#9437 = B_SPLINE_CURVE_WITH_KNOTS('',1,(#9438,#9439),.UNSPECIFIED.,.F.,
  .F.,(2,2),(-1.511114838415E-02,-1.110223024625E-16),
  .PIECEWISE_BEZIER_KNOTS.);
#9438 = CARTESIAN_POINT('',(-0.127650441013,2.5005,0.893721473134));
#9439 = CARTESIAN_POINT('',(-0.127650441013,2.5005,0.87861032475));
#9440 = ORIENTED_EDGE('',*,*,#9410,.T.);
#9441 = B_SPLINE_SURFACE_WITH_KNOTS('',1,1,(
    (#9442,#9443)
    ,(#9444,#9445
    )),.UNSPECIFIED.,.F.,.F.,.F.,(2,2),(2,2),(1.110223024625E-16,
    1.511114838415E-02),(-1.E-03,0.),.PIECEWISE_BEZIER_KNOTS.);
#9442 = CARTESIAN_POINT('',(-0.127650441013,2.4995,0.87861032475));
#9443 = CARTESIAN_POINT('',(-0.127650441013,2.5005,0.87861032475));
#9444 = CARTESIAN_POINT('',(-0.127650441013,2.4995,0.893721473134));
#9445 = CARTESIAN_POINT('',(-0.127650441013,2.5005,0.893721473134));
#9446 = ADVANCED_FACE('',(#9447),#9465,.F.);
#9447 = FACE_BOUND('',#9448,.F.);
#9448 = EDGE_LOOP('',(#9449,#9450,#9459,#9464));
#9449 = ORIENTED_EDGE('',*,*,#9429,.F.);
#9450 = ORIENTED_EDGE('',*,*,#9451,.T.);
#9451 = EDGE_CURVE('',#9430,#9452,#9454,.T.);
#9452 = VERTEX_POINT('',#9453);
#9453 = CARTESIAN_POINT('',(-0.138602557732,2.5005,0.877223980862));
#9454 = B_SPLINE_CURVE_WITH_KNOTS('',3,(#9455,#9456,#9457,#9458),
  .UNSPECIFIED.,.F.,.F.,(4,4),(2.,3.),.PIECEWISE_BEZIER_KNOTS.);
#9455 = CARTESIAN_POINT('',(-0.127650441013,2.5005,0.87861032475));
#9456 = CARTESIAN_POINT('',(-0.130665738971,2.5005,0.877709201223));
#9457 = CARTESIAN_POINT('',(-0.134339550275,2.5005,0.877223980862));
#9458 = CARTESIAN_POINT('',(-0.138602557732,2.5005,0.877223980862));
#9459 = ORIENTED_EDGE('',*,*,#9460,.T.);
#9460 = EDGE_CURVE('',#9452,#285,#9461,.T.);
#9461 = B_SPLINE_CURVE_WITH_KNOTS('',1,(#9462,#9463),.UNSPECIFIED.,.F.,
  .F.,(2,2),(-0.,1.E-03),.PIECEWISE_BEZIER_KNOTS.);
#9462 = CARTESIAN_POINT('',(-0.138602557732,2.5005,0.877223980862));
#9463 = CARTESIAN_POINT('',(-0.138602557732,2.4995,0.877223980862));
#9464 = ORIENTED_EDGE('',*,*,#293,.F.);
#9465 = B_SPLINE_SURFACE_WITH_KNOTS('',3,1,(
    (#9466,#9467)
    ,(#9468,#9469)
    ,(#9470,#9471)
    ,(#9472,#9473
    )),.UNSPECIFIED.,.F.,.F.,.F.,(4,4),(2,2),(2.,3.),(0.,1.),
  .PIECEWISE_BEZIER_KNOTS.);
#9466 = CARTESIAN_POINT('',(-0.127650441013,2.5005,0.87861032475));
#9467 = CARTESIAN_POINT('',(-0.127650441013,2.4995,0.87861032475));
#9468 = CARTESIAN_POINT('',(-0.130665738971,2.5005,0.877709201223));
#9469 = CARTESIAN_POINT('',(-0.130665738971,2.4995,0.877709201223));
#9470 = CARTESIAN_POINT('',(-0.134339550275,2.5005,0.877223980862));
#9471 = CARTESIAN_POINT('',(-0.134339550275,2.4995,0.877223980862));
#9472 = CARTESIAN_POINT('',(-0.138602557732,2.5005,0.877223980862));
#9473 = CARTESIAN_POINT('',(-0.138602557732,2.4995,0.877223980862));
#9474 = ADVANCED_FACE('',(#9475),#9493,.F.);
#9475 = FACE_BOUND('',#9476,.F.);
#9476 = EDGE_LOOP('',(#9477,#9478,#9487,#9492));
#9477 = ORIENTED_EDGE('',*,*,#9460,.F.);
#9478 = ORIENTED_EDGE('',*,*,#9479,.T.);
#9479 = EDGE_CURVE('',#9452,#9480,#9482,.T.);
#9480 = VERTEX_POINT('',#9481);
#9481 = CARTESIAN_POINT('',(-0.173157179151,2.5005,0.908208766769));
#9482 = B_SPLINE_CURVE_WITH_KNOTS('',3,(#9483,#9484,#9485,#9486),
  .UNSPECIFIED.,.F.,.F.,(4,4),(1.,2.),.PIECEWISE_BEZIER_KNOTS.);
#9483 = CARTESIAN_POINT('',(-0.138602557732,2.5005,0.877223980862));
#9484 = CARTESIAN_POINT('',(-0.153471095935,2.5005,0.877223980862));
#9485 = CARTESIAN_POINT('',(-0.164977750209,2.5005,0.887552242831));
#9486 = CARTESIAN_POINT('',(-0.173157179151,2.5005,0.908208766769));
#9487 = ORIENTED_EDGE('',*,*,#9488,.T.);
#9488 = EDGE_CURVE('',#9480,#278,#9489,.T.);
#9489 = B_SPLINE_CURVE_WITH_KNOTS('',1,(#9490,#9491),.UNSPECIFIED.,.F.,
  .F.,(2,2),(-0.,1.E-03),.PIECEWISE_BEZIER_KNOTS.);
#9490 = CARTESIAN_POINT('',(-0.173157179151,2.5005,0.908208766769));
#9491 = CARTESIAN_POINT('',(-0.173157179151,2.4995,0.908208766769));
#9492 = ORIENTED_EDGE('',*,*,#284,.F.);
#9493 = B_SPLINE_SURFACE_WITH_KNOTS('',3,1,(
    (#9494,#9495)
    ,(#9496,#9497)
    ,(#9498,#9499)
    ,(#9500,#9501
    )),.UNSPECIFIED.,.F.,.F.,.F.,(4,4),(2,2),(1.,2.),(0.,1.),
  .PIECEWISE_BEZIER_KNOTS.);
#9494 = CARTESIAN_POINT('',(-0.138602557732,2.5005,0.877223980862));
#9495 = CARTESIAN_POINT('',(-0.138602557732,2.4995,0.877223980862));
#9496 = CARTESIAN_POINT('',(-0.153471095935,2.5005,0.877223980862));
#9497 = CARTESIAN_POINT('',(-0.153471095935,2.4995,0.877223980862));
#9498 = CARTESIAN_POINT('',(-0.164977750209,2.5005,0.887552242831));
#9499 = CARTESIAN_POINT('',(-0.164977750209,2.4995,0.887552242831));
#9500 = CARTESIAN_POINT('',(-0.173157179151,2.5005,0.908208766769));
#9501 = CARTESIAN_POINT('',(-0.173157179151,2.4995,0.908208766769));
#9502 = ADVANCED_FACE('',(#9503),#9513,.F.);
#9503 = FACE_BOUND('',#9504,.T.);
#9504 = EDGE_LOOP('',(#9505,#9506,#9507,#9512));
#9505 = ORIENTED_EDGE('',*,*,#277,.T.);
#9506 = ORIENTED_EDGE('',*,*,#9177,.F.);
#9507 = ORIENTED_EDGE('',*,*,#9508,.F.);
#9508 = EDGE_CURVE('',#9480,#9171,#9509,.T.);
#9509 = B_SPLINE_CURVE_WITH_KNOTS('',1,(#9510,#9511),.UNSPECIFIED.,.F.,
  .F.,(2,2),(-0.119812920814,0.),.PIECEWISE_BEZIER_KNOTS.);
#9510 = CARTESIAN_POINT('',(-0.173157179151,2.5005,0.908208766769));
#9511 = CARTESIAN_POINT('',(-0.217104280414,2.5005,1.019670815397));
#9512 = ORIENTED_EDGE('',*,*,#9488,.T.);
#9513 = B_SPLINE_SURFACE_WITH_KNOTS('',1,1,(
    (#9514,#9515)
    ,(#9516,#9517
    )),.UNSPECIFIED.,.F.,.F.,.F.,(2,2),(2,2),(0.,0.119812920814),(
    -1.E-03,0.),.PIECEWISE_BEZIER_KNOTS.);
#9514 = CARTESIAN_POINT('',(-0.217104280414,2.4995,1.019670815397));
#9515 = CARTESIAN_POINT('',(-0.217104280414,2.5005,1.019670815397));
#9516 = CARTESIAN_POINT('',(-0.173157179151,2.4995,0.908208766769));
#9517 = CARTESIAN_POINT('',(-0.173157179151,2.5005,0.908208766769));
#9518 = ADVANCED_FACE('',(#9519),#9536,.T.);
#9519 = FACE_BOUND('',#9520,.T.);
#9520 = EDGE_LOOP('',(#9521,#9522,#9523,#9524,#9525,#9526,#9527,#9528,
    #9529,#9530,#9531,#9532,#9533,#9534,#9535));
#9521 = ORIENTED_EDGE('',*,*,#9170,.T.);
#9522 = ORIENTED_EDGE('',*,*,#9198,.T.);
#9523 = ORIENTED_EDGE('',*,*,#9213,.T.);
#9524 = ORIENTED_EDGE('',*,*,#9248,.T.);
#9525 = ORIENTED_EDGE('',*,*,#9270,.T.);
#9526 = ORIENTED_EDGE('',*,*,#9292,.T.);
#9527 = ORIENTED_EDGE('',*,*,#9314,.T.);
#9528 = ORIENTED_EDGE('',*,*,#9336,.T.);
#9529 = ORIENTED_EDGE('',*,*,#9358,.T.);
#9530 = ORIENTED_EDGE('',*,*,#9373,.T.);
#9531 = ORIENTED_EDGE('',*,*,#9401,.T.);
#9532 = ORIENTED_EDGE('',*,*,#9436,.T.);
#9533 = ORIENTED_EDGE('',*,*,#9451,.T.);
#9534 = ORIENTED_EDGE('',*,*,#9479,.T.);
#9535 = ORIENTED_EDGE('',*,*,#9508,.T.);
#9536 = B_SPLINE_SURFACE_WITH_KNOTS('',1,1,(
    (#9537,#9538)
    ,(#9539,#9540
    )),.UNSPECIFIED.,.F.,.F.,.F.,(2,2),(2,2),(-7.746196476744E-03,
    0.134700638059),(-5.871599599921E-02,3.423836171942E-02),
  .PIECEWISE_BEZIER_KNOTS.);
#9537 = CARTESIAN_POINT('',(-0.217104280414,2.5005,0.877223980862));
#9538 = CARTESIAN_POINT('',(-0.124149922695,2.5005,0.877223980862));
#9539 = CARTESIAN_POINT('',(-0.217104280414,2.5005,1.019670815397));
#9540 = CARTESIAN_POINT('',(-0.124149922695,2.5005,1.019670815397));
#9541 = ADVANCED_FACE('',(#9542),#9564,.F.);
#9542 = FACE_BOUND('',#9543,.T.);
#9543 = EDGE_LOOP('',(#9544,#9545,#9552,#9559));
#9544 = ORIENTED_EDGE('',*,*,#184,.T.);
#9545 = ORIENTED_EDGE('',*,*,#9546,.F.);
#9546 = EDGE_CURVE('',#9547,#176,#9549,.T.);
#9547 = VERTEX_POINT('',#9548);
#9548 = CARTESIAN_POINT('',(-0.308325708272,2.5005,0.938292429147));
#9549 = B_SPLINE_CURVE_WITH_KNOTS('',1,(#9550,#9551),.UNSPECIFIED.,.F.,
  .F.,(2,2),(-0.,1.E-03),.PIECEWISE_BEZIER_KNOTS.);
#9550 = CARTESIAN_POINT('',(-0.308325708272,2.5005,0.938292429147));
#9551 = CARTESIAN_POINT('',(-0.308325708272,2.4995,0.938292429147));
#9552 = ORIENTED_EDGE('',*,*,#9553,.F.);
#9553 = EDGE_CURVE('',#9554,#9547,#9556,.T.);
#9554 = VERTEX_POINT('',#9555);
#9555 = CARTESIAN_POINT('',(-0.308325708272,2.5005,0.922834694791));
#9556 = B_SPLINE_CURVE_WITH_KNOTS('',1,(#9557,#9558),.UNSPECIFIED.,.F.,
  .F.,(2,2),(-1.545773435586E-02,0.),.PIECEWISE_BEZIER_KNOTS.);
#9557 = CARTESIAN_POINT('',(-0.308325708272,2.5005,0.922834694791));
#9558 = CARTESIAN_POINT('',(-0.308325708272,2.5005,0.938292429147));
#9559 = ORIENTED_EDGE('',*,*,#9560,.T.);
#9560 = EDGE_CURVE('',#9554,#185,#9561,.T.);
#9561 = B_SPLINE_CURVE_WITH_KNOTS('',1,(#9562,#9563),.UNSPECIFIED.,.F.,
  .F.,(2,2),(-0.,1.E-03),.PIECEWISE_BEZIER_KNOTS.);
#9562 = CARTESIAN_POINT('',(-0.308325708272,2.5005,0.922834694791));
#9563 = CARTESIAN_POINT('',(-0.308325708272,2.4995,0.922834694791));
#9564 = B_SPLINE_SURFACE_WITH_KNOTS('',1,1,(
    (#9565,#9566)
    ,(#9567,#9568
    )),.UNSPECIFIED.,.F.,.F.,.F.,(2,2),(2,2),(-0.,1.545773435586E-02),(
    -1.E-03,0.),.PIECEWISE_BEZIER_KNOTS.);
#9565 = CARTESIAN_POINT('',(-0.308325708272,2.4995,0.938292429147));
#9566 = CARTESIAN_POINT('',(-0.308325708272,2.5005,0.938292429147));
#9567 = CARTESIAN_POINT('',(-0.308325708272,2.4995,0.922834694791));
#9568 = CARTESIAN_POINT('',(-0.308325708272,2.5005,0.922834694791));
#9569 = ADVANCED_FACE('',(#9570),#9586,.F.);
#9570 = FACE_BOUND('',#9571,.T.);
#9571 = EDGE_LOOP('',(#9572,#9573,#9580,#9585));
#9572 = ORIENTED_EDGE('',*,*,#175,.T.);
#9573 = ORIENTED_EDGE('',*,*,#9574,.F.);
#9574 = EDGE_CURVE('',#9575,#178,#9577,.T.);
#9575 = VERTEX_POINT('',#9576);
#9576 = CARTESIAN_POINT('',(-0.252906611333,2.5005,0.938292429147));
#9577 = B_SPLINE_CURVE_WITH_KNOTS('',1,(#9578,#9579),.UNSPECIFIED.,.F.,
  .F.,(2,2),(-0.,1.E-03),.PIECEWISE_BEZIER_KNOTS.);
#9578 = CARTESIAN_POINT('',(-0.252906611333,2.5005,0.938292429147));
#9579 = CARTESIAN_POINT('',(-0.252906611333,2.4995,0.938292429147));
#9580 = ORIENTED_EDGE('',*,*,#9581,.F.);
#9581 = EDGE_CURVE('',#9547,#9575,#9582,.T.);
#9582 = B_SPLINE_CURVE_WITH_KNOTS('',1,(#9583,#9584),.UNSPECIFIED.,.F.,
  .F.,(2,2),(-5.541909693938E-02,0.),.PIECEWISE_BEZIER_KNOTS.);
#9583 = CARTESIAN_POINT('',(-0.308325708272,2.5005,0.938292429147));
#9584 = CARTESIAN_POINT('',(-0.252906611333,2.5005,0.938292429147));
#9585 = ORIENTED_EDGE('',*,*,#9546,.T.);
#9586 = B_SPLINE_SURFACE_WITH_KNOTS('',1,1,(
    (#9587,#9588)
    ,(#9589,#9590
    )),.UNSPECIFIED.,.F.,.F.,.F.,(2,2),(2,2),(0.,5.541909693938E-02),(
    -1.E-03,0.),.PIECEWISE_BEZIER_KNOTS.);
#9587 = CARTESIAN_POINT('',(-0.252906611333,2.4995,0.938292429147));
#9588 = CARTESIAN_POINT('',(-0.252906611333,2.5005,0.938292429147));
#9589 = CARTESIAN_POINT('',(-0.308325708272,2.4995,0.938292429147));
#9590 = CARTESIAN_POINT('',(-0.308325708272,2.5005,0.938292429147));
#9591 = ADVANCED_FACE('',(#9592),#9608,.F.);
#9592 = FACE_BOUND('',#9593,.T.);
#9593 = EDGE_LOOP('',(#9594,#9595,#9602,#9607));
#9594 = ORIENTED_EDGE('',*,*,#254,.T.);
#9595 = ORIENTED_EDGE('',*,*,#9596,.F.);
#9596 = EDGE_CURVE('',#9597,#248,#9599,.T.);
#9597 = VERTEX_POINT('',#9598);
#9598 = CARTESIAN_POINT('',(-0.252906611333,2.5005,0.983903143076));
#9599 = B_SPLINE_CURVE_WITH_KNOTS('',1,(#9600,#9601),.UNSPECIFIED.,.F.,
  .F.,(2,2),(-0.,1.E-03),.PIECEWISE_BEZIER_KNOTS.);
#9600 = CARTESIAN_POINT('',(-0.252906611333,2.5005,0.983903143076));
#9601 = CARTESIAN_POINT('',(-0.252906611333,2.4995,0.983903143076));
#9602 = ORIENTED_EDGE('',*,*,#9603,.F.);
#9603 = EDGE_CURVE('',#9575,#9597,#9604,.T.);
#9604 = B_SPLINE_CURVE_WITH_KNOTS('',1,(#9605,#9606),.UNSPECIFIED.,.F.,
  .F.,(2,2),(-4.561071392888E-02,0.),.PIECEWISE_BEZIER_KNOTS.);
#9605 = CARTESIAN_POINT('',(-0.252906611333,2.5005,0.938292429147));
#9606 = CARTESIAN_POINT('',(-0.252906611333,2.5005,0.983903143076));
#9607 = ORIENTED_EDGE('',*,*,#9574,.T.);
#9608 = B_SPLINE_SURFACE_WITH_KNOTS('',1,1,(
    (#9609,#9610)
    ,(#9611,#9612
    )),.UNSPECIFIED.,.F.,.F.,.F.,(2,2),(2,2),(-0.,4.561071392888E-02),(
    -1.E-03,0.),.PIECEWISE_BEZIER_KNOTS.);
#9609 = CARTESIAN_POINT('',(-0.252906611333,2.4995,0.983903143076));
#9610 = CARTESIAN_POINT('',(-0.252906611333,2.5005,0.983903143076));
#9611 = CARTESIAN_POINT('',(-0.252906611333,2.4995,0.938292429147));
#9612 = CARTESIAN_POINT('',(-0.252906611333,2.5005,0.938292429147));
#9613 = ADVANCED_FACE('',(#9614),#9630,.F.);
#9614 = FACE_BOUND('',#9615,.T.);
#9615 = EDGE_LOOP('',(#9616,#9617,#9624,#9629));
#9616 = ORIENTED_EDGE('',*,*,#247,.T.);
#9617 = ORIENTED_EDGE('',*,*,#9618,.F.);
#9618 = EDGE_CURVE('',#9619,#241,#9621,.T.);
#9619 = VERTEX_POINT('',#9620);
#9620 = CARTESIAN_POINT('',(-0.30139398883,2.5005,0.983903143076));
#9621 = B_SPLINE_CURVE_WITH_KNOTS('',1,(#9622,#9623),.UNSPECIFIED.,.F.,
  .F.,(2,2),(-0.,1.E-03),.PIECEWISE_BEZIER_KNOTS.);
#9622 = CARTESIAN_POINT('',(-0.30139398883,2.5005,0.983903143076));
#9623 = CARTESIAN_POINT('',(-0.30139398883,2.4995,0.983903143076));
#9624 = ORIENTED_EDGE('',*,*,#9625,.F.);
#9625 = EDGE_CURVE('',#9597,#9619,#9626,.T.);
#9626 = B_SPLINE_CURVE_WITH_KNOTS('',1,(#9627,#9628),.UNSPECIFIED.,.F.,
  .F.,(2,2),(-4.848737749685E-02,0.),.PIECEWISE_BEZIER_KNOTS.);
#9627 = CARTESIAN_POINT('',(-0.252906611333,2.5005,0.983903143076));
#9628 = CARTESIAN_POINT('',(-0.30139398883,2.5005,0.983903143076));
#9629 = ORIENTED_EDGE('',*,*,#9596,.T.);
#9630 = B_SPLINE_SURFACE_WITH_KNOTS('',1,1,(
    (#9631,#9632)
    ,(#9633,#9634
    )),.UNSPECIFIED.,.F.,.F.,.F.,(2,2),(2,2),(0.,4.848737749685E-02),(
    -1.E-03,0.),.PIECEWISE_BEZIER_KNOTS.);
#9631 = CARTESIAN_POINT('',(-0.30139398883,2.4995,0.983903143076));
#9632 = CARTESIAN_POINT('',(-0.30139398883,2.5005,0.983903143076));
#9633 = CARTESIAN_POINT('',(-0.252906611333,2.4995,0.983903143076));
#9634 = CARTESIAN_POINT('',(-0.252906611333,2.5005,0.983903143076));
#9635 = ADVANCED_FACE('',(#9636),#9652,.F.);
#9636 = FACE_BOUND('',#9637,.T.);
#9637 = EDGE_LOOP('',(#9638,#9639,#9646,#9651));
#9638 = ORIENTED_EDGE('',*,*,#240,.T.);
#9639 = ORIENTED_EDGE('',*,*,#9640,.F.);
#9640 = EDGE_CURVE('',#9641,#234,#9643,.T.);
#9641 = VERTEX_POINT('',#9642);
#9642 = CARTESIAN_POINT('',(-0.30139398883,2.5005,0.999430194626));
#9643 = B_SPLINE_CURVE_WITH_KNOTS('',1,(#9644,#9645),.UNSPECIFIED.,.F.,
  .F.,(2,2),(-0.,1.E-03),.PIECEWISE_BEZIER_KNOTS.);
#9644 = CARTESIAN_POINT('',(-0.30139398883,2.5005,0.999430194626));
#9645 = CARTESIAN_POINT('',(-0.30139398883,2.4995,0.999430194626));
#9646 = ORIENTED_EDGE('',*,*,#9647,.F.);
#9647 = EDGE_CURVE('',#9619,#9641,#9648,.T.);
#9648 = B_SPLINE_CURVE_WITH_KNOTS('',1,(#9649,#9650),.UNSPECIFIED.,.F.,
  .F.,(2,2),(-1.55270515502E-02,0.),.PIECEWISE_BEZIER_KNOTS.);
#9649 = CARTESIAN_POINT('',(-0.30139398883,2.5005,0.983903143076));
#9650 = CARTESIAN_POINT('',(-0.30139398883,2.5005,0.999430194626));
#9651 = ORIENTED_EDGE('',*,*,#9618,.T.);
#9652 = B_SPLINE_SURFACE_WITH_KNOTS('',1,1,(
    (#9653,#9654)
    ,(#9655,#9656
    )),.UNSPECIFIED.,.F.,.F.,.F.,(2,2),(2,2),(-0.,1.55270515502E-02),(
    -1.E-03,0.),.PIECEWISE_BEZIER_KNOTS.);
#9653 = CARTESIAN_POINT('',(-0.30139398883,2.4995,0.999430194626));
#9654 = CARTESIAN_POINT('',(-0.30139398883,2.5005,0.999430194626));
#9655 = CARTESIAN_POINT('',(-0.30139398883,2.4995,0.983903143076));
#9656 = CARTESIAN_POINT('',(-0.30139398883,2.5005,0.983903143076));
#9657 = ADVANCED_FACE('',(#9658),#9674,.F.);
#9658 = FACE_BOUND('',#9659,.T.);
#9659 = EDGE_LOOP('',(#9660,#9661,#9668,#9673));
#9660 = ORIENTED_EDGE('',*,*,#233,.T.);
#9661 = ORIENTED_EDGE('',*,*,#9662,.F.);
#9662 = EDGE_CURVE('',#9663,#227,#9665,.T.);
#9663 = VERTEX_POINT('',#9664);
#9664 = CARTESIAN_POINT('',(-0.252906611333,2.5005,0.999430194626));
#9665 = B_SPLINE_CURVE_WITH_KNOTS('',1,(#9666,#9667),.UNSPECIFIED.,.F.,
  .F.,(2,2),(-0.,1.E-03),.PIECEWISE_BEZIER_KNOTS.);
#9666 = CARTESIAN_POINT('',(-0.252906611333,2.5005,0.999430194626));
#9667 = CARTESIAN_POINT('',(-0.252906611333,2.4995,0.999430194626));
#9668 = ORIENTED_EDGE('',*,*,#9669,.F.);
#9669 = EDGE_CURVE('',#9641,#9663,#9670,.T.);
#9670 = B_SPLINE_CURVE_WITH_KNOTS('',1,(#9671,#9672),.UNSPECIFIED.,.F.,
  .F.,(2,2),(-4.848737749685E-02,0.),.PIECEWISE_BEZIER_KNOTS.);
#9671 = CARTESIAN_POINT('',(-0.30139398883,2.5005,0.999430194626));
#9672 = CARTESIAN_POINT('',(-0.252906611333,2.5005,0.999430194626));
#9673 = ORIENTED_EDGE('',*,*,#9640,.T.);
#9674 = B_SPLINE_SURFACE_WITH_KNOTS('',1,1,(
    (#9675,#9676)
    ,(#9677,#9678
    )),.UNSPECIFIED.,.F.,.F.,.F.,(2,2),(2,2),(0.,4.848737749685E-02),(
    -1.E-03,0.),.PIECEWISE_BEZIER_KNOTS.);
#9675 = CARTESIAN_POINT('',(-0.252906611333,2.4995,0.999430194626));
#9676 = CARTESIAN_POINT('',(-0.252906611333,2.5005,0.999430194626));
#9677 = CARTESIAN_POINT('',(-0.30139398883,2.4995,0.999430194626));
#9678 = CARTESIAN_POINT('',(-0.30139398883,2.5005,0.999430194626));
#9679 = ADVANCED_FACE('',(#9680),#9696,.F.);
#9680 = FACE_BOUND('',#9681,.T.);
#9681 = EDGE_LOOP('',(#9682,#9683,#9690,#9695));
#9682 = ORIENTED_EDGE('',*,*,#226,.T.);
#9683 = ORIENTED_EDGE('',*,*,#9684,.F.);
#9684 = EDGE_CURVE('',#9685,#220,#9687,.T.);
#9685 = VERTEX_POINT('',#9686);
#9686 = CARTESIAN_POINT('',(-0.252906611333,2.5005,1.042822758334));
#9687 = B_SPLINE_CURVE_WITH_KNOTS('',1,(#9688,#9689),.UNSPECIFIED.,.F.,
  .F.,(2,2),(-0.,1.E-03),.PIECEWISE_BEZIER_KNOTS.);
#9688 = CARTESIAN_POINT('',(-0.252906611333,2.5005,1.042822758334));
#9689 = CARTESIAN_POINT('',(-0.252906611333,2.4995,1.042822758334));
#9690 = ORIENTED_EDGE('',*,*,#9691,.F.);
#9691 = EDGE_CURVE('',#9663,#9685,#9692,.T.);
#9692 = B_SPLINE_CURVE_WITH_KNOTS('',1,(#9693,#9694),.UNSPECIFIED.,.F.,
  .F.,(2,2),(-4.339256370808E-02,0.),.PIECEWISE_BEZIER_KNOTS.);
#9693 = CARTESIAN_POINT('',(-0.252906611333,2.5005,0.999430194626));
#9694 = CARTESIAN_POINT('',(-0.252906611333,2.5005,1.042822758334));
#9695 = ORIENTED_EDGE('',*,*,#9662,.T.);
#9696 = B_SPLINE_SURFACE_WITH_KNOTS('',1,1,(
    (#9697,#9698)
    ,(#9699,#9700
    )),.UNSPECIFIED.,.F.,.F.,.F.,(2,2),(2,2),(-0.,4.339256370808E-02),(
    -1.E-03,0.),.PIECEWISE_BEZIER_KNOTS.);
#9697 = CARTESIAN_POINT('',(-0.252906611333,2.4995,1.042822758334));
#9698 = CARTESIAN_POINT('',(-0.252906611333,2.5005,1.042822758334));
#9699 = CARTESIAN_POINT('',(-0.252906611333,2.4995,0.999430194626));
#9700 = CARTESIAN_POINT('',(-0.252906611333,2.5005,0.999430194626));
#9701 = ADVANCED_FACE('',(#9702),#9718,.F.);
#9702 = FACE_BOUND('',#9703,.T.);
#9703 = EDGE_LOOP('',(#9704,#9705,#9712,#9717));
#9704 = ORIENTED_EDGE('',*,*,#219,.T.);
#9705 = ORIENTED_EDGE('',*,*,#9706,.F.);
#9706 = EDGE_CURVE('',#9707,#213,#9709,.T.);
#9707 = VERTEX_POINT('',#9708);
#9708 = CARTESIAN_POINT('',(-0.30524109312,2.5005,1.042822758334));
#9709 = B_SPLINE_CURVE_WITH_KNOTS('',1,(#9710,#9711),.UNSPECIFIED.,.F.,
  .F.,(2,2),(-0.,1.E-03),.PIECEWISE_BEZIER_KNOTS.);
#9710 = CARTESIAN_POINT('',(-0.30524109312,2.5005,1.042822758334));
#9711 = CARTESIAN_POINT('',(-0.30524109312,2.4995,1.042822758334));
#9712 = ORIENTED_EDGE('',*,*,#9713,.F.);
#9713 = EDGE_CURVE('',#9685,#9707,#9714,.T.);
#9714 = B_SPLINE_CURVE_WITH_KNOTS('',1,(#9715,#9716),.UNSPECIFIED.,.F.,
  .F.,(2,2),(-5.233448178746E-02,0.),.PIECEWISE_BEZIER_KNOTS.);
#9715 = CARTESIAN_POINT('',(-0.252906611333,2.5005,1.042822758334));
#9716 = CARTESIAN_POINT('',(-0.30524109312,2.5005,1.042822758334));
#9717 = ORIENTED_EDGE('',*,*,#9684,.T.);
#9718 = B_SPLINE_SURFACE_WITH_KNOTS('',1,1,(
    (#9719,#9720)
    ,(#9721,#9722
    )),.UNSPECIFIED.,.F.,.F.,.F.,(2,2),(2,2),(0.,5.233448178746E-02),(
    -1.E-03,0.),.PIECEWISE_BEZIER_KNOTS.);
#9719 = CARTESIAN_POINT('',(-0.30524109312,2.4995,1.042822758334));
#9720 = CARTESIAN_POINT('',(-0.30524109312,2.5005,1.042822758334));
#9721 = CARTESIAN_POINT('',(-0.252906611333,2.4995,1.042822758334));
#9722 = CARTESIAN_POINT('',(-0.252906611333,2.5005,1.042822758334));
#9723 = ADVANCED_FACE('',(#9724),#9740,.F.);
#9724 = FACE_BOUND('',#9725,.T.);
#9725 = EDGE_LOOP('',(#9726,#9727,#9734,#9739));
#9726 = ORIENTED_EDGE('',*,*,#212,.T.);
#9727 = ORIENTED_EDGE('',*,*,#9728,.F.);
#9728 = EDGE_CURVE('',#9729,#206,#9731,.T.);
#9729 = VERTEX_POINT('',#9730);
#9730 = CARTESIAN_POINT('',(-0.30524109312,2.5005,1.058419127079));
#9731 = B_SPLINE_CURVE_WITH_KNOTS('',1,(#9732,#9733),.UNSPECIFIED.,.F.,
  .F.,(2,2),(-0.,1.E-03),.PIECEWISE_BEZIER_KNOTS.);
#9732 = CARTESIAN_POINT('',(-0.30524109312,2.5005,1.058419127079));
#9733 = CARTESIAN_POINT('',(-0.30524109312,2.4995,1.058419127079));
#9734 = ORIENTED_EDGE('',*,*,#9735,.F.);
#9735 = EDGE_CURVE('',#9707,#9729,#9736,.T.);
#9736 = B_SPLINE_CURVE_WITH_KNOTS('',1,(#9737,#9738),.UNSPECIFIED.,.F.,
  .F.,(2,2),(-1.559636874454E-02,0.),.PIECEWISE_BEZIER_KNOTS.);
#9737 = CARTESIAN_POINT('',(-0.30524109312,2.5005,1.042822758334));
#9738 = CARTESIAN_POINT('',(-0.30524109312,2.5005,1.058419127079));
#9739 = ORIENTED_EDGE('',*,*,#9706,.T.);
#9740 = B_SPLINE_SURFACE_WITH_KNOTS('',1,1,(
    (#9741,#9742)
    ,(#9743,#9744
    )),.UNSPECIFIED.,.F.,.F.,.F.,(2,2),(2,2),(0.,1.559636874454E-02),(
    -1.E-03,0.),.PIECEWISE_BEZIER_KNOTS.);
#9741 = CARTESIAN_POINT('',(-0.30524109312,2.4995,1.058419127079));
#9742 = CARTESIAN_POINT('',(-0.30524109312,2.5005,1.058419127079));
#9743 = CARTESIAN_POINT('',(-0.30524109312,2.4995,1.042822758334));
#9744 = CARTESIAN_POINT('',(-0.30524109312,2.5005,1.042822758334));
#9745 = ADVANCED_FACE('',(#9746),#9762,.F.);
#9746 = FACE_BOUND('',#9747,.T.);
#9747 = EDGE_LOOP('',(#9748,#9749,#9756,#9761));
#9748 = ORIENTED_EDGE('',*,*,#205,.T.);
#9749 = ORIENTED_EDGE('',*,*,#9750,.F.);
#9750 = EDGE_CURVE('',#9751,#199,#9753,.T.);
#9751 = VERTEX_POINT('',#9752);
#9752 = CARTESIAN_POINT('',(-0.235404019741,2.5005,1.058419127079));
#9753 = B_SPLINE_CURVE_WITH_KNOTS('',1,(#9754,#9755),.UNSPECIFIED.,.F.,
  .F.,(2,2),(-0.,1.E-03),.PIECEWISE_BEZIER_KNOTS.);
#9754 = CARTESIAN_POINT('',(-0.235404019741,2.5005,1.058419127079));
#9755 = CARTESIAN_POINT('',(-0.235404019741,2.4995,1.058419127079));
#9756 = ORIENTED_EDGE('',*,*,#9757,.F.);
#9757 = EDGE_CURVE('',#9729,#9751,#9758,.T.);
#9758 = B_SPLINE_CURVE_WITH_KNOTS('',1,(#9759,#9760),.UNSPECIFIED.,.F.,
  .F.,(2,2),(-6.983707337918E-02,0.),.PIECEWISE_BEZIER_KNOTS.);
#9759 = CARTESIAN_POINT('',(-0.30524109312,2.5005,1.058419127079));
#9760 = CARTESIAN_POINT('',(-0.235404019741,2.5005,1.058419127079));
#9761 = ORIENTED_EDGE('',*,*,#9728,.T.);
#9762 = B_SPLINE_SURFACE_WITH_KNOTS('',1,1,(
    (#9763,#9764)
    ,(#9765,#9766
    )),.UNSPECIFIED.,.F.,.F.,.F.,(2,2),(2,2),(0.,6.983707337918E-02),(
    -1.E-03,0.),.PIECEWISE_BEZIER_KNOTS.);
#9763 = CARTESIAN_POINT('',(-0.235404019741,2.4995,1.058419127079));
#9764 = CARTESIAN_POINT('',(-0.235404019741,2.5005,1.058419127079));
#9765 = CARTESIAN_POINT('',(-0.30524109312,2.4995,1.058419127079));
#9766 = CARTESIAN_POINT('',(-0.30524109312,2.5005,1.058419127079));
#9767 = ADVANCED_FACE('',(#9768),#9784,.F.);
#9768 = FACE_BOUND('',#9769,.T.);
#9769 = EDGE_LOOP('',(#9770,#9771,#9778,#9783));
#9770 = ORIENTED_EDGE('',*,*,#198,.T.);
#9771 = ORIENTED_EDGE('',*,*,#9772,.F.);
#9772 = EDGE_CURVE('',#9773,#192,#9775,.T.);
#9773 = VERTEX_POINT('',#9774);
#9774 = CARTESIAN_POINT('',(-0.235404019741,2.5005,0.922834694791));
#9775 = B_SPLINE_CURVE_WITH_KNOTS('',1,(#9776,#9777),.UNSPECIFIED.,.F.,
  .F.,(2,2),(-0.,1.E-03),.PIECEWISE_BEZIER_KNOTS.);
#9776 = CARTESIAN_POINT('',(-0.235404019741,2.5005,0.922834694791));
#9777 = CARTESIAN_POINT('',(-0.235404019741,2.4995,0.922834694791));
#9778 = ORIENTED_EDGE('',*,*,#9779,.F.);
#9779 = EDGE_CURVE('',#9751,#9773,#9780,.T.);
#9780 = B_SPLINE_CURVE_WITH_KNOTS('',1,(#9781,#9782),.UNSPECIFIED.,.F.,
  .F.,(2,2),(-0.135584432288,-0.),.PIECEWISE_BEZIER_KNOTS.);
#9781 = CARTESIAN_POINT('',(-0.235404019741,2.5005,1.058419127079));
#9782 = CARTESIAN_POINT('',(-0.235404019741,2.5005,0.922834694791));
#9783 = ORIENTED_EDGE('',*,*,#9750,.T.);
#9784 = B_SPLINE_SURFACE_WITH_KNOTS('',1,1,(
    (#9785,#9786)
    ,(#9787,#9788
    )),.UNSPECIFIED.,.F.,.F.,.F.,(2,2),(2,2),(-1.775581746272E-30,
    0.135584432288),(-1.E-03,0.),.PIECEWISE_BEZIER_KNOTS.);
#9785 = CARTESIAN_POINT('',(-0.235404019741,2.4995,0.922834694791));
#9786 = CARTESIAN_POINT('',(-0.235404019741,2.5005,0.922834694791));
#9787 = CARTESIAN_POINT('',(-0.235404019741,2.4995,1.058419127079));
#9788 = CARTESIAN_POINT('',(-0.235404019741,2.5005,1.058419127079));
#9789 = ADVANCED_FACE('',(#9790),#9800,.F.);
#9790 = FACE_BOUND('',#9791,.T.);
#9791 = EDGE_LOOP('',(#9792,#9793,#9794,#9799));
#9792 = ORIENTED_EDGE('',*,*,#191,.T.);
#9793 = ORIENTED_EDGE('',*,*,#9560,.F.);
#9794 = ORIENTED_EDGE('',*,*,#9795,.F.);
#9795 = EDGE_CURVE('',#9773,#9554,#9796,.T.);
#9796 = B_SPLINE_CURVE_WITH_KNOTS('',1,(#9797,#9798),.UNSPECIFIED.,.F.,
  .F.,(2,2),(-7.29216885311E-02,0.),.PIECEWISE_BEZIER_KNOTS.);
#9797 = CARTESIAN_POINT('',(-0.235404019741,2.5005,0.922834694791));
#9798 = CARTESIAN_POINT('',(-0.308325708272,2.5005,0.922834694791));
#9799 = ORIENTED_EDGE('',*,*,#9772,.T.);
#9800 = B_SPLINE_SURFACE_WITH_KNOTS('',1,1,(
    (#9801,#9802)
    ,(#9803,#9804
    )),.UNSPECIFIED.,.F.,.F.,.F.,(2,2),(2,2),(0.,7.29216885311E-02),(
    -1.E-03,0.),.PIECEWISE_BEZIER_KNOTS.);
#9801 = CARTESIAN_POINT('',(-0.308325708272,2.4995,0.922834694791));
#9802 = CARTESIAN_POINT('',(-0.308325708272,2.5005,0.922834694791));
#9803 = CARTESIAN_POINT('',(-0.235404019741,2.4995,0.922834694791));
#9804 = CARTESIAN_POINT('',(-0.235404019741,2.5005,0.922834694791));
#9805 = ADVANCED_FACE('',(#9806),#9820,.F.);
#9806 = FACE_BOUND('',#9807,.T.);
#9807 = EDGE_LOOP('',(#9808,#9809,#9810,#9811,#9812,#9813,#9814,#9815,
    #9816,#9817,#9818,#9819));
#9808 = ORIENTED_EDGE('',*,*,#9553,.T.);
#9809 = ORIENTED_EDGE('',*,*,#9581,.T.);
#9810 = ORIENTED_EDGE('',*,*,#9603,.T.);
#9811 = ORIENTED_EDGE('',*,*,#9625,.T.);
#9812 = ORIENTED_EDGE('',*,*,#9647,.T.);
#9813 = ORIENTED_EDGE('',*,*,#9669,.T.);
#9814 = ORIENTED_EDGE('',*,*,#9691,.T.);
#9815 = ORIENTED_EDGE('',*,*,#9713,.T.);
#9816 = ORIENTED_EDGE('',*,*,#9735,.T.);
#9817 = ORIENTED_EDGE('',*,*,#9757,.T.);
#9818 = ORIENTED_EDGE('',*,*,#9779,.T.);
#9819 = ORIENTED_EDGE('',*,*,#9795,.T.);
#9820 = B_SPLINE_SURFACE_WITH_KNOTS('',1,1,(
    (#9821,#9822)
    ,(#9823,#9824
    )),.UNSPECIFIED.,.F.,.F.,.F.,(2,2),(2,2),(0.566580972921,
    0.702165405209),(-0.308325708272,-0.235404019741),
  .PIECEWISE_BEZIER_KNOTS.);
#9821 = CARTESIAN_POINT('',(-0.308325708272,2.5005,1.058419127079));
#9822 = CARTESIAN_POINT('',(-0.235404019741,2.5005,1.058419127079));
#9823 = CARTESIAN_POINT('',(-0.308325708272,2.5005,0.922834694791));
#9824 = CARTESIAN_POINT('',(-0.235404019741,2.5005,0.922834694791));
#9825 = ADVANCED_FACE('',(#9826,#9885),#9944,.T.);
#9826 = FACE_BOUND('',#9827,.T.);
#9827 = EDGE_LOOP('',(#9828,#9837,#9846,#9855,#9864,#9873,#9880));
#9828 = ORIENTED_EDGE('',*,*,#9829,.T.);
#9829 = EDGE_CURVE('',#9830,#9832,#9834,.T.);
#9830 = VERTEX_POINT('',#9831);
#9831 = CARTESIAN_POINT('',(-0.333938411611,2.5005,0.922834694791));
#9832 = VERTEX_POINT('',#9833);
#9833 = CARTESIAN_POINT('',(-0.37123106221,2.5005,0.922834694791));
#9834 = B_SPLINE_CURVE_WITH_KNOTS('',1,(#9835,#9836),.UNSPECIFIED.,.F.,
  .F.,(2,2),(-3.729265059858E-02,-1.110223024625E-16),
  .PIECEWISE_BEZIER_KNOTS.);
#9835 = CARTESIAN_POINT('',(-0.333938411611,2.5005,0.922834694791));
#9836 = CARTESIAN_POINT('',(-0.37123106221,2.5005,0.922834694791));
#9837 = ORIENTED_EDGE('',*,*,#9838,.T.);
#9838 = EDGE_CURVE('',#9832,#9839,#9841,.T.);
#9839 = VERTEX_POINT('',#9840);
#9840 = CARTESIAN_POINT('',(-0.423877471372,2.5005,0.941827606062));
#9841 = B_SPLINE_CURVE_WITH_KNOTS('',3,(#9842,#9843,#9844,#9845),
  .UNSPECIFIED.,.F.,.F.,(4,4),(5.,6.),.PIECEWISE_BEZIER_KNOTS.);
#9842 = CARTESIAN_POINT('',(-0.37123106221,2.5005,0.922834694791));
#9843 = CARTESIAN_POINT('',(-0.392684733883,2.5005,0.922834694791));
#9844 = CARTESIAN_POINT('',(-0.410256642669,2.5005,0.929142559483));
#9845 = CARTESIAN_POINT('',(-0.423877471372,2.5005,0.941827606062));
#9846 = ORIENTED_EDGE('',*,*,#9847,.T.);
#9847 = EDGE_CURVE('',#9839,#9848,#9850,.T.);
#9848 = VERTEX_POINT('',#9849);
#9849 = CARTESIAN_POINT('',(-0.444326043727,2.5005,0.992359840795));
#9850 = B_SPLINE_CURVE_WITH_KNOTS('',3,(#9851,#9852,#9853,#9854),
  .UNSPECIFIED.,.F.,.F.,(4,4),(4.,5.),.PIECEWISE_BEZIER_KNOTS.);
#9851 = CARTESIAN_POINT('',(-0.423877471372,2.5005,0.941827606062));
#9852 = CARTESIAN_POINT('',(-0.437498300076,2.5005,0.954512652642));
#9853 = CARTESIAN_POINT('',(-0.444326043727,2.5005,0.971356730885));
#9854 = CARTESIAN_POINT('',(-0.444326043727,2.5005,0.992359840795));
#9855 = ORIENTED_EDGE('',*,*,#9856,.T.);
#9856 = EDGE_CURVE('',#9848,#9857,#9859,.T.);
#9857 = VERTEX_POINT('',#9858);
#9858 = CARTESIAN_POINT('',(-0.423877471372,2.5005,1.040465973724));
#9859 = B_SPLINE_CURVE_WITH_KNOTS('',3,(#9860,#9861,#9862,#9863),
  .UNSPECIFIED.,.F.,.F.,(4,4),(3.,4.),.PIECEWISE_BEZIER_KNOTS.);
#9860 = CARTESIAN_POINT('',(-0.444326043727,2.5005,0.992359840795));
#9861 = CARTESIAN_POINT('',(-0.444326043727,2.5005,1.012461827177));
#9862 = CARTESIAN_POINT('',(-0.437498300076,2.5005,1.028474099089));
#9863 = CARTESIAN_POINT('',(-0.423877471372,2.5005,1.040465973724));
#9864 = ORIENTED_EDGE('',*,*,#9865,.T.);
#9865 = EDGE_CURVE('',#9857,#9866,#9868,.T.);
#9866 = VERTEX_POINT('',#9867);
#9867 = CARTESIAN_POINT('',(-0.372617406098,2.5005,1.058419127079));
#9868 = B_SPLINE_CURVE_WITH_KNOTS('',3,(#9869,#9870,#9871,#9872),
  .UNSPECIFIED.,.F.,.F.,(4,4),(2.,3.),.PIECEWISE_BEZIER_KNOTS.);
#9869 = CARTESIAN_POINT('',(-0.423877471372,2.5005,1.040465973724));
#9870 = CARTESIAN_POINT('',(-0.410256642669,2.5005,1.052457848358));
#9871 = CARTESIAN_POINT('',(-0.393169954243,2.5005,1.058419127079));
#9872 = CARTESIAN_POINT('',(-0.372617406098,2.5005,1.058419127079));
#9873 = ORIENTED_EDGE('',*,*,#9874,.T.);
#9874 = EDGE_CURVE('',#9866,#9875,#9877,.T.);
#9875 = VERTEX_POINT('',#9876);
#9876 = CARTESIAN_POINT('',(-0.333938411611,2.5005,1.058419127079));
#9877 = B_SPLINE_CURVE_WITH_KNOTS('',1,(#9878,#9879),.UNSPECIFIED.,.F.,
  .F.,(2,2),(-3.867899448635E-02,0.),.PIECEWISE_BEZIER_KNOTS.);
#9878 = CARTESIAN_POINT('',(-0.372617406098,2.5005,1.058419127079));
#9879 = CARTESIAN_POINT('',(-0.333938411611,2.5005,1.058419127079));
#9880 = ORIENTED_EDGE('',*,*,#9881,.T.);
#9881 = EDGE_CURVE('',#9875,#9830,#9882,.T.);
#9882 = B_SPLINE_CURVE_WITH_KNOTS('',1,(#9883,#9884),.UNSPECIFIED.,.F.,
  .F.,(2,2),(-0.135584432288,-0.),.PIECEWISE_BEZIER_KNOTS.);
#9883 = CARTESIAN_POINT('',(-0.333938411611,2.5005,1.058419127079));
#9884 = CARTESIAN_POINT('',(-0.333938411611,2.5005,0.922834694791));
#9885 = FACE_BOUND('',#9886,.T.);
#9886 = EDGE_LOOP('',(#9887,#9896,#9903,#9912,#9921,#9930,#9939));
#9887 = ORIENTED_EDGE('',*,*,#9888,.F.);
#9888 = EDGE_CURVE('',#9889,#9891,#9893,.T.);
#9889 = VERTEX_POINT('',#9890);
#9890 = CARTESIAN_POINT('',(-0.351441003202,2.5005,1.042822758334));
#9891 = VERTEX_POINT('',#9892);
#9892 = CARTESIAN_POINT('',(-0.351441003202,2.5005,0.938292429147));
#9893 = B_SPLINE_CURVE_WITH_KNOTS('',1,(#9894,#9895),.UNSPECIFIED.,.F.,
  .F.,(2,2),(0.,0.104530329187),.PIECEWISE_BEZIER_KNOTS.);
#9894 = CARTESIAN_POINT('',(-0.351441003202,2.5005,1.042822758334));
#9895 = CARTESIAN_POINT('',(-0.351441003202,2.5005,0.938292429147));
#9896 = ORIENTED_EDGE('',*,*,#9897,.F.);
#9897 = EDGE_CURVE('',#9898,#9889,#9900,.T.);
#9898 = VERTEX_POINT('',#9899);
#9899 = CARTESIAN_POINT('',(-0.371924234153,2.5005,1.042822758334));
#9900 = B_SPLINE_CURVE_WITH_KNOTS('',1,(#9901,#9902),.UNSPECIFIED.,.F.,
  .F.,(2,2),(1.110223024625E-16,2.048323095121E-02),
  .PIECEWISE_BEZIER_KNOTS.);
#9901 = CARTESIAN_POINT('',(-0.371924234153,2.5005,1.042822758334));
#9902 = CARTESIAN_POINT('',(-0.351441003202,2.5005,1.042822758334));
#9903 = ORIENTED_EDGE('',*,*,#9904,.F.);
#9904 = EDGE_CURVE('',#9905,#9898,#9907,.T.);
#9905 = VERTEX_POINT('',#9906);
#9906 = CARTESIAN_POINT('',(-0.411053790404,2.5005,1.030068394561));
#9907 = B_SPLINE_CURVE_WITH_KNOTS('',3,(#9908,#9909,#9910,#9911),
  .UNSPECIFIED.,.F.,.F.,(4,4),(5.,6.),.PIECEWISE_BEZIER_KNOTS.);
#9908 = CARTESIAN_POINT('',(-0.411053790404,2.5005,1.030068394561));
#9909 = CARTESIAN_POINT('',(-0.401141431602,2.5005,1.038594409474));
#9910 = CARTESIAN_POINT('',(-0.388075140453,2.5005,1.042822758334));
#9911 = CARTESIAN_POINT('',(-0.371924234153,2.5005,1.042822758334));
#9912 = ORIENTED_EDGE('',*,*,#9913,.F.);
#9913 = EDGE_CURVE('',#9914,#9905,#9916,.T.);
#9914 = VERTEX_POINT('',#9915);
#9915 = CARTESIAN_POINT('',(-0.425922328607,2.5005,0.991874620435));
#9916 = B_SPLINE_CURVE_WITH_KNOTS('',3,(#9917,#9918,#9919,#9920),
  .UNSPECIFIED.,.F.,.F.,(4,4),(4.,5.),.PIECEWISE_BEZIER_KNOTS.);
#9917 = CARTESIAN_POINT('',(-0.425922328607,2.5005,0.991874620435));
#9918 = CARTESIAN_POINT('',(-0.425922328607,2.5005,1.008788015874));
#9919 = CARTESIAN_POINT('',(-0.420966149206,2.5005,1.021542379646));
#9920 = CARTESIAN_POINT('',(-0.411053790404,2.5005,1.030068394561));
#9921 = ORIENTED_EDGE('',*,*,#9922,.F.);
#9922 = EDGE_CURVE('',#9923,#9914,#9925,.T.);
#9923 = VERTEX_POINT('',#9924);
#9924 = CARTESIAN_POINT('',(-0.411435034974,2.5005,0.952433136809));
#9925 = B_SPLINE_CURVE_WITH_KNOTS('',3,(#9926,#9927,#9928,#9929),
  .UNSPECIFIED.,.F.,.F.,(4,4),(3.,4.),.PIECEWISE_BEZIER_KNOTS.);
#9926 = CARTESIAN_POINT('',(-0.411435034974,2.5005,0.952433136809));
#9927 = CARTESIAN_POINT('',(-0.421104783595,2.5005,0.961790958056));
#9928 = CARTESIAN_POINT('',(-0.425922328607,2.5005,0.974961224996));
#9929 = CARTESIAN_POINT('',(-0.425922328607,2.5005,0.991874620435));
#9930 = ORIENTED_EDGE('',*,*,#9931,.F.);
#9931 = EDGE_CURVE('',#9932,#9923,#9934,.T.);
#9932 = VERTEX_POINT('',#9933);
#9933 = CARTESIAN_POINT('',(-0.371127086417,2.5005,0.938292429147));
#9934 = B_SPLINE_CURVE_WITH_KNOTS('',3,(#9935,#9936,#9937,#9938),
  .UNSPECIFIED.,.F.,.F.,(4,4),(2.,3.),.PIECEWISE_BEZIER_KNOTS.);
#9935 = CARTESIAN_POINT('',(-0.371127086417,2.5005,0.938292429147));
#9936 = CARTESIAN_POINT('',(-0.388352409231,2.5005,0.938292429147));
#9937 = CARTESIAN_POINT('',(-0.401799944949,2.5005,0.943005998367));
#9938 = CARTESIAN_POINT('',(-0.411435034974,2.5005,0.952433136809));
#9939 = ORIENTED_EDGE('',*,*,#9940,.F.);
#9940 = EDGE_CURVE('',#9891,#9932,#9941,.T.);
#9941 = B_SPLINE_CURVE_WITH_KNOTS('',1,(#9942,#9943),.UNSPECIFIED.,.F.,
  .F.,(2,2),(0.,1.968608321535E-02),.PIECEWISE_BEZIER_KNOTS.);
#9942 = CARTESIAN_POINT('',(-0.351441003202,2.5005,0.938292429147));
#9943 = CARTESIAN_POINT('',(-0.371127086417,2.5005,0.938292429147));
#9944 = B_SPLINE_SURFACE_WITH_KNOTS('',1,1,(
    (#9945,#9946)
    ,(#9947,#9948
    )),.UNSPECIFIED.,.F.,.F.,.F.,(2,2),(2,2),(-0.131104808598,
    4.479623689674E-03),(-4.347921020113E-02,6.690842191441E-02),
  .PIECEWISE_BEZIER_KNOTS.);
#9945 = CARTESIAN_POINT('',(-0.444326043727,2.5005,0.922834694791));
#9946 = CARTESIAN_POINT('',(-0.333938411611,2.5005,0.922834694791));
#9947 = CARTESIAN_POINT('',(-0.444326043727,2.5005,1.058419127079));
#9948 = CARTESIAN_POINT('',(-0.333938411611,2.5005,1.058419127079));
#9949 = ADVANCED_FACE('',(#9950),#9964,.F.);
#9950 = FACE_BOUND('',#9951,.T.);
#9951 = EDGE_LOOP('',(#9952,#9953,#9958,#9959));
#9952 = ORIENTED_EDGE('',*,*,#1179,.T.);
#9953 = ORIENTED_EDGE('',*,*,#9954,.F.);
#9954 = EDGE_CURVE('',#9832,#1169,#9955,.T.);
#9955 = B_SPLINE_CURVE_WITH_KNOTS('',1,(#9956,#9957),.UNSPECIFIED.,.F.,
  .F.,(2,2),(-0.,1.E-03),.PIECEWISE_BEZIER_KNOTS.);
#9956 = CARTESIAN_POINT('',(-0.37123106221,2.5005,0.922834694791));
#9957 = CARTESIAN_POINT('',(-0.37123106221,2.4995,0.922834694791));
#9958 = ORIENTED_EDGE('',*,*,#9829,.F.);
#9959 = ORIENTED_EDGE('',*,*,#9960,.T.);
#9960 = EDGE_CURVE('',#9830,#1180,#9961,.T.);
#9961 = B_SPLINE_CURVE_WITH_KNOTS('',1,(#9962,#9963),.UNSPECIFIED.,.F.,
  .F.,(2,2),(-0.,1.E-03),.PIECEWISE_BEZIER_KNOTS.);
#9962 = CARTESIAN_POINT('',(-0.333938411611,2.5005,0.922834694791));
#9963 = CARTESIAN_POINT('',(-0.333938411611,2.4995,0.922834694791));
#9964 = B_SPLINE_SURFACE_WITH_KNOTS('',1,1,(
    (#9965,#9966)
    ,(#9967,#9968
    )),.UNSPECIFIED.,.F.,.F.,.F.,(2,2),(2,2),(1.110223024625E-16,
    3.729265059858E-02),(-1.E-03,0.),.PIECEWISE_BEZIER_KNOTS.);
#9965 = CARTESIAN_POINT('',(-0.37123106221,2.4995,0.922834694791));
#9966 = CARTESIAN_POINT('',(-0.37123106221,2.5005,0.922834694791));
#9967 = CARTESIAN_POINT('',(-0.333938411611,2.4995,0.922834694791));
#9968 = CARTESIAN_POINT('',(-0.333938411611,2.5005,0.922834694791));
#9969 = ADVANCED_FACE('',(#9970),#9980,.F.);
#9970 = FACE_BOUND('',#9971,.F.);
#9971 = EDGE_LOOP('',(#9972,#9973,#9974,#9979));
#9972 = ORIENTED_EDGE('',*,*,#9954,.F.);
#9973 = ORIENTED_EDGE('',*,*,#9838,.T.);
#9974 = ORIENTED_EDGE('',*,*,#9975,.T.);
#9975 = EDGE_CURVE('',#9839,#1171,#9976,.T.);
#9976 = B_SPLINE_CURVE_WITH_KNOTS('',1,(#9977,#9978),.UNSPECIFIED.,.F.,
  .F.,(2,2),(-0.,1.E-03),.PIECEWISE_BEZIER_KNOTS.);
#9977 = CARTESIAN_POINT('',(-0.423877471372,2.5005,0.941827606062));
#9978 = CARTESIAN_POINT('',(-0.423877471372,2.4995,0.941827606062));
#9979 = ORIENTED_EDGE('',*,*,#1168,.F.);
#9980 = B_SPLINE_SURFACE_WITH_KNOTS('',3,1,(
    (#9981,#9982)
    ,(#9983,#9984)
    ,(#9985,#9986)
    ,(#9987,#9988
    )),.UNSPECIFIED.,.F.,.F.,.F.,(4,4),(2,2),(5.,6.),(0.,1.),
  .PIECEWISE_BEZIER_KNOTS.);
#9981 = CARTESIAN_POINT('',(-0.37123106221,2.5005,0.922834694791));
#9982 = CARTESIAN_POINT('',(-0.37123106221,2.4995,0.922834694791));
#9983 = CARTESIAN_POINT('',(-0.392684733883,2.5005,0.922834694791));
#9984 = CARTESIAN_POINT('',(-0.392684733883,2.4995,0.922834694791));
#9985 = CARTESIAN_POINT('',(-0.410256642669,2.5005,0.929142559483));
#9986 = CARTESIAN_POINT('',(-0.410256642669,2.4995,0.929142559483));
#9987 = CARTESIAN_POINT('',(-0.423877471372,2.5005,0.941827606062));
#9988 = CARTESIAN_POINT('',(-0.423877471372,2.4995,0.941827606062));
#9989 = ADVANCED_FACE('',(#9990),#10000,.F.);
#9990 = FACE_BOUND('',#9991,.F.);
#9991 = EDGE_LOOP('',(#9992,#9993,#9994,#9999));
#9992 = ORIENTED_EDGE('',*,*,#9975,.F.);
#9993 = ORIENTED_EDGE('',*,*,#9847,.T.);
#9994 = ORIENTED_EDGE('',*,*,#9995,.T.);
#9995 = EDGE_CURVE('',#9848,#1210,#9996,.T.);
#9996 = B_SPLINE_CURVE_WITH_KNOTS('',1,(#9997,#9998),.UNSPECIFIED.,.F.,
  .F.,(2,2),(-0.,1.E-03),.PIECEWISE_BEZIER_KNOTS.);
#9997 = CARTESIAN_POINT('',(-0.444326043727,2.5005,0.992359840795));
#9998 = CARTESIAN_POINT('',(-0.444326043727,2.4995,0.992359840795));
#9999 = ORIENTED_EDGE('',*,*,#1218,.F.);
#10000 = B_SPLINE_SURFACE_WITH_KNOTS('',3,1,(
    (#10001,#10002)
    ,(#10003,#10004)
    ,(#10005,#10006)
    ,(#10007,#10008
    )),.UNSPECIFIED.,.F.,.F.,.F.,(4,4),(2,2),(4.,5.),(0.,1.),
  .PIECEWISE_BEZIER_KNOTS.);
#10001 = CARTESIAN_POINT('',(-0.423877471372,2.5005,0.941827606062));
#10002 = CARTESIAN_POINT('',(-0.423877471372,2.4995,0.941827606062));
#10003 = CARTESIAN_POINT('',(-0.437498300076,2.5005,0.954512652642));
#10004 = CARTESIAN_POINT('',(-0.437498300076,2.4995,0.954512652642));
#10005 = CARTESIAN_POINT('',(-0.444326043727,2.5005,0.971356730885));
#10006 = CARTESIAN_POINT('',(-0.444326043727,2.4995,0.971356730885));
#10007 = CARTESIAN_POINT('',(-0.444326043727,2.5005,0.992359840795));
#10008 = CARTESIAN_POINT('',(-0.444326043727,2.4995,0.992359840795));
#10009 = ADVANCED_FACE('',(#10010),#10020,.F.);
#10010 = FACE_BOUND('',#10011,.F.);
#10011 = EDGE_LOOP('',(#10012,#10013,#10014,#10019));
#10012 = ORIENTED_EDGE('',*,*,#9995,.F.);
#10013 = ORIENTED_EDGE('',*,*,#9856,.T.);
#10014 = ORIENTED_EDGE('',*,*,#10015,.T.);
#10015 = EDGE_CURVE('',#9857,#1201,#10016,.T.);
#10016 = B_SPLINE_CURVE_WITH_KNOTS('',1,(#10017,#10018),.UNSPECIFIED.,
  .F.,.F.,(2,2),(-0.,1.E-03),.PIECEWISE_BEZIER_KNOTS.);
#10017 = CARTESIAN_POINT('',(-0.423877471372,2.5005,1.040465973724));
#10018 = CARTESIAN_POINT('',(-0.423877471372,2.4995,1.040465973724));
#10019 = ORIENTED_EDGE('',*,*,#1209,.F.);
#10020 = B_SPLINE_SURFACE_WITH_KNOTS('',3,1,(
    (#10021,#10022)
    ,(#10023,#10024)
    ,(#10025,#10026)
    ,(#10027,#10028
    )),.UNSPECIFIED.,.F.,.F.,.F.,(4,4),(2,2),(3.,4.),(0.,1.),
  .PIECEWISE_BEZIER_KNOTS.);
#10021 = CARTESIAN_POINT('',(-0.444326043727,2.5005,0.992359840795));
#10022 = CARTESIAN_POINT('',(-0.444326043727,2.4995,0.992359840795));
#10023 = CARTESIAN_POINT('',(-0.444326043727,2.5005,1.012461827177));
#10024 = CARTESIAN_POINT('',(-0.444326043727,2.4995,1.012461827177));
#10025 = CARTESIAN_POINT('',(-0.437498300076,2.5005,1.028474099089));
#10026 = CARTESIAN_POINT('',(-0.437498300076,2.4995,1.028474099089));
#10027 = CARTESIAN_POINT('',(-0.423877471372,2.5005,1.040465973724));
#10028 = CARTESIAN_POINT('',(-0.423877471372,2.4995,1.040465973724));
#10029 = ADVANCED_FACE('',(#10030),#10040,.F.);
#10030 = FACE_BOUND('',#10031,.F.);
#10031 = EDGE_LOOP('',(#10032,#10033,#10034,#10039));
#10032 = ORIENTED_EDGE('',*,*,#10015,.F.);
#10033 = ORIENTED_EDGE('',*,*,#9865,.T.);
#10034 = ORIENTED_EDGE('',*,*,#10035,.T.);
#10035 = EDGE_CURVE('',#9866,#1194,#10036,.T.);
#10036 = B_SPLINE_CURVE_WITH_KNOTS('',1,(#10037,#10038),.UNSPECIFIED.,
  .F.,.F.,(2,2),(-0.,1.E-03),.PIECEWISE_BEZIER_KNOTS.);
#10037 = CARTESIAN_POINT('',(-0.372617406098,2.5005,1.058419127079));
#10038 = CARTESIAN_POINT('',(-0.372617406098,2.4995,1.058419127079));
#10039 = ORIENTED_EDGE('',*,*,#1200,.F.);
#10040 = B_SPLINE_SURFACE_WITH_KNOTS('',3,1,(
    (#10041,#10042)
    ,(#10043,#10044)
    ,(#10045,#10046)
    ,(#10047,#10048
    )),.UNSPECIFIED.,.F.,.F.,.F.,(4,4),(2,2),(2.,3.),(0.,1.),
  .PIECEWISE_BEZIER_KNOTS.);
#10041 = CARTESIAN_POINT('',(-0.423877471372,2.5005,1.040465973724));
#10042 = CARTESIAN_POINT('',(-0.423877471372,2.4995,1.040465973724));
#10043 = CARTESIAN_POINT('',(-0.410256642669,2.5005,1.052457848358));
#10044 = CARTESIAN_POINT('',(-0.410256642669,2.4995,1.052457848358));
#10045 = CARTESIAN_POINT('',(-0.393169954243,2.5005,1.058419127079));
#10046 = CARTESIAN_POINT('',(-0.393169954243,2.4995,1.058419127079));
#10047 = CARTESIAN_POINT('',(-0.372617406098,2.5005,1.058419127079));
#10048 = CARTESIAN_POINT('',(-0.372617406098,2.4995,1.058419127079));
#10049 = ADVANCED_FACE('',(#10050),#10060,.F.);
#10050 = FACE_BOUND('',#10051,.T.);
#10051 = EDGE_LOOP('',(#10052,#10053,#10058,#10059));
#10052 = ORIENTED_EDGE('',*,*,#1193,.T.);
#10053 = ORIENTED_EDGE('',*,*,#10054,.F.);
#10054 = EDGE_CURVE('',#9875,#1187,#10055,.T.);
#10055 = B_SPLINE_CURVE_WITH_KNOTS('',1,(#10056,#10057),.UNSPECIFIED.,
  .F.,.F.,(2,2),(-0.,1.E-03),.PIECEWISE_BEZIER_KNOTS.);
#10056 = CARTESIAN_POINT('',(-0.333938411611,2.5005,1.058419127079));
#10057 = CARTESIAN_POINT('',(-0.333938411611,2.4995,1.058419127079));
#10058 = ORIENTED_EDGE('',*,*,#9874,.F.);
#10059 = ORIENTED_EDGE('',*,*,#10035,.T.);
#10060 = B_SPLINE_SURFACE_WITH_KNOTS('',1,1,(
    (#10061,#10062)
    ,(#10063,#10064
    )),.UNSPECIFIED.,.F.,.F.,.F.,(2,2),(2,2),(0.,3.867899448635E-02),(
    -1.E-03,0.),.PIECEWISE_BEZIER_KNOTS.);
#10061 = CARTESIAN_POINT('',(-0.333938411611,2.4995,1.058419127079));
#10062 = CARTESIAN_POINT('',(-0.333938411611,2.5005,1.058419127079));
#10063 = CARTESIAN_POINT('',(-0.372617406098,2.4995,1.058419127079));
#10064 = CARTESIAN_POINT('',(-0.372617406098,2.5005,1.058419127079));
#10065 = ADVANCED_FACE('',(#10066),#10072,.F.);
#10066 = FACE_BOUND('',#10067,.T.);
#10067 = EDGE_LOOP('',(#10068,#10069,#10070,#10071));
#10068 = ORIENTED_EDGE('',*,*,#1186,.T.);
#10069 = ORIENTED_EDGE('',*,*,#9960,.F.);
#10070 = ORIENTED_EDGE('',*,*,#9881,.F.);
#10071 = ORIENTED_EDGE('',*,*,#10054,.T.);
#10072 = B_SPLINE_SURFACE_WITH_KNOTS('',1,1,(
    (#10073,#10074)
    ,(#10075,#10076
    )),.UNSPECIFIED.,.F.,.F.,.F.,(2,2),(2,2),(0.,0.135584432288),(
    -1.E-03,0.),.PIECEWISE_BEZIER_KNOTS.);
#10073 = CARTESIAN_POINT('',(-0.333938411611,2.4995,0.922834694791));
#10074 = CARTESIAN_POINT('',(-0.333938411611,2.5005,0.922834694791));
#10075 = CARTESIAN_POINT('',(-0.333938411611,2.4995,1.058419127079));
#10076 = CARTESIAN_POINT('',(-0.333938411611,2.5005,1.058419127079));
#10077 = ADVANCED_FACE('',(#10078),#10100,.T.);
#10078 = FACE_BOUND('',#10079,.T.);
#10079 = EDGE_LOOP('',(#10080,#10089,#10094,#10095));
#10080 = ORIENTED_EDGE('',*,*,#10081,.F.);
#10081 = EDGE_CURVE('',#10082,#10084,#10086,.T.);
#10082 = VERTEX_POINT('',#10083);
#10083 = CARTESIAN_POINT('',(-0.371924234153,2.4995,1.042822758334));
#10084 = VERTEX_POINT('',#10085);
#10085 = CARTESIAN_POINT('',(-0.351441003202,2.4995,1.042822758334));
#10086 = B_SPLINE_CURVE_WITH_KNOTS('',1,(#10087,#10088),.UNSPECIFIED.,
  .F.,.F.,(2,2),(1.110223024625E-16,2.048323095121E-02),
  .PIECEWISE_BEZIER_KNOTS.);
#10087 = CARTESIAN_POINT('',(-0.371924234153,2.4995,1.042822758334));
#10088 = CARTESIAN_POINT('',(-0.351441003202,2.4995,1.042822758334));
#10089 = ORIENTED_EDGE('',*,*,#10090,.F.);
#10090 = EDGE_CURVE('',#9898,#10082,#10091,.T.);
#10091 = B_SPLINE_CURVE_WITH_KNOTS('',1,(#10092,#10093),.UNSPECIFIED.,
  .F.,.F.,(2,2),(-0.,1.E-03),.PIECEWISE_BEZIER_KNOTS.);
#10092 = CARTESIAN_POINT('',(-0.371924234153,2.5005,1.042822758334));
#10093 = CARTESIAN_POINT('',(-0.371924234153,2.4995,1.042822758334));
#10094 = ORIENTED_EDGE('',*,*,#9897,.T.);
#10095 = ORIENTED_EDGE('',*,*,#10096,.T.);
#10096 = EDGE_CURVE('',#9889,#10084,#10097,.T.);
#10097 = B_SPLINE_CURVE_WITH_KNOTS('',1,(#10098,#10099),.UNSPECIFIED.,
  .F.,.F.,(2,2),(-0.,1.E-03),.PIECEWISE_BEZIER_KNOTS.);
#10098 = CARTESIAN_POINT('',(-0.351441003202,2.5005,1.042822758334));
#10099 = CARTESIAN_POINT('',(-0.351441003202,2.4995,1.042822758334));
#10100 = B_SPLINE_SURFACE_WITH_KNOTS('',1,1,(
    (#10101,#10102)
    ,(#10103,#10104
    )),.UNSPECIFIED.,.F.,.F.,.F.,(2,2),(2,2),(-2.048323095121E-02,
    -1.110223024625E-16),(-1.E-03,0.),.PIECEWISE_BEZIER_KNOTS.);
#10101 = CARTESIAN_POINT('',(-0.351441003202,2.4995,1.042822758334));
#10102 = CARTESIAN_POINT('',(-0.351441003202,2.5005,1.042822758334));
#10103 = CARTESIAN_POINT('',(-0.371924234153,2.4995,1.042822758334));
#10104 = CARTESIAN_POINT('',(-0.371924234153,2.5005,1.042822758334));
#10105 = ADVANCED_FACE('',(#10106),#10122,.T.);
#10106 = FACE_BOUND('',#10107,.T.);
#10107 = EDGE_LOOP('',(#10108,#10115,#10116,#10117));
#10108 = ORIENTED_EDGE('',*,*,#10109,.F.);
#10109 = EDGE_CURVE('',#10084,#10110,#10112,.T.);
#10110 = VERTEX_POINT('',#10111);
#10111 = CARTESIAN_POINT('',(-0.351441003202,2.4995,0.938292429147));
#10112 = B_SPLINE_CURVE_WITH_KNOTS('',1,(#10113,#10114),.UNSPECIFIED.,
  .F.,.F.,(2,2),(-2.22044604925E-16,0.104530329187),
  .PIECEWISE_BEZIER_KNOTS.);
#10113 = CARTESIAN_POINT('',(-0.351441003202,2.4995,1.042822758334));
#10114 = CARTESIAN_POINT('',(-0.351441003202,2.4995,0.938292429147));
#10115 = ORIENTED_EDGE('',*,*,#10096,.F.);
#10116 = ORIENTED_EDGE('',*,*,#9888,.T.);
#10117 = ORIENTED_EDGE('',*,*,#10118,.T.);
#10118 = EDGE_CURVE('',#9891,#10110,#10119,.T.);
#10119 = B_SPLINE_CURVE_WITH_KNOTS('',1,(#10120,#10121),.UNSPECIFIED.,
  .F.,.F.,(2,2),(-0.,1.E-03),.PIECEWISE_BEZIER_KNOTS.);
#10120 = CARTESIAN_POINT('',(-0.351441003202,2.5005,0.938292429147));
#10121 = CARTESIAN_POINT('',(-0.351441003202,2.4995,0.938292429147));
#10122 = B_SPLINE_SURFACE_WITH_KNOTS('',1,1,(
    (#10123,#10124)
    ,(#10125,#10126
    )),.UNSPECIFIED.,.F.,.F.,.F.,(2,2),(2,2),(-0.104530329187,
    2.22044604925E-16),(-1.E-03,0.),.PIECEWISE_BEZIER_KNOTS.);
#10123 = CARTESIAN_POINT('',(-0.351441003202,2.4995,0.938292429147));
#10124 = CARTESIAN_POINT('',(-0.351441003202,2.5005,0.938292429147));
#10125 = CARTESIAN_POINT('',(-0.351441003202,2.4995,1.042822758334));
#10126 = CARTESIAN_POINT('',(-0.351441003202,2.5005,1.042822758334));
#10127 = ADVANCED_FACE('',(#10128),#10144,.T.);
#10128 = FACE_BOUND('',#10129,.T.);
#10129 = EDGE_LOOP('',(#10130,#10137,#10138,#10139));
#10130 = ORIENTED_EDGE('',*,*,#10131,.F.);
#10131 = EDGE_CURVE('',#10110,#10132,#10134,.T.);
#10132 = VERTEX_POINT('',#10133);
#10133 = CARTESIAN_POINT('',(-0.371127086417,2.4995,0.938292429147));
#10134 = B_SPLINE_CURVE_WITH_KNOTS('',1,(#10135,#10136),.UNSPECIFIED.,
  .F.,.F.,(2,2),(2.22044604925E-16,1.968608321535E-02),
  .PIECEWISE_BEZIER_KNOTS.);
#10135 = CARTESIAN_POINT('',(-0.351441003202,2.4995,0.938292429147));
#10136 = CARTESIAN_POINT('',(-0.371127086417,2.4995,0.938292429147));
#10137 = ORIENTED_EDGE('',*,*,#10118,.F.);
#10138 = ORIENTED_EDGE('',*,*,#9940,.T.);
#10139 = ORIENTED_EDGE('',*,*,#10140,.T.);
#10140 = EDGE_CURVE('',#9932,#10132,#10141,.T.);
#10141 = B_SPLINE_CURVE_WITH_KNOTS('',1,(#10142,#10143),.UNSPECIFIED.,
  .F.,.F.,(2,2),(-0.,1.E-03),.PIECEWISE_BEZIER_KNOTS.);
#10142 = CARTESIAN_POINT('',(-0.371127086417,2.5005,0.938292429147));
#10143 = CARTESIAN_POINT('',(-0.371127086417,2.4995,0.938292429147));
#10144 = B_SPLINE_SURFACE_WITH_KNOTS('',1,1,(
    (#10145,#10146)
    ,(#10147,#10148
    )),.UNSPECIFIED.,.F.,.F.,.F.,(2,2),(2,2),(-1.968608321535E-02,0.),(
    -1.E-03,0.),.PIECEWISE_BEZIER_KNOTS.);
#10145 = CARTESIAN_POINT('',(-0.371127086417,2.4995,0.938292429147));
#10146 = CARTESIAN_POINT('',(-0.371127086417,2.5005,0.938292429147));
#10147 = CARTESIAN_POINT('',(-0.351441003202,2.4995,0.938292429147));
#10148 = CARTESIAN_POINT('',(-0.351441003202,2.5005,0.938292429147));
#10149 = ADVANCED_FACE('',(#10150),#10168,.T.);
#10150 = FACE_BOUND('',#10151,.T.);
#10151 = EDGE_LOOP('',(#10152,#10161,#10162,#10163));
#10152 = ORIENTED_EDGE('',*,*,#10153,.F.);
#10153 = EDGE_CURVE('',#10132,#10154,#10156,.T.);
#10154 = VERTEX_POINT('',#10155);
#10155 = CARTESIAN_POINT('',(-0.411435034974,2.4995,0.952433136809));
#10156 = B_SPLINE_CURVE_WITH_KNOTS('',3,(#10157,#10158,#10159,#10160),
  .UNSPECIFIED.,.F.,.F.,(4,4),(2.,3.),.PIECEWISE_BEZIER_KNOTS.);
#10157 = CARTESIAN_POINT('',(-0.371127086417,2.4995,0.938292429147));
#10158 = CARTESIAN_POINT('',(-0.388352409231,2.4995,0.938292429147));
#10159 = CARTESIAN_POINT('',(-0.401799944949,2.4995,0.943005998367));
#10160 = CARTESIAN_POINT('',(-0.411435034974,2.4995,0.952433136809));
#10161 = ORIENTED_EDGE('',*,*,#10140,.F.);
#10162 = ORIENTED_EDGE('',*,*,#9931,.T.);
#10163 = ORIENTED_EDGE('',*,*,#10164,.T.);
#10164 = EDGE_CURVE('',#9923,#10154,#10165,.T.);
#10165 = B_SPLINE_CURVE_WITH_KNOTS('',1,(#10166,#10167),.UNSPECIFIED.,
  .F.,.F.,(2,2),(-0.,1.E-03),.PIECEWISE_BEZIER_KNOTS.);
#10166 = CARTESIAN_POINT('',(-0.411435034974,2.5005,0.952433136809));
#10167 = CARTESIAN_POINT('',(-0.411435034974,2.4995,0.952433136809));
#10168 = B_SPLINE_SURFACE_WITH_KNOTS('',3,1,(
    (#10169,#10170)
    ,(#10171,#10172)
    ,(#10173,#10174)
    ,(#10175,#10176
    )),.UNSPECIFIED.,.F.,.F.,.F.,(4,4),(2,2),(2.,3.),(0.,1.),
  .PIECEWISE_BEZIER_KNOTS.);
#10169 = CARTESIAN_POINT('',(-0.371127086417,2.5005,0.938292429147));
#10170 = CARTESIAN_POINT('',(-0.371127086417,2.4995,0.938292429147));
#10171 = CARTESIAN_POINT('',(-0.388352409231,2.5005,0.938292429147));
#10172 = CARTESIAN_POINT('',(-0.388352409231,2.4995,0.938292429147));
#10173 = CARTESIAN_POINT('',(-0.401799944949,2.5005,0.943005998367));
#10174 = CARTESIAN_POINT('',(-0.401799944949,2.4995,0.943005998367));
#10175 = CARTESIAN_POINT('',(-0.411435034974,2.5005,0.952433136809));
#10176 = CARTESIAN_POINT('',(-0.411435034974,2.4995,0.952433136809));
#10177 = ADVANCED_FACE('',(#10178),#10196,.T.);
#10178 = FACE_BOUND('',#10179,.T.);
#10179 = EDGE_LOOP('',(#10180,#10189,#10190,#10191));
#10180 = ORIENTED_EDGE('',*,*,#10181,.F.);
#10181 = EDGE_CURVE('',#10154,#10182,#10184,.T.);
#10182 = VERTEX_POINT('',#10183);
#10183 = CARTESIAN_POINT('',(-0.425922328607,2.4995,0.991874620435));
#10184 = B_SPLINE_CURVE_WITH_KNOTS('',3,(#10185,#10186,#10187,#10188),
  .UNSPECIFIED.,.F.,.F.,(4,4),(3.,4.),.PIECEWISE_BEZIER_KNOTS.);
#10185 = CARTESIAN_POINT('',(-0.411435034974,2.4995,0.952433136809));
#10186 = CARTESIAN_POINT('',(-0.421104783595,2.4995,0.961790958056));
#10187 = CARTESIAN_POINT('',(-0.425922328607,2.4995,0.974961224996));
#10188 = CARTESIAN_POINT('',(-0.425922328607,2.4995,0.991874620435));
#10189 = ORIENTED_EDGE('',*,*,#10164,.F.);
#10190 = ORIENTED_EDGE('',*,*,#9922,.T.);
#10191 = ORIENTED_EDGE('',*,*,#10192,.T.);
#10192 = EDGE_CURVE('',#9914,#10182,#10193,.T.);
#10193 = B_SPLINE_CURVE_WITH_KNOTS('',1,(#10194,#10195),.UNSPECIFIED.,
  .F.,.F.,(2,2),(-0.,1.E-03),.PIECEWISE_BEZIER_KNOTS.);
#10194 = CARTESIAN_POINT('',(-0.425922328607,2.5005,0.991874620435));
#10195 = CARTESIAN_POINT('',(-0.425922328607,2.4995,0.991874620435));
#10196 = B_SPLINE_SURFACE_WITH_KNOTS('',3,1,(
    (#10197,#10198)
    ,(#10199,#10200)
    ,(#10201,#10202)
    ,(#10203,#10204
    )),.UNSPECIFIED.,.F.,.F.,.F.,(4,4),(2,2),(3.,4.),(0.,1.),
  .PIECEWISE_BEZIER_KNOTS.);
#10197 = CARTESIAN_POINT('',(-0.411435034974,2.5005,0.952433136809));
#10198 = CARTESIAN_POINT('',(-0.411435034974,2.4995,0.952433136809));
#10199 = CARTESIAN_POINT('',(-0.421104783595,2.5005,0.961790958056));
#10200 = CARTESIAN_POINT('',(-0.421104783595,2.4995,0.961790958056));
#10201 = CARTESIAN_POINT('',(-0.425922328607,2.5005,0.974961224996));
#10202 = CARTESIAN_POINT('',(-0.425922328607,2.4995,0.974961224996));
#10203 = CARTESIAN_POINT('',(-0.425922328607,2.5005,0.991874620435));
#10204 = CARTESIAN_POINT('',(-0.425922328607,2.4995,0.991874620435));
#10205 = ADVANCED_FACE('',(#10206),#10224,.T.);
#10206 = FACE_BOUND('',#10207,.T.);
#10207 = EDGE_LOOP('',(#10208,#10217,#10218,#10219));
#10208 = ORIENTED_EDGE('',*,*,#10209,.F.);
#10209 = EDGE_CURVE('',#10182,#10210,#10212,.T.);
#10210 = VERTEX_POINT('',#10211);
#10211 = CARTESIAN_POINT('',(-0.411053790404,2.4995,1.030068394561));
#10212 = B_SPLINE_CURVE_WITH_KNOTS('',3,(#10213,#10214,#10215,#10216),
  .UNSPECIFIED.,.F.,.F.,(4,4),(4.,5.),.PIECEWISE_BEZIER_KNOTS.);
#10213 = CARTESIAN_POINT('',(-0.425922328607,2.4995,0.991874620435));
#10214 = CARTESIAN_POINT('',(-0.425922328607,2.4995,1.008788015874));
#10215 = CARTESIAN_POINT('',(-0.420966149206,2.4995,1.021542379646));
#10216 = CARTESIAN_POINT('',(-0.411053790404,2.4995,1.030068394561));
#10217 = ORIENTED_EDGE('',*,*,#10192,.F.);
#10218 = ORIENTED_EDGE('',*,*,#9913,.T.);
#10219 = ORIENTED_EDGE('',*,*,#10220,.T.);
#10220 = EDGE_CURVE('',#9905,#10210,#10221,.T.);
#10221 = B_SPLINE_CURVE_WITH_KNOTS('',1,(#10222,#10223),.UNSPECIFIED.,
  .F.,.F.,(2,2),(-0.,1.E-03),.PIECEWISE_BEZIER_KNOTS.);
#10222 = CARTESIAN_POINT('',(-0.411053790404,2.5005,1.030068394561));
#10223 = CARTESIAN_POINT('',(-0.411053790404,2.4995,1.030068394561));
#10224 = B_SPLINE_SURFACE_WITH_KNOTS('',3,1,(
    (#10225,#10226)
    ,(#10227,#10228)
    ,(#10229,#10230)
    ,(#10231,#10232
    )),.UNSPECIFIED.,.F.,.F.,.F.,(4,4),(2,2),(4.,5.),(0.,1.),
  .PIECEWISE_BEZIER_KNOTS.);
#10225 = CARTESIAN_POINT('',(-0.425922328607,2.5005,0.991874620435));
#10226 = CARTESIAN_POINT('',(-0.425922328607,2.4995,0.991874620435));
#10227 = CARTESIAN_POINT('',(-0.425922328607,2.5005,1.008788015874));
#10228 = CARTESIAN_POINT('',(-0.425922328607,2.4995,1.008788015874));
#10229 = CARTESIAN_POINT('',(-0.420966149206,2.5005,1.021542379646));
#10230 = CARTESIAN_POINT('',(-0.420966149206,2.4995,1.021542379646));
#10231 = CARTESIAN_POINT('',(-0.411053790404,2.5005,1.030068394561));
#10232 = CARTESIAN_POINT('',(-0.411053790404,2.4995,1.030068394561));
#10233 = ADVANCED_FACE('',(#10234),#10246,.T.);
#10234 = FACE_BOUND('',#10235,.T.);
#10235 = EDGE_LOOP('',(#10236,#10243,#10244,#10245));
#10236 = ORIENTED_EDGE('',*,*,#10237,.F.);
#10237 = EDGE_CURVE('',#10210,#10082,#10238,.T.);
#10238 = B_SPLINE_CURVE_WITH_KNOTS('',3,(#10239,#10240,#10241,#10242),
  .UNSPECIFIED.,.F.,.F.,(4,4),(5.,6.),.PIECEWISE_BEZIER_KNOTS.);
#10239 = CARTESIAN_POINT('',(-0.411053790404,2.4995,1.030068394561));
#10240 = CARTESIAN_POINT('',(-0.401141431602,2.4995,1.038594409474));
#10241 = CARTESIAN_POINT('',(-0.388075140453,2.4995,1.042822758334));
#10242 = CARTESIAN_POINT('',(-0.371924234153,2.4995,1.042822758334));
#10243 = ORIENTED_EDGE('',*,*,#10220,.F.);
#10244 = ORIENTED_EDGE('',*,*,#9904,.T.);
#10245 = ORIENTED_EDGE('',*,*,#10090,.T.);
#10246 = B_SPLINE_SURFACE_WITH_KNOTS('',3,1,(
    (#10247,#10248)
    ,(#10249,#10250)
    ,(#10251,#10252)
    ,(#10253,#10254
    )),.UNSPECIFIED.,.F.,.F.,.F.,(4,4),(2,2),(5.,6.),(0.,1.),
  .PIECEWISE_BEZIER_KNOTS.);
#10247 = CARTESIAN_POINT('',(-0.411053790404,2.5005,1.030068394561));
#10248 = CARTESIAN_POINT('',(-0.411053790404,2.4995,1.030068394561));
#10249 = CARTESIAN_POINT('',(-0.401141431602,2.5005,1.038594409474));
#10250 = CARTESIAN_POINT('',(-0.401141431602,2.4995,1.038594409474));
#10251 = CARTESIAN_POINT('',(-0.388075140453,2.5005,1.042822758334));
#10252 = CARTESIAN_POINT('',(-0.388075140453,2.4995,1.042822758334));
#10253 = CARTESIAN_POINT('',(-0.371924234153,2.5005,1.042822758334));
#10254 = CARTESIAN_POINT('',(-0.371924234153,2.4995,1.042822758334));
#10255 = ADVANCED_FACE('',(#10256),#10265,.T.);
#10256 = FACE_BOUND('',#10257,.T.);
#10257 = EDGE_LOOP('',(#10258,#10259,#10260,#10261,#10262,#10263,#10264)
  );
#10258 = ORIENTED_EDGE('',*,*,#10081,.T.);
#10259 = ORIENTED_EDGE('',*,*,#10109,.T.);
#10260 = ORIENTED_EDGE('',*,*,#10131,.T.);
#10261 = ORIENTED_EDGE('',*,*,#10153,.T.);
#10262 = ORIENTED_EDGE('',*,*,#10181,.T.);
#10263 = ORIENTED_EDGE('',*,*,#10209,.T.);
#10264 = ORIENTED_EDGE('',*,*,#10237,.T.);
#10265 = B_SPLINE_SURFACE_WITH_KNOTS('',1,1,(
    (#10266,#10267)
    ,(#10268,#10269
    )),.UNSPECIFIED.,.F.,.F.,.F.,(2,2),(2,2),(0.913292329147,
    1.017822658334),(2.074077671393,2.148558996798),
  .PIECEWISE_BEZIER_KNOTS.);
#10266 = CARTESIAN_POINT('',(-0.425922328607,2.4995,0.938292429147));
#10267 = CARTESIAN_POINT('',(-0.351441003202,2.4995,0.938292429147));
#10268 = CARTESIAN_POINT('',(-0.425922328607,2.4995,1.042822758334));
#10269 = CARTESIAN_POINT('',(-0.351441003202,2.4995,1.042822758334));
#10270 = ADVANCED_FACE('',(#10271,#10329),#10377,.F.);
#10271 = FACE_BOUND('',#10272,.T.);
#10272 = EDGE_LOOP('',(#10273,#10282,#10289,#10296,#10303,#10310,#10317,
    #10324));
#10273 = ORIENTED_EDGE('',*,*,#10274,.T.);
#10274 = EDGE_CURVE('',#10275,#10277,#10279,.T.);
#10275 = VERTEX_POINT('',#10276);
#10276 = CARTESIAN_POINT('',(-0.573845221502,2.5005,0.922834694791));
#10277 = VERTEX_POINT('',#10278);
#10278 = CARTESIAN_POINT('',(-0.522203911659,2.5005,1.058419127079));
#10279 = B_SPLINE_CURVE_WITH_KNOTS('',1,(#10280,#10281),.UNSPECIFIED.,
  .F.,.F.,(2,2),(-0.14508605433,0.),.PIECEWISE_BEZIER_KNOTS.);
#10280 = CARTESIAN_POINT('',(-0.573845221502,2.5005,0.922834694791));
#10281 = CARTESIAN_POINT('',(-0.522203911659,2.5005,1.058419127079));
#10282 = ORIENTED_EDGE('',*,*,#10283,.T.);
#10283 = EDGE_CURVE('',#10277,#10284,#10286,.T.);
#10284 = VERTEX_POINT('',#10285);
#10285 = CARTESIAN_POINT('',(-0.503488269164,2.5005,1.058419127079));
#10286 = B_SPLINE_CURVE_WITH_KNOTS('',1,(#10287,#10288),.UNSPECIFIED.,
  .F.,.F.,(2,2),(-1.871564249456E-02,0.),.PIECEWISE_BEZIER_KNOTS.);
#10287 = CARTESIAN_POINT('',(-0.522203911659,2.5005,1.058419127079));
#10288 = CARTESIAN_POINT('',(-0.503488269164,2.5005,1.058419127079));
#10289 = ORIENTED_EDGE('',*,*,#10290,.T.);
#10290 = EDGE_CURVE('',#10284,#10291,#10293,.T.);
#10291 = VERTEX_POINT('',#10292);
#10292 = CARTESIAN_POINT('',(-0.45184695932,2.5005,0.922834694791));
#10293 = B_SPLINE_CURVE_WITH_KNOTS('',1,(#10294,#10295),.UNSPECIFIED.,
  .F.,.F.,(2,2),(-0.14508605433,0.),.PIECEWISE_BEZIER_KNOTS.);
#10294 = CARTESIAN_POINT('',(-0.503488269164,2.5005,1.058419127079));
#10295 = CARTESIAN_POINT('',(-0.45184695932,2.5005,0.922834694791));
#10296 = ORIENTED_EDGE('',*,*,#10297,.T.);
#10297 = EDGE_CURVE('',#10291,#10298,#10300,.T.);
#10298 = VERTEX_POINT('',#10299);
#10299 = CARTESIAN_POINT('',(-0.471186456564,2.5005,0.922834694791));
#10300 = B_SPLINE_CURVE_WITH_KNOTS('',1,(#10301,#10302),.UNSPECIFIED.,
  .F.,.F.,(2,2),(-1.933949724364E-02,0.),.PIECEWISE_BEZIER_KNOTS.);
#10301 = CARTESIAN_POINT('',(-0.45184695932,2.5005,0.922834694791));
#10302 = CARTESIAN_POINT('',(-0.471186456564,2.5005,0.922834694791));
#10303 = ORIENTED_EDGE('',*,*,#10304,.T.);
#10304 = EDGE_CURVE('',#10298,#10305,#10307,.T.);
#10305 = VERTEX_POINT('',#10306);
#10306 = CARTESIAN_POINT('',(-0.484218089115,2.5005,0.959919393806));
#10307 = B_SPLINE_CURVE_WITH_KNOTS('',1,(#10308,#10309),.UNSPECIFIED.,
  .F.,.F.,(2,2),(-3.930773903384E-02,0.),.PIECEWISE_BEZIER_KNOTS.);
#10308 = CARTESIAN_POINT('',(-0.471186456564,2.5005,0.922834694791));
#10309 = CARTESIAN_POINT('',(-0.484218089115,2.5005,0.959919393806));
#10310 = ORIENTED_EDGE('',*,*,#10311,.T.);
#10311 = EDGE_CURVE('',#10305,#10312,#10314,.T.);
#10312 = VERTEX_POINT('',#10313);
#10313 = CARTESIAN_POINT('',(-0.540676943971,2.5005,0.959919393806));
#10314 = B_SPLINE_CURVE_WITH_KNOTS('',1,(#10315,#10316),.UNSPECIFIED.,
  .F.,.F.,(2,2),(-5.645885485636E-02,0.),.PIECEWISE_BEZIER_KNOTS.);
#10315 = CARTESIAN_POINT('',(-0.484218089115,2.5005,0.959919393806));
#10316 = CARTESIAN_POINT('',(-0.540676943971,2.5005,0.959919393806));
#10317 = ORIENTED_EDGE('',*,*,#10318,.T.);
#10318 = EDGE_CURVE('',#10312,#10319,#10321,.T.);
#10319 = VERTEX_POINT('',#10320);
#10320 = CARTESIAN_POINT('',(-0.554505724259,2.5005,0.922834694791));
#10321 = B_SPLINE_CURVE_WITH_KNOTS('',1,(#10322,#10323),.UNSPECIFIED.,
  .F.,.F.,(2,2),(-3.957916200801E-02,-0.),.PIECEWISE_BEZIER_KNOTS.);
#10322 = CARTESIAN_POINT('',(-0.540676943971,2.5005,0.959919393806));
#10323 = CARTESIAN_POINT('',(-0.554505724259,2.5005,0.922834694791));
#10324 = ORIENTED_EDGE('',*,*,#10325,.T.);
#10325 = EDGE_CURVE('',#10319,#10275,#10326,.T.);
#10326 = B_SPLINE_CURVE_WITH_KNOTS('',1,(#10327,#10328),.UNSPECIFIED.,
  .F.,.F.,(2,2),(-1.933949724271E-02,0.),.PIECEWISE_BEZIER_KNOTS.);
#10327 = CARTESIAN_POINT('',(-0.554505724259,2.5005,0.922834694791));
#10328 = CARTESIAN_POINT('',(-0.573845221502,2.5005,0.922834694791));
#10329 = FACE_BOUND('',#10330,.T.);
#10330 = EDGE_LOOP('',(#10331,#10340,#10347,#10356,#10363,#10372));
#10331 = ORIENTED_EDGE('',*,*,#10332,.F.);
#10332 = EDGE_CURVE('',#10333,#10335,#10337,.T.);
#10333 = VERTEX_POINT('',#10334);
#10334 = CARTESIAN_POINT('',(-0.48976346467,2.5005,0.975238493773));
#10335 = VERTEX_POINT('',#10336);
#10336 = CARTESIAN_POINT('',(-0.535270202807,2.5005,0.975238493773));
#10337 = B_SPLINE_CURVE_WITH_KNOTS('',1,(#10338,#10339),.UNSPECIFIED.,
  .F.,.F.,(2,2),(0.,4.550673813737E-02),.PIECEWISE_BEZIER_KNOTS.);
#10338 = CARTESIAN_POINT('',(-0.48976346467,2.5005,0.975238493773));
#10339 = CARTESIAN_POINT('',(-0.535270202807,2.5005,0.975238493773));
#10340 = ORIENTED_EDGE('',*,*,#10341,.F.);
#10341 = EDGE_CURVE('',#10342,#10333,#10344,.T.);
#10342 = VERTEX_POINT('',#10343);
#10343 = CARTESIAN_POINT('',(-0.510038744037,2.5005,1.031593372838));
#10344 = B_SPLINE_CURVE_WITH_KNOTS('',1,(#10345,#10346),.UNSPECIFIED.,
  .F.,.F.,(2,2),(0.,5.989122930642E-02),.PIECEWISE_BEZIER_KNOTS.);
#10345 = CARTESIAN_POINT('',(-0.510038744037,2.5005,1.031593372838));
#10346 = CARTESIAN_POINT('',(-0.48976346467,2.5005,0.975238493773));
#10347 = ORIENTED_EDGE('',*,*,#10348,.F.);
#10348 = EDGE_CURVE('',#10349,#10342,#10351,.T.);
#10349 = VERTEX_POINT('',#10350);
#10350 = CARTESIAN_POINT('',(-0.512256894259,2.5005,1.041089828473));
#10351 = B_SPLINE_CURVE_WITH_KNOTS('',3,(#10352,#10353,#10354,#10355),
  .UNSPECIFIED.,.F.,.F.,(4,4),(3.,4.),.PIECEWISE_BEZIER_KNOTS.);
#10352 = CARTESIAN_POINT('',(-0.512256894259,2.5005,1.041089828473));
#10353 = CARTESIAN_POINT('',(-0.511598380912,2.5005,1.037000114002));
#10354 = CARTESIAN_POINT('',(-0.510870550371,2.5005,1.033811523059));
#10355 = CARTESIAN_POINT('',(-0.510038744037,2.5005,1.031593372838));
#10356 = ORIENTED_EDGE('',*,*,#10357,.F.);
#10357 = EDGE_CURVE('',#10358,#10349,#10360,.T.);
#10358 = VERTEX_POINT('',#10359);
#10359 = CARTESIAN_POINT('',(-0.512672797426,2.5005,1.041089828473));
#10360 = B_SPLINE_CURVE_WITH_KNOTS('',1,(#10361,#10362),.UNSPECIFIED.,
  .F.,.F.,(2,2),(0.,4.159031669778E-04),.PIECEWISE_BEZIER_KNOTS.);
#10361 = CARTESIAN_POINT('',(-0.512672797426,2.5005,1.041089828473));
#10362 = CARTESIAN_POINT('',(-0.512256894259,2.5005,1.041089828473));
#10363 = ORIENTED_EDGE('',*,*,#10364,.F.);
#10364 = EDGE_CURVE('',#10365,#10358,#10367,.T.);
#10365 = VERTEX_POINT('',#10366);
#10366 = CARTESIAN_POINT('',(-0.514786971855,2.5005,1.031593372838));
#10367 = B_SPLINE_CURVE_WITH_KNOTS('',3,(#10368,#10369,#10370,#10371),
  .UNSPECIFIED.,.F.,.F.,(4,4),(1.,2.),.PIECEWISE_BEZIER_KNOTS.);
#10368 = CARTESIAN_POINT('',(-0.514786971855,2.5005,1.031593372838));
#10369 = CARTESIAN_POINT('',(-0.514128458509,2.5005,1.033464937087));
#10370 = CARTESIAN_POINT('',(-0.513435286564,2.5005,1.036584210836));
#10371 = CARTESIAN_POINT('',(-0.512672797426,2.5005,1.041089828473));
#10372 = ORIENTED_EDGE('',*,*,#10373,.F.);
#10373 = EDGE_CURVE('',#10335,#10365,#10374,.T.);
#10374 = B_SPLINE_CURVE_WITH_KNOTS('',1,(#10375,#10376),.UNSPECIFIED.,
  .F.,.F.,(2,2),(0.,5.996194747214E-02),.PIECEWISE_BEZIER_KNOTS.);
#10375 = CARTESIAN_POINT('',(-0.535270202807,2.5005,0.975238493773));
#10376 = CARTESIAN_POINT('',(-0.514786971855,2.5005,1.031593372838));
#10377 = B_SPLINE_SURFACE_WITH_KNOTS('',1,1,(
    (#10378,#10379)
    ,(#10380,#10381
    )),.UNSPECIFIED.,.F.,.F.,.F.,(2,2),(2,2),(0.566580972921,
    0.702165405209),(-0.573845221502,-0.45184695932),
  .PIECEWISE_BEZIER_KNOTS.);
#10378 = CARTESIAN_POINT('',(-0.573845221502,2.5005,1.058419127079));
#10379 = CARTESIAN_POINT('',(-0.45184695932,2.5005,1.058419127079));
#10380 = CARTESIAN_POINT('',(-0.573845221502,2.5005,0.922834694791));
#10381 = CARTESIAN_POINT('',(-0.45184695932,2.5005,0.922834694791));
#10382 = ADVANCED_FACE('',(#10383),#10397,.F.);
#10383 = FACE_BOUND('',#10384,.T.);
#10384 = EDGE_LOOP('',(#10385,#10386,#10391,#10392));
#10385 = ORIENTED_EDGE('',*,*,#126,.T.);
#10386 = ORIENTED_EDGE('',*,*,#10387,.F.);
#10387 = EDGE_CURVE('',#10277,#118,#10388,.T.);
#10388 = B_SPLINE_CURVE_WITH_KNOTS('',1,(#10389,#10390),.UNSPECIFIED.,
  .F.,.F.,(2,2),(-0.,1.E-03),.PIECEWISE_BEZIER_KNOTS.);
#10389 = CARTESIAN_POINT('',(-0.522203911659,2.5005,1.058419127079));
#10390 = CARTESIAN_POINT('',(-0.522203911659,2.4995,1.058419127079));
#10391 = ORIENTED_EDGE('',*,*,#10274,.F.);
#10392 = ORIENTED_EDGE('',*,*,#10393,.T.);
#10393 = EDGE_CURVE('',#10275,#127,#10394,.T.);
#10394 = B_SPLINE_CURVE_WITH_KNOTS('',1,(#10395,#10396),.UNSPECIFIED.,
  .F.,.F.,(2,2),(-0.,1.E-03),.PIECEWISE_BEZIER_KNOTS.);
#10395 = CARTESIAN_POINT('',(-0.573845221502,2.5005,0.922834694791));
#10396 = CARTESIAN_POINT('',(-0.573845221502,2.4995,0.922834694791));
#10397 = B_SPLINE_SURFACE_WITH_KNOTS('',1,1,(
    (#10398,#10399)
    ,(#10400,#10401
    )),.UNSPECIFIED.,.F.,.F.,.F.,(2,2),(2,2),(-0.,0.14508605433),(
    -1.E-03,0.),.PIECEWISE_BEZIER_KNOTS.);
#10398 = CARTESIAN_POINT('',(-0.522203911659,2.4995,1.058419127079));
#10399 = CARTESIAN_POINT('',(-0.522203911659,2.5005,1.058419127079));
#10400 = CARTESIAN_POINT('',(-0.573845221502,2.4995,0.922834694791));
#10401 = CARTESIAN_POINT('',(-0.573845221502,2.5005,0.922834694791));
#10402 = ADVANCED_FACE('',(#10403),#10413,.F.);
#10403 = FACE_BOUND('',#10404,.T.);
#10404 = EDGE_LOOP('',(#10405,#10406,#10411,#10412));
#10405 = ORIENTED_EDGE('',*,*,#117,.T.);
#10406 = ORIENTED_EDGE('',*,*,#10407,.F.);
#10407 = EDGE_CURVE('',#10284,#120,#10408,.T.);
#10408 = B_SPLINE_CURVE_WITH_KNOTS('',1,(#10409,#10410),.UNSPECIFIED.,
  .F.,.F.,(2,2),(-0.,1.E-03),.PIECEWISE_BEZIER_KNOTS.);
#10409 = CARTESIAN_POINT('',(-0.503488269164,2.5005,1.058419127079));
#10410 = CARTESIAN_POINT('',(-0.503488269164,2.4995,1.058419127079));
#10411 = ORIENTED_EDGE('',*,*,#10283,.F.);
#10412 = ORIENTED_EDGE('',*,*,#10387,.T.);
#10413 = B_SPLINE_SURFACE_WITH_KNOTS('',1,1,(
    (#10414,#10415)
    ,(#10416,#10417
    )),.UNSPECIFIED.,.F.,.F.,.F.,(2,2),(2,2),(0.,1.871564249456E-02),(
    -1.E-03,0.),.PIECEWISE_BEZIER_KNOTS.);
#10414 = CARTESIAN_POINT('',(-0.503488269164,2.4995,1.058419127079));
#10415 = CARTESIAN_POINT('',(-0.503488269164,2.5005,1.058419127079));
#10416 = CARTESIAN_POINT('',(-0.522203911659,2.4995,1.058419127079));
#10417 = CARTESIAN_POINT('',(-0.522203911659,2.5005,1.058419127079));
#10418 = ADVANCED_FACE('',(#10419),#10429,.F.);
#10419 = FACE_BOUND('',#10420,.T.);
#10420 = EDGE_LOOP('',(#10421,#10422,#10427,#10428));
#10421 = ORIENTED_EDGE('',*,*,#168,.T.);
#10422 = ORIENTED_EDGE('',*,*,#10423,.F.);
#10423 = EDGE_CURVE('',#10291,#162,#10424,.T.);
#10424 = B_SPLINE_CURVE_WITH_KNOTS('',1,(#10425,#10426),.UNSPECIFIED.,
  .F.,.F.,(2,2),(-0.,1.E-03),.PIECEWISE_BEZIER_KNOTS.);
#10425 = CARTESIAN_POINT('',(-0.45184695932,2.5005,0.922834694791));
#10426 = CARTESIAN_POINT('',(-0.45184695932,2.4995,0.922834694791));
#10427 = ORIENTED_EDGE('',*,*,#10290,.F.);
#10428 = ORIENTED_EDGE('',*,*,#10407,.T.);
#10429 = B_SPLINE_SURFACE_WITH_KNOTS('',1,1,(
    (#10430,#10431)
    ,(#10432,#10433
    )),.UNSPECIFIED.,.F.,.F.,.F.,(2,2),(2,2),(0.,0.14508605433),(-1.E-03
    ,0.),.PIECEWISE_BEZIER_KNOTS.);
#10430 = CARTESIAN_POINT('',(-0.45184695932,2.4995,0.922834694791));
#10431 = CARTESIAN_POINT('',(-0.45184695932,2.5005,0.922834694791));
#10432 = CARTESIAN_POINT('',(-0.503488269164,2.4995,1.058419127079));
#10433 = CARTESIAN_POINT('',(-0.503488269164,2.5005,1.058419127079));
#10434 = ADVANCED_FACE('',(#10435),#10445,.F.);
#10435 = FACE_BOUND('',#10436,.T.);
#10436 = EDGE_LOOP('',(#10437,#10438,#10443,#10444));
#10437 = ORIENTED_EDGE('',*,*,#161,.T.);
#10438 = ORIENTED_EDGE('',*,*,#10439,.F.);
#10439 = EDGE_CURVE('',#10298,#155,#10440,.T.);
#10440 = B_SPLINE_CURVE_WITH_KNOTS('',1,(#10441,#10442),.UNSPECIFIED.,
  .F.,.F.,(2,2),(-0.,1.E-03),.PIECEWISE_BEZIER_KNOTS.);
#10441 = CARTESIAN_POINT('',(-0.471186456564,2.5005,0.922834694791));
#10442 = CARTESIAN_POINT('',(-0.471186456564,2.4995,0.922834694791));
#10443 = ORIENTED_EDGE('',*,*,#10297,.F.);
#10444 = ORIENTED_EDGE('',*,*,#10423,.T.);
#10445 = B_SPLINE_SURFACE_WITH_KNOTS('',1,1,(
    (#10446,#10447)
    ,(#10448,#10449
    )),.UNSPECIFIED.,.F.,.F.,.F.,(2,2),(2,2),(0.,1.933949724364E-02),(
    -1.E-03,0.),.PIECEWISE_BEZIER_KNOTS.);
#10446 = CARTESIAN_POINT('',(-0.471186456564,2.4995,0.922834694791));
#10447 = CARTESIAN_POINT('',(-0.471186456564,2.5005,0.922834694791));
#10448 = CARTESIAN_POINT('',(-0.45184695932,2.4995,0.922834694791));
#10449 = CARTESIAN_POINT('',(-0.45184695932,2.5005,0.922834694791));
#10450 = ADVANCED_FACE('',(#10451),#10461,.F.);
#10451 = FACE_BOUND('',#10452,.T.);
#10452 = EDGE_LOOP('',(#10453,#10454,#10459,#10460));
#10453 = ORIENTED_EDGE('',*,*,#154,.T.);
#10454 = ORIENTED_EDGE('',*,*,#10455,.F.);
#10455 = EDGE_CURVE('',#10305,#148,#10456,.T.);
#10456 = B_SPLINE_CURVE_WITH_KNOTS('',1,(#10457,#10458),.UNSPECIFIED.,
  .F.,.F.,(2,2),(-0.,1.E-03),.PIECEWISE_BEZIER_KNOTS.);
#10457 = CARTESIAN_POINT('',(-0.484218089115,2.5005,0.959919393806));
#10458 = CARTESIAN_POINT('',(-0.484218089115,2.4995,0.959919393806));
#10459 = ORIENTED_EDGE('',*,*,#10304,.F.);
#10460 = ORIENTED_EDGE('',*,*,#10439,.T.);
#10461 = B_SPLINE_SURFACE_WITH_KNOTS('',1,1,(
    (#10462,#10463)
    ,(#10464,#10465
    )),.UNSPECIFIED.,.F.,.F.,.F.,(2,2),(2,2),(0.,3.930773903384E-02),(
    -1.E-03,0.),.PIECEWISE_BEZIER_KNOTS.);
#10462 = CARTESIAN_POINT('',(-0.484218089115,2.4995,0.959919393806));
#10463 = CARTESIAN_POINT('',(-0.484218089115,2.5005,0.959919393806));
#10464 = CARTESIAN_POINT('',(-0.471186456564,2.4995,0.922834694791));
#10465 = CARTESIAN_POINT('',(-0.471186456564,2.5005,0.922834694791));
#10466 = ADVANCED_FACE('',(#10467),#10477,.F.);
#10467 = FACE_BOUND('',#10468,.T.);
#10468 = EDGE_LOOP('',(#10469,#10470,#10475,#10476));
#10469 = ORIENTED_EDGE('',*,*,#147,.T.);
#10470 = ORIENTED_EDGE('',*,*,#10471,.F.);
#10471 = EDGE_CURVE('',#10312,#141,#10472,.T.);
#10472 = B_SPLINE_CURVE_WITH_KNOTS('',1,(#10473,#10474),.UNSPECIFIED.,
  .F.,.F.,(2,2),(-0.,1.E-03),.PIECEWISE_BEZIER_KNOTS.);
#10473 = CARTESIAN_POINT('',(-0.540676943971,2.5005,0.959919393806));
#10474 = CARTESIAN_POINT('',(-0.540676943971,2.4995,0.959919393806));
#10475 = ORIENTED_EDGE('',*,*,#10311,.F.);
#10476 = ORIENTED_EDGE('',*,*,#10455,.T.);
#10477 = B_SPLINE_SURFACE_WITH_KNOTS('',1,1,(
    (#10478,#10479)
    ,(#10480,#10481
    )),.UNSPECIFIED.,.F.,.F.,.F.,(2,2),(2,2),(0.,5.645885485636E-02),(
    -1.E-03,0.),.PIECEWISE_BEZIER_KNOTS.);
#10478 = CARTESIAN_POINT('',(-0.540676943971,2.4995,0.959919393806));
#10479 = CARTESIAN_POINT('',(-0.540676943971,2.5005,0.959919393806));
#10480 = CARTESIAN_POINT('',(-0.484218089115,2.4995,0.959919393806));
#10481 = CARTESIAN_POINT('',(-0.484218089115,2.5005,0.959919393806));
#10482 = ADVANCED_FACE('',(#10483),#10493,.F.);
#10483 = FACE_BOUND('',#10484,.T.);
#10484 = EDGE_LOOP('',(#10485,#10486,#10491,#10492));
#10485 = ORIENTED_EDGE('',*,*,#140,.T.);
#10486 = ORIENTED_EDGE('',*,*,#10487,.F.);
#10487 = EDGE_CURVE('',#10319,#134,#10488,.T.);
#10488 = B_SPLINE_CURVE_WITH_KNOTS('',1,(#10489,#10490),.UNSPECIFIED.,
  .F.,.F.,(2,2),(-0.,1.E-03),.PIECEWISE_BEZIER_KNOTS.);
#10489 = CARTESIAN_POINT('',(-0.554505724259,2.5005,0.922834694791));
#10490 = CARTESIAN_POINT('',(-0.554505724259,2.4995,0.922834694791));
#10491 = ORIENTED_EDGE('',*,*,#10318,.F.);
#10492 = ORIENTED_EDGE('',*,*,#10471,.T.);
#10493 = B_SPLINE_SURFACE_WITH_KNOTS('',1,1,(
    (#10494,#10495)
    ,(#10496,#10497
    )),.UNSPECIFIED.,.F.,.F.,.F.,(2,2),(2,2),(0.,3.957916200801E-02),(
    -1.E-03,0.),.PIECEWISE_BEZIER_KNOTS.);
#10494 = CARTESIAN_POINT('',(-0.554505724259,2.4995,0.922834694791));
#10495 = CARTESIAN_POINT('',(-0.554505724259,2.5005,0.922834694791));
#10496 = CARTESIAN_POINT('',(-0.540676943971,2.4995,0.959919393806));
#10497 = CARTESIAN_POINT('',(-0.540676943971,2.5005,0.959919393806));
#10498 = ADVANCED_FACE('',(#10499),#10505,.F.);
#10499 = FACE_BOUND('',#10500,.T.);
#10500 = EDGE_LOOP('',(#10501,#10502,#10503,#10504));
#10501 = ORIENTED_EDGE('',*,*,#133,.T.);
#10502 = ORIENTED_EDGE('',*,*,#10393,.F.);
#10503 = ORIENTED_EDGE('',*,*,#10325,.F.);
#10504 = ORIENTED_EDGE('',*,*,#10487,.T.);
#10505 = B_SPLINE_SURFACE_WITH_KNOTS('',1,1,(
    (#10506,#10507)
    ,(#10508,#10509
    )),.UNSPECIFIED.,.F.,.F.,.F.,(2,2),(2,2),(0.,1.933949724271E-02),(
    -1.E-03,0.),.PIECEWISE_BEZIER_KNOTS.);
#10506 = CARTESIAN_POINT('',(-0.573845221502,2.4995,0.922834694791));
#10507 = CARTESIAN_POINT('',(-0.573845221502,2.5005,0.922834694791));
#10508 = CARTESIAN_POINT('',(-0.554505724259,2.4995,0.922834694791));
#10509 = CARTESIAN_POINT('',(-0.554505724259,2.5005,0.922834694791));
#10510 = ADVANCED_FACE('',(#10511),#10533,.T.);
#10511 = FACE_BOUND('',#10512,.T.);
#10512 = EDGE_LOOP('',(#10513,#10522,#10527,#10528));
#10513 = ORIENTED_EDGE('',*,*,#10514,.F.);
#10514 = EDGE_CURVE('',#10515,#10517,#10519,.T.);
#10515 = VERTEX_POINT('',#10516);
#10516 = CARTESIAN_POINT('',(-0.48976346467,2.4995,0.975238493773));
#10517 = VERTEX_POINT('',#10518);
#10518 = CARTESIAN_POINT('',(-0.535270202807,2.4995,0.975238493773));
#10519 = B_SPLINE_CURVE_WITH_KNOTS('',1,(#10520,#10521),.UNSPECIFIED.,
  .F.,.F.,(2,2),(1.110223024625E-16,4.550673813737E-02),
  .PIECEWISE_BEZIER_KNOTS.);
#10520 = CARTESIAN_POINT('',(-0.48976346467,2.4995,0.975238493773));
#10521 = CARTESIAN_POINT('',(-0.535270202807,2.4995,0.975238493773));
#10522 = ORIENTED_EDGE('',*,*,#10523,.F.);
#10523 = EDGE_CURVE('',#10333,#10515,#10524,.T.);
#10524 = B_SPLINE_CURVE_WITH_KNOTS('',1,(#10525,#10526),.UNSPECIFIED.,
  .F.,.F.,(2,2),(-0.,1.E-03),.PIECEWISE_BEZIER_KNOTS.);
#10525 = CARTESIAN_POINT('',(-0.48976346467,2.5005,0.975238493773));
#10526 = CARTESIAN_POINT('',(-0.48976346467,2.4995,0.975238493773));
#10527 = ORIENTED_EDGE('',*,*,#10332,.T.);
#10528 = ORIENTED_EDGE('',*,*,#10529,.T.);
#10529 = EDGE_CURVE('',#10335,#10517,#10530,.T.);
#10530 = B_SPLINE_CURVE_WITH_KNOTS('',1,(#10531,#10532),.UNSPECIFIED.,
  .F.,.F.,(2,2),(-0.,1.E-03),.PIECEWISE_BEZIER_KNOTS.);
#10531 = CARTESIAN_POINT('',(-0.535270202807,2.5005,0.975238493773));
#10532 = CARTESIAN_POINT('',(-0.535270202807,2.4995,0.975238493773));
#10533 = B_SPLINE_SURFACE_WITH_KNOTS('',1,1,(
    (#10534,#10535)
    ,(#10536,#10537
    )),.UNSPECIFIED.,.F.,.F.,.F.,(2,2),(2,2),(-4.550673813737E-02,0.),(
    -1.E-03,0.),.PIECEWISE_BEZIER_KNOTS.);
#10534 = CARTESIAN_POINT('',(-0.535270202807,2.4995,0.975238493773));
#10535 = CARTESIAN_POINT('',(-0.535270202807,2.5005,0.975238493773));
#10536 = CARTESIAN_POINT('',(-0.48976346467,2.4995,0.975238493773));
#10537 = CARTESIAN_POINT('',(-0.48976346467,2.5005,0.975238493773));
#10538 = ADVANCED_FACE('',(#10539),#10555,.T.);
#10539 = FACE_BOUND('',#10540,.T.);
#10540 = EDGE_LOOP('',(#10541,#10548,#10549,#10550));
#10541 = ORIENTED_EDGE('',*,*,#10542,.F.);
#10542 = EDGE_CURVE('',#10517,#10543,#10545,.T.);
#10543 = VERTEX_POINT('',#10544);
#10544 = CARTESIAN_POINT('',(-0.514786971855,2.4995,1.031593372838));
#10545 = B_SPLINE_CURVE_WITH_KNOTS('',1,(#10546,#10547),.UNSPECIFIED.,
  .F.,.F.,(2,2),(-7.585128762649E-17,5.996194747214E-02),
  .PIECEWISE_BEZIER_KNOTS.);
#10546 = CARTESIAN_POINT('',(-0.535270202807,2.4995,0.975238493773));
#10547 = CARTESIAN_POINT('',(-0.514786971855,2.4995,1.031593372838));
#10548 = ORIENTED_EDGE('',*,*,#10529,.F.);
#10549 = ORIENTED_EDGE('',*,*,#10373,.T.);
#10550 = ORIENTED_EDGE('',*,*,#10551,.T.);
#10551 = EDGE_CURVE('',#10365,#10543,#10552,.T.);
#10552 = B_SPLINE_CURVE_WITH_KNOTS('',1,(#10553,#10554),.UNSPECIFIED.,
  .F.,.F.,(2,2),(-0.,1.E-03),.PIECEWISE_BEZIER_KNOTS.);
#10553 = CARTESIAN_POINT('',(-0.514786971855,2.5005,1.031593372838));
#10554 = CARTESIAN_POINT('',(-0.514786971855,2.4995,1.031593372838));
#10555 = B_SPLINE_SURFACE_WITH_KNOTS('',1,1,(
    (#10556,#10557)
    ,(#10558,#10559
    )),.UNSPECIFIED.,.F.,.F.,.F.,(2,2),(2,2),(-5.996194747214E-02,
    7.585128762649E-17),(-1.E-03,0.),.PIECEWISE_BEZIER_KNOTS.);
#10556 = CARTESIAN_POINT('',(-0.514786971855,2.4995,1.031593372838));
#10557 = CARTESIAN_POINT('',(-0.514786971855,2.5005,1.031593372838));
#10558 = CARTESIAN_POINT('',(-0.535270202807,2.4995,0.975238493773));
#10559 = CARTESIAN_POINT('',(-0.535270202807,2.5005,0.975238493773));
#10560 = ADVANCED_FACE('',(#10561),#10579,.T.);
#10561 = FACE_BOUND('',#10562,.T.);
#10562 = EDGE_LOOP('',(#10563,#10572,#10573,#10574));
#10563 = ORIENTED_EDGE('',*,*,#10564,.F.);
#10564 = EDGE_CURVE('',#10543,#10565,#10567,.T.);
#10565 = VERTEX_POINT('',#10566);
#10566 = CARTESIAN_POINT('',(-0.512672797426,2.4995,1.041089828473));
#10567 = B_SPLINE_CURVE_WITH_KNOTS('',3,(#10568,#10569,#10570,#10571),
  .UNSPECIFIED.,.F.,.F.,(4,4),(1.,2.),.PIECEWISE_BEZIER_KNOTS.);
#10568 = CARTESIAN_POINT('',(-0.514786971855,2.4995,1.031593372838));
#10569 = CARTESIAN_POINT('',(-0.514128458509,2.4995,1.033464937087));
#10570 = CARTESIAN_POINT('',(-0.513435286564,2.4995,1.036584210836));
#10571 = CARTESIAN_POINT('',(-0.512672797426,2.4995,1.041089828473));
#10572 = ORIENTED_EDGE('',*,*,#10551,.F.);
#10573 = ORIENTED_EDGE('',*,*,#10364,.T.);
#10574 = ORIENTED_EDGE('',*,*,#10575,.T.);
#10575 = EDGE_CURVE('',#10358,#10565,#10576,.T.);
#10576 = B_SPLINE_CURVE_WITH_KNOTS('',1,(#10577,#10578),.UNSPECIFIED.,
  .F.,.F.,(2,2),(-0.,1.E-03),.PIECEWISE_BEZIER_KNOTS.);
#10577 = CARTESIAN_POINT('',(-0.512672797426,2.5005,1.041089828473));
#10578 = CARTESIAN_POINT('',(-0.512672797426,2.4995,1.041089828473));
#10579 = B_SPLINE_SURFACE_WITH_KNOTS('',3,1,(
    (#10580,#10581)
    ,(#10582,#10583)
    ,(#10584,#10585)
    ,(#10586,#10587
    )),.UNSPECIFIED.,.F.,.F.,.F.,(4,4),(2,2),(1.,2.),(0.,1.),
  .PIECEWISE_BEZIER_KNOTS.);
#10580 = CARTESIAN_POINT('',(-0.514786971855,2.5005,1.031593372838));
#10581 = CARTESIAN_POINT('',(-0.514786971855,2.4995,1.031593372838));
#10582 = CARTESIAN_POINT('',(-0.514128458509,2.5005,1.033464937087));
#10583 = CARTESIAN_POINT('',(-0.514128458509,2.4995,1.033464937087));
#10584 = CARTESIAN_POINT('',(-0.513435286564,2.5005,1.036584210836));
#10585 = CARTESIAN_POINT('',(-0.513435286564,2.4995,1.036584210836));
#10586 = CARTESIAN_POINT('',(-0.512672797426,2.5005,1.041089828473));
#10587 = CARTESIAN_POINT('',(-0.512672797426,2.4995,1.041089828473));
#10588 = ADVANCED_FACE('',(#10589),#10605,.T.);
#10589 = FACE_BOUND('',#10590,.T.);
#10590 = EDGE_LOOP('',(#10591,#10598,#10599,#10600));
#10591 = ORIENTED_EDGE('',*,*,#10592,.F.);
#10592 = EDGE_CURVE('',#10565,#10593,#10595,.T.);
#10593 = VERTEX_POINT('',#10594);
#10594 = CARTESIAN_POINT('',(-0.512256894259,2.4995,1.041089828473));
#10595 = B_SPLINE_CURVE_WITH_KNOTS('',1,(#10596,#10597),.UNSPECIFIED.,
  .F.,.F.,(2,2),(-2.894198243281E-29,4.159031669779E-04),
  .PIECEWISE_BEZIER_KNOTS.);
#10596 = CARTESIAN_POINT('',(-0.512672797426,2.4995,1.041089828473));
#10597 = CARTESIAN_POINT('',(-0.512256894259,2.4995,1.041089828473));
#10598 = ORIENTED_EDGE('',*,*,#10575,.F.);
#10599 = ORIENTED_EDGE('',*,*,#10357,.T.);
#10600 = ORIENTED_EDGE('',*,*,#10601,.T.);
#10601 = EDGE_CURVE('',#10349,#10593,#10602,.T.);
#10602 = B_SPLINE_CURVE_WITH_KNOTS('',1,(#10603,#10604),.UNSPECIFIED.,
  .F.,.F.,(2,2),(-0.,1.E-03),.PIECEWISE_BEZIER_KNOTS.);
#10603 = CARTESIAN_POINT('',(-0.512256894259,2.5005,1.041089828473));
#10604 = CARTESIAN_POINT('',(-0.512256894259,2.4995,1.041089828473));
#10605 = B_SPLINE_SURFACE_WITH_KNOTS('',1,1,(
    (#10606,#10607)
    ,(#10608,#10609
    )),.UNSPECIFIED.,.F.,.F.,.F.,(2,2),(2,2),(-4.159031669779E-04,
    2.894198243281E-29),(-1.E-03,0.),.PIECEWISE_BEZIER_KNOTS.);
#10606 = CARTESIAN_POINT('',(-0.512256894259,2.4995,1.041089828473));
#10607 = CARTESIAN_POINT('',(-0.512256894259,2.5005,1.041089828473));
#10608 = CARTESIAN_POINT('',(-0.512672797426,2.4995,1.041089828473));
#10609 = CARTESIAN_POINT('',(-0.512672797426,2.5005,1.041089828473));
#10610 = ADVANCED_FACE('',(#10611),#10629,.T.);
#10611 = FACE_BOUND('',#10612,.T.);
#10612 = EDGE_LOOP('',(#10613,#10622,#10623,#10624));
#10613 = ORIENTED_EDGE('',*,*,#10614,.F.);
#10614 = EDGE_CURVE('',#10593,#10615,#10617,.T.);
#10615 = VERTEX_POINT('',#10616);
#10616 = CARTESIAN_POINT('',(-0.510038744037,2.4995,1.031593372838));
#10617 = B_SPLINE_CURVE_WITH_KNOTS('',3,(#10618,#10619,#10620,#10621),
  .UNSPECIFIED.,.F.,.F.,(4,4),(3.,4.),.PIECEWISE_BEZIER_KNOTS.);
#10618 = CARTESIAN_POINT('',(-0.512256894259,2.4995,1.041089828473));
#10619 = CARTESIAN_POINT('',(-0.511598380912,2.4995,1.037000114002));
#10620 = CARTESIAN_POINT('',(-0.510870550371,2.4995,1.033811523059));
#10621 = CARTESIAN_POINT('',(-0.510038744037,2.4995,1.031593372838));
#10622 = ORIENTED_EDGE('',*,*,#10601,.F.);
#10623 = ORIENTED_EDGE('',*,*,#10348,.T.);
#10624 = ORIENTED_EDGE('',*,*,#10625,.T.);
#10625 = EDGE_CURVE('',#10342,#10615,#10626,.T.);
#10626 = B_SPLINE_CURVE_WITH_KNOTS('',1,(#10627,#10628),.UNSPECIFIED.,
  .F.,.F.,(2,2),(0.,1.E-03),.PIECEWISE_BEZIER_KNOTS.);
#10627 = CARTESIAN_POINT('',(-0.510038744037,2.5005,1.031593372838));
#10628 = CARTESIAN_POINT('',(-0.510038744037,2.4995,1.031593372838));
#10629 = B_SPLINE_SURFACE_WITH_KNOTS('',3,1,(
    (#10630,#10631)
    ,(#10632,#10633)
    ,(#10634,#10635)
    ,(#10636,#10637
    )),.UNSPECIFIED.,.F.,.F.,.F.,(4,4),(2,2),(3.,4.),(0.,1.),
  .PIECEWISE_BEZIER_KNOTS.);
#10630 = CARTESIAN_POINT('',(-0.512256894259,2.5005,1.041089828473));
#10631 = CARTESIAN_POINT('',(-0.512256894259,2.4995,1.041089828473));
#10632 = CARTESIAN_POINT('',(-0.511598380912,2.5005,1.037000114002));
#10633 = CARTESIAN_POINT('',(-0.511598380912,2.4995,1.037000114002));
#10634 = CARTESIAN_POINT('',(-0.510870550371,2.5005,1.033811523059));
#10635 = CARTESIAN_POINT('',(-0.510870550371,2.4995,1.033811523059));
#10636 = CARTESIAN_POINT('',(-0.510038744037,2.5005,1.031593372838));
#10637 = CARTESIAN_POINT('',(-0.510038744037,2.4995,1.031593372838));
#10638 = ADVANCED_FACE('',(#10639),#10649,.T.);
#10639 = FACE_BOUND('',#10640,.T.);
#10640 = EDGE_LOOP('',(#10641,#10646,#10647,#10648));
#10641 = ORIENTED_EDGE('',*,*,#10642,.F.);
#10642 = EDGE_CURVE('',#10615,#10515,#10643,.T.);
#10643 = B_SPLINE_CURVE_WITH_KNOTS('',1,(#10644,#10645),.UNSPECIFIED.,
  .F.,.F.,(2,2),(3.758493897173E-17,5.989122930642E-02),
  .PIECEWISE_BEZIER_KNOTS.);
#10644 = CARTESIAN_POINT('',(-0.510038744037,2.4995,1.031593372838));
#10645 = CARTESIAN_POINT('',(-0.48976346467,2.4995,0.975238493773));
#10646 = ORIENTED_EDGE('',*,*,#10625,.F.);
#10647 = ORIENTED_EDGE('',*,*,#10341,.T.);
#10648 = ORIENTED_EDGE('',*,*,#10523,.T.);
#10649 = B_SPLINE_SURFACE_WITH_KNOTS('',1,1,(
    (#10650,#10651)
    ,(#10652,#10653
    )),.UNSPECIFIED.,.F.,.F.,.F.,(2,2),(2,2),(-5.989122930642E-02,0.),(
    -1.E-03,0.),.PIECEWISE_BEZIER_KNOTS.);
#10650 = CARTESIAN_POINT('',(-0.48976346467,2.4995,0.975238493773));
#10651 = CARTESIAN_POINT('',(-0.48976346467,2.5005,0.975238493773));
#10652 = CARTESIAN_POINT('',(-0.510038744037,2.4995,1.031593372838));
#10653 = CARTESIAN_POINT('',(-0.510038744037,2.5005,1.031593372838));
#10654 = ADVANCED_FACE('',(#10655),#10663,.T.);
#10655 = FACE_BOUND('',#10656,.T.);
#10656 = EDGE_LOOP('',(#10657,#10658,#10659,#10660,#10661,#10662));
#10657 = ORIENTED_EDGE('',*,*,#10514,.T.);
#10658 = ORIENTED_EDGE('',*,*,#10542,.T.);
#10659 = ORIENTED_EDGE('',*,*,#10564,.T.);
#10660 = ORIENTED_EDGE('',*,*,#10592,.T.);
#10661 = ORIENTED_EDGE('',*,*,#10614,.T.);
#10662 = ORIENTED_EDGE('',*,*,#10642,.T.);
#10663 = B_SPLINE_SURFACE_WITH_KNOTS('',1,1,(
    (#10664,#10665)
    ,(#10666,#10667
    )),.UNSPECIFIED.,.F.,.F.,.F.,(2,2),(2,2),(0.950238393773,
    1.016089728473),(1.964729797193,2.01023653533),
  .PIECEWISE_BEZIER_KNOTS.);
#10664 = CARTESIAN_POINT('',(-0.535270202807,2.4995,0.975238493773));
#10665 = CARTESIAN_POINT('',(-0.48976346467,2.4995,0.975238493773));
#10666 = CARTESIAN_POINT('',(-0.535270202807,2.4995,1.041089828473));
#10667 = CARTESIAN_POINT('',(-0.48976346467,2.4995,1.041089828473));
#10668 = ADVANCED_FACE('',(#10669,#10958),#10983,.F.);
#10669 = FACE_BOUND('',#10670,.T.);
#10670 = EDGE_LOOP('',(#10671,#10682,#10691,#10700,#10709,#10718,#10727,
    #10736,#10745,#10754,#10763,#10772,#10781,#10790,#10797,#10804,
    #10811,#10820,#10829,#10838,#10847,#10856,#10865,#10874,#10883,
    #10892,#10901,#10908,#10917,#10926,#10935,#10942,#10951));
#10671 = ORIENTED_EDGE('',*,*,#10672,.T.);
#10672 = EDGE_CURVE('',#10673,#10675,#10677,.T.);
#10673 = VERTEX_POINT('',#10674);
#10674 = CARTESIAN_POINT('',(0.251128242635,2.5005,1.057323268417));
#10675 = VERTEX_POINT('',#10676);
#10676 = CARTESIAN_POINT('',(0.346563373829,2.5005,1.183606114885));
#10677 = B_SPLINE_CURVE_WITH_KNOTS('',3,(#10678,#10679,#10680,#10681),
  .UNSPECIFIED.,.F.,.F.,(4,4),(35.,36.),.PIECEWISE_BEZIER_KNOTS.);
#10678 = CARTESIAN_POINT('',(0.251128242635,2.5005,1.057323268417));
#10679 = CARTESIAN_POINT('',(0.252092219373,2.5005,1.115162718467));
#10680 = CARTESIAN_POINT('',(0.291615890766,2.5005,1.166254276192));
#10681 = CARTESIAN_POINT('',(0.346563373829,2.5005,1.183606114885));
#10682 = ORIENTED_EDGE('',*,*,#10683,.T.);
#10683 = EDGE_CURVE('',#10675,#10684,#10686,.T.);
#10684 = VERTEX_POINT('',#10685);
#10685 = CARTESIAN_POINT('',(0.398618926679,2.5005,1.25976144012));
#10686 = B_SPLINE_CURVE_WITH_KNOTS('',3,(#10687,#10688,#10689,#10690),
  .UNSPECIFIED.,.F.,.F.,(4,4),(0.,1.),.PIECEWISE_BEZIER_KNOTS.);
#10687 = CARTESIAN_POINT('',(0.346563373829,2.5005,1.183606114885));
#10688 = CARTESIAN_POINT('',(0.357167265037,2.5005,1.212525858295));
#10689 = CARTESIAN_POINT('',(0.37548311724,2.5005,1.238553625528));
#10690 = CARTESIAN_POINT('',(0.398618926679,2.5005,1.25976144012));
#10691 = ORIENTED_EDGE('',*,*,#10692,.T.);
#10692 = EDGE_CURVE('',#10684,#10693,#10695,.T.);
#10693 = VERTEX_POINT('',#10694);
#10694 = CARTESIAN_POINT('',(0.529721748768,2.5005,1.309888998125));
#10695 = B_SPLINE_CURVE_WITH_KNOTS('',3,(#10696,#10697,#10698,#10699),
  .UNSPECIFIED.,.F.,.F.,(4,4),(1.,2.),.PIECEWISE_BEZIER_KNOTS.);
#10696 = CARTESIAN_POINT('',(0.398618926679,2.5005,1.25976144012));
#10697 = CARTESIAN_POINT('',(0.435250594312,2.5005,1.291573160861));
#10698 = CARTESIAN_POINT('',(0.481522176416,2.5005,1.309888998125));
#10699 = CARTESIAN_POINT('',(0.529721748768,2.5005,1.309888998125));
#10700 = ORIENTED_EDGE('',*,*,#10701,.T.);
#10701 = EDGE_CURVE('',#10693,#10702,#10704,.T.);
#10702 = VERTEX_POINT('',#10703);
#10703 = CARTESIAN_POINT('',(0.645400722414,2.5005,1.27229333077));
#10704 = B_SPLINE_CURVE_WITH_KNOTS('',3,(#10705,#10706,#10707,#10708),
  .UNSPECIFIED.,.F.,.F.,(4,4),(2.,3.),.PIECEWISE_BEZIER_KNOTS.);
#10705 = CARTESIAN_POINT('',(0.529721748768,2.5005,1.309888998125));
#10706 = CARTESIAN_POINT('',(0.572137368761,2.5005,1.309888998125));
#10707 = CARTESIAN_POINT('',(0.611661021767,2.5005,1.296393118096));
#10708 = CARTESIAN_POINT('',(0.645400722414,2.5005,1.27229333077));
#10709 = ORIENTED_EDGE('',*,*,#10710,.T.);
#10710 = EDGE_CURVE('',#10702,#10711,#10713,.T.);
#10711 = VERTEX_POINT('',#10712);
#10712 = CARTESIAN_POINT('',(0.687816342407,2.5005,1.229877706182));
#10713 = B_SPLINE_CURVE_WITH_KNOTS('',3,(#10714,#10715,#10716,#10717),
  .UNSPECIFIED.,.F.,.F.,(4,4),(3.,4.),.PIECEWISE_BEZIER_KNOTS.);
#10714 = CARTESIAN_POINT('',(0.645400722414,2.5005,1.27229333077));
#10715 = CARTESIAN_POINT('',(0.661788584369,2.5005,1.260725430648));
#10716 = CARTESIAN_POINT('',(0.67528446095,2.5005,1.246265558943));
#10717 = CARTESIAN_POINT('',(0.687816342407,2.5005,1.229877706182));
#10718 = ORIENTED_EDGE('',*,*,#10719,.T.);
#10719 = EDGE_CURVE('',#10711,#10720,#10722,.T.);
#10720 = VERTEX_POINT('',#10721);
#10721 = CARTESIAN_POINT('',(0.709988138335,2.5005,1.231805687237));
#10722 = B_SPLINE_CURVE_WITH_KNOTS('',3,(#10723,#10724,#10725,#10726),
  .UNSPECIFIED.,.F.,.F.,(4,4),(4.,5.),.PIECEWISE_BEZIER_KNOTS.);
#10723 = CARTESIAN_POINT('',(0.687816342407,2.5005,1.229877706182));
#10724 = CARTESIAN_POINT('',(0.695528266629,2.5005,1.230841701306));
#10725 = CARTESIAN_POINT('',(0.702276214113,2.5005,1.231805687237));
#10726 = CARTESIAN_POINT('',(0.709988138335,2.5005,1.231805687237));
#10727 = ORIENTED_EDGE('',*,*,#10728,.T.);
#10728 = EDGE_CURVE('',#10720,#10729,#10731,.T.);
#10729 = VERTEX_POINT('',#10730);
#10730 = CARTESIAN_POINT('',(0.820847154745,2.5005,1.18553409594));
#10731 = B_SPLINE_CURVE_WITH_KNOTS('',3,(#10732,#10733,#10734,#10735),
  .UNSPECIFIED.,.F.,.F.,(4,4),(5.,6.),.PIECEWISE_BEZIER_KNOTS.);
#10732 = CARTESIAN_POINT('',(0.709988138335,2.5005,1.231805687237));
#10733 = CARTESIAN_POINT('',(0.751439772396,2.5005,1.231805687237));
#10734 = CARTESIAN_POINT('',(0.790963416209,2.5005,1.215417834476));
#10735 = CARTESIAN_POINT('',(0.820847154745,2.5005,1.18553409594));
#10736 = ORIENTED_EDGE('',*,*,#10737,.T.);
#10737 = EDGE_CURVE('',#10729,#10738,#10740,.T.);
#10738 = VERTEX_POINT('',#10739);
#10739 = CARTESIAN_POINT('',(0.866154778498,2.5005,1.075639083847));
#10740 = B_SPLINE_CURVE_WITH_KNOTS('',3,(#10741,#10742,#10743,#10744),
  .UNSPECIFIED.,.F.,.F.,(4,4),(6.,7.),.PIECEWISE_BEZIER_KNOTS.);
#10741 = CARTESIAN_POINT('',(0.820847154745,2.5005,1.18553409594));
#10742 = CARTESIAN_POINT('',(0.849766923438,2.5005,1.156614361722));
#10743 = CARTESIAN_POINT('',(0.866154778498,2.5005,1.117090708715));
#10744 = CARTESIAN_POINT('',(0.866154778498,2.5005,1.075639083847));
#10745 = ORIENTED_EDGE('',*,*,#10746,.T.);
#10746 = EDGE_CURVE('',#10738,#10747,#10749,.T.);
#10747 = VERTEX_POINT('',#10748);
#10748 = CARTESIAN_POINT('',(0.82566713956,2.5005,0.970564038183));
#10749 = B_SPLINE_CURVE_WITH_KNOTS('',3,(#10750,#10751,#10752,#10753),
  .UNSPECIFIED.,.F.,.F.,(4,4),(7.,8.),.PIECEWISE_BEZIER_KNOTS.);
#10750 = CARTESIAN_POINT('',(0.866154778498,2.5005,1.075639083847));
#10751 = CARTESIAN_POINT('',(0.866154778498,2.5005,1.037079425965));
#10752 = CARTESIAN_POINT('',(0.851694906792,2.5005,0.999483744821));
#10753 = CARTESIAN_POINT('',(0.82566713956,2.5005,0.970564038183));
#10754 = ORIENTED_EDGE('',*,*,#10755,.T.);
#10755 = EDGE_CURVE('',#10747,#10756,#10758,.T.);
#10756 = VERTEX_POINT('',#10757);
#10757 = CARTESIAN_POINT('',(0.748547823797,2.5005,0.924292456079));
#10758 = B_SPLINE_CURVE_WITH_KNOTS('',3,(#10759,#10760,#10761,#10762),
  .UNSPECIFIED.,.F.,.F.,(4,4),(8.,9.),.PIECEWISE_BEZIER_KNOTS.);
#10759 = CARTESIAN_POINT('',(0.82566713956,2.5005,0.970564038183));
#10760 = CARTESIAN_POINT('',(0.804459329564,2.5005,0.947428228744));
#10761 = CARTESIAN_POINT('',(0.778431553139,2.5005,0.932004380301));
#10762 = CARTESIAN_POINT('',(0.748547823797,2.5005,0.924292456079));
#10763 = ORIENTED_EDGE('',*,*,#10764,.T.);
#10764 = EDGE_CURVE('',#10756,#10765,#10767,.T.);
#10765 = VERTEX_POINT('',#10766);
#10766 = CARTESIAN_POINT('',(0.656968627133,2.5005,0.858741045034));
#10767 = B_SPLINE_CURVE_WITH_KNOTS('',3,(#10768,#10769,#10770,#10771),
  .UNSPECIFIED.,.F.,.F.,(4,4),(9.,10.),.PIECEWISE_BEZIER_KNOTS.);
#10768 = CARTESIAN_POINT('',(0.748547823797,2.5005,0.924292456079));
#10769 = CARTESIAN_POINT('',(0.736015933146,2.5005,0.885732798196));
#10770 = CARTESIAN_POINT('',(0.699384265513,2.5005,0.858741045034));
#10771 = CARTESIAN_POINT('',(0.656968627133,2.5005,0.858741045034));
#10772 = ORIENTED_EDGE('',*,*,#10773,.T.);
#10773 = EDGE_CURVE('',#10765,#10774,#10776,.T.);
#10774 = VERTEX_POINT('',#10775);
#10775 = CARTESIAN_POINT('',(0.560569482428,2.5005,0.955140189739));
#10776 = B_SPLINE_CURVE_WITH_KNOTS('',3,(#10777,#10778,#10779,#10780),
  .UNSPECIFIED.,.F.,.F.,(4,4),(10.,11.),.PIECEWISE_BEZIER_KNOTS.);
#10777 = CARTESIAN_POINT('',(0.656968627133,2.5005,0.858741045034));
#10778 = CARTESIAN_POINT('',(0.603949097546,2.5005,0.858741045034));
#10779 = CARTESIAN_POINT('',(0.560569482428,2.5005,0.902120660151));
#10780 = CARTESIAN_POINT('',(0.560569482428,2.5005,0.955140189739));
#10781 = ORIENTED_EDGE('',*,*,#10782,.T.);
#10782 = EDGE_CURVE('',#10774,#10783,#10785,.T.);
#10783 = VERTEX_POINT('',#10784);
#10784 = CARTESIAN_POINT('',(0.560569482428,2.5005,0.96478010421));
#10785 = B_SPLINE_CURVE_WITH_KNOTS('',3,(#10786,#10787,#10788,#10789),
  .UNSPECIFIED.,.F.,.F.,(4,4),(11.,12.),.PIECEWISE_BEZIER_KNOTS.);
#10786 = CARTESIAN_POINT('',(0.560569482428,2.5005,0.955140189739));
#10787 = CARTESIAN_POINT('',(0.560569482428,2.5005,0.958032156726));
#10788 = CARTESIAN_POINT('',(0.560569482428,2.5005,0.960924123712));
#10789 = CARTESIAN_POINT('',(0.560569482428,2.5005,0.96478010421));
#10790 = ORIENTED_EDGE('',*,*,#10791,.T.);
#10791 = EDGE_CURVE('',#10783,#10792,#10794,.T.);
#10792 = VERTEX_POINT('',#10793);
#10793 = CARTESIAN_POINT('',(0.425610679841,2.5005,1.036115467614));
#10794 = B_SPLINE_CURVE_WITH_KNOTS('',1,(#10795,#10796),.UNSPECIFIED.,
  .F.,.F.,(2,2),(-5.188153315345E-17,0.152651932407),
  .PIECEWISE_BEZIER_KNOTS.);
#10795 = CARTESIAN_POINT('',(0.560569482428,2.5005,0.96478010421));
#10796 = CARTESIAN_POINT('',(0.425610679841,2.5005,1.036115467614));
#10797 = ORIENTED_EDGE('',*,*,#10798,.T.);
#10798 = EDGE_CURVE('',#10792,#10799,#10801,.T.);
#10799 = VERTEX_POINT('',#10800);
#10800 = CARTESIAN_POINT('',(0.455494399991,2.5005,1.087207025339));
#10801 = B_SPLINE_CURVE_WITH_KNOTS('',1,(#10802,#10803),.UNSPECIFIED.,
  .F.,.F.,(2,2),(0.,5.918939094776E-02),.PIECEWISE_BEZIER_KNOTS.);
#10802 = CARTESIAN_POINT('',(0.425610679841,2.5005,1.036115467614));
#10803 = CARTESIAN_POINT('',(0.455494399991,2.5005,1.087207025339));
#10804 = ORIENTED_EDGE('',*,*,#10805,.T.);
#10805 = EDGE_CURVE('',#10799,#10806,#10808,.T.);
#10806 = VERTEX_POINT('',#10807);
#10807 = CARTESIAN_POINT('',(0.584669250218,2.5005,1.019727624046));
#10808 = B_SPLINE_CURVE_WITH_KNOTS('',1,(#10809,#10810),.UNSPECIFIED.,
  .F.,.F.,(2,2),(0.,0.145738160857),.PIECEWISE_BEZIER_KNOTS.);
#10809 = CARTESIAN_POINT('',(0.455494399991,2.5005,1.087207025339));
#10810 = CARTESIAN_POINT('',(0.584669250218,2.5005,1.019727624046));
#10811 = ORIENTED_EDGE('',*,*,#10812,.T.);
#10812 = EDGE_CURVE('',#10806,#10813,#10815,.T.);
#10813 = VERTEX_POINT('',#10814);
#10814 = CARTESIAN_POINT('',(0.656968608747,2.5005,1.052503329569));
#10815 = B_SPLINE_CURVE_WITH_KNOTS('',3,(#10816,#10817,#10818,#10819),
  .UNSPECIFIED.,.F.,.F.,(4,4),(15.,16.),.PIECEWISE_BEZIER_KNOTS.);
#10816 = CARTESIAN_POINT('',(0.584669250218,2.5005,1.019727624046));
#10817 = CARTESIAN_POINT('',(0.60202108891,2.5005,1.039971448112));
#10818 = CARTESIAN_POINT('',(0.628048865335,2.5005,1.052503329569));
#10819 = CARTESIAN_POINT('',(0.656968608747,2.5005,1.052503329569));
#10820 = ORIENTED_EDGE('',*,*,#10821,.T.);
#10821 = EDGE_CURVE('',#10813,#10822,#10824,.T.);
#10822 = VERTEX_POINT('',#10823);
#10823 = CARTESIAN_POINT('',(0.747583801092,2.5005,0.988879890386));
#10824 = B_SPLINE_CURVE_WITH_KNOTS('',3,(#10825,#10826,#10827,#10828),
  .UNSPECIFIED.,.F.,.F.,(4,4),(16.,17.),.PIECEWISE_BEZIER_KNOTS.);
#10825 = CARTESIAN_POINT('',(0.656968608747,2.5005,1.052503329569));
#10826 = CARTESIAN_POINT('',(0.698420252002,2.5005,1.052503329569));
#10827 = CARTESIAN_POINT('',(0.73408792451,2.5005,1.025511576406));
#10828 = CARTESIAN_POINT('',(0.747583801092,2.5005,0.988879890386));
#10829 = ORIENTED_EDGE('',*,*,#10830,.T.);
#10830 = EDGE_CURVE('',#10822,#10831,#10833,.T.);
#10831 = VERTEX_POINT('',#10832);
#10832 = CARTESIAN_POINT('',(0.805423287915,2.5005,1.077567110869));
#10833 = B_SPLINE_CURVE_WITH_KNOTS('',3,(#10834,#10835,#10836,#10837),
  .UNSPECIFIED.,.F.,.F.,(4,4),(17.,18.),.PIECEWISE_BEZIER_KNOTS.);
#10834 = CARTESIAN_POINT('',(0.747583801092,2.5005,0.988879890386));
#10835 = CARTESIAN_POINT('',(0.781323501739,2.5005,1.004303757216));
#10836 = CARTESIAN_POINT('',(0.805423287915,2.5005,1.038043457862));
#10837 = CARTESIAN_POINT('',(0.805423287915,2.5005,1.077567110869));
#10838 = ORIENTED_EDGE('',*,*,#10839,.T.);
#10839 = EDGE_CURVE('',#10831,#10840,#10842,.T.);
#10840 = VERTEX_POINT('',#10841);
#10841 = CARTESIAN_POINT('',(0.70902414321,2.5005,1.173966255574));
#10842 = B_SPLINE_CURVE_WITH_KNOTS('',3,(#10843,#10844,#10845,#10846),
  .UNSPECIFIED.,.F.,.F.,(4,4),(18.,19.),.PIECEWISE_BEZIER_KNOTS.);
#10843 = CARTESIAN_POINT('',(0.805423287915,2.5005,1.077567110869));
#10844 = CARTESIAN_POINT('',(0.805423287915,2.5005,1.130586640457));
#10845 = CARTESIAN_POINT('',(0.762043672798,2.5005,1.173966255574));
#10846 = CARTESIAN_POINT('',(0.70902414321,2.5005,1.173966255574));
#10847 = ORIENTED_EDGE('',*,*,#10848,.T.);
#10848 = EDGE_CURVE('',#10840,#10849,#10851,.T.);
#10849 = VERTEX_POINT('',#10850);
#10850 = CARTESIAN_POINT('',(0.657932603871,2.5005,1.159506383868));
#10851 = B_SPLINE_CURVE_WITH_KNOTS('',3,(#10852,#10853,#10854,#10855),
  .UNSPECIFIED.,.F.,.F.,(4,4),(19.,20.),.PIECEWISE_BEZIER_KNOTS.);
#10852 = CARTESIAN_POINT('',(0.70902414321,2.5005,1.173966255574));
#10853 = CARTESIAN_POINT('',(0.690708309393,2.5005,1.173966255574));
#10854 = CARTESIAN_POINT('',(0.672392475577,2.5005,1.168182303214));
#10855 = CARTESIAN_POINT('',(0.657932603871,2.5005,1.159506383868));
#10856 = ORIENTED_EDGE('',*,*,#10857,.T.);
#10857 = EDGE_CURVE('',#10849,#10858,#10860,.T.);
#10858 = VERTEX_POINT('',#10859);
#10859 = CARTESIAN_POINT('',(0.52875777203,2.5005,1.252049511302));
#10860 = B_SPLINE_CURVE_WITH_KNOTS('',3,(#10861,#10862,#10863,#10864),
  .UNSPECIFIED.,.F.,.F.,(4,4),(20.,21.),.PIECEWISE_BEZIER_KNOTS.);
#10861 = CARTESIAN_POINT('',(0.657932603871,2.5005,1.159506383868));
#10862 = CARTESIAN_POINT('',(0.639616788441,2.5005,1.21348985342));
#10863 = CARTESIAN_POINT('',(0.58948922584,2.5005,1.252049511302));
#10864 = CARTESIAN_POINT('',(0.52875777203,2.5005,1.252049511302));
#10865 = ORIENTED_EDGE('',*,*,#10866,.T.);
#10866 = EDGE_CURVE('',#10858,#10867,#10869,.T.);
#10867 = VERTEX_POINT('',#10868);
#10868 = CARTESIAN_POINT('',(0.393798969444,2.5005,1.131550580421));
#10869 = B_SPLINE_CURVE_WITH_KNOTS('',3,(#10870,#10871,#10872,#10873),
  .UNSPECIFIED.,.F.,.F.,(4,4),(21.,22.),.PIECEWISE_BEZIER_KNOTS.);
#10870 = CARTESIAN_POINT('',(0.52875777203,2.5005,1.252049511302));
#10871 = CARTESIAN_POINT('',(0.459350380488,2.5005,1.252049511302));
#10872 = CARTESIAN_POINT('',(0.401510893666,2.5005,1.199029981714));
#10873 = CARTESIAN_POINT('',(0.393798969444,2.5005,1.131550580421));
#10874 = ORIENTED_EDGE('',*,*,#10875,.T.);
#10875 = EDGE_CURVE('',#10867,#10876,#10878,.T.);
#10876 = VERTEX_POINT('',#10877);
#10877 = CARTESIAN_POINT('',(0.386087045222,2.5005,1.131550580421));
#10878 = B_SPLINE_CURVE_WITH_KNOTS('',3,(#10879,#10880,#10881,#10882),
  .UNSPECIFIED.,.F.,.F.,(4,4),(22.,23.),.PIECEWISE_BEZIER_KNOTS.);
#10879 = CARTESIAN_POINT('',(0.393798969444,2.5005,1.131550580421));
#10880 = CARTESIAN_POINT('',(0.390907002457,2.5005,1.131550580421));
#10881 = CARTESIAN_POINT('',(0.388979012209,2.5005,1.131550580421));
#10882 = CARTESIAN_POINT('',(0.386087045222,2.5005,1.131550580421));
#10883 = ORIENTED_EDGE('',*,*,#10884,.T.);
#10884 = EDGE_CURVE('',#10876,#10885,#10887,.T.);
#10885 = VERTEX_POINT('',#10886);
#10886 = CARTESIAN_POINT('',(0.310895719707,2.5005,1.056359254906));
#10887 = B_SPLINE_CURVE_WITH_KNOTS('',3,(#10888,#10889,#10890,#10891),
  .UNSPECIFIED.,.F.,.F.,(4,4),(23.,24.),.PIECEWISE_BEZIER_KNOTS.);
#10888 = CARTESIAN_POINT('',(0.386087045222,2.5005,1.131550580421));
#10889 = CARTESIAN_POINT('',(0.344635420353,2.5005,1.131550580421));
#10890 = CARTESIAN_POINT('',(0.310895719707,2.5005,1.097810879775));
#10891 = CARTESIAN_POINT('',(0.310895719707,2.5005,1.056359254906));
#10892 = ORIENTED_EDGE('',*,*,#10893,.T.);
#10893 = EDGE_CURVE('',#10885,#10894,#10896,.T.);
#10894 = VERTEX_POINT('',#10895);
#10895 = CARTESIAN_POINT('',(0.380303111249,2.5005,0.981167929391));
#10896 = B_SPLINE_CURVE_WITH_KNOTS('',3,(#10897,#10898,#10899,#10900),
  .UNSPECIFIED.,.F.,.F.,(4,4),(24.,25.),.PIECEWISE_BEZIER_KNOTS.);
#10897 = CARTESIAN_POINT('',(0.310895719707,2.5005,1.056359254906));
#10898 = CARTESIAN_POINT('',(0.310895719707,2.5005,1.016835601899));
#10899 = CARTESIAN_POINT('',(0.340779439856,2.5005,0.984059896378));
#10900 = CARTESIAN_POINT('',(0.380303111249,2.5005,0.981167929391));
#10901 = ORIENTED_EDGE('',*,*,#10902,.T.);
#10902 = EDGE_CURVE('',#10894,#10903,#10905,.T.);
#10903 = VERTEX_POINT('',#10904);
#10904 = CARTESIAN_POINT('',(0.423682726366,2.5005,0.981167929391));
#10905 = B_SPLINE_CURVE_WITH_KNOTS('',1,(#10906,#10907),.UNSPECIFIED.,
  .F.,.F.,(2,2),(5.551115123126E-17,4.337961511722E-02),
  .PIECEWISE_BEZIER_KNOTS.);
#10906 = CARTESIAN_POINT('',(0.380303111249,2.5005,0.981167929391));
#10907 = CARTESIAN_POINT('',(0.423682726366,2.5005,0.981167929391));
#10908 = ORIENTED_EDGE('',*,*,#10909,.T.);
#10909 = EDGE_CURVE('',#10903,#10910,#10912,.T.);
#10910 = VERTEX_POINT('',#10911);
#10911 = CARTESIAN_POINT('',(0.429466660339,2.5005,0.982131906129));
#10912 = B_SPLINE_CURVE_WITH_KNOTS('',3,(#10913,#10914,#10915,#10916),
  .UNSPECIFIED.,.F.,.F.,(4,4),(26.,27.),.PIECEWISE_BEZIER_KNOTS.);
#10913 = CARTESIAN_POINT('',(0.423682726366,2.5005,0.981167929391));
#10914 = CARTESIAN_POINT('',(0.425610716615,2.5005,0.981167929391));
#10915 = CARTESIAN_POINT('',(0.427538706864,2.5005,0.982131906129));
#10916 = CARTESIAN_POINT('',(0.429466660339,2.5005,0.982131906129));
#10917 = ORIENTED_EDGE('',*,*,#10918,.T.);
#10918 = EDGE_CURVE('',#10910,#10919,#10921,.T.);
#10919 = VERTEX_POINT('',#10920);
#10920 = CARTESIAN_POINT('',(0.459350380488,2.5005,0.95224818598));
#10921 = B_SPLINE_CURVE_WITH_KNOTS('',3,(#10922,#10923,#10924,#10925),
  .UNSPECIFIED.,.F.,.F.,(4,4),(27.,28.),.PIECEWISE_BEZIER_KNOTS.);
#10922 = CARTESIAN_POINT('',(0.429466660339,2.5005,0.982131906129));
#10923 = CARTESIAN_POINT('',(0.445854522294,2.5005,0.982131906129));
#10924 = CARTESIAN_POINT('',(0.459350380488,2.5005,0.968636011161));
#10925 = CARTESIAN_POINT('',(0.459350380488,2.5005,0.95224818598));
#10926 = ORIENTED_EDGE('',*,*,#10927,.T.);
#10927 = EDGE_CURVE('',#10919,#10928,#10930,.T.);
#10928 = VERTEX_POINT('',#10929);
#10929 = CARTESIAN_POINT('',(0.431394613815,2.5005,0.92236446583));
#10930 = B_SPLINE_CURVE_WITH_KNOTS('',3,(#10931,#10932,#10933,#10934),
  .UNSPECIFIED.,.F.,.F.,(4,4),(28.,29.),.PIECEWISE_BEZIER_KNOTS.);
#10931 = CARTESIAN_POINT('',(0.459350380488,2.5005,0.95224818598));
#10932 = CARTESIAN_POINT('',(0.459350380488,2.5005,0.936824337536));
#10933 = CARTESIAN_POINT('',(0.446818499032,2.5005,0.923328442567));
#10934 = CARTESIAN_POINT('',(0.431394613815,2.5005,0.92236446583));
#10935 = ORIENTED_EDGE('',*,*,#10936,.T.);
#10936 = EDGE_CURVE('',#10928,#10937,#10939,.T.);
#10937 = VERTEX_POINT('',#10938);
#10938 = CARTESIAN_POINT('',(0.374519140502,2.5005,0.92236446583));
#10939 = B_SPLINE_CURVE_WITH_KNOTS('',1,(#10940,#10941),.UNSPECIFIED.,
  .F.,.F.,(2,2),(-5.551115123126E-17,5.687547331212E-02),
  .PIECEWISE_BEZIER_KNOTS.);
#10940 = CARTESIAN_POINT('',(0.431394613815,2.5005,0.92236446583));
#10941 = CARTESIAN_POINT('',(0.374519140502,2.5005,0.92236446583));
#10942 = ORIENTED_EDGE('',*,*,#10943,.T.);
#10943 = EDGE_CURVE('',#10937,#10944,#10946,.T.);
#10944 = VERTEX_POINT('',#10945);
#10945 = CARTESIAN_POINT('',(0.286795933531,2.5005,0.965744080947));
#10946 = B_SPLINE_CURVE_WITH_KNOTS('',3,(#10947,#10948,#10949,#10950),
  .UNSPECIFIED.,.F.,.F.,(4,4),(33.,34.),.PIECEWISE_BEZIER_KNOTS.);
#10947 = CARTESIAN_POINT('',(0.374519140502,2.5005,0.92236446583));
#10948 = CARTESIAN_POINT('',(0.340779439856,2.5005,0.925256432816));
#10949 = CARTESIAN_POINT('',(0.309931706196,2.5005,0.940680318034));
#10950 = CARTESIAN_POINT('',(0.286795933531,2.5005,0.965744080947));
#10951 = ORIENTED_EDGE('',*,*,#10952,.T.);
#10952 = EDGE_CURVE('',#10944,#10673,#10953,.T.);
#10953 = B_SPLINE_CURVE_WITH_KNOTS('',3,(#10954,#10955,#10956,#10957),
  .UNSPECIFIED.,.F.,.F.,(4,4),(34.,35.),.PIECEWISE_BEZIER_KNOTS.);
#10954 = CARTESIAN_POINT('',(0.286795933531,2.5005,0.965744080947));
#10955 = CARTESIAN_POINT('',(0.263660124092,2.5005,0.990807843861));
#10956 = CARTESIAN_POINT('',(0.251128242635,2.5005,1.02358356777));
#10957 = CARTESIAN_POINT('',(0.251128242635,2.5005,1.057323268417));
#10958 = FACE_BOUND('',#10959,.T.);
#10959 = EDGE_LOOP('',(#10960,#10974));
#10960 = ORIENTED_EDGE('',*,*,#10961,.F.);
#10961 = EDGE_CURVE('',#10962,#10964,#10966,.T.);
#10962 = VERTEX_POINT('',#10963);
#10963 = CARTESIAN_POINT('',(0.657932622258,2.5005,0.91658045831));
#10964 = VERTEX_POINT('',#10965);
#10965 = CARTESIAN_POINT('',(0.657932622258,2.5005,0.991771820599));
#10966 = B_SPLINE_CURVE_WITH_KNOTS('',3,(#10967,#10968,#10969,#10970,
    #10971,#10972,#10973),.UNSPECIFIED.,.F.,.F.,(4,3,4),(0.,1.,2.),
  .PIECEWISE_BEZIER_KNOTS.);
#10967 = CARTESIAN_POINT('',(0.657932622258,2.5005,0.91658045831));
#10968 = CARTESIAN_POINT('',(0.636724821455,2.5005,0.91658045831));
#10969 = CARTESIAN_POINT('',(0.6203369595,2.5005,0.933932333776));
#10970 = CARTESIAN_POINT('',(0.6203369595,2.5005,0.954176139455));
#10971 = CARTESIAN_POINT('',(0.6203369595,2.5005,0.975383958644));
#10972 = CARTESIAN_POINT('',(0.637688798193,2.5005,0.991771820599));
#10973 = CARTESIAN_POINT('',(0.657932622258,2.5005,0.991771820599));
#10974 = ORIENTED_EDGE('',*,*,#10975,.F.);
#10975 = EDGE_CURVE('',#10964,#10962,#10976,.T.);
#10976 = B_SPLINE_CURVE_WITH_KNOTS('',3,(#10977,#10978,#10979,#10980,
    #10981,#10982),.UNSPECIFIED.,.F.,.F.,(4,2,4),(2.,3.,4.),
  .UNSPECIFIED.);
#10977 = CARTESIAN_POINT('',(0.657932622258,2.5005,0.991771820599));
#10978 = CARTESIAN_POINT('',(0.678176446323,2.5005,0.991771820599));
#10979 = CARTESIAN_POINT('',(0.695528285015,2.5005,0.975383958644));
#10980 = CARTESIAN_POINT('',(0.695528285015,2.5005,0.932968320265));
#10981 = CARTESIAN_POINT('',(0.678176446323,2.5005,0.91658045831));
#10982 = CARTESIAN_POINT('',(0.657932622258,2.5005,0.91658045831));
#10983 = B_SPLINE_SURFACE_WITH_KNOTS('',1,1,(
    (#10984,#10985)
    ,(#10986,#10987
    )),.UNSPECIFIED.,.F.,.F.,.F.,(2,2),(2,2),(-0.174241452215,
    0.276906500875),(-2.747375072505E-02,0.587552785137),
  .PIECEWISE_BEZIER_KNOTS.);
#10984 = CARTESIAN_POINT('',(0.251128242635,2.5005,1.309888998125));
#10985 = CARTESIAN_POINT('',(0.866154778498,2.5005,1.309888998125));
#10986 = CARTESIAN_POINT('',(0.251128242635,2.5005,0.858741045034));
#10987 = CARTESIAN_POINT('',(0.866154778498,2.5005,0.858741045034));
#10988 = ADVANCED_FACE('',(#10989),#11003,.F.);
#10989 = FACE_BOUND('',#10990,.F.);
#10990 = EDGE_LOOP('',(#10991,#10996,#10997,#11002));
#10991 = ORIENTED_EDGE('',*,*,#10992,.F.);
#10992 = EDGE_CURVE('',#10673,#1239,#10993,.T.);
#10993 = B_SPLINE_CURVE_WITH_KNOTS('',1,(#10994,#10995),.UNSPECIFIED.,
  .F.,.F.,(2,2),(-0.,1.E-03),.PIECEWISE_BEZIER_KNOTS.);
#10994 = CARTESIAN_POINT('',(0.251128242635,2.5005,1.057323268417));
#10995 = CARTESIAN_POINT('',(0.251128242635,2.4995,1.057323268417));
#10996 = ORIENTED_EDGE('',*,*,#10672,.T.);
#10997 = ORIENTED_EDGE('',*,*,#10998,.T.);
#10998 = EDGE_CURVE('',#10675,#1228,#10999,.T.);
#10999 = B_SPLINE_CURVE_WITH_KNOTS('',1,(#11000,#11001),.UNSPECIFIED.,
  .F.,.F.,(2,2),(-0.,1.E-03),.PIECEWISE_BEZIER_KNOTS.);
#11000 = CARTESIAN_POINT('',(0.346563373829,2.5005,1.183606114885));
#11001 = CARTESIAN_POINT('',(0.346563373829,2.4995,1.183606114885));
#11002 = ORIENTED_EDGE('',*,*,#1238,.F.);
#11003 = B_SPLINE_SURFACE_WITH_KNOTS('',3,1,(
    (#11004,#11005)
    ,(#11006,#11007)
    ,(#11008,#11009)
    ,(#11010,#11011
    )),.UNSPECIFIED.,.F.,.F.,.F.,(4,4),(2,2),(35.,36.),(0.,1.),
  .PIECEWISE_BEZIER_KNOTS.);
#11004 = CARTESIAN_POINT('',(0.251128242635,2.5005,1.057323268417));
#11005 = CARTESIAN_POINT('',(0.251128242635,2.4995,1.057323268417));
#11006 = CARTESIAN_POINT('',(0.252092219373,2.5005,1.115162718467));
#11007 = CARTESIAN_POINT('',(0.252092219373,2.4995,1.115162718467));
#11008 = CARTESIAN_POINT('',(0.291615890766,2.5005,1.166254276192));
#11009 = CARTESIAN_POINT('',(0.291615890766,2.4995,1.166254276192));
#11010 = CARTESIAN_POINT('',(0.346563373829,2.5005,1.183606114885));
#11011 = CARTESIAN_POINT('',(0.346563373829,2.4995,1.183606114885));
#11012 = ADVANCED_FACE('',(#11013),#11023,.F.);
#11013 = FACE_BOUND('',#11014,.F.);
#11014 = EDGE_LOOP('',(#11015,#11016,#11017,#11022));
#11015 = ORIENTED_EDGE('',*,*,#10998,.F.);
#11016 = ORIENTED_EDGE('',*,*,#10683,.T.);
#11017 = ORIENTED_EDGE('',*,*,#11018,.T.);
#11018 = EDGE_CURVE('',#10684,#1230,#11019,.T.);
#11019 = B_SPLINE_CURVE_WITH_KNOTS('',1,(#11020,#11021),.UNSPECIFIED.,
  .F.,.F.,(2,2),(-0.,1.E-03),.PIECEWISE_BEZIER_KNOTS.);
#11020 = CARTESIAN_POINT('',(0.398618926679,2.5005,1.25976144012));
#11021 = CARTESIAN_POINT('',(0.398618926679,2.4995,1.25976144012));
#11022 = ORIENTED_EDGE('',*,*,#1227,.F.);
#11023 = B_SPLINE_SURFACE_WITH_KNOTS('',3,1,(
    (#11024,#11025)
    ,(#11026,#11027)
    ,(#11028,#11029)
    ,(#11030,#11031
    )),.UNSPECIFIED.,.F.,.F.,.F.,(4,4),(2,2),(0.,1.),(0.,1.),
  .PIECEWISE_BEZIER_KNOTS.);
#11024 = CARTESIAN_POINT('',(0.346563373829,2.5005,1.183606114885));
#11025 = CARTESIAN_POINT('',(0.346563373829,2.4995,1.183606114885));
#11026 = CARTESIAN_POINT('',(0.357167265037,2.5005,1.212525858295));
#11027 = CARTESIAN_POINT('',(0.357167265037,2.4995,1.212525858295));
#11028 = CARTESIAN_POINT('',(0.37548311724,2.5005,1.238553625528));
#11029 = CARTESIAN_POINT('',(0.37548311724,2.4995,1.238553625528));
#11030 = CARTESIAN_POINT('',(0.398618926679,2.5005,1.25976144012));
#11031 = CARTESIAN_POINT('',(0.398618926679,2.4995,1.25976144012));
#11032 = ADVANCED_FACE('',(#11033),#11043,.F.);
#11033 = FACE_BOUND('',#11034,.F.);
#11034 = EDGE_LOOP('',(#11035,#11036,#11037,#11042));
#11035 = ORIENTED_EDGE('',*,*,#11018,.F.);
#11036 = ORIENTED_EDGE('',*,*,#10692,.T.);
#11037 = ORIENTED_EDGE('',*,*,#11038,.T.);
#11038 = EDGE_CURVE('',#10693,#1499,#11039,.T.);
#11039 = B_SPLINE_CURVE_WITH_KNOTS('',1,(#11040,#11041),.UNSPECIFIED.,
  .F.,.F.,(2,2),(-0.,1.E-03),.PIECEWISE_BEZIER_KNOTS.);
#11040 = CARTESIAN_POINT('',(0.529721748768,2.5005,1.309888998125));
#11041 = CARTESIAN_POINT('',(0.529721748768,2.4995,1.309888998125));
#11042 = ORIENTED_EDGE('',*,*,#1507,.F.);
#11043 = B_SPLINE_SURFACE_WITH_KNOTS('',3,1,(
    (#11044,#11045)
    ,(#11046,#11047)
    ,(#11048,#11049)
    ,(#11050,#11051
    )),.UNSPECIFIED.,.F.,.F.,.F.,(4,4),(2,2),(1.,2.),(0.,1.),
  .PIECEWISE_BEZIER_KNOTS.);
#11044 = CARTESIAN_POINT('',(0.398618926679,2.5005,1.25976144012));
#11045 = CARTESIAN_POINT('',(0.398618926679,2.4995,1.25976144012));
#11046 = CARTESIAN_POINT('',(0.435250594312,2.5005,1.291573160861));
#11047 = CARTESIAN_POINT('',(0.435250594312,2.4995,1.291573160861));
#11048 = CARTESIAN_POINT('',(0.481522176416,2.5005,1.309888998125));
#11049 = CARTESIAN_POINT('',(0.481522176416,2.4995,1.309888998125));
#11050 = CARTESIAN_POINT('',(0.529721748768,2.5005,1.309888998125));
#11051 = CARTESIAN_POINT('',(0.529721748768,2.4995,1.309888998125));
#11052 = ADVANCED_FACE('',(#11053),#11063,.F.);
#11053 = FACE_BOUND('',#11054,.F.);
#11054 = EDGE_LOOP('',(#11055,#11056,#11057,#11062));
#11055 = ORIENTED_EDGE('',*,*,#11038,.F.);
#11056 = ORIENTED_EDGE('',*,*,#10701,.T.);
#11057 = ORIENTED_EDGE('',*,*,#11058,.T.);
#11058 = EDGE_CURVE('',#10702,#1490,#11059,.T.);
#11059 = B_SPLINE_CURVE_WITH_KNOTS('',1,(#11060,#11061),.UNSPECIFIED.,
  .F.,.F.,(2,2),(-0.,1.E-03),.PIECEWISE_BEZIER_KNOTS.);
#11060 = CARTESIAN_POINT('',(0.645400722414,2.5005,1.27229333077));
#11061 = CARTESIAN_POINT('',(0.645400722414,2.4995,1.27229333077));
#11062 = ORIENTED_EDGE('',*,*,#1498,.F.);
#11063 = B_SPLINE_SURFACE_WITH_KNOTS('',3,1,(
    (#11064,#11065)
    ,(#11066,#11067)
    ,(#11068,#11069)
    ,(#11070,#11071
    )),.UNSPECIFIED.,.F.,.F.,.F.,(4,4),(2,2),(2.,3.),(0.,1.),
  .PIECEWISE_BEZIER_KNOTS.);
#11064 = CARTESIAN_POINT('',(0.529721748768,2.5005,1.309888998125));
#11065 = CARTESIAN_POINT('',(0.529721748768,2.4995,1.309888998125));
#11066 = CARTESIAN_POINT('',(0.572137368761,2.5005,1.309888998125));
#11067 = CARTESIAN_POINT('',(0.572137368761,2.4995,1.309888998125));
#11068 = CARTESIAN_POINT('',(0.611661021767,2.5005,1.296393118096));
#11069 = CARTESIAN_POINT('',(0.611661021767,2.4995,1.296393118096));
#11070 = CARTESIAN_POINT('',(0.645400722414,2.5005,1.27229333077));
#11071 = CARTESIAN_POINT('',(0.645400722414,2.4995,1.27229333077));
#11072 = ADVANCED_FACE('',(#11073),#11083,.F.);
#11073 = FACE_BOUND('',#11074,.F.);
#11074 = EDGE_LOOP('',(#11075,#11076,#11077,#11082));
#11075 = ORIENTED_EDGE('',*,*,#11058,.F.);
#11076 = ORIENTED_EDGE('',*,*,#10710,.T.);
#11077 = ORIENTED_EDGE('',*,*,#11078,.T.);
#11078 = EDGE_CURVE('',#10711,#1481,#11079,.T.);
#11079 = B_SPLINE_CURVE_WITH_KNOTS('',1,(#11080,#11081),.UNSPECIFIED.,
  .F.,.F.,(2,2),(-0.,1.E-03),.PIECEWISE_BEZIER_KNOTS.);
#11080 = CARTESIAN_POINT('',(0.687816342407,2.5005,1.229877706182));
#11081 = CARTESIAN_POINT('',(0.687816342407,2.4995,1.229877706182));
#11082 = ORIENTED_EDGE('',*,*,#1489,.F.);
#11083 = B_SPLINE_SURFACE_WITH_KNOTS('',3,1,(
    (#11084,#11085)
    ,(#11086,#11087)
    ,(#11088,#11089)
    ,(#11090,#11091
    )),.UNSPECIFIED.,.F.,.F.,.F.,(4,4),(2,2),(3.,4.),(0.,1.),
  .PIECEWISE_BEZIER_KNOTS.);
#11084 = CARTESIAN_POINT('',(0.645400722414,2.5005,1.27229333077));
#11085 = CARTESIAN_POINT('',(0.645400722414,2.4995,1.27229333077));
#11086 = CARTESIAN_POINT('',(0.661788584369,2.5005,1.260725430648));
#11087 = CARTESIAN_POINT('',(0.661788584369,2.4995,1.260725430648));
#11088 = CARTESIAN_POINT('',(0.67528446095,2.5005,1.246265558943));
#11089 = CARTESIAN_POINT('',(0.67528446095,2.4995,1.246265558943));
#11090 = CARTESIAN_POINT('',(0.687816342407,2.5005,1.229877706182));
#11091 = CARTESIAN_POINT('',(0.687816342407,2.4995,1.229877706182));
#11092 = ADVANCED_FACE('',(#11093),#11103,.F.);
#11093 = FACE_BOUND('',#11094,.F.);
#11094 = EDGE_LOOP('',(#11095,#11096,#11097,#11102));
#11095 = ORIENTED_EDGE('',*,*,#11078,.F.);
#11096 = ORIENTED_EDGE('',*,*,#10719,.T.);
#11097 = ORIENTED_EDGE('',*,*,#11098,.T.);
#11098 = EDGE_CURVE('',#10720,#1472,#11099,.T.);
#11099 = B_SPLINE_CURVE_WITH_KNOTS('',1,(#11100,#11101),.UNSPECIFIED.,
  .F.,.F.,(2,2),(-0.,1.E-03),.PIECEWISE_BEZIER_KNOTS.);
#11100 = CARTESIAN_POINT('',(0.709988138335,2.5005,1.231805687237));
#11101 = CARTESIAN_POINT('',(0.709988138335,2.4995,1.231805687237));
#11102 = ORIENTED_EDGE('',*,*,#1480,.F.);
#11103 = B_SPLINE_SURFACE_WITH_KNOTS('',3,1,(
    (#11104,#11105)
    ,(#11106,#11107)
    ,(#11108,#11109)
    ,(#11110,#11111
    )),.UNSPECIFIED.,.F.,.F.,.F.,(4,4),(2,2),(4.,5.),(0.,1.),
  .PIECEWISE_BEZIER_KNOTS.);
#11104 = CARTESIAN_POINT('',(0.687816342407,2.5005,1.229877706182));
#11105 = CARTESIAN_POINT('',(0.687816342407,2.4995,1.229877706182));
#11106 = CARTESIAN_POINT('',(0.695528266629,2.5005,1.230841701306));
#11107 = CARTESIAN_POINT('',(0.695528266629,2.4995,1.230841701306));
#11108 = CARTESIAN_POINT('',(0.702276214113,2.5005,1.231805687237));
#11109 = CARTESIAN_POINT('',(0.702276214113,2.4995,1.231805687237));
#11110 = CARTESIAN_POINT('',(0.709988138335,2.5005,1.231805687237));
#11111 = CARTESIAN_POINT('',(0.709988138335,2.4995,1.231805687237));
#11112 = ADVANCED_FACE('',(#11113),#11123,.F.);
#11113 = FACE_BOUND('',#11114,.F.);
#11114 = EDGE_LOOP('',(#11115,#11116,#11117,#11122));
#11115 = ORIENTED_EDGE('',*,*,#11098,.F.);
#11116 = ORIENTED_EDGE('',*,*,#10728,.T.);
#11117 = ORIENTED_EDGE('',*,*,#11118,.T.);
#11118 = EDGE_CURVE('',#10729,#1463,#11119,.T.);
#11119 = B_SPLINE_CURVE_WITH_KNOTS('',1,(#11120,#11121),.UNSPECIFIED.,
  .F.,.F.,(2,2),(-0.,1.E-03),.PIECEWISE_BEZIER_KNOTS.);
#11120 = CARTESIAN_POINT('',(0.820847154745,2.5005,1.18553409594));
#11121 = CARTESIAN_POINT('',(0.820847154745,2.4995,1.18553409594));
#11122 = ORIENTED_EDGE('',*,*,#1471,.F.);
#11123 = B_SPLINE_SURFACE_WITH_KNOTS('',3,1,(
    (#11124,#11125)
    ,(#11126,#11127)
    ,(#11128,#11129)
    ,(#11130,#11131
    )),.UNSPECIFIED.,.F.,.F.,.F.,(4,4),(2,2),(5.,6.),(0.,1.),
  .PIECEWISE_BEZIER_KNOTS.);
#11124 = CARTESIAN_POINT('',(0.709988138335,2.5005,1.231805687237));
#11125 = CARTESIAN_POINT('',(0.709988138335,2.4995,1.231805687237));
#11126 = CARTESIAN_POINT('',(0.751439772396,2.5005,1.231805687237));
#11127 = CARTESIAN_POINT('',(0.751439772396,2.4995,1.231805687237));
#11128 = CARTESIAN_POINT('',(0.790963416209,2.5005,1.215417834476));
#11129 = CARTESIAN_POINT('',(0.790963416209,2.4995,1.215417834476));
#11130 = CARTESIAN_POINT('',(0.820847154745,2.5005,1.18553409594));
#11131 = CARTESIAN_POINT('',(0.820847154745,2.4995,1.18553409594));
#11132 = ADVANCED_FACE('',(#11133),#11143,.F.);
#11133 = FACE_BOUND('',#11134,.F.);
#11134 = EDGE_LOOP('',(#11135,#11136,#11137,#11142));
#11135 = ORIENTED_EDGE('',*,*,#11118,.F.);
#11136 = ORIENTED_EDGE('',*,*,#10737,.T.);
#11137 = ORIENTED_EDGE('',*,*,#11138,.T.);
#11138 = EDGE_CURVE('',#10738,#1454,#11139,.T.);
#11139 = B_SPLINE_CURVE_WITH_KNOTS('',1,(#11140,#11141),.UNSPECIFIED.,
  .F.,.F.,(2,2),(-0.,1.E-03),.PIECEWISE_BEZIER_KNOTS.);
#11140 = CARTESIAN_POINT('',(0.866154778498,2.5005,1.075639083847));
#11141 = CARTESIAN_POINT('',(0.866154778498,2.4995,1.075639083847));
#11142 = ORIENTED_EDGE('',*,*,#1462,.F.);
#11143 = B_SPLINE_SURFACE_WITH_KNOTS('',3,1,(
    (#11144,#11145)
    ,(#11146,#11147)
    ,(#11148,#11149)
    ,(#11150,#11151
    )),.UNSPECIFIED.,.F.,.F.,.F.,(4,4),(2,2),(6.,7.),(0.,1.),
  .PIECEWISE_BEZIER_KNOTS.);
#11144 = CARTESIAN_POINT('',(0.820847154745,2.5005,1.18553409594));
#11145 = CARTESIAN_POINT('',(0.820847154745,2.4995,1.18553409594));
#11146 = CARTESIAN_POINT('',(0.849766923438,2.5005,1.156614361722));
#11147 = CARTESIAN_POINT('',(0.849766923438,2.4995,1.156614361722));
#11148 = CARTESIAN_POINT('',(0.866154778498,2.5005,1.117090708715));
#11149 = CARTESIAN_POINT('',(0.866154778498,2.4995,1.117090708715));
#11150 = CARTESIAN_POINT('',(0.866154778498,2.5005,1.075639083847));
#11151 = CARTESIAN_POINT('',(0.866154778498,2.4995,1.075639083847));
#11152 = ADVANCED_FACE('',(#11153),#11163,.F.);
#11153 = FACE_BOUND('',#11154,.F.);
#11154 = EDGE_LOOP('',(#11155,#11156,#11157,#11162));
#11155 = ORIENTED_EDGE('',*,*,#11138,.F.);
#11156 = ORIENTED_EDGE('',*,*,#10746,.T.);
#11157 = ORIENTED_EDGE('',*,*,#11158,.T.);
#11158 = EDGE_CURVE('',#10747,#1445,#11159,.T.);
#11159 = B_SPLINE_CURVE_WITH_KNOTS('',1,(#11160,#11161),.UNSPECIFIED.,
  .F.,.F.,(2,2),(-0.,1.E-03),.PIECEWISE_BEZIER_KNOTS.);
#11160 = CARTESIAN_POINT('',(0.82566713956,2.5005,0.970564038183));
#11161 = CARTESIAN_POINT('',(0.82566713956,2.4995,0.970564038183));
#11162 = ORIENTED_EDGE('',*,*,#1453,.F.);
#11163 = B_SPLINE_SURFACE_WITH_KNOTS('',3,1,(
    (#11164,#11165)
    ,(#11166,#11167)
    ,(#11168,#11169)
    ,(#11170,#11171
    )),.UNSPECIFIED.,.F.,.F.,.F.,(4,4),(2,2),(7.,8.),(0.,1.),
  .PIECEWISE_BEZIER_KNOTS.);
#11164 = CARTESIAN_POINT('',(0.866154778498,2.5005,1.075639083847));
#11165 = CARTESIAN_POINT('',(0.866154778498,2.4995,1.075639083847));
#11166 = CARTESIAN_POINT('',(0.866154778498,2.5005,1.037079425965));
#11167 = CARTESIAN_POINT('',(0.866154778498,2.4995,1.037079425965));
#11168 = CARTESIAN_POINT('',(0.851694906792,2.5005,0.999483744821));
#11169 = CARTESIAN_POINT('',(0.851694906792,2.4995,0.999483744821));
#11170 = CARTESIAN_POINT('',(0.82566713956,2.5005,0.970564038183));
#11171 = CARTESIAN_POINT('',(0.82566713956,2.4995,0.970564038183));
#11172 = ADVANCED_FACE('',(#11173),#11183,.F.);
#11173 = FACE_BOUND('',#11174,.F.);
#11174 = EDGE_LOOP('',(#11175,#11176,#11177,#11182));
#11175 = ORIENTED_EDGE('',*,*,#11158,.F.);
#11176 = ORIENTED_EDGE('',*,*,#10755,.T.);
#11177 = ORIENTED_EDGE('',*,*,#11178,.T.);
#11178 = EDGE_CURVE('',#10756,#1436,#11179,.T.);
#11179 = B_SPLINE_CURVE_WITH_KNOTS('',1,(#11180,#11181),.UNSPECIFIED.,
  .F.,.F.,(2,2),(-0.,1.E-03),.PIECEWISE_BEZIER_KNOTS.);
#11180 = CARTESIAN_POINT('',(0.748547823797,2.5005,0.924292456079));
#11181 = CARTESIAN_POINT('',(0.748547823797,2.4995,0.924292456079));
#11182 = ORIENTED_EDGE('',*,*,#1444,.F.);
#11183 = B_SPLINE_SURFACE_WITH_KNOTS('',3,1,(
    (#11184,#11185)
    ,(#11186,#11187)
    ,(#11188,#11189)
    ,(#11190,#11191
    )),.UNSPECIFIED.,.F.,.F.,.F.,(4,4),(2,2),(8.,9.),(0.,1.),
  .PIECEWISE_BEZIER_KNOTS.);
#11184 = CARTESIAN_POINT('',(0.82566713956,2.5005,0.970564038183));
#11185 = CARTESIAN_POINT('',(0.82566713956,2.4995,0.970564038183));
#11186 = CARTESIAN_POINT('',(0.804459329564,2.5005,0.947428228744));
#11187 = CARTESIAN_POINT('',(0.804459329564,2.4995,0.947428228744));
#11188 = CARTESIAN_POINT('',(0.778431553139,2.5005,0.932004380301));
#11189 = CARTESIAN_POINT('',(0.778431553139,2.4995,0.932004380301));
#11190 = CARTESIAN_POINT('',(0.748547823797,2.5005,0.924292456079));
#11191 = CARTESIAN_POINT('',(0.748547823797,2.4995,0.924292456079));
#11192 = ADVANCED_FACE('',(#11193),#11203,.F.);
#11193 = FACE_BOUND('',#11194,.F.);
#11194 = EDGE_LOOP('',(#11195,#11196,#11197,#11202));
#11195 = ORIENTED_EDGE('',*,*,#11178,.F.);
#11196 = ORIENTED_EDGE('',*,*,#10764,.T.);
#11197 = ORIENTED_EDGE('',*,*,#11198,.T.);
#11198 = EDGE_CURVE('',#10765,#1427,#11199,.T.);
#11199 = B_SPLINE_CURVE_WITH_KNOTS('',1,(#11200,#11201),.UNSPECIFIED.,
  .F.,.F.,(2,2),(-0.,1.E-03),.PIECEWISE_BEZIER_KNOTS.);
#11200 = CARTESIAN_POINT('',(0.656968627133,2.5005,0.858741045034));
#11201 = CARTESIAN_POINT('',(0.656968627133,2.4995,0.858741045034));
#11202 = ORIENTED_EDGE('',*,*,#1435,.F.);
#11203 = B_SPLINE_SURFACE_WITH_KNOTS('',3,1,(
    (#11204,#11205)
    ,(#11206,#11207)
    ,(#11208,#11209)
    ,(#11210,#11211
    )),.UNSPECIFIED.,.F.,.F.,.F.,(4,4),(2,2),(9.,10.),(0.,1.),
  .PIECEWISE_BEZIER_KNOTS.);
#11204 = CARTESIAN_POINT('',(0.748547823797,2.5005,0.924292456079));
#11205 = CARTESIAN_POINT('',(0.748547823797,2.4995,0.924292456079));
#11206 = CARTESIAN_POINT('',(0.736015933146,2.5005,0.885732798196));
#11207 = CARTESIAN_POINT('',(0.736015933146,2.4995,0.885732798196));
#11208 = CARTESIAN_POINT('',(0.699384265513,2.5005,0.858741045034));
#11209 = CARTESIAN_POINT('',(0.699384265513,2.4995,0.858741045034));
#11210 = CARTESIAN_POINT('',(0.656968627133,2.5005,0.858741045034));
#11211 = CARTESIAN_POINT('',(0.656968627133,2.4995,0.858741045034));
#11212 = ADVANCED_FACE('',(#11213),#11223,.F.);
#11213 = FACE_BOUND('',#11214,.F.);
#11214 = EDGE_LOOP('',(#11215,#11216,#11217,#11222));
#11215 = ORIENTED_EDGE('',*,*,#11198,.F.);
#11216 = ORIENTED_EDGE('',*,*,#10773,.T.);
#11217 = ORIENTED_EDGE('',*,*,#11218,.T.);
#11218 = EDGE_CURVE('',#10774,#1418,#11219,.T.);
#11219 = B_SPLINE_CURVE_WITH_KNOTS('',1,(#11220,#11221),.UNSPECIFIED.,
  .F.,.F.,(2,2),(-0.,1.E-03),.PIECEWISE_BEZIER_KNOTS.);
#11220 = CARTESIAN_POINT('',(0.560569482428,2.5005,0.955140189739));
#11221 = CARTESIAN_POINT('',(0.560569482428,2.4995,0.955140189739));
#11222 = ORIENTED_EDGE('',*,*,#1426,.F.);
#11223 = B_SPLINE_SURFACE_WITH_KNOTS('',3,1,(
    (#11224,#11225)
    ,(#11226,#11227)
    ,(#11228,#11229)
    ,(#11230,#11231
    )),.UNSPECIFIED.,.F.,.F.,.F.,(4,4),(2,2),(10.,11.),(0.,1.),
  .PIECEWISE_BEZIER_KNOTS.);
#11224 = CARTESIAN_POINT('',(0.656968627133,2.5005,0.858741045034));
#11225 = CARTESIAN_POINT('',(0.656968627133,2.4995,0.858741045034));
#11226 = CARTESIAN_POINT('',(0.603949097546,2.5005,0.858741045034));
#11227 = CARTESIAN_POINT('',(0.603949097546,2.4995,0.858741045034));
#11228 = CARTESIAN_POINT('',(0.560569482428,2.5005,0.902120660151));
#11229 = CARTESIAN_POINT('',(0.560569482428,2.4995,0.902120660151));
#11230 = CARTESIAN_POINT('',(0.560569482428,2.5005,0.955140189739));
#11231 = CARTESIAN_POINT('',(0.560569482428,2.4995,0.955140189739));
#11232 = ADVANCED_FACE('',(#11233),#11243,.F.);
#11233 = FACE_BOUND('',#11234,.T.);
#11234 = EDGE_LOOP('',(#11235,#11236,#11241,#11242));
#11235 = ORIENTED_EDGE('',*,*,#1417,.T.);
#11236 = ORIENTED_EDGE('',*,*,#11237,.F.);
#11237 = EDGE_CURVE('',#10783,#1411,#11238,.T.);
#11238 = B_SPLINE_CURVE_WITH_KNOTS('',1,(#11239,#11240),.UNSPECIFIED.,
  .F.,.F.,(2,2),(-0.,1.E-03),.PIECEWISE_BEZIER_KNOTS.);
#11239 = CARTESIAN_POINT('',(0.560569482428,2.5005,0.96478010421));
#11240 = CARTESIAN_POINT('',(0.560569482428,2.4995,0.96478010421));
#11241 = ORIENTED_EDGE('',*,*,#10782,.F.);
#11242 = ORIENTED_EDGE('',*,*,#11218,.T.);
#11243 = B_SPLINE_SURFACE_WITH_KNOTS('',1,1,(
    (#11244,#11245)
    ,(#11246,#11247
    )),.UNSPECIFIED.,.F.,.F.,.F.,(2,2),(2,2),(-9.63991447111E-03,0.),(
    -1.E-03,0.),.PIECEWISE_BEZIER_KNOTS.);
#11244 = CARTESIAN_POINT('',(0.560569482428,2.4995,0.96478010421));
#11245 = CARTESIAN_POINT('',(0.560569482428,2.5005,0.96478010421));
#11246 = CARTESIAN_POINT('',(0.560569482428,2.4995,0.955140189739));
#11247 = CARTESIAN_POINT('',(0.560569482428,2.5005,0.955140189739));
#11248 = ADVANCED_FACE('',(#11249),#11259,.F.);
#11249 = FACE_BOUND('',#11250,.T.);
#11250 = EDGE_LOOP('',(#11251,#11252,#11257,#11258));
#11251 = ORIENTED_EDGE('',*,*,#1410,.T.);
#11252 = ORIENTED_EDGE('',*,*,#11253,.F.);
#11253 = EDGE_CURVE('',#10792,#1404,#11254,.T.);
#11254 = B_SPLINE_CURVE_WITH_KNOTS('',1,(#11255,#11256),.UNSPECIFIED.,
  .F.,.F.,(2,2),(-0.,1.E-03),.PIECEWISE_BEZIER_KNOTS.);
#11255 = CARTESIAN_POINT('',(0.425610679841,2.5005,1.036115467614));
#11256 = CARTESIAN_POINT('',(0.425610679841,2.4995,1.036115467614));
#11257 = ORIENTED_EDGE('',*,*,#10791,.F.);
#11258 = ORIENTED_EDGE('',*,*,#11237,.T.);
#11259 = B_SPLINE_SURFACE_WITH_KNOTS('',1,1,(
    (#11260,#11261)
    ,(#11262,#11263
    )),.UNSPECIFIED.,.F.,.F.,.F.,(2,2),(2,2),(-0.152651932407,
    5.188153315345E-17),(-1.E-03,0.),.PIECEWISE_BEZIER_KNOTS.);
#11260 = CARTESIAN_POINT('',(0.425610679841,2.4995,1.036115467614));
#11261 = CARTESIAN_POINT('',(0.425610679841,2.5005,1.036115467614));
#11262 = CARTESIAN_POINT('',(0.560569482428,2.4995,0.96478010421));
#11263 = CARTESIAN_POINT('',(0.560569482428,2.5005,0.96478010421));
#11264 = ADVANCED_FACE('',(#11265),#11275,.F.);
#11265 = FACE_BOUND('',#11266,.T.);
#11266 = EDGE_LOOP('',(#11267,#11268,#11273,#11274));
#11267 = ORIENTED_EDGE('',*,*,#1403,.T.);
#11268 = ORIENTED_EDGE('',*,*,#11269,.F.);
#11269 = EDGE_CURVE('',#10799,#1397,#11270,.T.);
#11270 = B_SPLINE_CURVE_WITH_KNOTS('',1,(#11271,#11272),.UNSPECIFIED.,
  .F.,.F.,(2,2),(-0.,1.E-03),.PIECEWISE_BEZIER_KNOTS.);
#11271 = CARTESIAN_POINT('',(0.455494399991,2.5005,1.087207025339));
#11272 = CARTESIAN_POINT('',(0.455494399991,2.4995,1.087207025339));
#11273 = ORIENTED_EDGE('',*,*,#10798,.F.);
#11274 = ORIENTED_EDGE('',*,*,#11253,.T.);
#11275 = B_SPLINE_SURFACE_WITH_KNOTS('',1,1,(
    (#11276,#11277)
    ,(#11278,#11279
    )),.UNSPECIFIED.,.F.,.F.,.F.,(2,2),(2,2),(-5.918939094776E-02,0.),(
    -1.E-03,0.),.PIECEWISE_BEZIER_KNOTS.);
#11276 = CARTESIAN_POINT('',(0.455494399991,2.4995,1.087207025339));
#11277 = CARTESIAN_POINT('',(0.455494399991,2.5005,1.087207025339));
#11278 = CARTESIAN_POINT('',(0.425610679841,2.4995,1.036115467614));
#11279 = CARTESIAN_POINT('',(0.425610679841,2.5005,1.036115467614));
#11280 = ADVANCED_FACE('',(#11281),#11291,.F.);
#11281 = FACE_BOUND('',#11282,.T.);
#11282 = EDGE_LOOP('',(#11283,#11284,#11289,#11290));
#11283 = ORIENTED_EDGE('',*,*,#1396,.T.);
#11284 = ORIENTED_EDGE('',*,*,#11285,.F.);
#11285 = EDGE_CURVE('',#10806,#1388,#11286,.T.);
#11286 = B_SPLINE_CURVE_WITH_KNOTS('',1,(#11287,#11288),.UNSPECIFIED.,
  .F.,.F.,(2,2),(-0.,1.E-03),.PIECEWISE_BEZIER_KNOTS.);
#11287 = CARTESIAN_POINT('',(0.584669250218,2.5005,1.019727624046));
#11288 = CARTESIAN_POINT('',(0.584669250218,2.4995,1.019727624046));
#11289 = ORIENTED_EDGE('',*,*,#10805,.F.);
#11290 = ORIENTED_EDGE('',*,*,#11269,.T.);
#11291 = B_SPLINE_SURFACE_WITH_KNOTS('',1,1,(
    (#11292,#11293)
    ,(#11294,#11295
    )),.UNSPECIFIED.,.F.,.F.,.F.,(2,2),(2,2),(-0.145738160857,0.),(
    -1.E-03,0.),.PIECEWISE_BEZIER_KNOTS.);
#11292 = CARTESIAN_POINT('',(0.584669250218,2.4995,1.019727624046));
#11293 = CARTESIAN_POINT('',(0.584669250218,2.5005,1.019727624046));
#11294 = CARTESIAN_POINT('',(0.455494399991,2.4995,1.087207025339));
#11295 = CARTESIAN_POINT('',(0.455494399991,2.5005,1.087207025339));
#11296 = ADVANCED_FACE('',(#11297),#11307,.F.);
#11297 = FACE_BOUND('',#11298,.F.);
#11298 = EDGE_LOOP('',(#11299,#11300,#11301,#11306));
#11299 = ORIENTED_EDGE('',*,*,#11285,.F.);
#11300 = ORIENTED_EDGE('',*,*,#10812,.T.);
#11301 = ORIENTED_EDGE('',*,*,#11302,.T.);
#11302 = EDGE_CURVE('',#10813,#1379,#11303,.T.);
#11303 = B_SPLINE_CURVE_WITH_KNOTS('',1,(#11304,#11305),.UNSPECIFIED.,
  .F.,.F.,(2,2),(-0.,1.E-03),.PIECEWISE_BEZIER_KNOTS.);
#11304 = CARTESIAN_POINT('',(0.656968608747,2.5005,1.052503329569));
#11305 = CARTESIAN_POINT('',(0.656968608747,2.4995,1.052503329569));
#11306 = ORIENTED_EDGE('',*,*,#1387,.F.);
#11307 = B_SPLINE_SURFACE_WITH_KNOTS('',3,1,(
    (#11308,#11309)
    ,(#11310,#11311)
    ,(#11312,#11313)
    ,(#11314,#11315
    )),.UNSPECIFIED.,.F.,.F.,.F.,(4,4),(2,2),(15.,16.),(0.,1.),
  .PIECEWISE_BEZIER_KNOTS.);
#11308 = CARTESIAN_POINT('',(0.584669250218,2.5005,1.019727624046));
#11309 = CARTESIAN_POINT('',(0.584669250218,2.4995,1.019727624046));
#11310 = CARTESIAN_POINT('',(0.60202108891,2.5005,1.039971448112));
#11311 = CARTESIAN_POINT('',(0.60202108891,2.4995,1.039971448112));
#11312 = CARTESIAN_POINT('',(0.628048865335,2.5005,1.052503329569));
#11313 = CARTESIAN_POINT('',(0.628048865335,2.4995,1.052503329569));
#11314 = CARTESIAN_POINT('',(0.656968608747,2.5005,1.052503329569));
#11315 = CARTESIAN_POINT('',(0.656968608747,2.4995,1.052503329569));
#11316 = ADVANCED_FACE('',(#11317),#11327,.F.);
#11317 = FACE_BOUND('',#11318,.F.);
#11318 = EDGE_LOOP('',(#11319,#11320,#11321,#11326));
#11319 = ORIENTED_EDGE('',*,*,#11302,.F.);
#11320 = ORIENTED_EDGE('',*,*,#10821,.T.);
#11321 = ORIENTED_EDGE('',*,*,#11322,.T.);
#11322 = EDGE_CURVE('',#10822,#1370,#11323,.T.);
#11323 = B_SPLINE_CURVE_WITH_KNOTS('',1,(#11324,#11325),.UNSPECIFIED.,
  .F.,.F.,(2,2),(-0.,1.E-03),.PIECEWISE_BEZIER_KNOTS.);
#11324 = CARTESIAN_POINT('',(0.747583801092,2.5005,0.988879890386));
#11325 = CARTESIAN_POINT('',(0.747583801092,2.4995,0.988879890386));
#11326 = ORIENTED_EDGE('',*,*,#1378,.F.);
#11327 = B_SPLINE_SURFACE_WITH_KNOTS('',3,1,(
    (#11328,#11329)
    ,(#11330,#11331)
    ,(#11332,#11333)
    ,(#11334,#11335
    )),.UNSPECIFIED.,.F.,.F.,.F.,(4,4),(2,2),(16.,17.),(0.,1.),
  .PIECEWISE_BEZIER_KNOTS.);
#11328 = CARTESIAN_POINT('',(0.656968608747,2.5005,1.052503329569));
#11329 = CARTESIAN_POINT('',(0.656968608747,2.4995,1.052503329569));
#11330 = CARTESIAN_POINT('',(0.698420252002,2.5005,1.052503329569));
#11331 = CARTESIAN_POINT('',(0.698420252002,2.4995,1.052503329569));
#11332 = CARTESIAN_POINT('',(0.73408792451,2.5005,1.025511576406));
#11333 = CARTESIAN_POINT('',(0.73408792451,2.4995,1.025511576406));
#11334 = CARTESIAN_POINT('',(0.747583801092,2.5005,0.988879890386));
#11335 = CARTESIAN_POINT('',(0.747583801092,2.4995,0.988879890386));
#11336 = ADVANCED_FACE('',(#11337),#11347,.F.);
#11337 = FACE_BOUND('',#11338,.F.);
#11338 = EDGE_LOOP('',(#11339,#11340,#11341,#11346));
#11339 = ORIENTED_EDGE('',*,*,#11322,.F.);
#11340 = ORIENTED_EDGE('',*,*,#10830,.T.);
#11341 = ORIENTED_EDGE('',*,*,#11342,.T.);
#11342 = EDGE_CURVE('',#10831,#1361,#11343,.T.);
#11343 = B_SPLINE_CURVE_WITH_KNOTS('',1,(#11344,#11345),.UNSPECIFIED.,
  .F.,.F.,(2,2),(-0.,1.E-03),.PIECEWISE_BEZIER_KNOTS.);
#11344 = CARTESIAN_POINT('',(0.805423287915,2.5005,1.077567110869));
#11345 = CARTESIAN_POINT('',(0.805423287915,2.4995,1.077567110869));
#11346 = ORIENTED_EDGE('',*,*,#1369,.F.);
#11347 = B_SPLINE_SURFACE_WITH_KNOTS('',3,1,(
    (#11348,#11349)
    ,(#11350,#11351)
    ,(#11352,#11353)
    ,(#11354,#11355
    )),.UNSPECIFIED.,.F.,.F.,.F.,(4,4),(2,2),(17.,18.),(0.,1.),
  .PIECEWISE_BEZIER_KNOTS.);
#11348 = CARTESIAN_POINT('',(0.747583801092,2.5005,0.988879890386));
#11349 = CARTESIAN_POINT('',(0.747583801092,2.4995,0.988879890386));
#11350 = CARTESIAN_POINT('',(0.781323501739,2.5005,1.004303757216));
#11351 = CARTESIAN_POINT('',(0.781323501739,2.4995,1.004303757216));
#11352 = CARTESIAN_POINT('',(0.805423287915,2.5005,1.038043457862));
#11353 = CARTESIAN_POINT('',(0.805423287915,2.4995,1.038043457862));
#11354 = CARTESIAN_POINT('',(0.805423287915,2.5005,1.077567110869));
#11355 = CARTESIAN_POINT('',(0.805423287915,2.4995,1.077567110869));
#11356 = ADVANCED_FACE('',(#11357),#11367,.F.);
#11357 = FACE_BOUND('',#11358,.F.);
#11358 = EDGE_LOOP('',(#11359,#11360,#11361,#11366));
#11359 = ORIENTED_EDGE('',*,*,#11342,.F.);
#11360 = ORIENTED_EDGE('',*,*,#10839,.T.);
#11361 = ORIENTED_EDGE('',*,*,#11362,.T.);
#11362 = EDGE_CURVE('',#10840,#1352,#11363,.T.);
#11363 = B_SPLINE_CURVE_WITH_KNOTS('',1,(#11364,#11365),.UNSPECIFIED.,
  .F.,.F.,(2,2),(-0.,1.E-03),.PIECEWISE_BEZIER_KNOTS.);
#11364 = CARTESIAN_POINT('',(0.70902414321,2.5005,1.173966255574));
#11365 = CARTESIAN_POINT('',(0.70902414321,2.4995,1.173966255574));
#11366 = ORIENTED_EDGE('',*,*,#1360,.F.);
#11367 = B_SPLINE_SURFACE_WITH_KNOTS('',3,1,(
    (#11368,#11369)
    ,(#11370,#11371)
    ,(#11372,#11373)
    ,(#11374,#11375
    )),.UNSPECIFIED.,.F.,.F.,.F.,(4,4),(2,2),(18.,19.),(0.,1.),
  .PIECEWISE_BEZIER_KNOTS.);
#11368 = CARTESIAN_POINT('',(0.805423287915,2.5005,1.077567110869));
#11369 = CARTESIAN_POINT('',(0.805423287915,2.4995,1.077567110869));
#11370 = CARTESIAN_POINT('',(0.805423287915,2.5005,1.130586640457));
#11371 = CARTESIAN_POINT('',(0.805423287915,2.4995,1.130586640457));
#11372 = CARTESIAN_POINT('',(0.762043672798,2.5005,1.173966255574));
#11373 = CARTESIAN_POINT('',(0.762043672798,2.4995,1.173966255574));
#11374 = CARTESIAN_POINT('',(0.70902414321,2.5005,1.173966255574));
#11375 = CARTESIAN_POINT('',(0.70902414321,2.4995,1.173966255574));
#11376 = ADVANCED_FACE('',(#11377),#11387,.F.);
#11377 = FACE_BOUND('',#11378,.F.);
#11378 = EDGE_LOOP('',(#11379,#11380,#11381,#11386));
#11379 = ORIENTED_EDGE('',*,*,#11362,.F.);
#11380 = ORIENTED_EDGE('',*,*,#10848,.T.);
#11381 = ORIENTED_EDGE('',*,*,#11382,.T.);
#11382 = EDGE_CURVE('',#10849,#1343,#11383,.T.);
#11383 = B_SPLINE_CURVE_WITH_KNOTS('',1,(#11384,#11385),.UNSPECIFIED.,
  .F.,.F.,(2,2),(-0.,1.E-03),.PIECEWISE_BEZIER_KNOTS.);
#11384 = CARTESIAN_POINT('',(0.657932603871,2.5005,1.159506383868));
#11385 = CARTESIAN_POINT('',(0.657932603871,2.4995,1.159506383868));
#11386 = ORIENTED_EDGE('',*,*,#1351,.F.);
#11387 = B_SPLINE_SURFACE_WITH_KNOTS('',3,1,(
    (#11388,#11389)
    ,(#11390,#11391)
    ,(#11392,#11393)
    ,(#11394,#11395
    )),.UNSPECIFIED.,.F.,.F.,.F.,(4,4),(2,2),(19.,20.),(0.,1.),
  .PIECEWISE_BEZIER_KNOTS.);
#11388 = CARTESIAN_POINT('',(0.70902414321,2.5005,1.173966255574));
#11389 = CARTESIAN_POINT('',(0.70902414321,2.4995,1.173966255574));
#11390 = CARTESIAN_POINT('',(0.690708309393,2.5005,1.173966255574));
#11391 = CARTESIAN_POINT('',(0.690708309393,2.4995,1.173966255574));
#11392 = CARTESIAN_POINT('',(0.672392475577,2.5005,1.168182303214));
#11393 = CARTESIAN_POINT('',(0.672392475577,2.4995,1.168182303214));
#11394 = CARTESIAN_POINT('',(0.657932603871,2.5005,1.159506383868));
#11395 = CARTESIAN_POINT('',(0.657932603871,2.4995,1.159506383868));
#11396 = ADVANCED_FACE('',(#11397),#11407,.F.);
#11397 = FACE_BOUND('',#11398,.F.);
#11398 = EDGE_LOOP('',(#11399,#11400,#11401,#11406));
#11399 = ORIENTED_EDGE('',*,*,#11382,.F.);
#11400 = ORIENTED_EDGE('',*,*,#10857,.T.);
#11401 = ORIENTED_EDGE('',*,*,#11402,.T.);
#11402 = EDGE_CURVE('',#10858,#1334,#11403,.T.);
#11403 = B_SPLINE_CURVE_WITH_KNOTS('',1,(#11404,#11405),.UNSPECIFIED.,
  .F.,.F.,(2,2),(-0.,1.E-03),.PIECEWISE_BEZIER_KNOTS.);
#11404 = CARTESIAN_POINT('',(0.52875777203,2.5005,1.252049511302));
#11405 = CARTESIAN_POINT('',(0.52875777203,2.4995,1.252049511302));
#11406 = ORIENTED_EDGE('',*,*,#1342,.F.);
#11407 = B_SPLINE_SURFACE_WITH_KNOTS('',3,1,(
    (#11408,#11409)
    ,(#11410,#11411)
    ,(#11412,#11413)
    ,(#11414,#11415
    )),.UNSPECIFIED.,.F.,.F.,.F.,(4,4),(2,2),(20.,21.),(0.,1.),
  .PIECEWISE_BEZIER_KNOTS.);
#11408 = CARTESIAN_POINT('',(0.657932603871,2.5005,1.159506383868));
#11409 = CARTESIAN_POINT('',(0.657932603871,2.4995,1.159506383868));
#11410 = CARTESIAN_POINT('',(0.639616788441,2.5005,1.21348985342));
#11411 = CARTESIAN_POINT('',(0.639616788441,2.4995,1.21348985342));
#11412 = CARTESIAN_POINT('',(0.58948922584,2.5005,1.252049511302));
#11413 = CARTESIAN_POINT('',(0.58948922584,2.4995,1.252049511302));
#11414 = CARTESIAN_POINT('',(0.52875777203,2.5005,1.252049511302));
#11415 = CARTESIAN_POINT('',(0.52875777203,2.4995,1.252049511302));
#11416 = ADVANCED_FACE('',(#11417),#11427,.F.);
#11417 = FACE_BOUND('',#11418,.F.);
#11418 = EDGE_LOOP('',(#11419,#11420,#11421,#11426));
#11419 = ORIENTED_EDGE('',*,*,#11402,.F.);
#11420 = ORIENTED_EDGE('',*,*,#10866,.T.);
#11421 = ORIENTED_EDGE('',*,*,#11422,.T.);
#11422 = EDGE_CURVE('',#10867,#1325,#11423,.T.);
#11423 = B_SPLINE_CURVE_WITH_KNOTS('',1,(#11424,#11425),.UNSPECIFIED.,
  .F.,.F.,(2,2),(-0.,1.E-03),.PIECEWISE_BEZIER_KNOTS.);
#11424 = CARTESIAN_POINT('',(0.393798969444,2.5005,1.131550580421));
#11425 = CARTESIAN_POINT('',(0.393798969444,2.4995,1.131550580421));
#11426 = ORIENTED_EDGE('',*,*,#1333,.F.);
#11427 = B_SPLINE_SURFACE_WITH_KNOTS('',3,1,(
    (#11428,#11429)
    ,(#11430,#11431)
    ,(#11432,#11433)
    ,(#11434,#11435
    )),.UNSPECIFIED.,.F.,.F.,.F.,(4,4),(2,2),(21.,22.),(0.,1.),
  .PIECEWISE_BEZIER_KNOTS.);
#11428 = CARTESIAN_POINT('',(0.52875777203,2.5005,1.252049511302));
#11429 = CARTESIAN_POINT('',(0.52875777203,2.4995,1.252049511302));
#11430 = CARTESIAN_POINT('',(0.459350380488,2.5005,1.252049511302));
#11431 = CARTESIAN_POINT('',(0.459350380488,2.4995,1.252049511302));
#11432 = CARTESIAN_POINT('',(0.401510893666,2.5005,1.199029981714));
#11433 = CARTESIAN_POINT('',(0.401510893666,2.4995,1.199029981714));
#11434 = CARTESIAN_POINT('',(0.393798969444,2.5005,1.131550580421));
#11435 = CARTESIAN_POINT('',(0.393798969444,2.4995,1.131550580421));
#11436 = ADVANCED_FACE('',(#11437),#11447,.F.);
#11437 = FACE_BOUND('',#11438,.T.);
#11438 = EDGE_LOOP('',(#11439,#11440,#11445,#11446));
#11439 = ORIENTED_EDGE('',*,*,#1324,.T.);
#11440 = ORIENTED_EDGE('',*,*,#11441,.F.);
#11441 = EDGE_CURVE('',#10876,#1316,#11442,.T.);
#11442 = B_SPLINE_CURVE_WITH_KNOTS('',1,(#11443,#11444),.UNSPECIFIED.,
  .F.,.F.,(2,2),(-0.,1.E-03),.PIECEWISE_BEZIER_KNOTS.);
#11443 = CARTESIAN_POINT('',(0.386087045222,2.5005,1.131550580421));
#11444 = CARTESIAN_POINT('',(0.386087045222,2.4995,1.131550580421));
#11445 = ORIENTED_EDGE('',*,*,#10875,.F.);
#11446 = ORIENTED_EDGE('',*,*,#11422,.T.);
#11447 = B_SPLINE_SURFACE_WITH_KNOTS('',1,1,(
    (#11448,#11449)
    ,(#11450,#11451
    )),.UNSPECIFIED.,.F.,.F.,.F.,(2,2),(2,2),(-7.711924221848E-03,0.),(
    -1.E-03,0.),.PIECEWISE_BEZIER_KNOTS.);
#11448 = CARTESIAN_POINT('',(0.386087045222,2.4995,1.131550580421));
#11449 = CARTESIAN_POINT('',(0.386087045222,2.5005,1.131550580421));
#11450 = CARTESIAN_POINT('',(0.393798969444,2.4995,1.131550580421));
#11451 = CARTESIAN_POINT('',(0.393798969444,2.5005,1.131550580421));
#11452 = ADVANCED_FACE('',(#11453),#11463,.F.);
#11453 = FACE_BOUND('',#11454,.F.);
#11454 = EDGE_LOOP('',(#11455,#11456,#11457,#11462));
#11455 = ORIENTED_EDGE('',*,*,#11441,.F.);
#11456 = ORIENTED_EDGE('',*,*,#10884,.T.);
#11457 = ORIENTED_EDGE('',*,*,#11458,.T.);
#11458 = EDGE_CURVE('',#10885,#1307,#11459,.T.);
#11459 = B_SPLINE_CURVE_WITH_KNOTS('',1,(#11460,#11461),.UNSPECIFIED.,
  .F.,.F.,(2,2),(-0.,1.E-03),.PIECEWISE_BEZIER_KNOTS.);
#11460 = CARTESIAN_POINT('',(0.310895719707,2.5005,1.056359254906));
#11461 = CARTESIAN_POINT('',(0.310895719707,2.4995,1.056359254906));
#11462 = ORIENTED_EDGE('',*,*,#1315,.F.);
#11463 = B_SPLINE_SURFACE_WITH_KNOTS('',3,1,(
    (#11464,#11465)
    ,(#11466,#11467)
    ,(#11468,#11469)
    ,(#11470,#11471
    )),.UNSPECIFIED.,.F.,.F.,.F.,(4,4),(2,2),(23.,24.),(0.,1.),
  .PIECEWISE_BEZIER_KNOTS.);
#11464 = CARTESIAN_POINT('',(0.386087045222,2.5005,1.131550580421));
#11465 = CARTESIAN_POINT('',(0.386087045222,2.4995,1.131550580421));
#11466 = CARTESIAN_POINT('',(0.344635420353,2.5005,1.131550580421));
#11467 = CARTESIAN_POINT('',(0.344635420353,2.4995,1.131550580421));
#11468 = CARTESIAN_POINT('',(0.310895719707,2.5005,1.097810879775));
#11469 = CARTESIAN_POINT('',(0.310895719707,2.4995,1.097810879775));
#11470 = CARTESIAN_POINT('',(0.310895719707,2.5005,1.056359254906));
#11471 = CARTESIAN_POINT('',(0.310895719707,2.4995,1.056359254906));
#11472 = ADVANCED_FACE('',(#11473),#11483,.F.);
#11473 = FACE_BOUND('',#11474,.F.);
#11474 = EDGE_LOOP('',(#11475,#11476,#11477,#11482));
#11475 = ORIENTED_EDGE('',*,*,#11458,.F.);
#11476 = ORIENTED_EDGE('',*,*,#10893,.T.);
#11477 = ORIENTED_EDGE('',*,*,#11478,.T.);
#11478 = EDGE_CURVE('',#10894,#1300,#11479,.T.);
#11479 = B_SPLINE_CURVE_WITH_KNOTS('',1,(#11480,#11481),.UNSPECIFIED.,
  .F.,.F.,(2,2),(-0.,1.E-03),.PIECEWISE_BEZIER_KNOTS.);
#11480 = CARTESIAN_POINT('',(0.380303111249,2.5005,0.981167929391));
#11481 = CARTESIAN_POINT('',(0.380303111249,2.4995,0.981167929391));
#11482 = ORIENTED_EDGE('',*,*,#1306,.F.);
#11483 = B_SPLINE_SURFACE_WITH_KNOTS('',3,1,(
    (#11484,#11485)
    ,(#11486,#11487)
    ,(#11488,#11489)
    ,(#11490,#11491
    )),.UNSPECIFIED.,.F.,.F.,.F.,(4,4),(2,2),(24.,25.),(0.,1.),
  .PIECEWISE_BEZIER_KNOTS.);
#11484 = CARTESIAN_POINT('',(0.310895719707,2.5005,1.056359254906));
#11485 = CARTESIAN_POINT('',(0.310895719707,2.4995,1.056359254906));
#11486 = CARTESIAN_POINT('',(0.310895719707,2.5005,1.016835601899));
#11487 = CARTESIAN_POINT('',(0.310895719707,2.4995,1.016835601899));
#11488 = CARTESIAN_POINT('',(0.340779439856,2.5005,0.984059896378));
#11489 = CARTESIAN_POINT('',(0.340779439856,2.4995,0.984059896378));
#11490 = CARTESIAN_POINT('',(0.380303111249,2.5005,0.981167929391));
#11491 = CARTESIAN_POINT('',(0.380303111249,2.4995,0.981167929391));
#11492 = ADVANCED_FACE('',(#11493),#11503,.F.);
#11493 = FACE_BOUND('',#11494,.T.);
#11494 = EDGE_LOOP('',(#11495,#11496,#11501,#11502));
#11495 = ORIENTED_EDGE('',*,*,#1299,.T.);
#11496 = ORIENTED_EDGE('',*,*,#11497,.F.);
#11497 = EDGE_CURVE('',#10903,#1291,#11498,.T.);
#11498 = B_SPLINE_CURVE_WITH_KNOTS('',1,(#11499,#11500),.UNSPECIFIED.,
  .F.,.F.,(2,2),(-0.,1.E-03),.PIECEWISE_BEZIER_KNOTS.);
#11499 = CARTESIAN_POINT('',(0.423682726366,2.5005,0.981167929391));
#11500 = CARTESIAN_POINT('',(0.423682726366,2.4995,0.981167929391));
#11501 = ORIENTED_EDGE('',*,*,#10902,.F.);
#11502 = ORIENTED_EDGE('',*,*,#11478,.T.);
#11503 = B_SPLINE_SURFACE_WITH_KNOTS('',1,1,(
    (#11504,#11505)
    ,(#11506,#11507
    )),.UNSPECIFIED.,.F.,.F.,.F.,(2,2),(2,2),(-4.337961511722E-02,
    -5.551115123126E-17),(-1.E-03,0.),.PIECEWISE_BEZIER_KNOTS.);
#11504 = CARTESIAN_POINT('',(0.423682726366,2.4995,0.981167929391));
#11505 = CARTESIAN_POINT('',(0.423682726366,2.5005,0.981167929391));
#11506 = CARTESIAN_POINT('',(0.380303111249,2.4995,0.981167929391));
#11507 = CARTESIAN_POINT('',(0.380303111249,2.5005,0.981167929391));
#11508 = ADVANCED_FACE('',(#11509),#11519,.F.);
#11509 = FACE_BOUND('',#11510,.F.);
#11510 = EDGE_LOOP('',(#11511,#11512,#11513,#11518));
#11511 = ORIENTED_EDGE('',*,*,#11497,.F.);
#11512 = ORIENTED_EDGE('',*,*,#10909,.T.);
#11513 = ORIENTED_EDGE('',*,*,#11514,.T.);
#11514 = EDGE_CURVE('',#10910,#1282,#11515,.T.);
#11515 = B_SPLINE_CURVE_WITH_KNOTS('',1,(#11516,#11517),.UNSPECIFIED.,
  .F.,.F.,(2,2),(-0.,1.E-03),.PIECEWISE_BEZIER_KNOTS.);
#11516 = CARTESIAN_POINT('',(0.429466660339,2.5005,0.982131906129));
#11517 = CARTESIAN_POINT('',(0.429466660339,2.4995,0.982131906129));
#11518 = ORIENTED_EDGE('',*,*,#1290,.F.);
#11519 = B_SPLINE_SURFACE_WITH_KNOTS('',3,1,(
    (#11520,#11521)
    ,(#11522,#11523)
    ,(#11524,#11525)
    ,(#11526,#11527
    )),.UNSPECIFIED.,.F.,.F.,.F.,(4,4),(2,2),(26.,27.),(0.,1.),
  .PIECEWISE_BEZIER_KNOTS.);
#11520 = CARTESIAN_POINT('',(0.423682726366,2.5005,0.981167929391));
#11521 = CARTESIAN_POINT('',(0.423682726366,2.4995,0.981167929391));
#11522 = CARTESIAN_POINT('',(0.425610716615,2.5005,0.981167929391));
#11523 = CARTESIAN_POINT('',(0.425610716615,2.4995,0.981167929391));
#11524 = CARTESIAN_POINT('',(0.427538706864,2.5005,0.982131906129));
#11525 = CARTESIAN_POINT('',(0.427538706864,2.4995,0.982131906129));
#11526 = CARTESIAN_POINT('',(0.429466660339,2.5005,0.982131906129));
#11527 = CARTESIAN_POINT('',(0.429466660339,2.4995,0.982131906129));
#11528 = ADVANCED_FACE('',(#11529),#11539,.F.);
#11529 = FACE_BOUND('',#11530,.F.);
#11530 = EDGE_LOOP('',(#11531,#11532,#11533,#11538));
#11531 = ORIENTED_EDGE('',*,*,#11514,.F.);
#11532 = ORIENTED_EDGE('',*,*,#10918,.T.);
#11533 = ORIENTED_EDGE('',*,*,#11534,.T.);
#11534 = EDGE_CURVE('',#10919,#1273,#11535,.T.);
#11535 = B_SPLINE_CURVE_WITH_KNOTS('',1,(#11536,#11537),.UNSPECIFIED.,
  .F.,.F.,(2,2),(-0.,1.E-03),.PIECEWISE_BEZIER_KNOTS.);
#11536 = CARTESIAN_POINT('',(0.459350380488,2.5005,0.95224818598));
#11537 = CARTESIAN_POINT('',(0.459350380488,2.4995,0.95224818598));
#11538 = ORIENTED_EDGE('',*,*,#1281,.F.);
#11539 = B_SPLINE_SURFACE_WITH_KNOTS('',3,1,(
    (#11540,#11541)
    ,(#11542,#11543)
    ,(#11544,#11545)
    ,(#11546,#11547
    )),.UNSPECIFIED.,.F.,.F.,.F.,(4,4),(2,2),(27.,28.),(0.,1.),
  .PIECEWISE_BEZIER_KNOTS.);
#11540 = CARTESIAN_POINT('',(0.429466660339,2.5005,0.982131906129));
#11541 = CARTESIAN_POINT('',(0.429466660339,2.4995,0.982131906129));
#11542 = CARTESIAN_POINT('',(0.445854522294,2.5005,0.982131906129));
#11543 = CARTESIAN_POINT('',(0.445854522294,2.4995,0.982131906129));
#11544 = CARTESIAN_POINT('',(0.459350380488,2.5005,0.968636011161));
#11545 = CARTESIAN_POINT('',(0.459350380488,2.4995,0.968636011161));
#11546 = CARTESIAN_POINT('',(0.459350380488,2.5005,0.95224818598));
#11547 = CARTESIAN_POINT('',(0.459350380488,2.4995,0.95224818598));
#11548 = ADVANCED_FACE('',(#11549),#11559,.F.);
#11549 = FACE_BOUND('',#11550,.F.);
#11550 = EDGE_LOOP('',(#11551,#11552,#11553,#11558));
#11551 = ORIENTED_EDGE('',*,*,#11534,.F.);
#11552 = ORIENTED_EDGE('',*,*,#10927,.T.);
#11553 = ORIENTED_EDGE('',*,*,#11554,.T.);
#11554 = EDGE_CURVE('',#10928,#1266,#11555,.T.);
#11555 = B_SPLINE_CURVE_WITH_KNOTS('',1,(#11556,#11557),.UNSPECIFIED.,
  .F.,.F.,(2,2),(-0.,1.E-03),.PIECEWISE_BEZIER_KNOTS.);
#11556 = CARTESIAN_POINT('',(0.431394613815,2.5005,0.92236446583));
#11557 = CARTESIAN_POINT('',(0.431394613815,2.4995,0.92236446583));
#11558 = ORIENTED_EDGE('',*,*,#1272,.F.);
#11559 = B_SPLINE_SURFACE_WITH_KNOTS('',3,1,(
    (#11560,#11561)
    ,(#11562,#11563)
    ,(#11564,#11565)
    ,(#11566,#11567
    )),.UNSPECIFIED.,.F.,.F.,.F.,(4,4),(2,2),(28.,29.),(0.,1.),
  .PIECEWISE_BEZIER_KNOTS.);
#11560 = CARTESIAN_POINT('',(0.459350380488,2.5005,0.95224818598));
#11561 = CARTESIAN_POINT('',(0.459350380488,2.4995,0.95224818598));
#11562 = CARTESIAN_POINT('',(0.459350380488,2.5005,0.936824337536));
#11563 = CARTESIAN_POINT('',(0.459350380488,2.4995,0.936824337536));
#11564 = CARTESIAN_POINT('',(0.446818499032,2.5005,0.923328442567));
#11565 = CARTESIAN_POINT('',(0.446818499032,2.4995,0.923328442567));
#11566 = CARTESIAN_POINT('',(0.431394613815,2.5005,0.92236446583));
#11567 = CARTESIAN_POINT('',(0.431394613815,2.4995,0.92236446583));
#11568 = ADVANCED_FACE('',(#11569),#11579,.F.);
#11569 = FACE_BOUND('',#11570,.T.);
#11570 = EDGE_LOOP('',(#11571,#11572,#11577,#11578));
#11571 = ORIENTED_EDGE('',*,*,#1265,.T.);
#11572 = ORIENTED_EDGE('',*,*,#11573,.F.);
#11573 = EDGE_CURVE('',#10937,#1257,#11574,.T.);
#11574 = B_SPLINE_CURVE_WITH_KNOTS('',1,(#11575,#11576),.UNSPECIFIED.,
  .F.,.F.,(2,2),(-0.,1.E-03),.PIECEWISE_BEZIER_KNOTS.);
#11575 = CARTESIAN_POINT('',(0.374519140502,2.5005,0.92236446583));
#11576 = CARTESIAN_POINT('',(0.374519140502,2.4995,0.92236446583));
#11577 = ORIENTED_EDGE('',*,*,#10936,.F.);
#11578 = ORIENTED_EDGE('',*,*,#11554,.T.);
#11579 = B_SPLINE_SURFACE_WITH_KNOTS('',1,1,(
    (#11580,#11581)
    ,(#11582,#11583
    )),.UNSPECIFIED.,.F.,.F.,.F.,(2,2),(2,2),(-2.891966986753E-03,
    5.398350632536E-02),(-1.E-03,0.),.PIECEWISE_BEZIER_KNOTS.);
#11580 = CARTESIAN_POINT('',(0.374519140502,2.4995,0.92236446583));
#11581 = CARTESIAN_POINT('',(0.374519140502,2.5005,0.92236446583));
#11582 = CARTESIAN_POINT('',(0.431394613815,2.4995,0.92236446583));
#11583 = CARTESIAN_POINT('',(0.431394613815,2.5005,0.92236446583));
#11584 = ADVANCED_FACE('',(#11585),#11595,.F.);
#11585 = FACE_BOUND('',#11586,.F.);
#11586 = EDGE_LOOP('',(#11587,#11588,#11589,#11594));
#11587 = ORIENTED_EDGE('',*,*,#11573,.F.);
#11588 = ORIENTED_EDGE('',*,*,#10943,.T.);
#11589 = ORIENTED_EDGE('',*,*,#11590,.T.);
#11590 = EDGE_CURVE('',#10944,#1248,#11591,.T.);
#11591 = B_SPLINE_CURVE_WITH_KNOTS('',1,(#11592,#11593),.UNSPECIFIED.,
  .F.,.F.,(2,2),(-0.,1.E-03),.PIECEWISE_BEZIER_KNOTS.);
#11592 = CARTESIAN_POINT('',(0.286795933531,2.5005,0.965744080947));
#11593 = CARTESIAN_POINT('',(0.286795933531,2.4995,0.965744080947));
#11594 = ORIENTED_EDGE('',*,*,#1256,.F.);
#11595 = B_SPLINE_SURFACE_WITH_KNOTS('',3,1,(
    (#11596,#11597)
    ,(#11598,#11599)
    ,(#11600,#11601)
    ,(#11602,#11603
    )),.UNSPECIFIED.,.F.,.F.,.F.,(4,4),(2,2),(33.,34.),(0.,1.),
  .PIECEWISE_BEZIER_KNOTS.);
#11596 = CARTESIAN_POINT('',(0.374519140502,2.5005,0.92236446583));
#11597 = CARTESIAN_POINT('',(0.374519140502,2.4995,0.92236446583));
#11598 = CARTESIAN_POINT('',(0.340779439856,2.5005,0.925256432816));
#11599 = CARTESIAN_POINT('',(0.340779439856,2.4995,0.925256432816));
#11600 = CARTESIAN_POINT('',(0.309931706196,2.5005,0.940680318034));
#11601 = CARTESIAN_POINT('',(0.309931706196,2.4995,0.940680318034));
#11602 = CARTESIAN_POINT('',(0.286795933531,2.5005,0.965744080947));
#11603 = CARTESIAN_POINT('',(0.286795933531,2.4995,0.965744080947));
#11604 = ADVANCED_FACE('',(#11605),#11611,.F.);
#11605 = FACE_BOUND('',#11606,.F.);
#11606 = EDGE_LOOP('',(#11607,#11608,#11609,#11610));
#11607 = ORIENTED_EDGE('',*,*,#11590,.F.);
#11608 = ORIENTED_EDGE('',*,*,#10952,.T.);
#11609 = ORIENTED_EDGE('',*,*,#10992,.T.);
#11610 = ORIENTED_EDGE('',*,*,#1247,.F.);
#11611 = B_SPLINE_SURFACE_WITH_KNOTS('',3,1,(
    (#11612,#11613)
    ,(#11614,#11615)
    ,(#11616,#11617)
    ,(#11618,#11619
    )),.UNSPECIFIED.,.F.,.F.,.F.,(4,4),(2,2),(34.,35.),(0.,1.),
  .PIECEWISE_BEZIER_KNOTS.);
#11612 = CARTESIAN_POINT('',(0.286795933531,2.5005,0.965744080947));
#11613 = CARTESIAN_POINT('',(0.286795933531,2.4995,0.965744080947));
#11614 = CARTESIAN_POINT('',(0.263660124092,2.5005,0.990807843861));
#11615 = CARTESIAN_POINT('',(0.263660124092,2.4995,0.990807843861));
#11616 = CARTESIAN_POINT('',(0.251128242635,2.5005,1.02358356777));
#11617 = CARTESIAN_POINT('',(0.251128242635,2.4995,1.02358356777));
#11618 = CARTESIAN_POINT('',(0.251128242635,2.5005,1.057323268417));
#11619 = CARTESIAN_POINT('',(0.251128242635,2.4995,1.057323268417));
#11620 = ADVANCED_FACE('',(#11621),#11648,.T.);
#11621 = FACE_BOUND('',#11622,.T.);
#11622 = EDGE_LOOP('',(#11623,#11637,#11642,#11643));
#11623 = ORIENTED_EDGE('',*,*,#11624,.F.);
#11624 = EDGE_CURVE('',#11625,#11627,#11629,.T.);
#11625 = VERTEX_POINT('',#11626);
#11626 = CARTESIAN_POINT('',(0.657932622258,2.4995,0.91658045831));
#11627 = VERTEX_POINT('',#11628);
#11628 = CARTESIAN_POINT('',(0.657932622258,2.4995,0.991771820599));
#11629 = B_SPLINE_CURVE_WITH_KNOTS('',3,(#11630,#11631,#11632,#11633,
    #11634,#11635,#11636),.UNSPECIFIED.,.F.,.F.,(4,3,4),(0.,1.,2.),
  .PIECEWISE_BEZIER_KNOTS.);
#11630 = CARTESIAN_POINT('',(0.657932622258,2.4995,0.91658045831));
#11631 = CARTESIAN_POINT('',(0.636724821455,2.4995,0.91658045831));
#11632 = CARTESIAN_POINT('',(0.6203369595,2.4995,0.933932333776));
#11633 = CARTESIAN_POINT('',(0.6203369595,2.4995,0.954176139455));
#11634 = CARTESIAN_POINT('',(0.6203369595,2.4995,0.975383958644));
#11635 = CARTESIAN_POINT('',(0.637688798193,2.4995,0.991771820599));
#11636 = CARTESIAN_POINT('',(0.657932622258,2.4995,0.991771820599));
#11637 = ORIENTED_EDGE('',*,*,#11638,.F.);
#11638 = EDGE_CURVE('',#10962,#11625,#11639,.T.);
#11639 = B_SPLINE_CURVE_WITH_KNOTS('',1,(#11640,#11641),.UNSPECIFIED.,
  .F.,.F.,(2,2),(-0.,1.E-03),.PIECEWISE_BEZIER_KNOTS.);
#11640 = CARTESIAN_POINT('',(0.657932622258,2.5005,0.91658045831));
#11641 = CARTESIAN_POINT('',(0.657932622258,2.4995,0.91658045831));
#11642 = ORIENTED_EDGE('',*,*,#10961,.T.);
#11643 = ORIENTED_EDGE('',*,*,#11644,.T.);
#11644 = EDGE_CURVE('',#10964,#11627,#11645,.T.);
#11645 = B_SPLINE_CURVE_WITH_KNOTS('',1,(#11646,#11647),.UNSPECIFIED.,
  .F.,.F.,(2,2),(-0.,1.E-03),.PIECEWISE_BEZIER_KNOTS.);
#11646 = CARTESIAN_POINT('',(0.657932622258,2.5005,0.991771820599));
#11647 = CARTESIAN_POINT('',(0.657932622258,2.4995,0.991771820599));
#11648 = B_SPLINE_SURFACE_WITH_KNOTS('',3,1,(
    (#11649,#11650)
    ,(#11651,#11652)
    ,(#11653,#11654)
    ,(#11655,#11656)
    ,(#11657,#11658)
    ,(#11659,#11660)
    ,(#11661,#11662
  )),.UNSPECIFIED.,.F.,.F.,.F.,(4,3,4),(2,2),(0.,1.,2.),(0.,1.),
  .PIECEWISE_BEZIER_KNOTS.);
#11649 = CARTESIAN_POINT('',(0.657932622258,2.5005,0.91658045831));
#11650 = CARTESIAN_POINT('',(0.657932622258,2.4995,0.91658045831));
#11651 = CARTESIAN_POINT('',(0.636724821455,2.5005,0.91658045831));
#11652 = CARTESIAN_POINT('',(0.636724821455,2.4995,0.91658045831));
#11653 = CARTESIAN_POINT('',(0.6203369595,2.5005,0.933932333776));
#11654 = CARTESIAN_POINT('',(0.6203369595,2.4995,0.933932333776));
#11655 = CARTESIAN_POINT('',(0.6203369595,2.5005,0.954176139455));
#11656 = CARTESIAN_POINT('',(0.6203369595,2.4995,0.954176139455));
#11657 = CARTESIAN_POINT('',(0.6203369595,2.5005,0.975383958644));
#11658 = CARTESIAN_POINT('',(0.6203369595,2.4995,0.975383958644));
#11659 = CARTESIAN_POINT('',(0.637688798193,2.5005,0.991771820599));
#11660 = CARTESIAN_POINT('',(0.637688798193,2.4995,0.991771820599));
#11661 = CARTESIAN_POINT('',(0.657932622258,2.5005,0.991771820599));
#11662 = CARTESIAN_POINT('',(0.657932622258,2.4995,0.991771820599));
#11663 = ADVANCED_FACE('',(#11664),#11678,.T.);
#11664 = FACE_BOUND('',#11665,.T.);
#11665 = EDGE_LOOP('',(#11666,#11675,#11676,#11677));
#11666 = ORIENTED_EDGE('',*,*,#11667,.F.);
#11667 = EDGE_CURVE('',#11627,#11625,#11668,.T.);
#11668 = B_SPLINE_CURVE_WITH_KNOTS('',3,(#11669,#11670,#11671,#11672,
    #11673,#11674),.UNSPECIFIED.,.F.,.F.,(4,2,4),(2.,3.,4.),
  .UNSPECIFIED.);
#11669 = CARTESIAN_POINT('',(0.657932622258,2.4995,0.991771820599));
#11670 = CARTESIAN_POINT('',(0.678176446323,2.4995,0.991771820599));
#11671 = CARTESIAN_POINT('',(0.695528285015,2.4995,0.975383958644));
#11672 = CARTESIAN_POINT('',(0.695528285015,2.4995,0.932968320265));
#11673 = CARTESIAN_POINT('',(0.678176446323,2.4995,0.91658045831));
#11674 = CARTESIAN_POINT('',(0.657932622258,2.4995,0.91658045831));
#11675 = ORIENTED_EDGE('',*,*,#11644,.F.);
#11676 = ORIENTED_EDGE('',*,*,#10975,.T.);
#11677 = ORIENTED_EDGE('',*,*,#11638,.T.);
#11678 = B_SPLINE_SURFACE_WITH_KNOTS('',3,1,(
    (#11679,#11680)
    ,(#11681,#11682)
    ,(#11683,#11684)
    ,(#11685,#11686)
    ,(#11687,#11688)
    ,(#11689,#11690
  )),.UNSPECIFIED.,.F.,.F.,.F.,(4,2,4),(2,2),(2.,3.,4.),(0.,1.),
  .UNSPECIFIED.);
#11679 = CARTESIAN_POINT('',(0.657932622258,2.5005,0.991771820599));
#11680 = CARTESIAN_POINT('',(0.657932622258,2.4995,0.991771820599));
#11681 = CARTESIAN_POINT('',(0.678176446323,2.5005,0.991771820599));
#11682 = CARTESIAN_POINT('',(0.678176446323,2.4995,0.991771820599));
#11683 = CARTESIAN_POINT('',(0.695528285015,2.5005,0.975383958644));
#11684 = CARTESIAN_POINT('',(0.695528285015,2.4995,0.975383958644));
#11685 = CARTESIAN_POINT('',(0.695528285015,2.5005,0.932968320265));
#11686 = CARTESIAN_POINT('',(0.695528285015,2.4995,0.932968320265));
#11687 = CARTESIAN_POINT('',(0.678176446323,2.5005,0.91658045831));
#11688 = CARTESIAN_POINT('',(0.678176446323,2.4995,0.91658045831));
#11689 = CARTESIAN_POINT('',(0.657932622258,2.5005,0.91658045831));
#11690 = CARTESIAN_POINT('',(0.657932622258,2.4995,0.91658045831));
#11691 = ADVANCED_FACE('',(#11692),#11696,.T.);
#11692 = FACE_BOUND('',#11693,.T.);
#11693 = EDGE_LOOP('',(#11694,#11695));
#11694 = ORIENTED_EDGE('',*,*,#11624,.T.);
#11695 = ORIENTED_EDGE('',*,*,#11667,.T.);
#11696 = B_SPLINE_SURFACE_WITH_KNOTS('',1,1,(
    (#11697,#11698)
    ,(#11699,#11700
    )),.UNSPECIFIED.,.F.,.F.,.F.,(2,2),(2,2),(0.89158035831,
    0.966771720599),(3.1203369595,3.195528285015),
  .PIECEWISE_BEZIER_KNOTS.);
#11697 = CARTESIAN_POINT('',(0.6203369595,2.4995,0.91658045831));
#11698 = CARTESIAN_POINT('',(0.695528285015,2.4995,0.91658045831));
#11699 = CARTESIAN_POINT('',(0.6203369595,2.4995,0.991771820599));
#11700 = CARTESIAN_POINT('',(0.695528285015,2.4995,0.991771820599));
#11701 = ADVANCED_FACE('',(#11702),#11715,.F.);
#11702 = FACE_BOUND('',#11703,.F.);
#11703 = EDGE_LOOP('',(#11704,#11705,#11706,#11714));
#11704 = ORIENTED_EDGE('',*,*,#2178,.F.);
#11705 = ORIENTED_EDGE('',*,*,#21,.F.);
#11706 = ORIENTED_EDGE('',*,*,#11707,.T.);
#11707 = EDGE_CURVE('',#22,#41,#11708,.T.);
#11708 = ( BOUNDED_CURVE() B_SPLINE_CURVE(2,(#11709,#11710,#11711,#11712
,#11713),.UNSPECIFIED.,.F.,.F.) B_SPLINE_CURVE_WITH_KNOTS((3,2,3),(0.,
1.570796326795,3.14159265359),.PIECEWISE_BEZIER_KNOTS.) CURVE() 
GEOMETRIC_REPRESENTATION_ITEM() RATIONAL_B_SPLINE_CURVE((1.,
0.707106781187,1.,0.707106781187,1.)) REPRESENTATION_ITEM('') );
#11709 = CARTESIAN_POINT('',(-0.675,-4.999999999997E-04,0.1250001));
#11710 = CARTESIAN_POINT('',(-0.675,0.6745,0.1250001));
#11711 = CARTESIAN_POINT('',(-4.133182947122E-17,0.6745,0.1250001));
#11712 = CARTESIAN_POINT('',(0.675,0.6745,0.1250001));
#11713 = CARTESIAN_POINT('',(0.675,-4.999999999996E-04,0.1250001));
#11714 = ORIENTED_EDGE('',*,*,#40,.T.);
#11715 = ( BOUNDED_SURFACE() B_SPLINE_SURFACE(2,1,(
    (#11716,#11717)
    ,(#11718,#11719)
    ,(#11720,#11721)
    ,(#11722,#11723)
    ,(#11724,#11725
)),.UNSPECIFIED.,.F.,.F.,.F.) B_SPLINE_SURFACE_WITH_KNOTS((3,2,3),(2,2),
  (0.,1.570796326795,3.14159265359),(0.,0.1),.PIECEWISE_BEZIER_KNOTS.) 
GEOMETRIC_REPRESENTATION_ITEM() RATIONAL_B_SPLINE_SURFACE((
    (1.,1.)
    ,(0.707106781187,0.707106781187)
    ,(1.,1.)
    ,(0.707106781187,0.707106781187)
,(1.,1.))) REPRESENTATION_ITEM('') SURFACE() );
#11716 = CARTESIAN_POINT('',(-0.675,-4.999999999997E-04,0.1250001));
#11717 = CARTESIAN_POINT('',(-0.675,-4.999999999997E-04,2.50001E-02));
#11718 = CARTESIAN_POINT('',(-0.675,0.6745,0.1250001));
#11719 = CARTESIAN_POINT('',(-0.675,0.6745,2.50001E-02));
#11720 = CARTESIAN_POINT('',(-4.133182947122E-17,0.6745,0.1250001));
#11721 = CARTESIAN_POINT('',(-4.133182947122E-17,0.6745,2.50001E-02));
#11722 = CARTESIAN_POINT('',(0.675,0.6745,0.1250001));
#11723 = CARTESIAN_POINT('',(0.675,0.6745,2.50001E-02));
#11724 = CARTESIAN_POINT('',(0.675,-4.999999999996E-04,0.1250001));
#11725 = CARTESIAN_POINT('',(0.675,-4.999999999996E-04,2.50001E-02));
#11726 = ADVANCED_FACE('',(#11727),#11731,.T.);
#11727 = FACE_BOUND('',#11728,.T.);
#11728 = EDGE_LOOP('',(#11729,#11730));
#11729 = ORIENTED_EDGE('',*,*,#11707,.T.);
#11730 = ORIENTED_EDGE('',*,*,#47,.T.);
#11731 = B_SPLINE_SURFACE_WITH_KNOTS('',1,1,(
    (#11732,#11733)
    ,(#11734,#11735
    )),.UNSPECIFIED.,.F.,.F.,.F.,(2,2),(2,2),(-0.675,0.675),(-0.675,
    0.675),.PIECEWISE_BEZIER_KNOTS.);
#11732 = CARTESIAN_POINT('',(0.675,-0.6755,0.1250001));
#11733 = CARTESIAN_POINT('',(0.675,0.6745,0.1250001));
#11734 = CARTESIAN_POINT('',(-0.675,-0.6755,0.1250001));
#11735 = CARTESIAN_POINT('',(-0.675,0.6745,0.1250001));
#11736 = ADVANCED_FACE('',(#11737),#11759,.F.);
#11737 = FACE_BOUND('',#11738,.T.);
#11738 = EDGE_LOOP('',(#11739,#11740,#11747,#11754));
#11739 = ORIENTED_EDGE('',*,*,#2148,.T.);
#11740 = ORIENTED_EDGE('',*,*,#11741,.F.);
#11741 = EDGE_CURVE('',#11742,#2151,#11744,.T.);
#11742 = VERTEX_POINT('',#11743);
#11743 = CARTESIAN_POINT('',(-0.62383477253,2.07573593955,0.1250001));
#11744 = B_SPLINE_CURVE_WITH_KNOTS('',1,(#11745,#11746),.UNSPECIFIED.,
  .F.,.F.,(2,2),(-0.,0.1),.PIECEWISE_BEZIER_KNOTS.);
#11745 = CARTESIAN_POINT('',(-0.62383477253,2.07573593955,0.1250001));
#11746 = CARTESIAN_POINT('',(-0.62383477253,2.07573593955,2.50001E-02));
#11747 = ORIENTED_EDGE('',*,*,#11748,.F.);
#11748 = EDGE_CURVE('',#11749,#11742,#11751,.T.);
#11749 = VERTEX_POINT('',#11750);
#11750 = CARTESIAN_POINT('',(-0.62383477253,1.080570945276,0.1250001));
#11751 = B_SPLINE_CURVE_WITH_KNOTS('',1,(#11752,#11753),.UNSPECIFIED.,
  .F.,.F.,(2,2),(0.,0.995164994275),.PIECEWISE_BEZIER_KNOTS.);
#11752 = CARTESIAN_POINT('',(-0.62383477253,1.080570945276,0.1250001));
#11753 = CARTESIAN_POINT('',(-0.62383477253,2.07573593955,0.1250001));
#11754 = ORIENTED_EDGE('',*,*,#11755,.T.);
#11755 = EDGE_CURVE('',#11749,#2149,#11756,.T.);
#11756 = B_SPLINE_CURVE_WITH_KNOTS('',1,(#11757,#11758),.UNSPECIFIED.,
  .F.,.F.,(2,2),(-0.,0.1),.PIECEWISE_BEZIER_KNOTS.);
#11757 = CARTESIAN_POINT('',(-0.62383477253,1.080570945276,0.1250001));
#11758 = CARTESIAN_POINT('',(-0.62383477253,1.080570945276,2.50001E-02)
  );
#11759 = B_SPLINE_SURFACE_WITH_KNOTS('',1,1,(
    (#11760,#11761)
    ,(#11762,#11763
    )),.UNSPECIFIED.,.F.,.F.,.F.,(2,2),(2,2),(-0.1,0.),(0.,
    0.995164994275),.PIECEWISE_BEZIER_KNOTS.);
#11760 = CARTESIAN_POINT('',(-0.62383477253,1.080570945276,2.50001E-02)
  );
#11761 = CARTESIAN_POINT('',(-0.62383477253,2.07573593955,2.50001E-02));
#11762 = CARTESIAN_POINT('',(-0.62383477253,1.080570945276,0.1250001));
#11763 = CARTESIAN_POINT('',(-0.62383477253,2.07573593955,0.1250001));
#11764 = ADVANCED_FACE('',(#11765),#11781,.F.);
#11765 = FACE_BOUND('',#11766,.T.);
#11766 = EDGE_LOOP('',(#11767,#11768,#11769,#11776));
#11767 = ORIENTED_EDGE('',*,*,#2157,.T.);
#11768 = ORIENTED_EDGE('',*,*,#11755,.F.);
#11769 = ORIENTED_EDGE('',*,*,#11770,.F.);
#11770 = EDGE_CURVE('',#11771,#11749,#11773,.T.);
#11771 = VERTEX_POINT('',#11772);
#11772 = CARTESIAN_POINT('',(0.62383477253,1.080570945276,0.1250001));
#11773 = B_SPLINE_CURVE_WITH_KNOTS('',1,(#11774,#11775),.UNSPECIFIED.,
  .F.,.F.,(2,2),(0.,1.247669545061),.PIECEWISE_BEZIER_KNOTS.);
#11774 = CARTESIAN_POINT('',(0.62383477253,1.080570945276,0.1250001));
#11775 = CARTESIAN_POINT('',(-0.62383477253,1.080570945276,0.1250001));
#11776 = ORIENTED_EDGE('',*,*,#11777,.T.);
#11777 = EDGE_CURVE('',#11771,#2158,#11778,.T.);
#11778 = B_SPLINE_CURVE_WITH_KNOTS('',1,(#11779,#11780),.UNSPECIFIED.,
  .F.,.F.,(2,2),(-0.,0.1),.PIECEWISE_BEZIER_KNOTS.);
#11779 = CARTESIAN_POINT('',(0.62383477253,1.080570945276,0.1250001));
#11780 = CARTESIAN_POINT('',(0.62383477253,1.080570945276,2.50001E-02));
#11781 = B_SPLINE_SURFACE_WITH_KNOTS('',1,1,(
    (#11782,#11783)
    ,(#11784,#11785
    )),.UNSPECIFIED.,.F.,.F.,.F.,(2,2),(2,2),(-0.,0.1),(-1.247669545061,
    0.),.PIECEWISE_BEZIER_KNOTS.);
#11782 = CARTESIAN_POINT('',(-0.62383477253,1.080570945276,0.1250001));
#11783 = CARTESIAN_POINT('',(0.62383477253,1.080570945276,0.1250001));
#11784 = CARTESIAN_POINT('',(-0.62383477253,1.080570945276,2.50001E-02)
  );
#11785 = CARTESIAN_POINT('',(0.62383477253,1.080570945276,2.50001E-02));
#11786 = ADVANCED_FACE('',(#11787),#11803,.F.);
#11787 = FACE_BOUND('',#11788,.T.);
#11788 = EDGE_LOOP('',(#11789,#11790,#11791,#11798));
#11789 = ORIENTED_EDGE('',*,*,#2164,.T.);
#11790 = ORIENTED_EDGE('',*,*,#11777,.F.);
#11791 = ORIENTED_EDGE('',*,*,#11792,.F.);
#11792 = EDGE_CURVE('',#11793,#11771,#11795,.T.);
#11793 = VERTEX_POINT('',#11794);
#11794 = CARTESIAN_POINT('',(0.62383477253,2.07573593955,0.1250001));
#11795 = B_SPLINE_CURVE_WITH_KNOTS('',1,(#11796,#11797),.UNSPECIFIED.,
  .F.,.F.,(2,2),(-0.995164994275,-0.),.PIECEWISE_BEZIER_KNOTS.);
#11796 = CARTESIAN_POINT('',(0.62383477253,2.07573593955,0.1250001));
#11797 = CARTESIAN_POINT('',(0.62383477253,1.080570945276,0.1250001));
#11798 = ORIENTED_EDGE('',*,*,#11799,.T.);
#11799 = EDGE_CURVE('',#11793,#2165,#11800,.T.);
#11800 = B_SPLINE_CURVE_WITH_KNOTS('',1,(#11801,#11802),.UNSPECIFIED.,
  .F.,.F.,(2,2),(-0.,0.1),.PIECEWISE_BEZIER_KNOTS.);
#11801 = CARTESIAN_POINT('',(0.62383477253,2.07573593955,0.1250001));
#11802 = CARTESIAN_POINT('',(0.62383477253,2.07573593955,2.50001E-02));
#11803 = B_SPLINE_SURFACE_WITH_KNOTS('',1,1,(
    (#11804,#11805)
    ,(#11806,#11807
    )),.UNSPECIFIED.,.F.,.F.,.F.,(2,2),(2,2),(0.,0.1),(0.,0.995164994275
    ),.PIECEWISE_BEZIER_KNOTS.);
#11804 = CARTESIAN_POINT('',(0.62383477253,1.080570945276,0.1250001));
#11805 = CARTESIAN_POINT('',(0.62383477253,2.07573593955,0.1250001));
#11806 = CARTESIAN_POINT('',(0.62383477253,1.080570945276,2.50001E-02));
#11807 = CARTESIAN_POINT('',(0.62383477253,2.07573593955,2.50001E-02));
#11808 = ADVANCED_FACE('',(#11809),#11819,.F.);
#11809 = FACE_BOUND('',#11810,.T.);
#11810 = EDGE_LOOP('',(#11811,#11812,#11813,#11818));
#11811 = ORIENTED_EDGE('',*,*,#2171,.T.);
#11812 = ORIENTED_EDGE('',*,*,#11799,.F.);
#11813 = ORIENTED_EDGE('',*,*,#11814,.F.);
#11814 = EDGE_CURVE('',#11742,#11793,#11815,.T.);
#11815 = B_SPLINE_CURVE_WITH_KNOTS('',1,(#11816,#11817),.UNSPECIFIED.,
  .F.,.F.,(2,2),(-1.247669545061,0.),.PIECEWISE_BEZIER_KNOTS.);
#11816 = CARTESIAN_POINT('',(-0.62383477253,2.07573593955,0.1250001));
#11817 = CARTESIAN_POINT('',(0.62383477253,2.07573593955,0.1250001));
#11818 = ORIENTED_EDGE('',*,*,#11741,.T.);
#11819 = B_SPLINE_SURFACE_WITH_KNOTS('',1,1,(
    (#11820,#11821)
    ,(#11822,#11823
    )),.UNSPECIFIED.,.F.,.F.,.F.,(2,2),(2,2),(-0.1,0.),(-1.247669545061,
    0.),.PIECEWISE_BEZIER_KNOTS.);
#11820 = CARTESIAN_POINT('',(-0.62383477253,2.07573593955,2.50001E-02));
#11821 = CARTESIAN_POINT('',(0.62383477253,2.07573593955,2.50001E-02));
#11822 = CARTESIAN_POINT('',(-0.62383477253,2.07573593955,0.1250001));
#11823 = CARTESIAN_POINT('',(0.62383477253,2.07573593955,0.1250001));
#11824 = ADVANCED_FACE('',(#11825),#11831,.F.);
#11825 = FACE_BOUND('',#11826,.T.);
#11826 = EDGE_LOOP('',(#11827,#11828,#11829,#11830));
#11827 = ORIENTED_EDGE('',*,*,#11748,.T.);
#11828 = ORIENTED_EDGE('',*,*,#11814,.T.);
#11829 = ORIENTED_EDGE('',*,*,#11792,.T.);
#11830 = ORIENTED_EDGE('',*,*,#11770,.T.);
#11831 = B_SPLINE_SURFACE_WITH_KNOTS('',1,1,(
    (#11832,#11833)
    ,(#11834,#11835
    )),.UNSPECIFIED.,.F.,.F.,.F.,(2,2),(2,2),(-0.62383477253,
    0.62383477253),(1.081070945276,2.07623593955),
  .PIECEWISE_BEZIER_KNOTS.);
#11832 = CARTESIAN_POINT('',(-0.62383477253,1.080570945276,0.1250001));
#11833 = CARTESIAN_POINT('',(-0.62383477253,2.07573593955,0.1250001));
#11834 = CARTESIAN_POINT('',(0.62383477253,1.080570945276,0.1250001));
#11835 = CARTESIAN_POINT('',(0.62383477253,2.07573593955,0.1250001));
#11836 = ADVANCED_FACE('',(#11837),#11859,.F.);
#11837 = FACE_BOUND('',#11838,.T.);
#11838 = EDGE_LOOP('',(#11839,#11840,#11847,#11854));
#11839 = ORIENTED_EDGE('',*,*,#2118,.T.);
#11840 = ORIENTED_EDGE('',*,*,#11841,.F.);
#11841 = EDGE_CURVE('',#11842,#2121,#11844,.T.);
#11842 = VERTEX_POINT('',#11843);
#11843 = CARTESIAN_POINT('',(0.62383477253,-2.07673593955,0.1250001));
#11844 = B_SPLINE_CURVE_WITH_KNOTS('',1,(#11845,#11846),.UNSPECIFIED.,
  .F.,.F.,(2,2),(-0.,0.1),.PIECEWISE_BEZIER_KNOTS.);
#11845 = CARTESIAN_POINT('',(0.62383477253,-2.07673593955,0.1250001));
#11846 = CARTESIAN_POINT('',(0.62383477253,-2.07673593955,2.50001E-02));
#11847 = ORIENTED_EDGE('',*,*,#11848,.F.);
#11848 = EDGE_CURVE('',#11849,#11842,#11851,.T.);
#11849 = VERTEX_POINT('',#11850);
#11850 = CARTESIAN_POINT('',(0.62383477253,-1.081570945276,0.1250001));
#11851 = B_SPLINE_CURVE_WITH_KNOTS('',1,(#11852,#11853),.UNSPECIFIED.,
  .F.,.F.,(2,2),(0.,0.995164994275),.PIECEWISE_BEZIER_KNOTS.);
#11852 = CARTESIAN_POINT('',(0.62383477253,-1.081570945276,0.1250001));
#11853 = CARTESIAN_POINT('',(0.62383477253,-2.07673593955,0.1250001));
#11854 = ORIENTED_EDGE('',*,*,#11855,.T.);
#11855 = EDGE_CURVE('',#11849,#2119,#11856,.T.);
#11856 = B_SPLINE_CURVE_WITH_KNOTS('',1,(#11857,#11858),.UNSPECIFIED.,
  .F.,.F.,(2,2),(-0.,0.1),.PIECEWISE_BEZIER_KNOTS.);
#11857 = CARTESIAN_POINT('',(0.62383477253,-1.081570945276,0.1250001));
#11858 = CARTESIAN_POINT('',(0.62383477253,-1.081570945276,2.50001E-02)
  );
#11859 = B_SPLINE_SURFACE_WITH_KNOTS('',1,1,(
    (#11860,#11861)
    ,(#11862,#11863
    )),.UNSPECIFIED.,.F.,.F.,.F.,(2,2),(2,2),(-0.,0.1),(-0.995164994275,
    0.),.PIECEWISE_BEZIER_KNOTS.);
#11860 = CARTESIAN_POINT('',(0.62383477253,-2.07673593955,0.1250001));
#11861 = CARTESIAN_POINT('',(0.62383477253,-1.081570945276,0.1250001));
#11862 = CARTESIAN_POINT('',(0.62383477253,-2.07673593955,2.50001E-02));
#11863 = CARTESIAN_POINT('',(0.62383477253,-1.081570945276,2.50001E-02)
  );
#11864 = ADVANCED_FACE('',(#11865),#11881,.F.);
#11865 = FACE_BOUND('',#11866,.T.);
#11866 = EDGE_LOOP('',(#11867,#11868,#11869,#11876));
#11867 = ORIENTED_EDGE('',*,*,#2127,.T.);
#11868 = ORIENTED_EDGE('',*,*,#11855,.F.);
#11869 = ORIENTED_EDGE('',*,*,#11870,.F.);
#11870 = EDGE_CURVE('',#11871,#11849,#11873,.T.);
#11871 = VERTEX_POINT('',#11872);
#11872 = CARTESIAN_POINT('',(-0.62383477253,-1.081570945276,0.1250001));
#11873 = B_SPLINE_CURVE_WITH_KNOTS('',1,(#11874,#11875),.UNSPECIFIED.,
  .F.,.F.,(2,2),(-1.247669545061,0.),.PIECEWISE_BEZIER_KNOTS.);
#11874 = CARTESIAN_POINT('',(-0.62383477253,-1.081570945276,0.1250001));
#11875 = CARTESIAN_POINT('',(0.62383477253,-1.081570945276,0.1250001));
#11876 = ORIENTED_EDGE('',*,*,#11877,.T.);
#11877 = EDGE_CURVE('',#11871,#2128,#11878,.T.);
#11878 = B_SPLINE_CURVE_WITH_KNOTS('',1,(#11879,#11880),.UNSPECIFIED.,
  .F.,.F.,(2,2),(-0.,0.1),.PIECEWISE_BEZIER_KNOTS.);
#11879 = CARTESIAN_POINT('',(-0.62383477253,-1.081570945276,0.1250001));
#11880 = CARTESIAN_POINT('',(-0.62383477253,-1.081570945276,2.50001E-02)
  );
#11881 = B_SPLINE_SURFACE_WITH_KNOTS('',1,1,(
    (#11882,#11883)
    ,(#11884,#11885
    )),.UNSPECIFIED.,.F.,.F.,.F.,(2,2),(2,2),(-0.1,0.),(-1.247669545061,
    0.),.PIECEWISE_BEZIER_KNOTS.);
#11882 = CARTESIAN_POINT('',(-0.62383477253,-1.081570945276,2.50001E-02)
  );
#11883 = CARTESIAN_POINT('',(0.62383477253,-1.081570945276,2.50001E-02)
  );
#11884 = CARTESIAN_POINT('',(-0.62383477253,-1.081570945276,0.1250001));
#11885 = CARTESIAN_POINT('',(0.62383477253,-1.081570945276,0.1250001));
#11886 = ADVANCED_FACE('',(#11887),#11903,.F.);
#11887 = FACE_BOUND('',#11888,.T.);
#11888 = EDGE_LOOP('',(#11889,#11890,#11891,#11898));
#11889 = ORIENTED_EDGE('',*,*,#2134,.T.);
#11890 = ORIENTED_EDGE('',*,*,#11877,.F.);
#11891 = ORIENTED_EDGE('',*,*,#11892,.F.);
#11892 = EDGE_CURVE('',#11893,#11871,#11895,.T.);
#11893 = VERTEX_POINT('',#11894);
#11894 = CARTESIAN_POINT('',(-0.62383477253,-2.07673593955,0.1250001));
#11895 = B_SPLINE_CURVE_WITH_KNOTS('',1,(#11896,#11897),.UNSPECIFIED.,
  .F.,.F.,(2,2),(-0.995164994275,0.),.PIECEWISE_BEZIER_KNOTS.);
#11896 = CARTESIAN_POINT('',(-0.62383477253,-2.07673593955,0.1250001));
#11897 = CARTESIAN_POINT('',(-0.62383477253,-1.081570945276,0.1250001));
#11898 = ORIENTED_EDGE('',*,*,#11899,.T.);
#11899 = EDGE_CURVE('',#11893,#2135,#11900,.T.);
#11900 = B_SPLINE_CURVE_WITH_KNOTS('',1,(#11901,#11902),.UNSPECIFIED.,
  .F.,.F.,(2,2),(-0.,0.1),.PIECEWISE_BEZIER_KNOTS.);
#11901 = CARTESIAN_POINT('',(-0.62383477253,-2.07673593955,0.1250001));
#11902 = CARTESIAN_POINT('',(-0.62383477253,-2.07673593955,2.50001E-02)
  );
#11903 = B_SPLINE_SURFACE_WITH_KNOTS('',1,1,(
    (#11904,#11905)
    ,(#11906,#11907
    )),.UNSPECIFIED.,.F.,.F.,.F.,(2,2),(2,2),(-0.1,0.),(-0.995164994275,
    0.),.PIECEWISE_BEZIER_KNOTS.);
#11904 = CARTESIAN_POINT('',(-0.62383477253,-2.07673593955,2.50001E-02)
  );
#11905 = CARTESIAN_POINT('',(-0.62383477253,-1.081570945276,2.50001E-02)
  );
#11906 = CARTESIAN_POINT('',(-0.62383477253,-2.07673593955,0.1250001));
#11907 = CARTESIAN_POINT('',(-0.62383477253,-1.081570945276,0.1250001));
#11908 = ADVANCED_FACE('',(#11909),#11919,.F.);
#11909 = FACE_BOUND('',#11910,.T.);
#11910 = EDGE_LOOP('',(#11911,#11912,#11913,#11918));
#11911 = ORIENTED_EDGE('',*,*,#2141,.T.);
#11912 = ORIENTED_EDGE('',*,*,#11899,.F.);
#11913 = ORIENTED_EDGE('',*,*,#11914,.F.);
#11914 = EDGE_CURVE('',#11842,#11893,#11915,.T.);
#11915 = B_SPLINE_CURVE_WITH_KNOTS('',1,(#11916,#11917),.UNSPECIFIED.,
  .F.,.F.,(2,2),(0.,1.247669545061),.PIECEWISE_BEZIER_KNOTS.);
#11916 = CARTESIAN_POINT('',(0.62383477253,-2.07673593955,0.1250001));
#11917 = CARTESIAN_POINT('',(-0.62383477253,-2.07673593955,0.1250001));
#11918 = ORIENTED_EDGE('',*,*,#11841,.T.);
#11919 = B_SPLINE_SURFACE_WITH_KNOTS('',1,1,(
    (#11920,#11921)
    ,(#11922,#11923
    )),.UNSPECIFIED.,.F.,.F.,.F.,(2,2),(2,2),(-0.,0.1),(-1.247669545061,
    0.),.PIECEWISE_BEZIER_KNOTS.);
#11920 = CARTESIAN_POINT('',(-0.62383477253,-2.07673593955,0.1250001));
#11921 = CARTESIAN_POINT('',(0.62383477253,-2.07673593955,0.1250001));
#11922 = CARTESIAN_POINT('',(-0.62383477253,-2.07673593955,2.50001E-02)
  );
#11923 = CARTESIAN_POINT('',(0.62383477253,-2.07673593955,2.50001E-02));
#11924 = ADVANCED_FACE('',(#11925),#11931,.T.);
#11925 = FACE_BOUND('',#11926,.T.);
#11926 = EDGE_LOOP('',(#11927,#11928,#11929,#11930));
#11927 = ORIENTED_EDGE('',*,*,#11848,.T.);
#11928 = ORIENTED_EDGE('',*,*,#11914,.T.);
#11929 = ORIENTED_EDGE('',*,*,#11892,.T.);
#11930 = ORIENTED_EDGE('',*,*,#11870,.T.);
#11931 = B_SPLINE_SURFACE_WITH_KNOTS('',1,1,(
    (#11932,#11933)
    ,(#11934,#11935
    )),.UNSPECIFIED.,.F.,.F.,.F.,(2,2),(2,2),(-0.62383477253,
    0.62383477253),(-2.07623593955,-1.081070945276),
  .PIECEWISE_BEZIER_KNOTS.);
#11932 = CARTESIAN_POINT('',(0.62383477253,-2.07673593955,0.1250001));
#11933 = CARTESIAN_POINT('',(0.62383477253,-1.081570945276,0.1250001));
#11934 = CARTESIAN_POINT('',(-0.62383477253,-2.07673593955,0.1250001));
#11935 = CARTESIAN_POINT('',(-0.62383477253,-1.081570945276,0.1250001));
#11936 = ADVANCED_FACE('',(#11937),#11947,.F.);
#11937 = FACE_BOUND('',#11938,.T.);
#11938 = EDGE_LOOP('',(#11939,#11940,#11941,#11946));
#11939 = ORIENTED_EDGE('',*,*,#2479,.T.);
#11940 = ORIENTED_EDGE('',*,*,#1897,.F.);
#11941 = ORIENTED_EDGE('',*,*,#11942,.F.);
#11942 = EDGE_CURVE('',#1625,#1891,#11943,.T.);
#11943 = B_SPLINE_CURVE_WITH_KNOTS('',1,(#11944,#11945),.UNSPECIFIED.,
  .F.,.F.,(2,2),(0.,1.414213562373),.PIECEWISE_BEZIER_KNOTS.);
#11944 = CARTESIAN_POINT('',(2.5,-1.5005,1.3250001));
#11945 = CARTESIAN_POINT('',(1.5,-2.5005,1.3250001));
#11946 = ORIENTED_EDGE('',*,*,#1757,.T.);
#11947 = B_SPLINE_SURFACE_WITH_KNOTS('',1,1,(
    (#11948,#11949)
    ,(#11950,#11951
    )),.UNSPECIFIED.,.F.,.F.,.F.,(2,2),(2,2),(0.,1.414213562373),(0.,0.3
    ),.PIECEWISE_BEZIER_KNOTS.);
#11948 = CARTESIAN_POINT('',(2.5,-1.5005,1.3250001));
#11949 = CARTESIAN_POINT('',(2.5,-1.5005,1.6250001));
#11950 = CARTESIAN_POINT('',(1.5,-2.5005,1.3250001));
#11951 = CARTESIAN_POINT('',(1.5,-2.5005,1.6250001));
#11952 = ADVANCED_FACE('',(#11953),#11964,.T.);
#11953 = FACE_BOUND('',#11954,.T.);
#11954 = EDGE_LOOP('',(#11955,#11956,#11962,#11963));
#11955 = ORIENTED_EDGE('',*,*,#1890,.T.);
#11956 = ORIENTED_EDGE('',*,*,#11957,.T.);
#11957 = EDGE_CURVE('',#1884,#1623,#11958,.T.);
#11958 = ( BOUNDED_CURVE() B_SPLINE_CURVE(2,(#11959,#11960,#11961),
.UNSPECIFIED.,.F.,.F.) B_SPLINE_CURVE_WITH_KNOTS((3,3),(4.712388980385,
6.28318530718),.PIECEWISE_BEZIER_KNOTS.) CURVE() 
GEOMETRIC_REPRESENTATION_ITEM() RATIONAL_B_SPLINE_CURVE((1.,
0.707106781187,1.)) REPRESENTATION_ITEM('') );
#11959 = CARTESIAN_POINT('',(2.45,-2.5005,1.3250001));
#11960 = CARTESIAN_POINT('',(2.5,-2.5005,1.3250001));
#11961 = CARTESIAN_POINT('',(2.5,-2.4505,1.3250001));
#11962 = ORIENTED_EDGE('',*,*,#1622,.T.);
#11963 = ORIENTED_EDGE('',*,*,#11942,.T.);
#11964 = B_SPLINE_SURFACE_WITH_KNOTS('',1,1,(
    (#11965,#11966)
    ,(#11967,#11968
    )),.UNSPECIFIED.,.F.,.F.,.F.,(2,2),(2,2),(1.5,2.5),(-2.5,-1.5),
  .PIECEWISE_BEZIER_KNOTS.);
#11965 = CARTESIAN_POINT('',(1.5,-2.5005,1.3250001));
#11966 = CARTESIAN_POINT('',(1.5,-1.5005,1.3250001));
#11967 = CARTESIAN_POINT('',(2.5,-2.5005,1.3250001));
#11968 = CARTESIAN_POINT('',(2.5,-1.5005,1.3250001));
#11969 = ADVANCED_FACE('',(#11970),#11976,.T.);
#11970 = FACE_BOUND('',#11971,.T.);
#11971 = EDGE_LOOP('',(#11972,#11973,#11974,#11975));
#11972 = ORIENTED_EDGE('',*,*,#2190,.F.);
#11973 = ORIENTED_EDGE('',*,*,#2009,.F.);
#11974 = ORIENTED_EDGE('',*,*,#2465,.F.);
#11975 = ORIENTED_EDGE('',*,*,#749,.F.);
#11976 = ( BOUNDED_SURFACE() B_SPLINE_SURFACE(2,1,(
    (#11977,#11978)
    ,(#11979,#11980)
    ,(#11981,#11982
)),.UNSPECIFIED.,.F.,.F.,.F.) B_SPLINE_SURFACE_WITH_KNOTS((3,3),(2,2),(
    1.570796326795,3.14159265359),(0.,1.6),.PIECEWISE_BEZIER_KNOTS.) 
GEOMETRIC_REPRESENTATION_ITEM() RATIONAL_B_SPLINE_SURFACE((
    (1.,1.)
    ,(0.707106781187,0.707106781187)
,(1.,1.))) REPRESENTATION_ITEM('') SURFACE() );
#11977 = CARTESIAN_POINT('',(-2.45,2.4995,2.50001E-02));
#11978 = CARTESIAN_POINT('',(-2.45,2.4995,1.6250001));
#11979 = CARTESIAN_POINT('',(-2.5,2.4995,2.50001E-02));
#11980 = CARTESIAN_POINT('',(-2.5,2.4995,1.6250001));
#11981 = CARTESIAN_POINT('',(-2.5,2.4495,2.50001E-02));
#11982 = CARTESIAN_POINT('',(-2.5,2.4495,1.6250001));
#11983 = ADVANCED_FACE('',(#11984),#11990,.T.);
#11984 = FACE_BOUND('',#11985,.T.);
#11985 = EDGE_LOOP('',(#11986,#11987,#11988,#11989));
#11986 = ORIENTED_EDGE('',*,*,#2333,.F.);
#11987 = ORIENTED_EDGE('',*,*,#1869,.F.);
#11988 = ORIENTED_EDGE('',*,*,#2472,.F.);
#11989 = ORIENTED_EDGE('',*,*,#2105,.F.);
#11990 = ( BOUNDED_SURFACE() B_SPLINE_SURFACE(2,1,(
    (#11991,#11992)
    ,(#11993,#11994)
    ,(#11995,#11996
)),.UNSPECIFIED.,.F.,.F.,.F.) B_SPLINE_SURFACE_WITH_KNOTS((3,3),(2,2),(
    3.14159265359,4.712388980385),(0.,1.6),.PIECEWISE_BEZIER_KNOTS.) 
GEOMETRIC_REPRESENTATION_ITEM() RATIONAL_B_SPLINE_SURFACE((
    (1.,1.)
    ,(0.707106781187,0.707106781187)
,(1.,1.))) REPRESENTATION_ITEM('') SURFACE() );
#11991 = CARTESIAN_POINT('',(-2.5,-2.4505,2.50001E-02));
#11992 = CARTESIAN_POINT('',(-2.5,-2.4505,1.6250001));
#11993 = CARTESIAN_POINT('',(-2.5,-2.5005,2.50001E-02));
#11994 = CARTESIAN_POINT('',(-2.5,-2.5005,1.6250001));
#11995 = CARTESIAN_POINT('',(-2.45,-2.5005,2.50001E-02));
#11996 = CARTESIAN_POINT('',(-2.45,-2.5005,1.6250001));
#11997 = ADVANCED_FACE('',(#11998),#12004,.T.);
#11998 = FACE_BOUND('',#11999,.T.);
#11999 = EDGE_LOOP('',(#12000,#12001,#12002,#12003));
#12000 = ORIENTED_EDGE('',*,*,#2326,.F.);
#12001 = ORIENTED_EDGE('',*,*,#1631,.F.);
#12002 = ORIENTED_EDGE('',*,*,#11957,.F.);
#12003 = ORIENTED_EDGE('',*,*,#1883,.F.);
#12004 = ( BOUNDED_SURFACE() B_SPLINE_SURFACE(2,1,(
    (#12005,#12006)
    ,(#12007,#12008)
    ,(#12009,#12010
)),.UNSPECIFIED.,.F.,.F.,.F.) B_SPLINE_SURFACE_WITH_KNOTS((3,3),(2,2),(
    4.712388980385,6.28318530718),(0.,1.3),.PIECEWISE_BEZIER_KNOTS.) 
GEOMETRIC_REPRESENTATION_ITEM() RATIONAL_B_SPLINE_SURFACE((
    (1.,1.)
    ,(0.707106781187,0.707106781187)
,(1.,1.))) REPRESENTATION_ITEM('') SURFACE() );
#12005 = CARTESIAN_POINT('',(2.45,-2.5005,2.50001E-02));
#12006 = CARTESIAN_POINT('',(2.45,-2.5005,1.3250001));
#12007 = CARTESIAN_POINT('',(2.5,-2.5005,2.50001E-02));
#12008 = CARTESIAN_POINT('',(2.5,-2.5005,1.3250001));
#12009 = CARTESIAN_POINT('',(2.5,-2.4505,2.50001E-02));
#12010 = CARTESIAN_POINT('',(2.5,-2.4505,1.3250001));
#12011 = ADVANCED_FACE('',(#12012),#12018,.T.);
#12012 = FACE_BOUND('',#12013,.T.);
#12013 = EDGE_LOOP('',(#12014,#12015,#12016,#12017));
#12014 = ORIENTED_EDGE('',*,*,#2197,.F.);
#12015 = ORIENTED_EDGE('',*,*,#763,.F.);
#12016 = ORIENTED_EDGE('',*,*,#2485,.F.);
#12017 = ORIENTED_EDGE('',*,*,#1743,.F.);
#12018 = ( BOUNDED_SURFACE() B_SPLINE_SURFACE(2,1,(
    (#12019,#12020)
    ,(#12021,#12022)
    ,(#12023,#12024
)),.UNSPECIFIED.,.F.,.F.,.F.) B_SPLINE_SURFACE_WITH_KNOTS((3,3),(2,2),(
    0.,1.570796326795),(0.,1.6),.PIECEWISE_BEZIER_KNOTS.) 
GEOMETRIC_REPRESENTATION_ITEM() RATIONAL_B_SPLINE_SURFACE((
    (1.,1.)
    ,(0.707106781187,0.707106781187)
,(1.,1.))) REPRESENTATION_ITEM('') SURFACE() );
#12019 = CARTESIAN_POINT('',(2.5,2.4495,2.50001E-02));
#12020 = CARTESIAN_POINT('',(2.5,2.4495,1.6250001));
#12021 = CARTESIAN_POINT('',(2.5,2.4995,2.50001E-02));
#12022 = CARTESIAN_POINT('',(2.5,2.4995,1.6250001));
#12023 = CARTESIAN_POINT('',(2.45,2.4995,2.50001E-02));
#12024 = CARTESIAN_POINT('',(2.45,2.4995,1.6250001));
#12025 = MANIFOLD_SOLID_BREP('',#12026);
#12026 = CLOSED_SHELL('',(#12027,#12075,#12107,#12117));
#12027 = ADVANCED_FACE('',(#12028),#12064,.T.);
#12028 = FACE_BOUND('',#12029,.T.);
#12029 = EDGE_LOOP('',(#12030,#12042,#12049,#12059));
#12030 = ORIENTED_EDGE('',*,*,#12031,.T.);
#12031 = EDGE_CURVE('',#12032,#12034,#12036,.T.);
#12032 = VERTEX_POINT('',#12033);
#12033 = CARTESIAN_POINT('',(2.,-4.999999999997E-04,1.3250001));
#12034 = VERTEX_POINT('',#12035);
#12035 = CARTESIAN_POINT('',(-2.,-4.999999999995E-04,1.3250001));
#12036 = ( BOUNDED_CURVE() B_SPLINE_CURVE(2,(#12037,#12038,#12039,#12040
,#12041),.UNSPECIFIED.,.F.,.F.) B_SPLINE_CURVE_WITH_KNOTS((3,2,3),(0.,
1.570796326795,3.14159265359),.PIECEWISE_BEZIER_KNOTS.) CURVE() 
GEOMETRIC_REPRESENTATION_ITEM() RATIONAL_B_SPLINE_CURVE((1.,
0.707106781187,1.,0.707106781187,1.)) REPRESENTATION_ITEM('') );
#12037 = CARTESIAN_POINT('',(2.,-4.999999999997E-04,1.3250001));
#12038 = CARTESIAN_POINT('',(2.,1.9995,1.3250001));
#12039 = CARTESIAN_POINT('',(1.224646799147E-16,1.9995,1.3250001));
#12040 = CARTESIAN_POINT('',(-2.,1.9995,1.3250001));
#12041 = CARTESIAN_POINT('',(-2.,-4.999999999995E-04,1.3250001));
#12042 = ORIENTED_EDGE('',*,*,#12043,.T.);
#12043 = EDGE_CURVE('',#12034,#12044,#12046,.T.);
#12044 = VERTEX_POINT('',#12045);
#12045 = CARTESIAN_POINT('',(-2.,-4.999999999995E-04,1.6250001));
#12046 = B_SPLINE_CURVE_WITH_KNOTS('',1,(#12047,#12048),.UNSPECIFIED.,
  .F.,.F.,(2,2),(0.,0.3),.PIECEWISE_BEZIER_KNOTS.);
#12047 = CARTESIAN_POINT('',(-2.,-4.999999999995E-04,1.3250001));
#12048 = CARTESIAN_POINT('',(-2.,-4.999999999995E-04,1.6250001));
#12049 = ORIENTED_EDGE('',*,*,#12050,.F.);
#12050 = EDGE_CURVE('',#12051,#12044,#12053,.T.);
#12051 = VERTEX_POINT('',#12052);
#12052 = CARTESIAN_POINT('',(2.,-4.999999999997E-04,1.6250001));
#12053 = ( BOUNDED_CURVE() B_SPLINE_CURVE(2,(#12054,#12055,#12056,#12057
,#12058),.UNSPECIFIED.,.F.,.F.) B_SPLINE_CURVE_WITH_KNOTS((3,2,3),(0.,
1.570796326795,3.14159265359),.PIECEWISE_BEZIER_KNOTS.) CURVE() 
GEOMETRIC_REPRESENTATION_ITEM() RATIONAL_B_SPLINE_CURVE((1.,
0.707106781187,1.,0.707106781187,1.)) REPRESENTATION_ITEM('') );
#12054 = CARTESIAN_POINT('',(2.,-4.999999999997E-04,1.6250001));
#12055 = CARTESIAN_POINT('',(2.,1.9995,1.6250001));
#12056 = CARTESIAN_POINT('',(1.224646799147E-16,1.9995,1.6250001));
#12057 = CARTESIAN_POINT('',(-2.,1.9995,1.6250001));
#12058 = CARTESIAN_POINT('',(-2.,-4.999999999995E-04,1.6250001));
#12059 = ORIENTED_EDGE('',*,*,#12060,.F.);
#12060 = EDGE_CURVE('',#12032,#12051,#12061,.T.);
#12061 = B_SPLINE_CURVE_WITH_KNOTS('',1,(#12062,#12063),.UNSPECIFIED.,
  .F.,.F.,(2,2),(0.,0.3),.PIECEWISE_BEZIER_KNOTS.);
#12062 = CARTESIAN_POINT('',(2.,-4.999999999997E-04,1.3250001));
#12063 = CARTESIAN_POINT('',(2.,-4.999999999997E-04,1.6250001));
#12064 = ( BOUNDED_SURFACE() B_SPLINE_SURFACE(2,1,(
    (#12065,#12066)
    ,(#12067,#12068)
    ,(#12069,#12070)
    ,(#12071,#12072)
    ,(#12073,#12074
)),.UNSPECIFIED.,.F.,.F.,.F.) B_SPLINE_SURFACE_WITH_KNOTS((3,2,3),(2,2),
  (0.,1.570796326795,3.14159265359),(0.,0.3),.PIECEWISE_BEZIER_KNOTS.) 
GEOMETRIC_REPRESENTATION_ITEM() RATIONAL_B_SPLINE_SURFACE((
    (1.,1.)
    ,(0.707106781187,0.707106781187)
    ,(1.,1.)
    ,(0.707106781187,0.707106781187)
,(1.,1.))) REPRESENTATION_ITEM('') SURFACE() );
#12065 = CARTESIAN_POINT('',(2.,-4.999999999997E-04,1.3250001));
#12066 = CARTESIAN_POINT('',(2.,-4.999999999997E-04,1.6250001));
#12067 = CARTESIAN_POINT('',(2.,1.9995,1.3250001));
#12068 = CARTESIAN_POINT('',(2.,1.9995,1.6250001));
#12069 = CARTESIAN_POINT('',(1.224646799147E-16,1.9995,1.3250001));
#12070 = CARTESIAN_POINT('',(1.224646799147E-16,1.9995,1.6250001));
#12071 = CARTESIAN_POINT('',(-2.,1.9995,1.3250001));
#12072 = CARTESIAN_POINT('',(-2.,1.9995,1.6250001));
#12073 = CARTESIAN_POINT('',(-2.,-4.999999999995E-04,1.3250001));
#12074 = CARTESIAN_POINT('',(-2.,-4.999999999995E-04,1.6250001));
#12075 = ADVANCED_FACE('',(#12076),#12096,.T.);
#12076 = FACE_BOUND('',#12077,.T.);
#12077 = EDGE_LOOP('',(#12078,#12079,#12087,#12088));
#12078 = ORIENTED_EDGE('',*,*,#12043,.F.);
#12079 = ORIENTED_EDGE('',*,*,#12080,.T.);
#12080 = EDGE_CURVE('',#12034,#12032,#12081,.T.);
#12081 = ( BOUNDED_CURVE() B_SPLINE_CURVE(2,(#12082,#12083,#12084,#12085
,#12086),.UNSPECIFIED.,.F.,.F.) B_SPLINE_CURVE_WITH_KNOTS((3,2,3),(
    3.14159265359,4.712388980385,6.28318530718),
.PIECEWISE_BEZIER_KNOTS.) CURVE() GEOMETRIC_REPRESENTATION_ITEM() 
RATIONAL_B_SPLINE_CURVE((1.,0.707106781187,1.,0.707106781187,1.)) 
REPRESENTATION_ITEM('') );
#12082 = CARTESIAN_POINT('',(-2.,-4.999999999995E-04,1.3250001));
#12083 = CARTESIAN_POINT('',(-2.,-2.0005,1.3250001));
#12084 = CARTESIAN_POINT('',(-3.673940397442E-16,-2.0005,1.3250001));
#12085 = CARTESIAN_POINT('',(2.,-2.0005,1.3250001));
#12086 = CARTESIAN_POINT('',(2.,-5.000000000002E-04,1.3250001));
#12087 = ORIENTED_EDGE('',*,*,#12060,.T.);
#12088 = ORIENTED_EDGE('',*,*,#12089,.F.);
#12089 = EDGE_CURVE('',#12044,#12051,#12090,.T.);
#12090 = ( BOUNDED_CURVE() B_SPLINE_CURVE(2,(#12091,#12092,#12093,#12094
,#12095),.UNSPECIFIED.,.F.,.F.) B_SPLINE_CURVE_WITH_KNOTS((3,2,3),(
    3.14159265359,4.712388980385,6.28318530718),
.PIECEWISE_BEZIER_KNOTS.) CURVE() GEOMETRIC_REPRESENTATION_ITEM() 
RATIONAL_B_SPLINE_CURVE((1.,0.707106781187,1.,0.707106781187,1.)) 
REPRESENTATION_ITEM('') );
#12091 = CARTESIAN_POINT('',(-2.,-4.999999999995E-04,1.6250001));
#12092 = CARTESIAN_POINT('',(-2.,-2.0005,1.6250001));
#12093 = CARTESIAN_POINT('',(-3.673940397442E-16,-2.0005,1.6250001));
#12094 = CARTESIAN_POINT('',(2.,-2.0005,1.6250001));
#12095 = CARTESIAN_POINT('',(2.,-5.000000000002E-04,1.6250001));
#12096 = ( BOUNDED_SURFACE() B_SPLINE_SURFACE(2,1,(
    (#12097,#12098)
    ,(#12099,#12100)
    ,(#12101,#12102)
    ,(#12103,#12104)
    ,(#12105,#12106
)),.UNSPECIFIED.,.F.,.F.,.F.) B_SPLINE_SURFACE_WITH_KNOTS((3,2,3),(2,2),
  (3.14159265359,4.712388980385,6.28318530718),(0.,0.3),
.PIECEWISE_BEZIER_KNOTS.) GEOMETRIC_REPRESENTATION_ITEM() 
RATIONAL_B_SPLINE_SURFACE((
    (1.,1.)
    ,(0.707106781187,0.707106781187)
    ,(1.,1.)
    ,(0.707106781187,0.707106781187)
,(1.,1.))) REPRESENTATION_ITEM('') SURFACE() );
#12097 = CARTESIAN_POINT('',(-2.,-4.999999999995E-04,1.3250001));
#12098 = CARTESIAN_POINT('',(-2.,-4.999999999995E-04,1.6250001));
#12099 = CARTESIAN_POINT('',(-2.,-2.0005,1.3250001));
#12100 = CARTESIAN_POINT('',(-2.,-2.0005,1.6250001));
#12101 = CARTESIAN_POINT('',(-3.673940397442E-16,-2.0005,1.3250001));
#12102 = CARTESIAN_POINT('',(-3.673940397442E-16,-2.0005,1.6250001));
#12103 = CARTESIAN_POINT('',(2.,-2.0005,1.3250001));
#12104 = CARTESIAN_POINT('',(2.,-2.0005,1.6250001));
#12105 = CARTESIAN_POINT('',(2.,-5.000000000002E-04,1.3250001));
#12106 = CARTESIAN_POINT('',(2.,-5.000000000002E-04,1.6250001));
#12107 = ADVANCED_FACE('',(#12108),#12112,.F.);
#12108 = FACE_BOUND('',#12109,.T.);
#12109 = EDGE_LOOP('',(#12110,#12111));
#12110 = ORIENTED_EDGE('',*,*,#12031,.F.);
#12111 = ORIENTED_EDGE('',*,*,#12080,.F.);
#12112 = B_SPLINE_SURFACE_WITH_KNOTS('',1,1,(
    (#12113,#12114)
    ,(#12115,#12116
    )),.UNSPECIFIED.,.F.,.F.,.F.,(2,2),(2,2),(-2.,2.),(-2.,2.),
  .PIECEWISE_BEZIER_KNOTS.);
#12113 = CARTESIAN_POINT('',(-2.,-2.0005,1.3250001));
#12114 = CARTESIAN_POINT('',(-2.,1.9995,1.3250001));
#12115 = CARTESIAN_POINT('',(2.,-2.0005,1.3250001));
#12116 = CARTESIAN_POINT('',(2.,1.9995,1.3250001));
#12117 = ADVANCED_FACE('',(#12118),#12122,.T.);
#12118 = FACE_BOUND('',#12119,.T.);
#12119 = EDGE_LOOP('',(#12120,#12121));
#12120 = ORIENTED_EDGE('',*,*,#12050,.T.);
#12121 = ORIENTED_EDGE('',*,*,#12089,.T.);
#12122 = B_SPLINE_SURFACE_WITH_KNOTS('',1,1,(
    (#12123,#12124)
    ,(#12125,#12126
    )),.UNSPECIFIED.,.F.,.F.,.F.,(2,2),(2,2),(-2.,2.),(-2.,2.),
  .PIECEWISE_BEZIER_KNOTS.);
#12123 = CARTESIAN_POINT('',(-2.,-2.0005,1.6250001));
#12124 = CARTESIAN_POINT('',(-2.,1.9995,1.6250001));
#12125 = CARTESIAN_POINT('',(2.,-2.0005,1.6250001));
#12126 = CARTESIAN_POINT('',(2.,1.9995,1.6250001));
#12127 = ( GEOMETRIC_REPRESENTATION_CONTEXT(3) 
GLOBAL_UNCERTAINTY_ASSIGNED_CONTEXT((#12131)) 
GLOBAL_UNIT_ASSIGNED_CONTEXT((#12128,#12129,#12130)) 
REPRESENTATION_CONTEXT('Context #1',
  '3D Context with UNIT and UNCERTAINTY') );
#12128 = ( LENGTH_UNIT() NAMED_UNIT(*) SI_UNIT(.MILLI.,.METRE.) );
#12129 = ( NAMED_UNIT(*) PLANE_ANGLE_UNIT() SI_UNIT($,.RADIAN.) );
#12130 = ( NAMED_UNIT(*) SI_UNIT($,.STERADIAN.) SOLID_ANGLE_UNIT() );
#12131 = UNCERTAINTY_MEASURE_WITH_UNIT(LENGTH_MEASURE(1.E-07),#12128,
  'distance_accuracy_value','confusion accuracy');
#12132 = PRODUCT_RELATED_PRODUCT_CATEGORY('part',$,(#7));
#12133 = MECHANICAL_DESIGN_GEOMETRIC_PRESENTATION_REPRESENTATION('',(
    #12134,#12142,#12150,#12158,#12165,#12172,#12179,#12186,#12193,
    #12200,#12207,#12214,#12221,#12228,#12235,#12242,#12249,#12256,
    #12263,#12270,#12277,#12284,#12291,#12298,#12305,#12312,#12319,
    #12326,#12333,#12340,#12347,#12354,#12361,#12368,#12375,#12382,
    #12389,#12396,#12403,#12410,#12417,#12424,#12431,#12438,#12445,
    #12452,#12460,#12467,#12474,#12481,#12488,#12495,#12502,#12509,
    #12516,#12523,#12530,#12537,#12544,#12551,#12558,#12565,#12572,
    #12579,#12586,#12593,#12600,#12607,#12614,#12621,#12628,#12635,
    #12642,#12649,#12656,#12663,#12670,#12677,#12684,#12691,#12698,
    #12705,#12712,#12719,#12726,#12733,#12740,#12747,#12754,#12761,
    #12768,#12775,#12782,#12789,#12796,#12803,#12810,#12817,#12824,
    #12831,#12838,#12845,#12852,#12859,#12866,#12873,#12880,#12887,
    #12894,#12901,#12908,#12915,#12922,#12929,#12936,#12943,#12950,
    #12957,#12964,#12971,#12978,#12985,#12992,#12999,#13006,#13013,
    #13021,#13028,#13035,#13042,#13049,#13056,#13063,#13070,#13077,
    #13084,#13091,#13098,#13105,#13112,#13119,#13126,#13133,#13140,
    #13147,#13154,#13161,#13168,#13175,#13182,#13189,#13196,#13203,
    #13210,#13217,#13224,#13231,#13238,#13245,#13252,#13259,#13266,
    #13273,#13280,#13287,#13294,#13301,#13308,#13315,#13322,#13329,
    #13336,#13343,#13350,#13357,#13364,#13371,#13378,#13385,#13392,
    #13399,#13406,#13413,#13420,#13427,#13434,#13441,#13448,#13455,
    #13462,#13469,#13476,#13483,#13490,#13497,#13504,#13511,#13518,
    #13525,#13532,#13539,#13546,#13553,#13560,#13567,#13574,#13581,
    #13588,#13595,#13602,#13609,#13616,#13623,#13630,#13637,#13644,
    #13651,#13658,#13665,#13672,#13679,#13686,#13693,#13700,#13707,
    #13714,#13721,#13728,#13735,#13742,#13749,#13756,#13763,#13770,
    #13777,#13784,#13791,#13798,#13805,#13812,#13819,#13826,#13833,
    #13840,#13847,#13854,#13861,#13868,#13875,#13882,#13889,#13896,
    #13903,#13910,#13917,#13924,#13931,#13938,#13945,#13952,#13959,
    #13966,#13973,#13980,#13987,#13994,#14001,#14008,#14015,#14022,
    #14029,#14036,#14043,#14050,#14057,#14064,#14071,#14078,#14085,
    #14092,#14099,#14106,#14113,#14120,#14127,#14134,#14141,#14148,
    #14155,#14162,#14169,#14176,#14183,#14190,#14197,#14204,#14211,
    #14218,#14225,#14232,#14239,#14246,#14253,#14260,#14267,#14274,
    #14281,#14288,#14295,#14302,#14309,#14316,#14323,#14330,#14337,
    #14344,#14351,#14358,#14365,#14372,#14379,#14386,#14393,#14400,
    #14407,#14414,#14421,#14428,#14435,#14442,#14449,#14456,#14463,
    #14470,#14477,#14484,#14491,#14498,#14505,#14512,#14519,#14526,
    #14533,#14540,#14547,#14554,#14561,#14568,#14575,#14582,#14589,
    #14596,#14603,#14610,#14617,#14624,#14631,#14638,#14645,#14652,
    #14659,#14666,#14673,#14680,#14687,#14694,#14701,#14708,#14715,
    #14722,#14729,#14736,#14743,#14750,#14757,#14764,#14771,#14778,
    #14785,#14792,#14799,#14806,#14813,#14820,#14827,#14834,#14841,
    #14848,#14855,#14863,#14870,#14877),#12127);
#12134 = STYLED_ITEM('color',(#12135),#15);
#12135 = PRESENTATION_STYLE_ASSIGNMENT((#12136));
#12136 = SURFACE_STYLE_USAGE(.BOTH.,#12137);
#12137 = SURFACE_SIDE_STYLE('',(#12138));
#12138 = SURFACE_STYLE_FILL_AREA(#12139);
#12139 = FILL_AREA_STYLE('',(#12140));
#12140 = FILL_AREA_STYLE_COLOUR('',#12141);
#12141 = COLOUR_RGB('',0.792156867455,0.819607826924,0.933333342953);
#12142 = OVER_RIDING_STYLED_ITEM('overriding color',(#12143),#17,#12134
  );
#12143 = PRESENTATION_STYLE_ASSIGNMENT((#12144));
#12144 = SURFACE_STYLE_USAGE(.BOTH.,#12145);
#12145 = SURFACE_SIDE_STYLE('',(#12146));
#12146 = SURFACE_STYLE_FILL_AREA(#12147);
#12147 = FILL_AREA_STYLE('',(#12148));
#12148 = FILL_AREA_STYLE_COLOUR('',#12149);
#12149 = DRAUGHTING_PRE_DEFINED_COLOUR('white');
#12150 = OVER_RIDING_STYLED_ITEM('overriding color',(#12151),#65,#12134
  );
#12151 = PRESENTATION_STYLE_ASSIGNMENT((#12152));
#12152 = SURFACE_STYLE_USAGE(.BOTH.,#12153);
#12153 = SURFACE_SIDE_STYLE('',(#12154));
#12154 = SURFACE_STYLE_FILL_AREA(#12155);
#12155 = FILL_AREA_STYLE('',(#12156));
#12156 = FILL_AREA_STYLE_COLOUR('',#12157);
#12157 = COLOUR_RGB('',0.749019597622,1.,1.);
#12158 = OVER_RIDING_STYLED_ITEM('overriding color',(#12159),#113,#12134
  );
#12159 = PRESENTATION_STYLE_ASSIGNMENT((#12160));
#12160 = SURFACE_STYLE_USAGE(.BOTH.,#12161);
#12161 = SURFACE_SIDE_STYLE('',(#12162));
#12162 = SURFACE_STYLE_FILL_AREA(#12163);
#12163 = FILL_AREA_STYLE('',(#12164));
#12164 = FILL_AREA_STYLE_COLOUR('',#12149);
#12165 = OVER_RIDING_STYLED_ITEM('overriding color',(#12166),#1518,
  #12134);
#12166 = PRESENTATION_STYLE_ASSIGNMENT((#12167));
#12167 = SURFACE_STYLE_USAGE(.BOTH.,#12168);
#12168 = SURFACE_SIDE_STYLE('',(#12169));
#12169 = SURFACE_STYLE_FILL_AREA(#12170);
#12170 = FILL_AREA_STYLE('',(#12171));
#12171 = FILL_AREA_STYLE_COLOUR('',#12149);
#12172 = OVER_RIDING_STYLED_ITEM('overriding color',(#12173),#1568,
  #12134);
#12173 = PRESENTATION_STYLE_ASSIGNMENT((#12174));
#12174 = SURFACE_STYLE_USAGE(.BOTH.,#12175);
#12175 = SURFACE_SIDE_STYLE('',(#12176));
#12176 = SURFACE_STYLE_FILL_AREA(#12177);
#12177 = FILL_AREA_STYLE('',(#12178));
#12178 = FILL_AREA_STYLE_COLOUR('',#12149);
#12179 = OVER_RIDING_STYLED_ITEM('overriding color',(#12180),#1618,
  #12134);
#12180 = PRESENTATION_STYLE_ASSIGNMENT((#12181));
#12181 = SURFACE_STYLE_USAGE(.BOTH.,#12182);
#12182 = SURFACE_SIDE_STYLE('',(#12183));
#12183 = SURFACE_STYLE_FILL_AREA(#12184);
#12184 = FILL_AREA_STYLE('',(#12185));
#12185 = FILL_AREA_STYLE_COLOUR('',#12149);
#12186 = OVER_RIDING_STYLED_ITEM('overriding color',(#12187),#1856,
  #12134);
#12187 = PRESENTATION_STYLE_ASSIGNMENT((#12188));
#12188 = SURFACE_STYLE_USAGE(.BOTH.,#12189);
#12189 = SURFACE_SIDE_STYLE('',(#12190));
#12190 = SURFACE_STYLE_FILL_AREA(#12191);
#12191 = FILL_AREA_STYLE('',(#12192));
#12192 = FILL_AREA_STYLE_COLOUR('',#12149);
#12193 = OVER_RIDING_STYLED_ITEM('overriding color',(#12194),#1906,
  #12134);
#12194 = PRESENTATION_STYLE_ASSIGNMENT((#12195));
#12195 = SURFACE_STYLE_USAGE(.BOTH.,#12196);
#12196 = SURFACE_SIDE_STYLE('',(#12197));
#12197 = SURFACE_STYLE_FILL_AREA(#12198);
#12198 = FILL_AREA_STYLE('',(#12199));
#12199 = FILL_AREA_STYLE_COLOUR('',#12149);
#12200 = OVER_RIDING_STYLED_ITEM('overriding color',(#12201),#2114,
  #12134);
#12201 = PRESENTATION_STYLE_ASSIGNMENT((#12202));
#12202 = SURFACE_STYLE_USAGE(.BOTH.,#12203);
#12203 = SURFACE_SIDE_STYLE('',(#12204));
#12204 = SURFACE_STYLE_FILL_AREA(#12205);
#12205 = FILL_AREA_STYLE('',(#12206));
#12206 = FILL_AREA_STYLE_COLOUR('',#12149);
#12207 = OVER_RIDING_STYLED_ITEM('overriding color',(#12208),#2449,
  #12134);
#12208 = PRESENTATION_STYLE_ASSIGNMENT((#12209));
#12209 = SURFACE_STYLE_USAGE(.BOTH.,#12210);
#12210 = SURFACE_SIDE_STYLE('',(#12211));
#12211 = SURFACE_STYLE_FILL_AREA(#12212);
#12212 = FILL_AREA_STYLE('',(#12213));
#12213 = FILL_AREA_STYLE_COLOUR('',#12149);
#12214 = OVER_RIDING_STYLED_ITEM('overriding color',(#12215),#2495,
  #12134);
#12215 = PRESENTATION_STYLE_ASSIGNMENT((#12216));
#12216 = SURFACE_STYLE_USAGE(.BOTH.,#12217);
#12217 = SURFACE_SIDE_STYLE('',(#12218));
#12218 = SURFACE_STYLE_FILL_AREA(#12219);
#12219 = FILL_AREA_STYLE('',(#12220));
#12220 = FILL_AREA_STYLE_COLOUR('',#12149);
#12221 = OVER_RIDING_STYLED_ITEM('overriding color',(#12222),#2520,
  #12134);
#12222 = PRESENTATION_STYLE_ASSIGNMENT((#12223));
#12223 = SURFACE_STYLE_USAGE(.BOTH.,#12224);
#12224 = SURFACE_SIDE_STYLE('',(#12225));
#12225 = SURFACE_STYLE_FILL_AREA(#12226);
#12226 = FILL_AREA_STYLE('',(#12227));
#12227 = FILL_AREA_STYLE_COLOUR('',#12149);
#12228 = OVER_RIDING_STYLED_ITEM('overriding color',(#12229),#2542,
  #12134);
#12229 = PRESENTATION_STYLE_ASSIGNMENT((#12230));
#12230 = SURFACE_STYLE_USAGE(.BOTH.,#12231);
#12231 = SURFACE_SIDE_STYLE('',(#12232));
#12232 = SURFACE_STYLE_FILL_AREA(#12233);
#12233 = FILL_AREA_STYLE('',(#12234));
#12234 = FILL_AREA_STYLE_COLOUR('',#12149);
#12235 = OVER_RIDING_STYLED_ITEM('overriding color',(#12236),#2567,
  #12134);
#12236 = PRESENTATION_STYLE_ASSIGNMENT((#12237));
#12237 = SURFACE_STYLE_USAGE(.BOTH.,#12238);
#12238 = SURFACE_SIDE_STYLE('',(#12239));
#12239 = SURFACE_STYLE_FILL_AREA(#12240);
#12240 = FILL_AREA_STYLE('',(#12241));
#12241 = FILL_AREA_STYLE_COLOUR('',#12149);
#12242 = OVER_RIDING_STYLED_ITEM('overriding color',(#12243),#2583,
  #12134);
#12243 = PRESENTATION_STYLE_ASSIGNMENT((#12244));
#12244 = SURFACE_STYLE_USAGE(.BOTH.,#12245);
#12245 = SURFACE_SIDE_STYLE('',(#12246));
#12246 = SURFACE_STYLE_FILL_AREA(#12247);
#12247 = FILL_AREA_STYLE('',(#12248));
#12248 = FILL_AREA_STYLE_COLOUR('',#12149);
#12249 = OVER_RIDING_STYLED_ITEM('overriding color',(#12250),#2597,
  #12134);
#12250 = PRESENTATION_STYLE_ASSIGNMENT((#12251));
#12251 = SURFACE_STYLE_USAGE(.BOTH.,#12252);
#12252 = SURFACE_SIDE_STYLE('',(#12253));
#12253 = SURFACE_STYLE_FILL_AREA(#12254);
#12254 = FILL_AREA_STYLE('',(#12255));
#12255 = FILL_AREA_STYLE_COLOUR('',#12149);
#12256 = OVER_RIDING_STYLED_ITEM('overriding color',(#12257),#2628,
  #12134);
#12257 = PRESENTATION_STYLE_ASSIGNMENT((#12258));
#12258 = SURFACE_STYLE_USAGE(.BOTH.,#12259);
#12259 = SURFACE_SIDE_STYLE('',(#12260));
#12260 = SURFACE_STYLE_FILL_AREA(#12261);
#12261 = FILL_AREA_STYLE('',(#12262));
#12262 = FILL_AREA_STYLE_COLOUR('',#12149);
#12263 = OVER_RIDING_STYLED_ITEM('overriding color',(#12264),#2650,
  #12134);
#12264 = PRESENTATION_STYLE_ASSIGNMENT((#12265));
#12265 = SURFACE_STYLE_USAGE(.BOTH.,#12266);
#12266 = SURFACE_SIDE_STYLE('',(#12267));
#12267 = SURFACE_STYLE_FILL_AREA(#12268);
#12268 = FILL_AREA_STYLE('',(#12269));
#12269 = FILL_AREA_STYLE_COLOUR('',#12149);
#12270 = OVER_RIDING_STYLED_ITEM('overriding color',(#12271),#2675,
  #12134);
#12271 = PRESENTATION_STYLE_ASSIGNMENT((#12272));
#12272 = SURFACE_STYLE_USAGE(.BOTH.,#12273);
#12273 = SURFACE_SIDE_STYLE('',(#12274));
#12274 = SURFACE_STYLE_FILL_AREA(#12275);
#12275 = FILL_AREA_STYLE('',(#12276));
#12276 = FILL_AREA_STYLE_COLOUR('',#12149);
#12277 = OVER_RIDING_STYLED_ITEM('overriding color',(#12278),#2691,
  #12134);
#12278 = PRESENTATION_STYLE_ASSIGNMENT((#12279));
#12279 = SURFACE_STYLE_USAGE(.BOTH.,#12280);
#12280 = SURFACE_SIDE_STYLE('',(#12281));
#12281 = SURFACE_STYLE_FILL_AREA(#12282);
#12282 = FILL_AREA_STYLE('',(#12283));
#12283 = FILL_AREA_STYLE_COLOUR('',#12149);
#12284 = OVER_RIDING_STYLED_ITEM('overriding color',(#12285),#2719,
  #12134);
#12285 = PRESENTATION_STYLE_ASSIGNMENT((#12286));
#12286 = SURFACE_STYLE_USAGE(.BOTH.,#12287);
#12287 = SURFACE_SIDE_STYLE('',(#12288));
#12288 = SURFACE_STYLE_FILL_AREA(#12289);
#12289 = FILL_AREA_STYLE('',(#12290));
#12290 = FILL_AREA_STYLE_COLOUR('',#12149);
#12291 = OVER_RIDING_STYLED_ITEM('overriding color',(#12292),#2733,
  #12134);
#12292 = PRESENTATION_STYLE_ASSIGNMENT((#12293));
#12293 = SURFACE_STYLE_USAGE(.BOTH.,#12294);
#12294 = SURFACE_SIDE_STYLE('',(#12295));
#12295 = SURFACE_STYLE_FILL_AREA(#12296);
#12296 = FILL_AREA_STYLE('',(#12297));
#12297 = FILL_AREA_STYLE_COLOUR('',#12149);
#12298 = OVER_RIDING_STYLED_ITEM('overriding color',(#12299),#2764,
  #12134);
#12299 = PRESENTATION_STYLE_ASSIGNMENT((#12300));
#12300 = SURFACE_STYLE_USAGE(.BOTH.,#12301);
#12301 = SURFACE_SIDE_STYLE('',(#12302));
#12302 = SURFACE_STYLE_FILL_AREA(#12303);
#12303 = FILL_AREA_STYLE('',(#12304));
#12304 = FILL_AREA_STYLE_COLOUR('',#12149);
#12305 = OVER_RIDING_STYLED_ITEM('overriding color',(#12306),#2786,
  #12134);
#12306 = PRESENTATION_STYLE_ASSIGNMENT((#12307));
#12307 = SURFACE_STYLE_USAGE(.BOTH.,#12308);
#12308 = SURFACE_SIDE_STYLE('',(#12309));
#12309 = SURFACE_STYLE_FILL_AREA(#12310);
#12310 = FILL_AREA_STYLE('',(#12311));
#12311 = FILL_AREA_STYLE_COLOUR('',#12149);
#12312 = OVER_RIDING_STYLED_ITEM('overriding color',(#12313),#2811,
  #12134);
#12313 = PRESENTATION_STYLE_ASSIGNMENT((#12314));
#12314 = SURFACE_STYLE_USAGE(.BOTH.,#12315);
#12315 = SURFACE_SIDE_STYLE('',(#12316));
#12316 = SURFACE_STYLE_FILL_AREA(#12317);
#12317 = FILL_AREA_STYLE('',(#12318));
#12318 = FILL_AREA_STYLE_COLOUR('',#12149);
#12319 = OVER_RIDING_STYLED_ITEM('overriding color',(#12320),#2839,
  #12134);
#12320 = PRESENTATION_STYLE_ASSIGNMENT((#12321));
#12321 = SURFACE_STYLE_USAGE(.BOTH.,#12322);
#12322 = SURFACE_SIDE_STYLE('',(#12323));
#12323 = SURFACE_STYLE_FILL_AREA(#12324);
#12324 = FILL_AREA_STYLE('',(#12325));
#12325 = FILL_AREA_STYLE_COLOUR('',#12149);
#12326 = OVER_RIDING_STYLED_ITEM('overriding color',(#12327),#2855,
  #12134);
#12327 = PRESENTATION_STYLE_ASSIGNMENT((#12328));
#12328 = SURFACE_STYLE_USAGE(.BOTH.,#12329);
#12329 = SURFACE_SIDE_STYLE('',(#12330));
#12330 = SURFACE_STYLE_FILL_AREA(#12331);
#12331 = FILL_AREA_STYLE('',(#12332));
#12332 = FILL_AREA_STYLE_COLOUR('',#12149);
#12333 = OVER_RIDING_STYLED_ITEM('overriding color',(#12334),#2869,
  #12134);
#12334 = PRESENTATION_STYLE_ASSIGNMENT((#12335));
#12335 = SURFACE_STYLE_USAGE(.BOTH.,#12336);
#12336 = SURFACE_SIDE_STYLE('',(#12337));
#12337 = SURFACE_STYLE_FILL_AREA(#12338);
#12338 = FILL_AREA_STYLE('',(#12339));
#12339 = FILL_AREA_STYLE_COLOUR('',#12149);
#12340 = OVER_RIDING_STYLED_ITEM('overriding color',(#12341),#2891,
  #12134);
#12341 = PRESENTATION_STYLE_ASSIGNMENT((#12342));
#12342 = SURFACE_STYLE_USAGE(.BOTH.,#12343);
#12343 = SURFACE_SIDE_STYLE('',(#12344));
#12344 = SURFACE_STYLE_FILL_AREA(#12345);
#12345 = FILL_AREA_STYLE('',(#12346));
#12346 = FILL_AREA_STYLE_COLOUR('',#12149);
#12347 = OVER_RIDING_STYLED_ITEM('overriding color',(#12348),#2913,
  #12134);
#12348 = PRESENTATION_STYLE_ASSIGNMENT((#12349));
#12349 = SURFACE_STYLE_USAGE(.BOTH.,#12350);
#12350 = SURFACE_SIDE_STYLE('',(#12351));
#12351 = SURFACE_STYLE_FILL_AREA(#12352);
#12352 = FILL_AREA_STYLE('',(#12353));
#12353 = FILL_AREA_STYLE_COLOUR('',#12149);
#12354 = OVER_RIDING_STYLED_ITEM('overriding color',(#12355),#2938,
  #12134);
#12355 = PRESENTATION_STYLE_ASSIGNMENT((#12356));
#12356 = SURFACE_STYLE_USAGE(.BOTH.,#12357);
#12357 = SURFACE_SIDE_STYLE('',(#12358));
#12358 = SURFACE_STYLE_FILL_AREA(#12359);
#12359 = FILL_AREA_STYLE('',(#12360));
#12360 = FILL_AREA_STYLE_COLOUR('',#12149);
#12361 = OVER_RIDING_STYLED_ITEM('overriding color',(#12362),#2960,
  #12134);
#12362 = PRESENTATION_STYLE_ASSIGNMENT((#12363));
#12363 = SURFACE_STYLE_USAGE(.BOTH.,#12364);
#12364 = SURFACE_SIDE_STYLE('',(#12365));
#12365 = SURFACE_STYLE_FILL_AREA(#12366);
#12366 = FILL_AREA_STYLE('',(#12367));
#12367 = FILL_AREA_STYLE_COLOUR('',#12149);
#12368 = OVER_RIDING_STYLED_ITEM('overriding color',(#12369),#2979,
  #12134);
#12369 = PRESENTATION_STYLE_ASSIGNMENT((#12370));
#12370 = SURFACE_STYLE_USAGE(.BOTH.,#12371);
#12371 = SURFACE_SIDE_STYLE('',(#12372));
#12372 = SURFACE_STYLE_FILL_AREA(#12373);
#12373 = FILL_AREA_STYLE('',(#12374));
#12374 = FILL_AREA_STYLE_COLOUR('',#12149);
#12375 = OVER_RIDING_STYLED_ITEM('overriding color',(#12376),#2993,
  #12134);
#12376 = PRESENTATION_STYLE_ASSIGNMENT((#12377));
#12377 = SURFACE_STYLE_USAGE(.BOTH.,#12378);
#12378 = SURFACE_SIDE_STYLE('',(#12379));
#12379 = SURFACE_STYLE_FILL_AREA(#12380);
#12380 = FILL_AREA_STYLE('',(#12381));
#12381 = FILL_AREA_STYLE_COLOUR('',#12149);
#12382 = OVER_RIDING_STYLED_ITEM('overriding color',(#12383),#3024,
  #12134);
#12383 = PRESENTATION_STYLE_ASSIGNMENT((#12384));
#12384 = SURFACE_STYLE_USAGE(.BOTH.,#12385);
#12385 = SURFACE_SIDE_STYLE('',(#12386));
#12386 = SURFACE_STYLE_FILL_AREA(#12387);
#12387 = FILL_AREA_STYLE('',(#12388));
#12388 = FILL_AREA_STYLE_COLOUR('',#12149);
#12389 = OVER_RIDING_STYLED_ITEM('overriding color',(#12390),#3046,
  #12134);
#12390 = PRESENTATION_STYLE_ASSIGNMENT((#12391));
#12391 = SURFACE_STYLE_USAGE(.BOTH.,#12392);
#12392 = SURFACE_SIDE_STYLE('',(#12393));
#12393 = SURFACE_STYLE_FILL_AREA(#12394);
#12394 = FILL_AREA_STYLE('',(#12395));
#12395 = FILL_AREA_STYLE_COLOUR('',#12149);
#12396 = OVER_RIDING_STYLED_ITEM('overriding color',(#12397),#3071,
  #12134);
#12397 = PRESENTATION_STYLE_ASSIGNMENT((#12398));
#12398 = SURFACE_STYLE_USAGE(.BOTH.,#12399);
#12399 = SURFACE_SIDE_STYLE('',(#12400));
#12400 = SURFACE_STYLE_FILL_AREA(#12401);
#12401 = FILL_AREA_STYLE('',(#12402));
#12402 = FILL_AREA_STYLE_COLOUR('',#12149);
#12403 = OVER_RIDING_STYLED_ITEM('overriding color',(#12404),#3087,
  #12134);
#12404 = PRESENTATION_STYLE_ASSIGNMENT((#12405));
#12405 = SURFACE_STYLE_USAGE(.BOTH.,#12406);
#12406 = SURFACE_SIDE_STYLE('',(#12407));
#12407 = SURFACE_STYLE_FILL_AREA(#12408);
#12408 = FILL_AREA_STYLE('',(#12409));
#12409 = FILL_AREA_STYLE_COLOUR('',#12149);
#12410 = OVER_RIDING_STYLED_ITEM('overriding color',(#12411),#3103,
  #12134);
#12411 = PRESENTATION_STYLE_ASSIGNMENT((#12412));
#12412 = SURFACE_STYLE_USAGE(.BOTH.,#12413);
#12413 = SURFACE_SIDE_STYLE('',(#12414));
#12414 = SURFACE_STYLE_FILL_AREA(#12415);
#12415 = FILL_AREA_STYLE('',(#12416));
#12416 = FILL_AREA_STYLE_COLOUR('',#12149);
#12417 = OVER_RIDING_STYLED_ITEM('overriding color',(#12418),#3117,
  #12134);
#12418 = PRESENTATION_STYLE_ASSIGNMENT((#12419));
#12419 = SURFACE_STYLE_USAGE(.BOTH.,#12420);
#12420 = SURFACE_SIDE_STYLE('',(#12421));
#12421 = SURFACE_STYLE_FILL_AREA(#12422);
#12422 = FILL_AREA_STYLE('',(#12423));
#12423 = FILL_AREA_STYLE_COLOUR('',#12149);
#12424 = OVER_RIDING_STYLED_ITEM('overriding color',(#12425),#3139,
  #12134);
#12425 = PRESENTATION_STYLE_ASSIGNMENT((#12426));
#12426 = SURFACE_STYLE_USAGE(.BOTH.,#12427);
#12427 = SURFACE_SIDE_STYLE('',(#12428));
#12428 = SURFACE_STYLE_FILL_AREA(#12429);
#12429 = FILL_AREA_STYLE('',(#12430));
#12430 = FILL_AREA_STYLE_COLOUR('',#12149);
#12431 = OVER_RIDING_STYLED_ITEM('overriding color',(#12432),#3164,
  #12134);
#12432 = PRESENTATION_STYLE_ASSIGNMENT((#12433));
#12433 = SURFACE_STYLE_USAGE(.BOTH.,#12434);
#12434 = SURFACE_SIDE_STYLE('',(#12435));
#12435 = SURFACE_STYLE_FILL_AREA(#12436);
#12436 = FILL_AREA_STYLE('',(#12437));
#12437 = FILL_AREA_STYLE_COLOUR('',#12149);
#12438 = OVER_RIDING_STYLED_ITEM('overriding color',(#12439),#3186,
  #12134);
#12439 = PRESENTATION_STYLE_ASSIGNMENT((#12440));
#12440 = SURFACE_STYLE_USAGE(.BOTH.,#12441);
#12441 = SURFACE_SIDE_STYLE('',(#12442));
#12442 = SURFACE_STYLE_FILL_AREA(#12443);
#12443 = FILL_AREA_STYLE('',(#12444));
#12444 = FILL_AREA_STYLE_COLOUR('',#12149);
#12445 = OVER_RIDING_STYLED_ITEM('overriding color',(#12446),#3205,
  #12134);
#12446 = PRESENTATION_STYLE_ASSIGNMENT((#12447));
#12447 = SURFACE_STYLE_USAGE(.BOTH.,#12448);
#12448 = SURFACE_SIDE_STYLE('',(#12449));
#12449 = SURFACE_STYLE_FILL_AREA(#12450);
#12450 = FILL_AREA_STYLE('',(#12451));
#12451 = FILL_AREA_STYLE_COLOUR('',#12149);
#12452 = OVER_RIDING_STYLED_ITEM('overriding color',(#12453),#3219,
  #12134);
#12453 = PRESENTATION_STYLE_ASSIGNMENT((#12454));
#12454 = SURFACE_STYLE_USAGE(.BOTH.,#12455);
#12455 = SURFACE_SIDE_STYLE('',(#12456));
#12456 = SURFACE_STYLE_FILL_AREA(#12457);
#12457 = FILL_AREA_STYLE('',(#12458));
#12458 = FILL_AREA_STYLE_COLOUR('',#12459);
#12459 = COLOUR_RGB('',0.752941164258,0.752941164258,0.752941164258);
#12460 = OVER_RIDING_STYLED_ITEM('overriding color',(#12461),#3254,
  #12134);
#12461 = PRESENTATION_STYLE_ASSIGNMENT((#12462));
#12462 = SURFACE_STYLE_USAGE(.BOTH.,#12463);
#12463 = SURFACE_SIDE_STYLE('',(#12464));
#12464 = SURFACE_STYLE_FILL_AREA(#12465);
#12465 = FILL_AREA_STYLE('',(#12466));
#12466 = FILL_AREA_STYLE_COLOUR('',#12459);
#12467 = OVER_RIDING_STYLED_ITEM('overriding color',(#12468),#3283,
  #12134);
#12468 = PRESENTATION_STYLE_ASSIGNMENT((#12469));
#12469 = SURFACE_STYLE_USAGE(.BOTH.,#12470);
#12470 = SURFACE_SIDE_STYLE('',(#12471));
#12471 = SURFACE_STYLE_FILL_AREA(#12472);
#12472 = FILL_AREA_STYLE('',(#12473));
#12473 = FILL_AREA_STYLE_COLOUR('',#12459);
#12474 = OVER_RIDING_STYLED_ITEM('overriding color',(#12475),#3311,
  #12134);
#12475 = PRESENTATION_STYLE_ASSIGNMENT((#12476));
#12476 = SURFACE_STYLE_USAGE(.BOTH.,#12477);
#12477 = SURFACE_SIDE_STYLE('',(#12478));
#12478 = SURFACE_STYLE_FILL_AREA(#12479);
#12479 = FILL_AREA_STYLE('',(#12480));
#12480 = FILL_AREA_STYLE_COLOUR('',#12459);
#12481 = OVER_RIDING_STYLED_ITEM('overriding color',(#12482),#3343,
  #12134);
#12482 = PRESENTATION_STYLE_ASSIGNMENT((#12483));
#12483 = SURFACE_STYLE_USAGE(.BOTH.,#12484);
#12484 = SURFACE_SIDE_STYLE('',(#12485));
#12485 = SURFACE_STYLE_FILL_AREA(#12486);
#12486 = FILL_AREA_STYLE('',(#12487));
#12487 = FILL_AREA_STYLE_COLOUR('',#12459);
#12488 = OVER_RIDING_STYLED_ITEM('overriding color',(#12489),#3371,
  #12134);
#12489 = PRESENTATION_STYLE_ASSIGNMENT((#12490));
#12490 = SURFACE_STYLE_USAGE(.BOTH.,#12491);
#12491 = SURFACE_SIDE_STYLE('',(#12492));
#12492 = SURFACE_STYLE_FILL_AREA(#12493);
#12493 = FILL_AREA_STYLE('',(#12494));
#12494 = FILL_AREA_STYLE_COLOUR('',#12459);
#12495 = OVER_RIDING_STYLED_ITEM('overriding color',(#12496),#3403,
  #12134);
#12496 = PRESENTATION_STYLE_ASSIGNMENT((#12497));
#12497 = SURFACE_STYLE_USAGE(.BOTH.,#12498);
#12498 = SURFACE_SIDE_STYLE('',(#12499));
#12499 = SURFACE_STYLE_FILL_AREA(#12500);
#12500 = FILL_AREA_STYLE('',(#12501));
#12501 = FILL_AREA_STYLE_COLOUR('',#12459);
#12502 = OVER_RIDING_STYLED_ITEM('overriding color',(#12503),#3423,
  #12134);
#12503 = PRESENTATION_STYLE_ASSIGNMENT((#12504));
#12504 = SURFACE_STYLE_USAGE(.BOTH.,#12505);
#12505 = SURFACE_SIDE_STYLE('',(#12506));
#12506 = SURFACE_STYLE_FILL_AREA(#12507);
#12507 = FILL_AREA_STYLE('',(#12508));
#12508 = FILL_AREA_STYLE_COLOUR('',#12459);
#12509 = OVER_RIDING_STYLED_ITEM('overriding color',(#12510),#3451,
  #12134);
#12510 = PRESENTATION_STYLE_ASSIGNMENT((#12511));
#12511 = SURFACE_STYLE_USAGE(.BOTH.,#12512);
#12512 = SURFACE_SIDE_STYLE('',(#12513));
#12513 = SURFACE_STYLE_FILL_AREA(#12514);
#12514 = FILL_AREA_STYLE('',(#12515));
#12515 = FILL_AREA_STYLE_COLOUR('',#12459);
#12516 = OVER_RIDING_STYLED_ITEM('overriding color',(#12517),#3483,
  #12134);
#12517 = PRESENTATION_STYLE_ASSIGNMENT((#12518));
#12518 = SURFACE_STYLE_USAGE(.BOTH.,#12519);
#12519 = SURFACE_SIDE_STYLE('',(#12520));
#12520 = SURFACE_STYLE_FILL_AREA(#12521);
#12521 = FILL_AREA_STYLE('',(#12522));
#12522 = FILL_AREA_STYLE_COLOUR('',#12459);
#12523 = OVER_RIDING_STYLED_ITEM('overriding color',(#12524),#3511,
  #12134);
#12524 = PRESENTATION_STYLE_ASSIGNMENT((#12525));
#12525 = SURFACE_STYLE_USAGE(.BOTH.,#12526);
#12526 = SURFACE_SIDE_STYLE('',(#12527));
#12527 = SURFACE_STYLE_FILL_AREA(#12528);
#12528 = FILL_AREA_STYLE('',(#12529));
#12529 = FILL_AREA_STYLE_COLOUR('',#12459);
#12530 = OVER_RIDING_STYLED_ITEM('overriding color',(#12531),#3535,
  #12134);
#12531 = PRESENTATION_STYLE_ASSIGNMENT((#12532));
#12532 = SURFACE_STYLE_USAGE(.BOTH.,#12533);
#12533 = SURFACE_SIDE_STYLE('',(#12534));
#12534 = SURFACE_STYLE_FILL_AREA(#12535);
#12535 = FILL_AREA_STYLE('',(#12536));
#12536 = FILL_AREA_STYLE_COLOUR('',#12459);
#12537 = OVER_RIDING_STYLED_ITEM('overriding color',(#12538),#3555,
  #12134);
#12538 = PRESENTATION_STYLE_ASSIGNMENT((#12539));
#12539 = SURFACE_STYLE_USAGE(.BOTH.,#12540);
#12540 = SURFACE_SIDE_STYLE('',(#12541));
#12541 = SURFACE_STYLE_FILL_AREA(#12542);
#12542 = FILL_AREA_STYLE('',(#12543));
#12543 = FILL_AREA_STYLE_COLOUR('',#12459);
#12544 = OVER_RIDING_STYLED_ITEM('overriding color',(#12545),#3577,
  #12134);
#12545 = PRESENTATION_STYLE_ASSIGNMENT((#12546));
#12546 = SURFACE_STYLE_USAGE(.BOTH.,#12547);
#12547 = SURFACE_SIDE_STYLE('',(#12548));
#12548 = SURFACE_STYLE_FILL_AREA(#12549);
#12549 = FILL_AREA_STYLE('',(#12550));
#12550 = FILL_AREA_STYLE_COLOUR('',#12459);
#12551 = OVER_RIDING_STYLED_ITEM('overriding color',(#12552),#3613,
  #12134);
#12552 = PRESENTATION_STYLE_ASSIGNMENT((#12553));
#12553 = SURFACE_STYLE_USAGE(.BOTH.,#12554);
#12554 = SURFACE_SIDE_STYLE('',(#12555));
#12555 = SURFACE_STYLE_FILL_AREA(#12556);
#12556 = FILL_AREA_STYLE('',(#12557));
#12557 = FILL_AREA_STYLE_COLOUR('',#12459);
#12558 = OVER_RIDING_STYLED_ITEM('overriding color',(#12559),#3640,
  #12134);
#12559 = PRESENTATION_STYLE_ASSIGNMENT((#12560));
#12560 = SURFACE_STYLE_USAGE(.BOTH.,#12561);
#12561 = SURFACE_SIDE_STYLE('',(#12562));
#12562 = SURFACE_STYLE_FILL_AREA(#12563);
#12563 = FILL_AREA_STYLE('',(#12564));
#12564 = FILL_AREA_STYLE_COLOUR('',#12459);
#12565 = OVER_RIDING_STYLED_ITEM('overriding color',(#12566),#3669,
  #12134);
#12566 = PRESENTATION_STYLE_ASSIGNMENT((#12567));
#12567 = SURFACE_STYLE_USAGE(.BOTH.,#12568);
#12568 = SURFACE_SIDE_STYLE('',(#12569));
#12569 = SURFACE_STYLE_FILL_AREA(#12570);
#12570 = FILL_AREA_STYLE('',(#12571));
#12571 = FILL_AREA_STYLE_COLOUR('',#12459);
#12572 = OVER_RIDING_STYLED_ITEM('overriding color',(#12573),#3701,
  #12134);
#12573 = PRESENTATION_STYLE_ASSIGNMENT((#12574));
#12574 = SURFACE_STYLE_USAGE(.BOTH.,#12575);
#12575 = SURFACE_SIDE_STYLE('',(#12576));
#12576 = SURFACE_STYLE_FILL_AREA(#12577);
#12577 = FILL_AREA_STYLE('',(#12578));
#12578 = FILL_AREA_STYLE_COLOUR('',#12459);
#12579 = OVER_RIDING_STYLED_ITEM('overriding color',(#12580),#3729,
  #12134);
#12580 = PRESENTATION_STYLE_ASSIGNMENT((#12581));
#12581 = SURFACE_STYLE_USAGE(.BOTH.,#12582);
#12582 = SURFACE_SIDE_STYLE('',(#12583));
#12583 = SURFACE_STYLE_FILL_AREA(#12584);
#12584 = FILL_AREA_STYLE('',(#12585));
#12585 = FILL_AREA_STYLE_COLOUR('',#12459);
#12586 = OVER_RIDING_STYLED_ITEM('overriding color',(#12587),#3761,
  #12134);
#12587 = PRESENTATION_STYLE_ASSIGNMENT((#12588));
#12588 = SURFACE_STYLE_USAGE(.BOTH.,#12589);
#12589 = SURFACE_SIDE_STYLE('',(#12590));
#12590 = SURFACE_STYLE_FILL_AREA(#12591);
#12591 = FILL_AREA_STYLE('',(#12592));
#12592 = FILL_AREA_STYLE_COLOUR('',#12459);
#12593 = OVER_RIDING_STYLED_ITEM('overriding color',(#12594),#3781,
  #12134);
#12594 = PRESENTATION_STYLE_ASSIGNMENT((#12595));
#12595 = SURFACE_STYLE_USAGE(.BOTH.,#12596);
#12596 = SURFACE_SIDE_STYLE('',(#12597));
#12597 = SURFACE_STYLE_FILL_AREA(#12598);
#12598 = FILL_AREA_STYLE('',(#12599));
#12599 = FILL_AREA_STYLE_COLOUR('',#12459);
#12600 = OVER_RIDING_STYLED_ITEM('overriding color',(#12601),#3809,
  #12134);
#12601 = PRESENTATION_STYLE_ASSIGNMENT((#12602));
#12602 = SURFACE_STYLE_USAGE(.BOTH.,#12603);
#12603 = SURFACE_SIDE_STYLE('',(#12604));
#12604 = SURFACE_STYLE_FILL_AREA(#12605);
#12605 = FILL_AREA_STYLE('',(#12606));
#12606 = FILL_AREA_STYLE_COLOUR('',#12459);
#12607 = OVER_RIDING_STYLED_ITEM('overriding color',(#12608),#3841,
  #12134);
#12608 = PRESENTATION_STYLE_ASSIGNMENT((#12609));
#12609 = SURFACE_STYLE_USAGE(.BOTH.,#12610);
#12610 = SURFACE_SIDE_STYLE('',(#12611));
#12611 = SURFACE_STYLE_FILL_AREA(#12612);
#12612 = FILL_AREA_STYLE('',(#12613));
#12613 = FILL_AREA_STYLE_COLOUR('',#12459);
#12614 = OVER_RIDING_STYLED_ITEM('overriding color',(#12615),#3869,
  #12134);
#12615 = PRESENTATION_STYLE_ASSIGNMENT((#12616));
#12616 = SURFACE_STYLE_USAGE(.BOTH.,#12617);
#12617 = SURFACE_SIDE_STYLE('',(#12618));
#12618 = SURFACE_STYLE_FILL_AREA(#12619);
#12619 = FILL_AREA_STYLE('',(#12620));
#12620 = FILL_AREA_STYLE_COLOUR('',#12459);
#12621 = OVER_RIDING_STYLED_ITEM('overriding color',(#12622),#3893,
  #12134);
#12622 = PRESENTATION_STYLE_ASSIGNMENT((#12623));
#12623 = SURFACE_STYLE_USAGE(.BOTH.,#12624);
#12624 = SURFACE_SIDE_STYLE('',(#12625));
#12625 = SURFACE_STYLE_FILL_AREA(#12626);
#12626 = FILL_AREA_STYLE('',(#12627));
#12627 = FILL_AREA_STYLE_COLOUR('',#12459);
#12628 = OVER_RIDING_STYLED_ITEM('overriding color',(#12629),#3913,
  #12134);
#12629 = PRESENTATION_STYLE_ASSIGNMENT((#12630));
#12630 = SURFACE_STYLE_USAGE(.BOTH.,#12631);
#12631 = SURFACE_SIDE_STYLE('',(#12632));
#12632 = SURFACE_STYLE_FILL_AREA(#12633);
#12633 = FILL_AREA_STYLE('',(#12634));
#12634 = FILL_AREA_STYLE_COLOUR('',#12459);
#12635 = OVER_RIDING_STYLED_ITEM('overriding color',(#12636),#3935,
  #12134);
#12636 = PRESENTATION_STYLE_ASSIGNMENT((#12637));
#12637 = SURFACE_STYLE_USAGE(.BOTH.,#12638);
#12638 = SURFACE_SIDE_STYLE('',(#12639));
#12639 = SURFACE_STYLE_FILL_AREA(#12640);
#12640 = FILL_AREA_STYLE('',(#12641));
#12641 = FILL_AREA_STYLE_COLOUR('',#12459);
#12642 = OVER_RIDING_STYLED_ITEM('overriding color',(#12643),#3971,
  #12134);
#12643 = PRESENTATION_STYLE_ASSIGNMENT((#12644));
#12644 = SURFACE_STYLE_USAGE(.BOTH.,#12645);
#12645 = SURFACE_SIDE_STYLE('',(#12646));
#12646 = SURFACE_STYLE_FILL_AREA(#12647);
#12647 = FILL_AREA_STYLE('',(#12648));
#12648 = FILL_AREA_STYLE_COLOUR('',#12459);
#12649 = OVER_RIDING_STYLED_ITEM('overriding color',(#12650),#3999,
  #12134);
#12650 = PRESENTATION_STYLE_ASSIGNMENT((#12651));
#12651 = SURFACE_STYLE_USAGE(.BOTH.,#12652);
#12652 = SURFACE_SIDE_STYLE('',(#12653));
#12653 = SURFACE_STYLE_FILL_AREA(#12654);
#12654 = FILL_AREA_STYLE('',(#12655));
#12655 = FILL_AREA_STYLE_COLOUR('',#12459);
#12656 = OVER_RIDING_STYLED_ITEM('overriding color',(#12657),#4027,
  #12134);
#12657 = PRESENTATION_STYLE_ASSIGNMENT((#12658));
#12658 = SURFACE_STYLE_USAGE(.BOTH.,#12659);
#12659 = SURFACE_SIDE_STYLE('',(#12660));
#12660 = SURFACE_STYLE_FILL_AREA(#12661);
#12661 = FILL_AREA_STYLE('',(#12662));
#12662 = FILL_AREA_STYLE_COLOUR('',#12459);
#12663 = OVER_RIDING_STYLED_ITEM('overriding color',(#12664),#4059,
  #12134);
#12664 = PRESENTATION_STYLE_ASSIGNMENT((#12665));
#12665 = SURFACE_STYLE_USAGE(.BOTH.,#12666);
#12666 = SURFACE_SIDE_STYLE('',(#12667));
#12667 = SURFACE_STYLE_FILL_AREA(#12668);
#12668 = FILL_AREA_STYLE('',(#12669));
#12669 = FILL_AREA_STYLE_COLOUR('',#12459);
#12670 = OVER_RIDING_STYLED_ITEM('overriding color',(#12671),#4087,
  #12134);
#12671 = PRESENTATION_STYLE_ASSIGNMENT((#12672));
#12672 = SURFACE_STYLE_USAGE(.BOTH.,#12673);
#12673 = SURFACE_SIDE_STYLE('',(#12674));
#12674 = SURFACE_STYLE_FILL_AREA(#12675);
#12675 = FILL_AREA_STYLE('',(#12676));
#12676 = FILL_AREA_STYLE_COLOUR('',#12459);
#12677 = OVER_RIDING_STYLED_ITEM('overriding color',(#12678),#4119,
  #12134);
#12678 = PRESENTATION_STYLE_ASSIGNMENT((#12679));
#12679 = SURFACE_STYLE_USAGE(.BOTH.,#12680);
#12680 = SURFACE_SIDE_STYLE('',(#12681));
#12681 = SURFACE_STYLE_FILL_AREA(#12682);
#12682 = FILL_AREA_STYLE('',(#12683));
#12683 = FILL_AREA_STYLE_COLOUR('',#12459);
#12684 = OVER_RIDING_STYLED_ITEM('overriding color',(#12685),#4139,
  #12134);
#12685 = PRESENTATION_STYLE_ASSIGNMENT((#12686));
#12686 = SURFACE_STYLE_USAGE(.BOTH.,#12687);
#12687 = SURFACE_SIDE_STYLE('',(#12688));
#12688 = SURFACE_STYLE_FILL_AREA(#12689);
#12689 = FILL_AREA_STYLE('',(#12690));
#12690 = FILL_AREA_STYLE_COLOUR('',#12459);
#12691 = OVER_RIDING_STYLED_ITEM('overriding color',(#12692),#4167,
  #12134);
#12692 = PRESENTATION_STYLE_ASSIGNMENT((#12693));
#12693 = SURFACE_STYLE_USAGE(.BOTH.,#12694);
#12694 = SURFACE_SIDE_STYLE('',(#12695));
#12695 = SURFACE_STYLE_FILL_AREA(#12696);
#12696 = FILL_AREA_STYLE('',(#12697));
#12697 = FILL_AREA_STYLE_COLOUR('',#12459);
#12698 = OVER_RIDING_STYLED_ITEM('overriding color',(#12699),#4199,
  #12134);
#12699 = PRESENTATION_STYLE_ASSIGNMENT((#12700));
#12700 = SURFACE_STYLE_USAGE(.BOTH.,#12701);
#12701 = SURFACE_SIDE_STYLE('',(#12702));
#12702 = SURFACE_STYLE_FILL_AREA(#12703);
#12703 = FILL_AREA_STYLE('',(#12704));
#12704 = FILL_AREA_STYLE_COLOUR('',#12459);
#12705 = OVER_RIDING_STYLED_ITEM('overriding color',(#12706),#4227,
  #12134);
#12706 = PRESENTATION_STYLE_ASSIGNMENT((#12707));
#12707 = SURFACE_STYLE_USAGE(.BOTH.,#12708);
#12708 = SURFACE_SIDE_STYLE('',(#12709));
#12709 = SURFACE_STYLE_FILL_AREA(#12710);
#12710 = FILL_AREA_STYLE('',(#12711));
#12711 = FILL_AREA_STYLE_COLOUR('',#12459);
#12712 = OVER_RIDING_STYLED_ITEM('overriding color',(#12713),#4251,
  #12134);
#12713 = PRESENTATION_STYLE_ASSIGNMENT((#12714));
#12714 = SURFACE_STYLE_USAGE(.BOTH.,#12715);
#12715 = SURFACE_SIDE_STYLE('',(#12716));
#12716 = SURFACE_STYLE_FILL_AREA(#12717);
#12717 = FILL_AREA_STYLE('',(#12718));
#12718 = FILL_AREA_STYLE_COLOUR('',#12459);
#12719 = OVER_RIDING_STYLED_ITEM('overriding color',(#12720),#4271,
  #12134);
#12720 = PRESENTATION_STYLE_ASSIGNMENT((#12721));
#12721 = SURFACE_STYLE_USAGE(.BOTH.,#12722);
#12722 = SURFACE_SIDE_STYLE('',(#12723));
#12723 = SURFACE_STYLE_FILL_AREA(#12724);
#12724 = FILL_AREA_STYLE('',(#12725));
#12725 = FILL_AREA_STYLE_COLOUR('',#12459);
#12726 = OVER_RIDING_STYLED_ITEM('overriding color',(#12727),#4291,
  #12134);
#12727 = PRESENTATION_STYLE_ASSIGNMENT((#12728));
#12728 = SURFACE_STYLE_USAGE(.BOTH.,#12729);
#12729 = SURFACE_SIDE_STYLE('',(#12730));
#12730 = SURFACE_STYLE_FILL_AREA(#12731);
#12731 = FILL_AREA_STYLE('',(#12732));
#12732 = FILL_AREA_STYLE_COLOUR('',#12459);
#12733 = OVER_RIDING_STYLED_ITEM('overriding color',(#12734),#4327,
  #12134);
#12734 = PRESENTATION_STYLE_ASSIGNMENT((#12735));
#12735 = SURFACE_STYLE_USAGE(.BOTH.,#12736);
#12736 = SURFACE_SIDE_STYLE('',(#12737));
#12737 = SURFACE_STYLE_FILL_AREA(#12738);
#12738 = FILL_AREA_STYLE('',(#12739));
#12739 = FILL_AREA_STYLE_COLOUR('',#12459);
#12740 = OVER_RIDING_STYLED_ITEM('overriding color',(#12741),#4355,
  #12134);
#12741 = PRESENTATION_STYLE_ASSIGNMENT((#12742));
#12742 = SURFACE_STYLE_USAGE(.BOTH.,#12743);
#12743 = SURFACE_SIDE_STYLE('',(#12744));
#12744 = SURFACE_STYLE_FILL_AREA(#12745);
#12745 = FILL_AREA_STYLE('',(#12746));
#12746 = FILL_AREA_STYLE_COLOUR('',#12459);
#12747 = OVER_RIDING_STYLED_ITEM('overriding color',(#12748),#4383,
  #12134);
#12748 = PRESENTATION_STYLE_ASSIGNMENT((#12749));
#12749 = SURFACE_STYLE_USAGE(.BOTH.,#12750);
#12750 = SURFACE_SIDE_STYLE('',(#12751));
#12751 = SURFACE_STYLE_FILL_AREA(#12752);
#12752 = FILL_AREA_STYLE('',(#12753));
#12753 = FILL_AREA_STYLE_COLOUR('',#12459);
#12754 = OVER_RIDING_STYLED_ITEM('overriding color',(#12755),#4415,
  #12134);
#12755 = PRESENTATION_STYLE_ASSIGNMENT((#12756));
#12756 = SURFACE_STYLE_USAGE(.BOTH.,#12757);
#12757 = SURFACE_SIDE_STYLE('',(#12758));
#12758 = SURFACE_STYLE_FILL_AREA(#12759);
#12759 = FILL_AREA_STYLE('',(#12760));
#12760 = FILL_AREA_STYLE_COLOUR('',#12459);
#12761 = OVER_RIDING_STYLED_ITEM('overriding color',(#12762),#4443,
  #12134);
#12762 = PRESENTATION_STYLE_ASSIGNMENT((#12763));
#12763 = SURFACE_STYLE_USAGE(.BOTH.,#12764);
#12764 = SURFACE_SIDE_STYLE('',(#12765));
#12765 = SURFACE_STYLE_FILL_AREA(#12766);
#12766 = FILL_AREA_STYLE('',(#12767));
#12767 = FILL_AREA_STYLE_COLOUR('',#12459);
#12768 = OVER_RIDING_STYLED_ITEM('overriding color',(#12769),#4475,
  #12134);
#12769 = PRESENTATION_STYLE_ASSIGNMENT((#12770));
#12770 = SURFACE_STYLE_USAGE(.BOTH.,#12771);
#12771 = SURFACE_SIDE_STYLE('',(#12772));
#12772 = SURFACE_STYLE_FILL_AREA(#12773);
#12773 = FILL_AREA_STYLE('',(#12774));
#12774 = FILL_AREA_STYLE_COLOUR('',#12459);
#12775 = OVER_RIDING_STYLED_ITEM('overriding color',(#12776),#4495,
  #12134);
#12776 = PRESENTATION_STYLE_ASSIGNMENT((#12777));
#12777 = SURFACE_STYLE_USAGE(.BOTH.,#12778);
#12778 = SURFACE_SIDE_STYLE('',(#12779));
#12779 = SURFACE_STYLE_FILL_AREA(#12780);
#12780 = FILL_AREA_STYLE('',(#12781));
#12781 = FILL_AREA_STYLE_COLOUR('',#12459);
#12782 = OVER_RIDING_STYLED_ITEM('overriding color',(#12783),#4523,
  #12134);
#12783 = PRESENTATION_STYLE_ASSIGNMENT((#12784));
#12784 = SURFACE_STYLE_USAGE(.BOTH.,#12785);
#12785 = SURFACE_SIDE_STYLE('',(#12786));
#12786 = SURFACE_STYLE_FILL_AREA(#12787);
#12787 = FILL_AREA_STYLE('',(#12788));
#12788 = FILL_AREA_STYLE_COLOUR('',#12459);
#12789 = OVER_RIDING_STYLED_ITEM('overriding color',(#12790),#4555,
  #12134);
#12790 = PRESENTATION_STYLE_ASSIGNMENT((#12791));
#12791 = SURFACE_STYLE_USAGE(.BOTH.,#12792);
#12792 = SURFACE_SIDE_STYLE('',(#12793));
#12793 = SURFACE_STYLE_FILL_AREA(#12794);
#12794 = FILL_AREA_STYLE('',(#12795));
#12795 = FILL_AREA_STYLE_COLOUR('',#12459);
#12796 = OVER_RIDING_STYLED_ITEM('overriding color',(#12797),#4583,
  #12134);
#12797 = PRESENTATION_STYLE_ASSIGNMENT((#12798));
#12798 = SURFACE_STYLE_USAGE(.BOTH.,#12799);
#12799 = SURFACE_SIDE_STYLE('',(#12800));
#12800 = SURFACE_STYLE_FILL_AREA(#12801);
#12801 = FILL_AREA_STYLE('',(#12802));
#12802 = FILL_AREA_STYLE_COLOUR('',#12459);
#12803 = OVER_RIDING_STYLED_ITEM('overriding color',(#12804),#4607,
  #12134);
#12804 = PRESENTATION_STYLE_ASSIGNMENT((#12805));
#12805 = SURFACE_STYLE_USAGE(.BOTH.,#12806);
#12806 = SURFACE_SIDE_STYLE('',(#12807));
#12807 = SURFACE_STYLE_FILL_AREA(#12808);
#12808 = FILL_AREA_STYLE('',(#12809));
#12809 = FILL_AREA_STYLE_COLOUR('',#12459);
#12810 = OVER_RIDING_STYLED_ITEM('overriding color',(#12811),#4627,
  #12134);
#12811 = PRESENTATION_STYLE_ASSIGNMENT((#12812));
#12812 = SURFACE_STYLE_USAGE(.BOTH.,#12813);
#12813 = SURFACE_SIDE_STYLE('',(#12814));
#12814 = SURFACE_STYLE_FILL_AREA(#12815);
#12815 = FILL_AREA_STYLE('',(#12816));
#12816 = FILL_AREA_STYLE_COLOUR('',#12459);
#12817 = OVER_RIDING_STYLED_ITEM('overriding color',(#12818),#4647,
  #12134);
#12818 = PRESENTATION_STYLE_ASSIGNMENT((#12819));
#12819 = SURFACE_STYLE_USAGE(.BOTH.,#12820);
#12820 = SURFACE_SIDE_STYLE('',(#12821));
#12821 = SURFACE_STYLE_FILL_AREA(#12822);
#12822 = FILL_AREA_STYLE('',(#12823));
#12823 = FILL_AREA_STYLE_COLOUR('',#12459);
#12824 = OVER_RIDING_STYLED_ITEM('overriding color',(#12825),#4682,
  #12134);
#12825 = PRESENTATION_STYLE_ASSIGNMENT((#12826));
#12826 = SURFACE_STYLE_USAGE(.BOTH.,#12827);
#12827 = SURFACE_SIDE_STYLE('',(#12828));
#12828 = SURFACE_STYLE_FILL_AREA(#12829);
#12829 = FILL_AREA_STYLE('',(#12830));
#12830 = FILL_AREA_STYLE_COLOUR('',#12459);
#12831 = OVER_RIDING_STYLED_ITEM('overriding color',(#12832),#4711,
  #12134);
#12832 = PRESENTATION_STYLE_ASSIGNMENT((#12833));
#12833 = SURFACE_STYLE_USAGE(.BOTH.,#12834);
#12834 = SURFACE_SIDE_STYLE('',(#12835));
#12835 = SURFACE_STYLE_FILL_AREA(#12836);
#12836 = FILL_AREA_STYLE('',(#12837));
#12837 = FILL_AREA_STYLE_COLOUR('',#12459);
#12838 = OVER_RIDING_STYLED_ITEM('overriding color',(#12839),#4739,
  #12134);
#12839 = PRESENTATION_STYLE_ASSIGNMENT((#12840));
#12840 = SURFACE_STYLE_USAGE(.BOTH.,#12841);
#12841 = SURFACE_SIDE_STYLE('',(#12842));
#12842 = SURFACE_STYLE_FILL_AREA(#12843);
#12843 = FILL_AREA_STYLE('',(#12844));
#12844 = FILL_AREA_STYLE_COLOUR('',#12459);
#12845 = OVER_RIDING_STYLED_ITEM('overriding color',(#12846),#4771,
  #12134);
#12846 = PRESENTATION_STYLE_ASSIGNMENT((#12847));
#12847 = SURFACE_STYLE_USAGE(.BOTH.,#12848);
#12848 = SURFACE_SIDE_STYLE('',(#12849));
#12849 = SURFACE_STYLE_FILL_AREA(#12850);
#12850 = FILL_AREA_STYLE('',(#12851));
#12851 = FILL_AREA_STYLE_COLOUR('',#12459);
#12852 = OVER_RIDING_STYLED_ITEM('overriding color',(#12853),#4799,
  #12134);
#12853 = PRESENTATION_STYLE_ASSIGNMENT((#12854));
#12854 = SURFACE_STYLE_USAGE(.BOTH.,#12855);
#12855 = SURFACE_SIDE_STYLE('',(#12856));
#12856 = SURFACE_STYLE_FILL_AREA(#12857);
#12857 = FILL_AREA_STYLE('',(#12858));
#12858 = FILL_AREA_STYLE_COLOUR('',#12459);
#12859 = OVER_RIDING_STYLED_ITEM('overriding color',(#12860),#4831,
  #12134);
#12860 = PRESENTATION_STYLE_ASSIGNMENT((#12861));
#12861 = SURFACE_STYLE_USAGE(.BOTH.,#12862);
#12862 = SURFACE_SIDE_STYLE('',(#12863));
#12863 = SURFACE_STYLE_FILL_AREA(#12864);
#12864 = FILL_AREA_STYLE('',(#12865));
#12865 = FILL_AREA_STYLE_COLOUR('',#12459);
#12866 = OVER_RIDING_STYLED_ITEM('overriding color',(#12867),#4851,
  #12134);
#12867 = PRESENTATION_STYLE_ASSIGNMENT((#12868));
#12868 = SURFACE_STYLE_USAGE(.BOTH.,#12869);
#12869 = SURFACE_SIDE_STYLE('',(#12870));
#12870 = SURFACE_STYLE_FILL_AREA(#12871);
#12871 = FILL_AREA_STYLE('',(#12872));
#12872 = FILL_AREA_STYLE_COLOUR('',#12459);
#12873 = OVER_RIDING_STYLED_ITEM('overriding color',(#12874),#4879,
  #12134);
#12874 = PRESENTATION_STYLE_ASSIGNMENT((#12875));
#12875 = SURFACE_STYLE_USAGE(.BOTH.,#12876);
#12876 = SURFACE_SIDE_STYLE('',(#12877));
#12877 = SURFACE_STYLE_FILL_AREA(#12878);
#12878 = FILL_AREA_STYLE('',(#12879));
#12879 = FILL_AREA_STYLE_COLOUR('',#12459);
#12880 = OVER_RIDING_STYLED_ITEM('overriding color',(#12881),#4911,
  #12134);
#12881 = PRESENTATION_STYLE_ASSIGNMENT((#12882));
#12882 = SURFACE_STYLE_USAGE(.BOTH.,#12883);
#12883 = SURFACE_SIDE_STYLE('',(#12884));
#12884 = SURFACE_STYLE_FILL_AREA(#12885);
#12885 = FILL_AREA_STYLE('',(#12886));
#12886 = FILL_AREA_STYLE_COLOUR('',#12459);
#12887 = OVER_RIDING_STYLED_ITEM('overriding color',(#12888),#4939,
  #12134);
#12888 = PRESENTATION_STYLE_ASSIGNMENT((#12889));
#12889 = SURFACE_STYLE_USAGE(.BOTH.,#12890);
#12890 = SURFACE_SIDE_STYLE('',(#12891));
#12891 = SURFACE_STYLE_FILL_AREA(#12892);
#12892 = FILL_AREA_STYLE('',(#12893));
#12893 = FILL_AREA_STYLE_COLOUR('',#12459);
#12894 = OVER_RIDING_STYLED_ITEM('overriding color',(#12895),#4963,
  #12134);
#12895 = PRESENTATION_STYLE_ASSIGNMENT((#12896));
#12896 = SURFACE_STYLE_USAGE(.BOTH.,#12897);
#12897 = SURFACE_SIDE_STYLE('',(#12898));
#12898 = SURFACE_STYLE_FILL_AREA(#12899);
#12899 = FILL_AREA_STYLE('',(#12900));
#12900 = FILL_AREA_STYLE_COLOUR('',#12459);
#12901 = OVER_RIDING_STYLED_ITEM('overriding color',(#12902),#4985,
  #12134);
#12902 = PRESENTATION_STYLE_ASSIGNMENT((#12903));
#12903 = SURFACE_STYLE_USAGE(.BOTH.,#12904);
#12904 = SURFACE_SIDE_STYLE('',(#12905));
#12905 = SURFACE_STYLE_FILL_AREA(#12906);
#12906 = FILL_AREA_STYLE('',(#12907));
#12907 = FILL_AREA_STYLE_COLOUR('',#12459);
#12908 = OVER_RIDING_STYLED_ITEM('overriding color',(#12909),#5005,
  #12134);
#12909 = PRESENTATION_STYLE_ASSIGNMENT((#12910));
#12910 = SURFACE_STYLE_USAGE(.BOTH.,#12911);
#12911 = SURFACE_SIDE_STYLE('',(#12912));
#12912 = SURFACE_STYLE_FILL_AREA(#12913);
#12913 = FILL_AREA_STYLE('',(#12914));
#12914 = FILL_AREA_STYLE_COLOUR('',#12459);
#12915 = OVER_RIDING_STYLED_ITEM('overriding color',(#12916),#5041,
  #12134);
#12916 = PRESENTATION_STYLE_ASSIGNMENT((#12917));
#12917 = SURFACE_STYLE_USAGE(.BOTH.,#12918);
#12918 = SURFACE_SIDE_STYLE('',(#12919));
#12919 = SURFACE_STYLE_FILL_AREA(#12920);
#12920 = FILL_AREA_STYLE('',(#12921));
#12921 = FILL_AREA_STYLE_COLOUR('',#12459);
#12922 = OVER_RIDING_STYLED_ITEM('overriding color',(#12923),#5068,
  #12134);
#12923 = PRESENTATION_STYLE_ASSIGNMENT((#12924));
#12924 = SURFACE_STYLE_USAGE(.BOTH.,#12925);
#12925 = SURFACE_SIDE_STYLE('',(#12926));
#12926 = SURFACE_STYLE_FILL_AREA(#12927);
#12927 = FILL_AREA_STYLE('',(#12928));
#12928 = FILL_AREA_STYLE_COLOUR('',#12459);
#12929 = OVER_RIDING_STYLED_ITEM('overriding color',(#12930),#5097,
  #12134);
#12930 = PRESENTATION_STYLE_ASSIGNMENT((#12931));
#12931 = SURFACE_STYLE_USAGE(.BOTH.,#12932);
#12932 = SURFACE_SIDE_STYLE('',(#12933));
#12933 = SURFACE_STYLE_FILL_AREA(#12934);
#12934 = FILL_AREA_STYLE('',(#12935));
#12935 = FILL_AREA_STYLE_COLOUR('',#12459);
#12936 = OVER_RIDING_STYLED_ITEM('overriding color',(#12937),#5129,
  #12134);
#12937 = PRESENTATION_STYLE_ASSIGNMENT((#12938));
#12938 = SURFACE_STYLE_USAGE(.BOTH.,#12939);
#12939 = SURFACE_SIDE_STYLE('',(#12940));
#12940 = SURFACE_STYLE_FILL_AREA(#12941);
#12941 = FILL_AREA_STYLE('',(#12942));
#12942 = FILL_AREA_STYLE_COLOUR('',#12459);
#12943 = OVER_RIDING_STYLED_ITEM('overriding color',(#12944),#5157,
  #12134);
#12944 = PRESENTATION_STYLE_ASSIGNMENT((#12945));
#12945 = SURFACE_STYLE_USAGE(.BOTH.,#12946);
#12946 = SURFACE_SIDE_STYLE('',(#12947));
#12947 = SURFACE_STYLE_FILL_AREA(#12948);
#12948 = FILL_AREA_STYLE('',(#12949));
#12949 = FILL_AREA_STYLE_COLOUR('',#12459);
#12950 = OVER_RIDING_STYLED_ITEM('overriding color',(#12951),#5189,
  #12134);
#12951 = PRESENTATION_STYLE_ASSIGNMENT((#12952));
#12952 = SURFACE_STYLE_USAGE(.BOTH.,#12953);
#12953 = SURFACE_SIDE_STYLE('',(#12954));
#12954 = SURFACE_STYLE_FILL_AREA(#12955);
#12955 = FILL_AREA_STYLE('',(#12956));
#12956 = FILL_AREA_STYLE_COLOUR('',#12459);
#12957 = OVER_RIDING_STYLED_ITEM('overriding color',(#12958),#5209,
  #12134);
#12958 = PRESENTATION_STYLE_ASSIGNMENT((#12959));
#12959 = SURFACE_STYLE_USAGE(.BOTH.,#12960);
#12960 = SURFACE_SIDE_STYLE('',(#12961));
#12961 = SURFACE_STYLE_FILL_AREA(#12962);
#12962 = FILL_AREA_STYLE('',(#12963));
#12963 = FILL_AREA_STYLE_COLOUR('',#12459);
#12964 = OVER_RIDING_STYLED_ITEM('overriding color',(#12965),#5237,
  #12134);
#12965 = PRESENTATION_STYLE_ASSIGNMENT((#12966));
#12966 = SURFACE_STYLE_USAGE(.BOTH.,#12967);
#12967 = SURFACE_SIDE_STYLE('',(#12968));
#12968 = SURFACE_STYLE_FILL_AREA(#12969);
#12969 = FILL_AREA_STYLE('',(#12970));
#12970 = FILL_AREA_STYLE_COLOUR('',#12459);
#12971 = OVER_RIDING_STYLED_ITEM('overriding color',(#12972),#5269,
  #12134);
#12972 = PRESENTATION_STYLE_ASSIGNMENT((#12973));
#12973 = SURFACE_STYLE_USAGE(.BOTH.,#12974);
#12974 = SURFACE_SIDE_STYLE('',(#12975));
#12975 = SURFACE_STYLE_FILL_AREA(#12976);
#12976 = FILL_AREA_STYLE('',(#12977));
#12977 = FILL_AREA_STYLE_COLOUR('',#12459);
#12978 = OVER_RIDING_STYLED_ITEM('overriding color',(#12979),#5297,
  #12134);
#12979 = PRESENTATION_STYLE_ASSIGNMENT((#12980));
#12980 = SURFACE_STYLE_USAGE(.BOTH.,#12981);
#12981 = SURFACE_SIDE_STYLE('',(#12982));
#12982 = SURFACE_STYLE_FILL_AREA(#12983);
#12983 = FILL_AREA_STYLE('',(#12984));
#12984 = FILL_AREA_STYLE_COLOUR('',#12459);
#12985 = OVER_RIDING_STYLED_ITEM('overriding color',(#12986),#5321,
  #12134);
#12986 = PRESENTATION_STYLE_ASSIGNMENT((#12987));
#12987 = SURFACE_STYLE_USAGE(.BOTH.,#12988);
#12988 = SURFACE_SIDE_STYLE('',(#12989));
#12989 = SURFACE_STYLE_FILL_AREA(#12990);
#12990 = FILL_AREA_STYLE('',(#12991));
#12991 = FILL_AREA_STYLE_COLOUR('',#12459);
#12992 = OVER_RIDING_STYLED_ITEM('overriding color',(#12993),#5343,
  #12134);
#12993 = PRESENTATION_STYLE_ASSIGNMENT((#12994));
#12994 = SURFACE_STYLE_USAGE(.BOTH.,#12995);
#12995 = SURFACE_SIDE_STYLE('',(#12996));
#12996 = SURFACE_STYLE_FILL_AREA(#12997);
#12997 = FILL_AREA_STYLE('',(#12998));
#12998 = FILL_AREA_STYLE_COLOUR('',#12459);
#12999 = OVER_RIDING_STYLED_ITEM('overriding color',(#13000),#5363,
  #12134);
#13000 = PRESENTATION_STYLE_ASSIGNMENT((#13001));
#13001 = SURFACE_STYLE_USAGE(.BOTH.,#13002);
#13002 = SURFACE_SIDE_STYLE('',(#13003));
#13003 = SURFACE_STYLE_FILL_AREA(#13004);
#13004 = FILL_AREA_STYLE('',(#13005));
#13005 = FILL_AREA_STYLE_COLOUR('',#12157);
#13006 = OVER_RIDING_STYLED_ITEM('overriding color',(#13007),#5388,
  #12134);
#13007 = PRESENTATION_STYLE_ASSIGNMENT((#13008));
#13008 = SURFACE_STYLE_USAGE(.BOTH.,#13009);
#13009 = SURFACE_SIDE_STYLE('',(#13010));
#13010 = SURFACE_STYLE_FILL_AREA(#13011);
#13011 = FILL_AREA_STYLE('',(#13012));
#13012 = FILL_AREA_STYLE_COLOUR('',#12157);
#13013 = OVER_RIDING_STYLED_ITEM('overriding color',(#13014),#5518,
  #12134);
#13014 = PRESENTATION_STYLE_ASSIGNMENT((#13015));
#13015 = SURFACE_STYLE_USAGE(.BOTH.,#13016);
#13016 = SURFACE_SIDE_STYLE('',(#13017));
#13017 = SURFACE_STYLE_FILL_AREA(#13018);
#13018 = FILL_AREA_STYLE('',(#13019));
#13019 = FILL_AREA_STYLE_COLOUR('',#13020);
#13020 = COLOUR_RGB('',0.501960785193,0.501960785193,0.501960785193);
#13021 = OVER_RIDING_STYLED_ITEM('overriding color',(#13022),#5546,
  #12134);
#13022 = PRESENTATION_STYLE_ASSIGNMENT((#13023));
#13023 = SURFACE_STYLE_USAGE(.BOTH.,#13024);
#13024 = SURFACE_SIDE_STYLE('',(#13025));
#13025 = SURFACE_STYLE_FILL_AREA(#13026);
#13026 = FILL_AREA_STYLE('',(#13027));
#13027 = FILL_AREA_STYLE_COLOUR('',#13020);
#13028 = OVER_RIDING_STYLED_ITEM('overriding color',(#13029),#5568,
  #12134);
#13029 = PRESENTATION_STYLE_ASSIGNMENT((#13030));
#13030 = SURFACE_STYLE_USAGE(.BOTH.,#13031);
#13031 = SURFACE_SIDE_STYLE('',(#13032));
#13032 = SURFACE_STYLE_FILL_AREA(#13033);
#13033 = FILL_AREA_STYLE('',(#13034));
#13034 = FILL_AREA_STYLE_COLOUR('',#13020);
#13035 = OVER_RIDING_STYLED_ITEM('overriding color',(#13036),#5590,
  #12134);
#13036 = PRESENTATION_STYLE_ASSIGNMENT((#13037));
#13037 = SURFACE_STYLE_USAGE(.BOTH.,#13038);
#13038 = SURFACE_SIDE_STYLE('',(#13039));
#13039 = SURFACE_STYLE_FILL_AREA(#13040);
#13040 = FILL_AREA_STYLE('',(#13041));
#13041 = FILL_AREA_STYLE_COLOUR('',#13020);
#13042 = OVER_RIDING_STYLED_ITEM('overriding color',(#13043),#5606,
  #12134);
#13043 = PRESENTATION_STYLE_ASSIGNMENT((#13044));
#13044 = SURFACE_STYLE_USAGE(.BOTH.,#13045);
#13045 = SURFACE_SIDE_STYLE('',(#13046));
#13046 = SURFACE_STYLE_FILL_AREA(#13047);
#13047 = FILL_AREA_STYLE('',(#13048));
#13048 = FILL_AREA_STYLE_COLOUR('',#13020);
#13049 = OVER_RIDING_STYLED_ITEM('overriding color',(#13050),#5618,
  #12134);
#13050 = PRESENTATION_STYLE_ASSIGNMENT((#13051));
#13051 = SURFACE_STYLE_USAGE(.BOTH.,#13052);
#13052 = SURFACE_SIDE_STYLE('',(#13053));
#13053 = SURFACE_STYLE_FILL_AREA(#13054);
#13054 = FILL_AREA_STYLE('',(#13055));
#13055 = FILL_AREA_STYLE_COLOUR('',#13020);
#13056 = OVER_RIDING_STYLED_ITEM('overriding color',(#13057),#5646,
  #12134);
#13057 = PRESENTATION_STYLE_ASSIGNMENT((#13058));
#13058 = SURFACE_STYLE_USAGE(.BOTH.,#13059);
#13059 = SURFACE_SIDE_STYLE('',(#13060));
#13060 = SURFACE_STYLE_FILL_AREA(#13061);
#13061 = FILL_AREA_STYLE('',(#13062));
#13062 = FILL_AREA_STYLE_COLOUR('',#13020);
#13063 = OVER_RIDING_STYLED_ITEM('overriding color',(#13064),#5668,
  #12134);
#13064 = PRESENTATION_STYLE_ASSIGNMENT((#13065));
#13065 = SURFACE_STYLE_USAGE(.BOTH.,#13066);
#13066 = SURFACE_SIDE_STYLE('',(#13067));
#13067 = SURFACE_STYLE_FILL_AREA(#13068);
#13068 = FILL_AREA_STYLE('',(#13069));
#13069 = FILL_AREA_STYLE_COLOUR('',#13020);
#13070 = OVER_RIDING_STYLED_ITEM('overriding color',(#13071),#5690,
  #12134);
#13071 = PRESENTATION_STYLE_ASSIGNMENT((#13072));
#13072 = SURFACE_STYLE_USAGE(.BOTH.,#13073);
#13073 = SURFACE_SIDE_STYLE('',(#13074));
#13074 = SURFACE_STYLE_FILL_AREA(#13075);
#13075 = FILL_AREA_STYLE('',(#13076));
#13076 = FILL_AREA_STYLE_COLOUR('',#13020);
#13077 = OVER_RIDING_STYLED_ITEM('overriding color',(#13078),#5706,
  #12134);
#13078 = PRESENTATION_STYLE_ASSIGNMENT((#13079));
#13079 = SURFACE_STYLE_USAGE(.BOTH.,#13080);
#13080 = SURFACE_SIDE_STYLE('',(#13081));
#13081 = SURFACE_STYLE_FILL_AREA(#13082);
#13082 = FILL_AREA_STYLE('',(#13083));
#13083 = FILL_AREA_STYLE_COLOUR('',#13020);
#13084 = OVER_RIDING_STYLED_ITEM('overriding color',(#13085),#5718,
  #12134);
#13085 = PRESENTATION_STYLE_ASSIGNMENT((#13086));
#13086 = SURFACE_STYLE_USAGE(.BOTH.,#13087);
#13087 = SURFACE_SIDE_STYLE('',(#13088));
#13088 = SURFACE_STYLE_FILL_AREA(#13089);
#13089 = FILL_AREA_STYLE('',(#13090));
#13090 = FILL_AREA_STYLE_COLOUR('',#13020);
#13091 = OVER_RIDING_STYLED_ITEM('overriding color',(#13092),#5746,
  #12134);
#13092 = PRESENTATION_STYLE_ASSIGNMENT((#13093));
#13093 = SURFACE_STYLE_USAGE(.BOTH.,#13094);
#13094 = SURFACE_SIDE_STYLE('',(#13095));
#13095 = SURFACE_STYLE_FILL_AREA(#13096);
#13096 = FILL_AREA_STYLE('',(#13097));
#13097 = FILL_AREA_STYLE_COLOUR('',#13020);
#13098 = OVER_RIDING_STYLED_ITEM('overriding color',(#13099),#5768,
  #12134);
#13099 = PRESENTATION_STYLE_ASSIGNMENT((#13100));
#13100 = SURFACE_STYLE_USAGE(.BOTH.,#13101);
#13101 = SURFACE_SIDE_STYLE('',(#13102));
#13102 = SURFACE_STYLE_FILL_AREA(#13103);
#13103 = FILL_AREA_STYLE('',(#13104));
#13104 = FILL_AREA_STYLE_COLOUR('',#13020);
#13105 = OVER_RIDING_STYLED_ITEM('overriding color',(#13106),#5790,
  #12134);
#13106 = PRESENTATION_STYLE_ASSIGNMENT((#13107));
#13107 = SURFACE_STYLE_USAGE(.BOTH.,#13108);
#13108 = SURFACE_SIDE_STYLE('',(#13109));
#13109 = SURFACE_STYLE_FILL_AREA(#13110);
#13110 = FILL_AREA_STYLE('',(#13111));
#13111 = FILL_AREA_STYLE_COLOUR('',#13020);
#13112 = OVER_RIDING_STYLED_ITEM('overriding color',(#13113),#5806,
  #12134);
#13113 = PRESENTATION_STYLE_ASSIGNMENT((#13114));
#13114 = SURFACE_STYLE_USAGE(.BOTH.,#13115);
#13115 = SURFACE_SIDE_STYLE('',(#13116));
#13116 = SURFACE_STYLE_FILL_AREA(#13117);
#13117 = FILL_AREA_STYLE('',(#13118));
#13118 = FILL_AREA_STYLE_COLOUR('',#13020);
#13119 = OVER_RIDING_STYLED_ITEM('overriding color',(#13120),#5818,
  #12134);
#13120 = PRESENTATION_STYLE_ASSIGNMENT((#13121));
#13121 = SURFACE_STYLE_USAGE(.BOTH.,#13122);
#13122 = SURFACE_SIDE_STYLE('',(#13123));
#13123 = SURFACE_STYLE_FILL_AREA(#13124);
#13124 = FILL_AREA_STYLE('',(#13125));
#13125 = FILL_AREA_STYLE_COLOUR('',#13020);
#13126 = OVER_RIDING_STYLED_ITEM('overriding color',(#13127),#5846,
  #12134);
#13127 = PRESENTATION_STYLE_ASSIGNMENT((#13128));
#13128 = SURFACE_STYLE_USAGE(.BOTH.,#13129);
#13129 = SURFACE_SIDE_STYLE('',(#13130));
#13130 = SURFACE_STYLE_FILL_AREA(#13131);
#13131 = FILL_AREA_STYLE('',(#13132));
#13132 = FILL_AREA_STYLE_COLOUR('',#13020);
#13133 = OVER_RIDING_STYLED_ITEM('overriding color',(#13134),#5868,
  #12134);
#13134 = PRESENTATION_STYLE_ASSIGNMENT((#13135));
#13135 = SURFACE_STYLE_USAGE(.BOTH.,#13136);
#13136 = SURFACE_SIDE_STYLE('',(#13137));
#13137 = SURFACE_STYLE_FILL_AREA(#13138);
#13138 = FILL_AREA_STYLE('',(#13139));
#13139 = FILL_AREA_STYLE_COLOUR('',#13020);
#13140 = OVER_RIDING_STYLED_ITEM('overriding color',(#13141),#5890,
  #12134);
#13141 = PRESENTATION_STYLE_ASSIGNMENT((#13142));
#13142 = SURFACE_STYLE_USAGE(.BOTH.,#13143);
#13143 = SURFACE_SIDE_STYLE('',(#13144));
#13144 = SURFACE_STYLE_FILL_AREA(#13145);
#13145 = FILL_AREA_STYLE('',(#13146));
#13146 = FILL_AREA_STYLE_COLOUR('',#13020);
#13147 = OVER_RIDING_STYLED_ITEM('overriding color',(#13148),#5906,
  #12134);
#13148 = PRESENTATION_STYLE_ASSIGNMENT((#13149));
#13149 = SURFACE_STYLE_USAGE(.BOTH.,#13150);
#13150 = SURFACE_SIDE_STYLE('',(#13151));
#13151 = SURFACE_STYLE_FILL_AREA(#13152);
#13152 = FILL_AREA_STYLE('',(#13153));
#13153 = FILL_AREA_STYLE_COLOUR('',#13020);
#13154 = OVER_RIDING_STYLED_ITEM('overriding color',(#13155),#5918,
  #12134);
#13155 = PRESENTATION_STYLE_ASSIGNMENT((#13156));
#13156 = SURFACE_STYLE_USAGE(.BOTH.,#13157);
#13157 = SURFACE_SIDE_STYLE('',(#13158));
#13158 = SURFACE_STYLE_FILL_AREA(#13159);
#13159 = FILL_AREA_STYLE('',(#13160));
#13160 = FILL_AREA_STYLE_COLOUR('',#13020);
#13161 = OVER_RIDING_STYLED_ITEM('overriding color',(#13162),#5946,
  #12134);
#13162 = PRESENTATION_STYLE_ASSIGNMENT((#13163));
#13163 = SURFACE_STYLE_USAGE(.BOTH.,#13164);
#13164 = SURFACE_SIDE_STYLE('',(#13165));
#13165 = SURFACE_STYLE_FILL_AREA(#13166);
#13166 = FILL_AREA_STYLE('',(#13167));
#13167 = FILL_AREA_STYLE_COLOUR('',#13020);
#13168 = OVER_RIDING_STYLED_ITEM('overriding color',(#13169),#5968,
  #12134);
#13169 = PRESENTATION_STYLE_ASSIGNMENT((#13170));
#13170 = SURFACE_STYLE_USAGE(.BOTH.,#13171);
#13171 = SURFACE_SIDE_STYLE('',(#13172));
#13172 = SURFACE_STYLE_FILL_AREA(#13173);
#13173 = FILL_AREA_STYLE('',(#13174));
#13174 = FILL_AREA_STYLE_COLOUR('',#13020);
#13175 = OVER_RIDING_STYLED_ITEM('overriding color',(#13176),#5990,
  #12134);
#13176 = PRESENTATION_STYLE_ASSIGNMENT((#13177));
#13177 = SURFACE_STYLE_USAGE(.BOTH.,#13178);
#13178 = SURFACE_SIDE_STYLE('',(#13179));
#13179 = SURFACE_STYLE_FILL_AREA(#13180);
#13180 = FILL_AREA_STYLE('',(#13181));
#13181 = FILL_AREA_STYLE_COLOUR('',#13020);
#13182 = OVER_RIDING_STYLED_ITEM('overriding color',(#13183),#6012,
  #12134);
#13183 = PRESENTATION_STYLE_ASSIGNMENT((#13184));
#13184 = SURFACE_STYLE_USAGE(.BOTH.,#13185);
#13185 = SURFACE_SIDE_STYLE('',(#13186));
#13186 = SURFACE_STYLE_FILL_AREA(#13187);
#13187 = FILL_AREA_STYLE('',(#13188));
#13188 = FILL_AREA_STYLE_COLOUR('',#13020);
#13189 = OVER_RIDING_STYLED_ITEM('overriding color',(#13190),#6034,
  #12134);
#13190 = PRESENTATION_STYLE_ASSIGNMENT((#13191));
#13191 = SURFACE_STYLE_USAGE(.BOTH.,#13192);
#13192 = SURFACE_SIDE_STYLE('',(#13193));
#13193 = SURFACE_STYLE_FILL_AREA(#13194);
#13194 = FILL_AREA_STYLE('',(#13195));
#13195 = FILL_AREA_STYLE_COLOUR('',#13020);
#13196 = OVER_RIDING_STYLED_ITEM('overriding color',(#13197),#6050,
  #12134);
#13197 = PRESENTATION_STYLE_ASSIGNMENT((#13198));
#13198 = SURFACE_STYLE_USAGE(.BOTH.,#13199);
#13199 = SURFACE_SIDE_STYLE('',(#13200));
#13200 = SURFACE_STYLE_FILL_AREA(#13201);
#13201 = FILL_AREA_STYLE('',(#13202));
#13202 = FILL_AREA_STYLE_COLOUR('',#13020);
#13203 = OVER_RIDING_STYLED_ITEM('overriding color',(#13204),#6064,
  #12134);
#13204 = PRESENTATION_STYLE_ASSIGNMENT((#13205));
#13205 = SURFACE_STYLE_USAGE(.BOTH.,#13206);
#13206 = SURFACE_SIDE_STYLE('',(#13207));
#13207 = SURFACE_STYLE_FILL_AREA(#13208);
#13208 = FILL_AREA_STYLE('',(#13209));
#13209 = FILL_AREA_STYLE_COLOUR('',#13020);
#13210 = OVER_RIDING_STYLED_ITEM('overriding color',(#13211),#6098,
  #12134);
#13211 = PRESENTATION_STYLE_ASSIGNMENT((#13212));
#13212 = SURFACE_STYLE_USAGE(.BOTH.,#13213);
#13213 = SURFACE_SIDE_STYLE('',(#13214));
#13214 = SURFACE_STYLE_FILL_AREA(#13215);
#13215 = FILL_AREA_STYLE('',(#13216));
#13216 = FILL_AREA_STYLE_COLOUR('',#13020);
#13217 = OVER_RIDING_STYLED_ITEM('overriding color',(#13218),#6120,
  #12134);
#13218 = PRESENTATION_STYLE_ASSIGNMENT((#13219));
#13219 = SURFACE_STYLE_USAGE(.BOTH.,#13220);
#13220 = SURFACE_SIDE_STYLE('',(#13221));
#13221 = SURFACE_STYLE_FILL_AREA(#13222);
#13222 = FILL_AREA_STYLE('',(#13223));
#13223 = FILL_AREA_STYLE_COLOUR('',#13020);
#13224 = OVER_RIDING_STYLED_ITEM('overriding color',(#13225),#6148,
  #12134);
#13225 = PRESENTATION_STYLE_ASSIGNMENT((#13226));
#13226 = SURFACE_STYLE_USAGE(.BOTH.,#13227);
#13227 = SURFACE_SIDE_STYLE('',(#13228));
#13228 = SURFACE_STYLE_FILL_AREA(#13229);
#13229 = FILL_AREA_STYLE('',(#13230));
#13230 = FILL_AREA_STYLE_COLOUR('',#13020);
#13231 = OVER_RIDING_STYLED_ITEM('overriding color',(#13232),#6176,
  #12134);
#13232 = PRESENTATION_STYLE_ASSIGNMENT((#13233));
#13233 = SURFACE_STYLE_USAGE(.BOTH.,#13234);
#13234 = SURFACE_SIDE_STYLE('',(#13235));
#13235 = SURFACE_STYLE_FILL_AREA(#13236);
#13236 = FILL_AREA_STYLE('',(#13237));
#13237 = FILL_AREA_STYLE_COLOUR('',#13020);
#13238 = OVER_RIDING_STYLED_ITEM('overriding color',(#13239),#6204,
  #12134);
#13239 = PRESENTATION_STYLE_ASSIGNMENT((#13240));
#13240 = SURFACE_STYLE_USAGE(.BOTH.,#13241);
#13241 = SURFACE_SIDE_STYLE('',(#13242));
#13242 = SURFACE_STYLE_FILL_AREA(#13243);
#13243 = FILL_AREA_STYLE('',(#13244));
#13244 = FILL_AREA_STYLE_COLOUR('',#13020);
#13245 = OVER_RIDING_STYLED_ITEM('overriding color',(#13246),#6232,
  #12134);
#13246 = PRESENTATION_STYLE_ASSIGNMENT((#13247));
#13247 = SURFACE_STYLE_USAGE(.BOTH.,#13248);
#13248 = SURFACE_SIDE_STYLE('',(#13249));
#13249 = SURFACE_STYLE_FILL_AREA(#13250);
#13250 = FILL_AREA_STYLE('',(#13251));
#13251 = FILL_AREA_STYLE_COLOUR('',#13020);
#13252 = OVER_RIDING_STYLED_ITEM('overriding color',(#13253),#6260,
  #12134);
#13253 = PRESENTATION_STYLE_ASSIGNMENT((#13254));
#13254 = SURFACE_STYLE_USAGE(.BOTH.,#13255);
#13255 = SURFACE_SIDE_STYLE('',(#13256));
#13256 = SURFACE_STYLE_FILL_AREA(#13257);
#13257 = FILL_AREA_STYLE('',(#13258));
#13258 = FILL_AREA_STYLE_COLOUR('',#13020);
#13259 = OVER_RIDING_STYLED_ITEM('overriding color',(#13260),#6288,
  #12134);
#13260 = PRESENTATION_STYLE_ASSIGNMENT((#13261));
#13261 = SURFACE_STYLE_USAGE(.BOTH.,#13262);
#13262 = SURFACE_SIDE_STYLE('',(#13263));
#13263 = SURFACE_STYLE_FILL_AREA(#13264);
#13264 = FILL_AREA_STYLE('',(#13265));
#13265 = FILL_AREA_STYLE_COLOUR('',#13020);
#13266 = OVER_RIDING_STYLED_ITEM('overriding color',(#13267),#6310,
  #12134);
#13267 = PRESENTATION_STYLE_ASSIGNMENT((#13268));
#13268 = SURFACE_STYLE_USAGE(.BOTH.,#13269);
#13269 = SURFACE_SIDE_STYLE('',(#13270));
#13270 = SURFACE_STYLE_FILL_AREA(#13271);
#13271 = FILL_AREA_STYLE('',(#13272));
#13272 = FILL_AREA_STYLE_COLOUR('',#13020);
#13273 = OVER_RIDING_STYLED_ITEM('overriding color',(#13274),#6338,
  #12134);
#13274 = PRESENTATION_STYLE_ASSIGNMENT((#13275));
#13275 = SURFACE_STYLE_USAGE(.BOTH.,#13276);
#13276 = SURFACE_SIDE_STYLE('',(#13277));
#13277 = SURFACE_STYLE_FILL_AREA(#13278);
#13278 = FILL_AREA_STYLE('',(#13279));
#13279 = FILL_AREA_STYLE_COLOUR('',#13020);
#13280 = OVER_RIDING_STYLED_ITEM('overriding color',(#13281),#6366,
  #12134);
#13281 = PRESENTATION_STYLE_ASSIGNMENT((#13282));
#13282 = SURFACE_STYLE_USAGE(.BOTH.,#13283);
#13283 = SURFACE_SIDE_STYLE('',(#13284));
#13284 = SURFACE_STYLE_FILL_AREA(#13285);
#13285 = FILL_AREA_STYLE('',(#13286));
#13286 = FILL_AREA_STYLE_COLOUR('',#13020);
#13287 = OVER_RIDING_STYLED_ITEM('overriding color',(#13288),#6394,
  #12134);
#13288 = PRESENTATION_STYLE_ASSIGNMENT((#13289));
#13289 = SURFACE_STYLE_USAGE(.BOTH.,#13290);
#13290 = SURFACE_SIDE_STYLE('',(#13291));
#13291 = SURFACE_STYLE_FILL_AREA(#13292);
#13292 = FILL_AREA_STYLE('',(#13293));
#13293 = FILL_AREA_STYLE_COLOUR('',#13020);
#13294 = OVER_RIDING_STYLED_ITEM('overriding color',(#13295),#6422,
  #12134);
#13295 = PRESENTATION_STYLE_ASSIGNMENT((#13296));
#13296 = SURFACE_STYLE_USAGE(.BOTH.,#13297);
#13297 = SURFACE_SIDE_STYLE('',(#13298));
#13298 = SURFACE_STYLE_FILL_AREA(#13299);
#13299 = FILL_AREA_STYLE('',(#13300));
#13300 = FILL_AREA_STYLE_COLOUR('',#13020);
#13301 = OVER_RIDING_STYLED_ITEM('overriding color',(#13302),#6444,
  #12134);
#13302 = PRESENTATION_STYLE_ASSIGNMENT((#13303));
#13303 = SURFACE_STYLE_USAGE(.BOTH.,#13304);
#13304 = SURFACE_SIDE_STYLE('',(#13305));
#13305 = SURFACE_STYLE_FILL_AREA(#13306);
#13306 = FILL_AREA_STYLE('',(#13307));
#13307 = FILL_AREA_STYLE_COLOUR('',#13020);
#13308 = OVER_RIDING_STYLED_ITEM('overriding color',(#13309),#6466,
  #12134);
#13309 = PRESENTATION_STYLE_ASSIGNMENT((#13310));
#13310 = SURFACE_STYLE_USAGE(.BOTH.,#13311);
#13311 = SURFACE_SIDE_STYLE('',(#13312));
#13312 = SURFACE_STYLE_FILL_AREA(#13313);
#13313 = FILL_AREA_STYLE('',(#13314));
#13314 = FILL_AREA_STYLE_COLOUR('',#13020);
#13315 = OVER_RIDING_STYLED_ITEM('overriding color',(#13316),#6494,
  #12134);
#13316 = PRESENTATION_STYLE_ASSIGNMENT((#13317));
#13317 = SURFACE_STYLE_USAGE(.BOTH.,#13318);
#13318 = SURFACE_SIDE_STYLE('',(#13319));
#13319 = SURFACE_STYLE_FILL_AREA(#13320);
#13320 = FILL_AREA_STYLE('',(#13321));
#13321 = FILL_AREA_STYLE_COLOUR('',#13020);
#13322 = OVER_RIDING_STYLED_ITEM('overriding color',(#13323),#6516,
  #12134);
#13323 = PRESENTATION_STYLE_ASSIGNMENT((#13324));
#13324 = SURFACE_STYLE_USAGE(.BOTH.,#13325);
#13325 = SURFACE_SIDE_STYLE('',(#13326));
#13326 = SURFACE_STYLE_FILL_AREA(#13327);
#13327 = FILL_AREA_STYLE('',(#13328));
#13328 = FILL_AREA_STYLE_COLOUR('',#13020);
#13329 = OVER_RIDING_STYLED_ITEM('overriding color',(#13330),#6538,
  #12134);
#13330 = PRESENTATION_STYLE_ASSIGNMENT((#13331));
#13331 = SURFACE_STYLE_USAGE(.BOTH.,#13332);
#13332 = SURFACE_SIDE_STYLE('',(#13333));
#13333 = SURFACE_STYLE_FILL_AREA(#13334);
#13334 = FILL_AREA_STYLE('',(#13335));
#13335 = FILL_AREA_STYLE_COLOUR('',#13020);
#13336 = OVER_RIDING_STYLED_ITEM('overriding color',(#13337),#6560,
  #12134);
#13337 = PRESENTATION_STYLE_ASSIGNMENT((#13338));
#13338 = SURFACE_STYLE_USAGE(.BOTH.,#13339);
#13339 = SURFACE_SIDE_STYLE('',(#13340));
#13340 = SURFACE_STYLE_FILL_AREA(#13341);
#13341 = FILL_AREA_STYLE('',(#13342));
#13342 = FILL_AREA_STYLE_COLOUR('',#13020);
#13343 = OVER_RIDING_STYLED_ITEM('overriding color',(#13344),#6582,
  #12134);
#13344 = PRESENTATION_STYLE_ASSIGNMENT((#13345));
#13345 = SURFACE_STYLE_USAGE(.BOTH.,#13346);
#13346 = SURFACE_SIDE_STYLE('',(#13347));
#13347 = SURFACE_STYLE_FILL_AREA(#13348);
#13348 = FILL_AREA_STYLE('',(#13349));
#13349 = FILL_AREA_STYLE_COLOUR('',#13020);
#13350 = OVER_RIDING_STYLED_ITEM('overriding color',(#13351),#6604,
  #12134);
#13351 = PRESENTATION_STYLE_ASSIGNMENT((#13352));
#13352 = SURFACE_STYLE_USAGE(.BOTH.,#13353);
#13353 = SURFACE_SIDE_STYLE('',(#13354));
#13354 = SURFACE_STYLE_FILL_AREA(#13355);
#13355 = FILL_AREA_STYLE('',(#13356));
#13356 = FILL_AREA_STYLE_COLOUR('',#13020);
#13357 = OVER_RIDING_STYLED_ITEM('overriding color',(#13358),#6626,
  #12134);
#13358 = PRESENTATION_STYLE_ASSIGNMENT((#13359));
#13359 = SURFACE_STYLE_USAGE(.BOTH.,#13360);
#13360 = SURFACE_SIDE_STYLE('',(#13361));
#13361 = SURFACE_STYLE_FILL_AREA(#13362);
#13362 = FILL_AREA_STYLE('',(#13363));
#13363 = FILL_AREA_STYLE_COLOUR('',#13020);
#13364 = OVER_RIDING_STYLED_ITEM('overriding color',(#13365),#6648,
  #12134);
#13365 = PRESENTATION_STYLE_ASSIGNMENT((#13366));
#13366 = SURFACE_STYLE_USAGE(.BOTH.,#13367);
#13367 = SURFACE_SIDE_STYLE('',(#13368));
#13368 = SURFACE_STYLE_FILL_AREA(#13369);
#13369 = FILL_AREA_STYLE('',(#13370));
#13370 = FILL_AREA_STYLE_COLOUR('',#13020);
#13371 = OVER_RIDING_STYLED_ITEM('overriding color',(#13372),#6670,
  #12134);
#13372 = PRESENTATION_STYLE_ASSIGNMENT((#13373));
#13373 = SURFACE_STYLE_USAGE(.BOTH.,#13374);
#13374 = SURFACE_SIDE_STYLE('',(#13375));
#13375 = SURFACE_STYLE_FILL_AREA(#13376);
#13376 = FILL_AREA_STYLE('',(#13377));
#13377 = FILL_AREA_STYLE_COLOUR('',#13020);
#13378 = OVER_RIDING_STYLED_ITEM('overriding color',(#13379),#6692,
  #12134);
#13379 = PRESENTATION_STYLE_ASSIGNMENT((#13380));
#13380 = SURFACE_STYLE_USAGE(.BOTH.,#13381);
#13381 = SURFACE_SIDE_STYLE('',(#13382));
#13382 = SURFACE_STYLE_FILL_AREA(#13383);
#13383 = FILL_AREA_STYLE('',(#13384));
#13384 = FILL_AREA_STYLE_COLOUR('',#13020);
#13385 = OVER_RIDING_STYLED_ITEM('overriding color',(#13386),#6714,
  #12134);
#13386 = PRESENTATION_STYLE_ASSIGNMENT((#13387));
#13387 = SURFACE_STYLE_USAGE(.BOTH.,#13388);
#13388 = SURFACE_SIDE_STYLE('',(#13389));
#13389 = SURFACE_STYLE_FILL_AREA(#13390);
#13390 = FILL_AREA_STYLE('',(#13391));
#13391 = FILL_AREA_STYLE_COLOUR('',#13020);
#13392 = OVER_RIDING_STYLED_ITEM('overriding color',(#13393),#6730,
  #12134);
#13393 = PRESENTATION_STYLE_ASSIGNMENT((#13394));
#13394 = SURFACE_STYLE_USAGE(.BOTH.,#13395);
#13395 = SURFACE_SIDE_STYLE('',(#13396));
#13396 = SURFACE_STYLE_FILL_AREA(#13397);
#13397 = FILL_AREA_STYLE('',(#13398));
#13398 = FILL_AREA_STYLE_COLOUR('',#13020);
#13399 = OVER_RIDING_STYLED_ITEM('overriding color',(#13400),#6750,
  #12134);
#13400 = PRESENTATION_STYLE_ASSIGNMENT((#13401));
#13401 = SURFACE_STYLE_USAGE(.BOTH.,#13402);
#13402 = SURFACE_SIDE_STYLE('',(#13403));
#13403 = SURFACE_STYLE_FILL_AREA(#13404);
#13404 = FILL_AREA_STYLE('',(#13405));
#13405 = FILL_AREA_STYLE_COLOUR('',#13020);
#13406 = OVER_RIDING_STYLED_ITEM('overriding color',(#13407),#6874,
  #12134);
#13407 = PRESENTATION_STYLE_ASSIGNMENT((#13408));
#13408 = SURFACE_STYLE_USAGE(.BOTH.,#13409);
#13409 = SURFACE_SIDE_STYLE('',(#13410));
#13410 = SURFACE_STYLE_FILL_AREA(#13411);
#13411 = FILL_AREA_STYLE('',(#13412));
#13412 = FILL_AREA_STYLE_COLOUR('',#13020);
#13413 = OVER_RIDING_STYLED_ITEM('overriding color',(#13414),#6894,
  #12134);
#13414 = PRESENTATION_STYLE_ASSIGNMENT((#13415));
#13415 = SURFACE_STYLE_USAGE(.BOTH.,#13416);
#13416 = SURFACE_SIDE_STYLE('',(#13417));
#13417 = SURFACE_STYLE_FILL_AREA(#13418);
#13418 = FILL_AREA_STYLE('',(#13419));
#13419 = FILL_AREA_STYLE_COLOUR('',#13020);
#13420 = OVER_RIDING_STYLED_ITEM('overriding color',(#13421),#6914,
  #12134);
#13421 = PRESENTATION_STYLE_ASSIGNMENT((#13422));
#13422 = SURFACE_STYLE_USAGE(.BOTH.,#13423);
#13423 = SURFACE_SIDE_STYLE('',(#13424));
#13424 = SURFACE_STYLE_FILL_AREA(#13425);
#13425 = FILL_AREA_STYLE('',(#13426));
#13426 = FILL_AREA_STYLE_COLOUR('',#13020);
#13427 = OVER_RIDING_STYLED_ITEM('overriding color',(#13428),#6934,
  #12134);
#13428 = PRESENTATION_STYLE_ASSIGNMENT((#13429));
#13429 = SURFACE_STYLE_USAGE(.BOTH.,#13430);
#13430 = SURFACE_SIDE_STYLE('',(#13431));
#13431 = SURFACE_STYLE_FILL_AREA(#13432);
#13432 = FILL_AREA_STYLE('',(#13433));
#13433 = FILL_AREA_STYLE_COLOUR('',#13020);
#13434 = OVER_RIDING_STYLED_ITEM('overriding color',(#13435),#6954,
  #12134);
#13435 = PRESENTATION_STYLE_ASSIGNMENT((#13436));
#13436 = SURFACE_STYLE_USAGE(.BOTH.,#13437);
#13437 = SURFACE_SIDE_STYLE('',(#13438));
#13438 = SURFACE_STYLE_FILL_AREA(#13439);
#13439 = FILL_AREA_STYLE('',(#13440));
#13440 = FILL_AREA_STYLE_COLOUR('',#13020);
#13441 = OVER_RIDING_STYLED_ITEM('overriding color',(#13442),#6974,
  #12134);
#13442 = PRESENTATION_STYLE_ASSIGNMENT((#13443));
#13443 = SURFACE_STYLE_USAGE(.BOTH.,#13444);
#13444 = SURFACE_SIDE_STYLE('',(#13445));
#13445 = SURFACE_STYLE_FILL_AREA(#13446);
#13446 = FILL_AREA_STYLE('',(#13447));
#13447 = FILL_AREA_STYLE_COLOUR('',#13020);
#13448 = OVER_RIDING_STYLED_ITEM('overriding color',(#13449),#6990,
  #12134);
#13449 = PRESENTATION_STYLE_ASSIGNMENT((#13450));
#13450 = SURFACE_STYLE_USAGE(.BOTH.,#13451);
#13451 = SURFACE_SIDE_STYLE('',(#13452));
#13452 = SURFACE_STYLE_FILL_AREA(#13453);
#13453 = FILL_AREA_STYLE('',(#13454));
#13454 = FILL_AREA_STYLE_COLOUR('',#13020);
#13455 = OVER_RIDING_STYLED_ITEM('overriding color',(#13456),#7002,
  #12134);
#13456 = PRESENTATION_STYLE_ASSIGNMENT((#13457));
#13457 = SURFACE_STYLE_USAGE(.BOTH.,#13458);
#13458 = SURFACE_SIDE_STYLE('',(#13459));
#13459 = SURFACE_STYLE_FILL_AREA(#13460);
#13460 = FILL_AREA_STYLE('',(#13461));
#13461 = FILL_AREA_STYLE_COLOUR('',#13020);
#13462 = OVER_RIDING_STYLED_ITEM('overriding color',(#13463),#7030,
  #12134);
#13463 = PRESENTATION_STYLE_ASSIGNMENT((#13464));
#13464 = SURFACE_STYLE_USAGE(.BOTH.,#13465);
#13465 = SURFACE_SIDE_STYLE('',(#13466));
#13466 = SURFACE_STYLE_FILL_AREA(#13467);
#13467 = FILL_AREA_STYLE('',(#13468));
#13468 = FILL_AREA_STYLE_COLOUR('',#13020);
#13469 = OVER_RIDING_STYLED_ITEM('overriding color',(#13470),#7052,
  #12134);
#13470 = PRESENTATION_STYLE_ASSIGNMENT((#13471));
#13471 = SURFACE_STYLE_USAGE(.BOTH.,#13472);
#13472 = SURFACE_SIDE_STYLE('',(#13473));
#13473 = SURFACE_STYLE_FILL_AREA(#13474);
#13474 = FILL_AREA_STYLE('',(#13475));
#13475 = FILL_AREA_STYLE_COLOUR('',#13020);
#13476 = OVER_RIDING_STYLED_ITEM('overriding color',(#13477),#7074,
  #12134);
#13477 = PRESENTATION_STYLE_ASSIGNMENT((#13478));
#13478 = SURFACE_STYLE_USAGE(.BOTH.,#13479);
#13479 = SURFACE_SIDE_STYLE('',(#13480));
#13480 = SURFACE_STYLE_FILL_AREA(#13481);
#13481 = FILL_AREA_STYLE('',(#13482));
#13482 = FILL_AREA_STYLE_COLOUR('',#13020);
#13483 = OVER_RIDING_STYLED_ITEM('overriding color',(#13484),#7102,
  #12134);
#13484 = PRESENTATION_STYLE_ASSIGNMENT((#13485));
#13485 = SURFACE_STYLE_USAGE(.BOTH.,#13486);
#13486 = SURFACE_SIDE_STYLE('',(#13487));
#13487 = SURFACE_STYLE_FILL_AREA(#13488);
#13488 = FILL_AREA_STYLE('',(#13489));
#13489 = FILL_AREA_STYLE_COLOUR('',#13020);
#13490 = OVER_RIDING_STYLED_ITEM('overriding color',(#13491),#7130,
  #12134);
#13491 = PRESENTATION_STYLE_ASSIGNMENT((#13492));
#13492 = SURFACE_STYLE_USAGE(.BOTH.,#13493);
#13493 = SURFACE_SIDE_STYLE('',(#13494));
#13494 = SURFACE_STYLE_FILL_AREA(#13495);
#13495 = FILL_AREA_STYLE('',(#13496));
#13496 = FILL_AREA_STYLE_COLOUR('',#13020);
#13497 = OVER_RIDING_STYLED_ITEM('overriding color',(#13498),#7158,
  #12134);
#13498 = PRESENTATION_STYLE_ASSIGNMENT((#13499));
#13499 = SURFACE_STYLE_USAGE(.BOTH.,#13500);
#13500 = SURFACE_SIDE_STYLE('',(#13501));
#13501 = SURFACE_STYLE_FILL_AREA(#13502);
#13502 = FILL_AREA_STYLE('',(#13503));
#13503 = FILL_AREA_STYLE_COLOUR('',#13020);
#13504 = OVER_RIDING_STYLED_ITEM('overriding color',(#13505),#7180,
  #12134);
#13505 = PRESENTATION_STYLE_ASSIGNMENT((#13506));
#13506 = SURFACE_STYLE_USAGE(.BOTH.,#13507);
#13507 = SURFACE_SIDE_STYLE('',(#13508));
#13508 = SURFACE_STYLE_FILL_AREA(#13509);
#13509 = FILL_AREA_STYLE('',(#13510));
#13510 = FILL_AREA_STYLE_COLOUR('',#12149);
#13511 = OVER_RIDING_STYLED_ITEM('overriding color',(#13512),#7195,
  #12134);
#13512 = PRESENTATION_STYLE_ASSIGNMENT((#13513));
#13513 = SURFACE_STYLE_USAGE(.BOTH.,#13514);
#13514 = SURFACE_SIDE_STYLE('',(#13515));
#13515 = SURFACE_STYLE_FILL_AREA(#13516);
#13516 = FILL_AREA_STYLE('',(#13517));
#13517 = FILL_AREA_STYLE_COLOUR('',#13020);
#13518 = OVER_RIDING_STYLED_ITEM('overriding color',(#13519),#7307,
  #12134);
#13519 = PRESENTATION_STYLE_ASSIGNMENT((#13520));
#13520 = SURFACE_STYLE_USAGE(.BOTH.,#13521);
#13521 = SURFACE_SIDE_STYLE('',(#13522));
#13522 = SURFACE_STYLE_FILL_AREA(#13523);
#13523 = FILL_AREA_STYLE('',(#13524));
#13524 = FILL_AREA_STYLE_COLOUR('',#13020);
#13525 = OVER_RIDING_STYLED_ITEM('overriding color',(#13526),#7327,
  #12134);
#13526 = PRESENTATION_STYLE_ASSIGNMENT((#13527));
#13527 = SURFACE_STYLE_USAGE(.BOTH.,#13528);
#13528 = SURFACE_SIDE_STYLE('',(#13529));
#13529 = SURFACE_STYLE_FILL_AREA(#13530);
#13530 = FILL_AREA_STYLE('',(#13531));
#13531 = FILL_AREA_STYLE_COLOUR('',#13020);
#13532 = OVER_RIDING_STYLED_ITEM('overriding color',(#13533),#7343,
  #12134);
#13533 = PRESENTATION_STYLE_ASSIGNMENT((#13534));
#13534 = SURFACE_STYLE_USAGE(.BOTH.,#13535);
#13535 = SURFACE_SIDE_STYLE('',(#13536));
#13536 = SURFACE_STYLE_FILL_AREA(#13537);
#13537 = FILL_AREA_STYLE('',(#13538));
#13538 = FILL_AREA_STYLE_COLOUR('',#13020);
#13539 = OVER_RIDING_STYLED_ITEM('overriding color',(#13540),#7359,
  #12134);
#13540 = PRESENTATION_STYLE_ASSIGNMENT((#13541));
#13541 = SURFACE_STYLE_USAGE(.BOTH.,#13542);
#13542 = SURFACE_SIDE_STYLE('',(#13543));
#13543 = SURFACE_STYLE_FILL_AREA(#13544);
#13544 = FILL_AREA_STYLE('',(#13545));
#13545 = FILL_AREA_STYLE_COLOUR('',#13020);
#13546 = OVER_RIDING_STYLED_ITEM('overriding color',(#13547),#7375,
  #12134);
#13547 = PRESENTATION_STYLE_ASSIGNMENT((#13548));
#13548 = SURFACE_STYLE_USAGE(.BOTH.,#13549);
#13549 = SURFACE_SIDE_STYLE('',(#13550));
#13550 = SURFACE_STYLE_FILL_AREA(#13551);
#13551 = FILL_AREA_STYLE('',(#13552));
#13552 = FILL_AREA_STYLE_COLOUR('',#13020);
#13553 = OVER_RIDING_STYLED_ITEM('overriding color',(#13554),#7391,
  #12134);
#13554 = PRESENTATION_STYLE_ASSIGNMENT((#13555));
#13555 = SURFACE_STYLE_USAGE(.BOTH.,#13556);
#13556 = SURFACE_SIDE_STYLE('',(#13557));
#13557 = SURFACE_STYLE_FILL_AREA(#13558);
#13558 = FILL_AREA_STYLE('',(#13559));
#13559 = FILL_AREA_STYLE_COLOUR('',#13020);
#13560 = OVER_RIDING_STYLED_ITEM('overriding color',(#13561),#7407,
  #12134);
#13561 = PRESENTATION_STYLE_ASSIGNMENT((#13562));
#13562 = SURFACE_STYLE_USAGE(.BOTH.,#13563);
#13563 = SURFACE_SIDE_STYLE('',(#13564));
#13564 = SURFACE_STYLE_FILL_AREA(#13565);
#13565 = FILL_AREA_STYLE('',(#13566));
#13566 = FILL_AREA_STYLE_COLOUR('',#13020);
#13567 = OVER_RIDING_STYLED_ITEM('overriding color',(#13568),#7423,
  #12134);
#13568 = PRESENTATION_STYLE_ASSIGNMENT((#13569));
#13569 = SURFACE_STYLE_USAGE(.BOTH.,#13570);
#13570 = SURFACE_SIDE_STYLE('',(#13571));
#13571 = SURFACE_STYLE_FILL_AREA(#13572);
#13572 = FILL_AREA_STYLE('',(#13573));
#13573 = FILL_AREA_STYLE_COLOUR('',#13020);
#13574 = OVER_RIDING_STYLED_ITEM('overriding color',(#13575),#7435,
  #12134);
#13575 = PRESENTATION_STYLE_ASSIGNMENT((#13576));
#13576 = SURFACE_STYLE_USAGE(.BOTH.,#13577);
#13577 = SURFACE_SIDE_STYLE('',(#13578));
#13578 = SURFACE_STYLE_FILL_AREA(#13579);
#13579 = FILL_AREA_STYLE('',(#13580));
#13580 = FILL_AREA_STYLE_COLOUR('',#13020);
#13581 = OVER_RIDING_STYLED_ITEM('overriding color',(#13582),#7463,
  #12134);
#13582 = PRESENTATION_STYLE_ASSIGNMENT((#13583));
#13583 = SURFACE_STYLE_USAGE(.BOTH.,#13584);
#13584 = SURFACE_SIDE_STYLE('',(#13585));
#13585 = SURFACE_STYLE_FILL_AREA(#13586);
#13586 = FILL_AREA_STYLE('',(#13587));
#13587 = FILL_AREA_STYLE_COLOUR('',#13020);
#13588 = OVER_RIDING_STYLED_ITEM('overriding color',(#13589),#7485,
  #12134);
#13589 = PRESENTATION_STYLE_ASSIGNMENT((#13590));
#13590 = SURFACE_STYLE_USAGE(.BOTH.,#13591);
#13591 = SURFACE_SIDE_STYLE('',(#13592));
#13592 = SURFACE_STYLE_FILL_AREA(#13593);
#13593 = FILL_AREA_STYLE('',(#13594));
#13594 = FILL_AREA_STYLE_COLOUR('',#13020);
#13595 = OVER_RIDING_STYLED_ITEM('overriding color',(#13596),#7513,
  #12134);
#13596 = PRESENTATION_STYLE_ASSIGNMENT((#13597));
#13597 = SURFACE_STYLE_USAGE(.BOTH.,#13598);
#13598 = SURFACE_SIDE_STYLE('',(#13599));
#13599 = SURFACE_STYLE_FILL_AREA(#13600);
#13600 = FILL_AREA_STYLE('',(#13601));
#13601 = FILL_AREA_STYLE_COLOUR('',#13020);
#13602 = OVER_RIDING_STYLED_ITEM('overriding color',(#13603),#7535,
  #12134);
#13603 = PRESENTATION_STYLE_ASSIGNMENT((#13604));
#13604 = SURFACE_STYLE_USAGE(.BOTH.,#13605);
#13605 = SURFACE_SIDE_STYLE('',(#13606));
#13606 = SURFACE_STYLE_FILL_AREA(#13607);
#13607 = FILL_AREA_STYLE('',(#13608));
#13608 = FILL_AREA_STYLE_COLOUR('',#13020);
#13609 = OVER_RIDING_STYLED_ITEM('overriding color',(#13610),#7563,
  #12134);
#13610 = PRESENTATION_STYLE_ASSIGNMENT((#13611));
#13611 = SURFACE_STYLE_USAGE(.BOTH.,#13612);
#13612 = SURFACE_SIDE_STYLE('',(#13613));
#13613 = SURFACE_STYLE_FILL_AREA(#13614);
#13614 = FILL_AREA_STYLE('',(#13615));
#13615 = FILL_AREA_STYLE_COLOUR('',#13020);
#13616 = OVER_RIDING_STYLED_ITEM('overriding color',(#13617),#7579,
  #12134);
#13617 = PRESENTATION_STYLE_ASSIGNMENT((#13618));
#13618 = SURFACE_STYLE_USAGE(.BOTH.,#13619);
#13619 = SURFACE_SIDE_STYLE('',(#13620));
#13620 = SURFACE_STYLE_FILL_AREA(#13621);
#13621 = FILL_AREA_STYLE('',(#13622));
#13622 = FILL_AREA_STYLE_COLOUR('',#12149);
#13623 = OVER_RIDING_STYLED_ITEM('overriding color',(#13624),#7593,
  #12134);
#13624 = PRESENTATION_STYLE_ASSIGNMENT((#13625));
#13625 = SURFACE_STYLE_USAGE(.BOTH.,#13626);
#13626 = SURFACE_SIDE_STYLE('',(#13627));
#13627 = SURFACE_STYLE_FILL_AREA(#13628);
#13628 = FILL_AREA_STYLE('',(#13629));
#13629 = FILL_AREA_STYLE_COLOUR('',#13020);
#13630 = OVER_RIDING_STYLED_ITEM('overriding color',(#13631),#7621,
  #12134);
#13631 = PRESENTATION_STYLE_ASSIGNMENT((#13632));
#13632 = SURFACE_STYLE_USAGE(.BOTH.,#13633);
#13633 = SURFACE_SIDE_STYLE('',(#13634));
#13634 = SURFACE_STYLE_FILL_AREA(#13635);
#13635 = FILL_AREA_STYLE('',(#13636));
#13636 = FILL_AREA_STYLE_COLOUR('',#13020);
#13637 = OVER_RIDING_STYLED_ITEM('overriding color',(#13638),#7643,
  #12134);
#13638 = PRESENTATION_STYLE_ASSIGNMENT((#13639));
#13639 = SURFACE_STYLE_USAGE(.BOTH.,#13640);
#13640 = SURFACE_SIDE_STYLE('',(#13641));
#13641 = SURFACE_STYLE_FILL_AREA(#13642);
#13642 = FILL_AREA_STYLE('',(#13643));
#13643 = FILL_AREA_STYLE_COLOUR('',#13020);
#13644 = OVER_RIDING_STYLED_ITEM('overriding color',(#13645),#7665,
  #12134);
#13645 = PRESENTATION_STYLE_ASSIGNMENT((#13646));
#13646 = SURFACE_STYLE_USAGE(.BOTH.,#13647);
#13647 = SURFACE_SIDE_STYLE('',(#13648));
#13648 = SURFACE_STYLE_FILL_AREA(#13649);
#13649 = FILL_AREA_STYLE('',(#13650));
#13650 = FILL_AREA_STYLE_COLOUR('',#13020);
#13651 = OVER_RIDING_STYLED_ITEM('overriding color',(#13652),#7687,
  #12134);
#13652 = PRESENTATION_STYLE_ASSIGNMENT((#13653));
#13653 = SURFACE_STYLE_USAGE(.BOTH.,#13654);
#13654 = SURFACE_SIDE_STYLE('',(#13655));
#13655 = SURFACE_STYLE_FILL_AREA(#13656);
#13656 = FILL_AREA_STYLE('',(#13657));
#13657 = FILL_AREA_STYLE_COLOUR('',#13020);
#13658 = OVER_RIDING_STYLED_ITEM('overriding color',(#13659),#7709,
  #12134);
#13659 = PRESENTATION_STYLE_ASSIGNMENT((#13660));
#13660 = SURFACE_STYLE_USAGE(.BOTH.,#13661);
#13661 = SURFACE_SIDE_STYLE('',(#13662));
#13662 = SURFACE_STYLE_FILL_AREA(#13663);
#13663 = FILL_AREA_STYLE('',(#13664));
#13664 = FILL_AREA_STYLE_COLOUR('',#13020);
#13665 = OVER_RIDING_STYLED_ITEM('overriding color',(#13666),#7731,
  #12134);
#13666 = PRESENTATION_STYLE_ASSIGNMENT((#13667));
#13667 = SURFACE_STYLE_USAGE(.BOTH.,#13668);
#13668 = SURFACE_SIDE_STYLE('',(#13669));
#13669 = SURFACE_STYLE_FILL_AREA(#13670);
#13670 = FILL_AREA_STYLE('',(#13671));
#13671 = FILL_AREA_STYLE_COLOUR('',#13020);
#13672 = OVER_RIDING_STYLED_ITEM('overriding color',(#13673),#7753,
  #12134);
#13673 = PRESENTATION_STYLE_ASSIGNMENT((#13674));
#13674 = SURFACE_STYLE_USAGE(.BOTH.,#13675);
#13675 = SURFACE_SIDE_STYLE('',(#13676));
#13676 = SURFACE_STYLE_FILL_AREA(#13677);
#13677 = FILL_AREA_STYLE('',(#13678));
#13678 = FILL_AREA_STYLE_COLOUR('',#13020);
#13679 = OVER_RIDING_STYLED_ITEM('overriding color',(#13680),#7775,
  #12134);
#13680 = PRESENTATION_STYLE_ASSIGNMENT((#13681));
#13681 = SURFACE_STYLE_USAGE(.BOTH.,#13682);
#13682 = SURFACE_SIDE_STYLE('',(#13683));
#13683 = SURFACE_STYLE_FILL_AREA(#13684);
#13684 = FILL_AREA_STYLE('',(#13685));
#13685 = FILL_AREA_STYLE_COLOUR('',#13020);
#13686 = OVER_RIDING_STYLED_ITEM('overriding color',(#13687),#7797,
  #12134);
#13687 = PRESENTATION_STYLE_ASSIGNMENT((#13688));
#13688 = SURFACE_STYLE_USAGE(.BOTH.,#13689);
#13689 = SURFACE_SIDE_STYLE('',(#13690));
#13690 = SURFACE_STYLE_FILL_AREA(#13691);
#13691 = FILL_AREA_STYLE('',(#13692));
#13692 = FILL_AREA_STYLE_COLOUR('',#13020);
#13693 = OVER_RIDING_STYLED_ITEM('overriding color',(#13694),#7819,
  #12134);
#13694 = PRESENTATION_STYLE_ASSIGNMENT((#13695));
#13695 = SURFACE_STYLE_USAGE(.BOTH.,#13696);
#13696 = SURFACE_SIDE_STYLE('',(#13697));
#13697 = SURFACE_STYLE_FILL_AREA(#13698);
#13698 = FILL_AREA_STYLE('',(#13699));
#13699 = FILL_AREA_STYLE_COLOUR('',#13020);
#13700 = OVER_RIDING_STYLED_ITEM('overriding color',(#13701),#7841,
  #12134);
#13701 = PRESENTATION_STYLE_ASSIGNMENT((#13702));
#13702 = SURFACE_STYLE_USAGE(.BOTH.,#13703);
#13703 = SURFACE_SIDE_STYLE('',(#13704));
#13704 = SURFACE_STYLE_FILL_AREA(#13705);
#13705 = FILL_AREA_STYLE('',(#13706));
#13706 = FILL_AREA_STYLE_COLOUR('',#13020);
#13707 = OVER_RIDING_STYLED_ITEM('overriding color',(#13708),#7857,
  #12134);
#13708 = PRESENTATION_STYLE_ASSIGNMENT((#13709));
#13709 = SURFACE_STYLE_USAGE(.BOTH.,#13710);
#13710 = SURFACE_SIDE_STYLE('',(#13711));
#13711 = SURFACE_STYLE_FILL_AREA(#13712);
#13712 = FILL_AREA_STYLE('',(#13713));
#13713 = FILL_AREA_STYLE_COLOUR('',#13020);
#13714 = OVER_RIDING_STYLED_ITEM('overriding color',(#13715),#7877,
  #12134);
#13715 = PRESENTATION_STYLE_ASSIGNMENT((#13716));
#13716 = SURFACE_STYLE_USAGE(.BOTH.,#13717);
#13717 = SURFACE_SIDE_STYLE('',(#13718));
#13718 = SURFACE_STYLE_FILL_AREA(#13719);
#13719 = FILL_AREA_STYLE('',(#13720));
#13720 = FILL_AREA_STYLE_COLOUR('',#13020);
#13721 = OVER_RIDING_STYLED_ITEM('overriding color',(#13722),#8069,
  #12134);
#13722 = PRESENTATION_STYLE_ASSIGNMENT((#13723));
#13723 = SURFACE_STYLE_USAGE(.BOTH.,#13724);
#13724 = SURFACE_SIDE_STYLE('',(#13725));
#13725 = SURFACE_STYLE_FILL_AREA(#13726);
#13726 = FILL_AREA_STYLE('',(#13727));
#13727 = FILL_AREA_STYLE_COLOUR('',#13020);
#13728 = OVER_RIDING_STYLED_ITEM('overriding color',(#13729),#8093,
  #12134);
#13729 = PRESENTATION_STYLE_ASSIGNMENT((#13730));
#13730 = SURFACE_STYLE_USAGE(.BOTH.,#13731);
#13731 = SURFACE_SIDE_STYLE('',(#13732));
#13732 = SURFACE_STYLE_FILL_AREA(#13733);
#13733 = FILL_AREA_STYLE('',(#13734));
#13734 = FILL_AREA_STYLE_COLOUR('',#13020);
#13735 = OVER_RIDING_STYLED_ITEM('overriding color',(#13736),#8109,
  #12134);
#13736 = PRESENTATION_STYLE_ASSIGNMENT((#13737));
#13737 = SURFACE_STYLE_USAGE(.BOTH.,#13738);
#13738 = SURFACE_SIDE_STYLE('',(#13739));
#13739 = SURFACE_STYLE_FILL_AREA(#13740);
#13740 = FILL_AREA_STYLE('',(#13741));
#13741 = FILL_AREA_STYLE_COLOUR('',#13020);
#13742 = OVER_RIDING_STYLED_ITEM('overriding color',(#13743),#8129,
  #12134);
#13743 = PRESENTATION_STYLE_ASSIGNMENT((#13744));
#13744 = SURFACE_STYLE_USAGE(.BOTH.,#13745);
#13745 = SURFACE_SIDE_STYLE('',(#13746));
#13746 = SURFACE_STYLE_FILL_AREA(#13747);
#13747 = FILL_AREA_STYLE('',(#13748));
#13748 = FILL_AREA_STYLE_COLOUR('',#13020);
#13749 = OVER_RIDING_STYLED_ITEM('overriding color',(#13750),#8149,
  #12134);
#13750 = PRESENTATION_STYLE_ASSIGNMENT((#13751));
#13751 = SURFACE_STYLE_USAGE(.BOTH.,#13752);
#13752 = SURFACE_SIDE_STYLE('',(#13753));
#13753 = SURFACE_STYLE_FILL_AREA(#13754);
#13754 = FILL_AREA_STYLE('',(#13755));
#13755 = FILL_AREA_STYLE_COLOUR('',#13020);
#13756 = OVER_RIDING_STYLED_ITEM('overriding color',(#13757),#8165,
  #12134);
#13757 = PRESENTATION_STYLE_ASSIGNMENT((#13758));
#13758 = SURFACE_STYLE_USAGE(.BOTH.,#13759);
#13759 = SURFACE_SIDE_STYLE('',(#13760));
#13760 = SURFACE_STYLE_FILL_AREA(#13761);
#13761 = FILL_AREA_STYLE('',(#13762));
#13762 = FILL_AREA_STYLE_COLOUR('',#13020);
#13763 = OVER_RIDING_STYLED_ITEM('overriding color',(#13764),#8185,
  #12134);
#13764 = PRESENTATION_STYLE_ASSIGNMENT((#13765));
#13765 = SURFACE_STYLE_USAGE(.BOTH.,#13766);
#13766 = SURFACE_SIDE_STYLE('',(#13767));
#13767 = SURFACE_STYLE_FILL_AREA(#13768);
#13768 = FILL_AREA_STYLE('',(#13769));
#13769 = FILL_AREA_STYLE_COLOUR('',#13020);
#13770 = OVER_RIDING_STYLED_ITEM('overriding color',(#13771),#8205,
  #12134);
#13771 = PRESENTATION_STYLE_ASSIGNMENT((#13772));
#13772 = SURFACE_STYLE_USAGE(.BOTH.,#13773);
#13773 = SURFACE_SIDE_STYLE('',(#13774));
#13774 = SURFACE_STYLE_FILL_AREA(#13775);
#13775 = FILL_AREA_STYLE('',(#13776));
#13776 = FILL_AREA_STYLE_COLOUR('',#13020);
#13777 = OVER_RIDING_STYLED_ITEM('overriding color',(#13778),#8225,
  #12134);
#13778 = PRESENTATION_STYLE_ASSIGNMENT((#13779));
#13779 = SURFACE_STYLE_USAGE(.BOTH.,#13780);
#13780 = SURFACE_SIDE_STYLE('',(#13781));
#13781 = SURFACE_STYLE_FILL_AREA(#13782);
#13782 = FILL_AREA_STYLE('',(#13783));
#13783 = FILL_AREA_STYLE_COLOUR('',#13020);
#13784 = OVER_RIDING_STYLED_ITEM('overriding color',(#13785),#8245,
  #12134);
#13785 = PRESENTATION_STYLE_ASSIGNMENT((#13786));
#13786 = SURFACE_STYLE_USAGE(.BOTH.,#13787);
#13787 = SURFACE_SIDE_STYLE('',(#13788));
#13788 = SURFACE_STYLE_FILL_AREA(#13789);
#13789 = FILL_AREA_STYLE('',(#13790));
#13790 = FILL_AREA_STYLE_COLOUR('',#13020);
#13791 = OVER_RIDING_STYLED_ITEM('overriding color',(#13792),#8261,
  #12134);
#13792 = PRESENTATION_STYLE_ASSIGNMENT((#13793));
#13793 = SURFACE_STYLE_USAGE(.BOTH.,#13794);
#13794 = SURFACE_SIDE_STYLE('',(#13795));
#13795 = SURFACE_STYLE_FILL_AREA(#13796);
#13796 = FILL_AREA_STYLE('',(#13797));
#13797 = FILL_AREA_STYLE_COLOUR('',#13020);
#13798 = OVER_RIDING_STYLED_ITEM('overriding color',(#13799),#8277,
  #12134);
#13799 = PRESENTATION_STYLE_ASSIGNMENT((#13800));
#13800 = SURFACE_STYLE_USAGE(.BOTH.,#13801);
#13801 = SURFACE_SIDE_STYLE('',(#13802));
#13802 = SURFACE_STYLE_FILL_AREA(#13803);
#13803 = FILL_AREA_STYLE('',(#13804));
#13804 = FILL_AREA_STYLE_COLOUR('',#13020);
#13805 = OVER_RIDING_STYLED_ITEM('overriding color',(#13806),#8293,
  #12134);
#13806 = PRESENTATION_STYLE_ASSIGNMENT((#13807));
#13807 = SURFACE_STYLE_USAGE(.BOTH.,#13808);
#13808 = SURFACE_SIDE_STYLE('',(#13809));
#13809 = SURFACE_STYLE_FILL_AREA(#13810);
#13810 = FILL_AREA_STYLE('',(#13811));
#13811 = FILL_AREA_STYLE_COLOUR('',#13020);
#13812 = OVER_RIDING_STYLED_ITEM('overriding color',(#13813),#8309,
  #12134);
#13813 = PRESENTATION_STYLE_ASSIGNMENT((#13814));
#13814 = SURFACE_STYLE_USAGE(.BOTH.,#13815);
#13815 = SURFACE_SIDE_STYLE('',(#13816));
#13816 = SURFACE_STYLE_FILL_AREA(#13817);
#13817 = FILL_AREA_STYLE('',(#13818));
#13818 = FILL_AREA_STYLE_COLOUR('',#13020);
#13819 = OVER_RIDING_STYLED_ITEM('overriding color',(#13820),#8325,
  #12134);
#13820 = PRESENTATION_STYLE_ASSIGNMENT((#13821));
#13821 = SURFACE_STYLE_USAGE(.BOTH.,#13822);
#13822 = SURFACE_SIDE_STYLE('',(#13823));
#13823 = SURFACE_STYLE_FILL_AREA(#13824);
#13824 = FILL_AREA_STYLE('',(#13825));
#13825 = FILL_AREA_STYLE_COLOUR('',#13020);
#13826 = OVER_RIDING_STYLED_ITEM('overriding color',(#13827),#8359,
  #12134);
#13827 = PRESENTATION_STYLE_ASSIGNMENT((#13828));
#13828 = SURFACE_STYLE_USAGE(.BOTH.,#13829);
#13829 = SURFACE_SIDE_STYLE('',(#13830));
#13830 = SURFACE_STYLE_FILL_AREA(#13831);
#13831 = FILL_AREA_STYLE('',(#13832));
#13832 = FILL_AREA_STYLE_COLOUR('',#13020);
#13833 = OVER_RIDING_STYLED_ITEM('overriding color',(#13834),#8387,
  #12134);
#13834 = PRESENTATION_STYLE_ASSIGNMENT((#13835));
#13835 = SURFACE_STYLE_USAGE(.BOTH.,#13836);
#13836 = SURFACE_SIDE_STYLE('',(#13837));
#13837 = SURFACE_STYLE_FILL_AREA(#13838);
#13838 = FILL_AREA_STYLE('',(#13839));
#13839 = FILL_AREA_STYLE_COLOUR('',#13020);
#13840 = OVER_RIDING_STYLED_ITEM('overriding color',(#13841),#8415,
  #12134);
#13841 = PRESENTATION_STYLE_ASSIGNMENT((#13842));
#13842 = SURFACE_STYLE_USAGE(.BOTH.,#13843);
#13843 = SURFACE_SIDE_STYLE('',(#13844));
#13844 = SURFACE_STYLE_FILL_AREA(#13845);
#13845 = FILL_AREA_STYLE('',(#13846));
#13846 = FILL_AREA_STYLE_COLOUR('',#13020);
#13847 = OVER_RIDING_STYLED_ITEM('overriding color',(#13848),#8443,
  #12134);
#13848 = PRESENTATION_STYLE_ASSIGNMENT((#13849));
#13849 = SURFACE_STYLE_USAGE(.BOTH.,#13850);
#13850 = SURFACE_SIDE_STYLE('',(#13851));
#13851 = SURFACE_STYLE_FILL_AREA(#13852);
#13852 = FILL_AREA_STYLE('',(#13853));
#13853 = FILL_AREA_STYLE_COLOUR('',#13020);
#13854 = OVER_RIDING_STYLED_ITEM('overriding color',(#13855),#8471,
  #12134);
#13855 = PRESENTATION_STYLE_ASSIGNMENT((#13856));
#13856 = SURFACE_STYLE_USAGE(.BOTH.,#13857);
#13857 = SURFACE_SIDE_STYLE('',(#13858));
#13858 = SURFACE_STYLE_FILL_AREA(#13859);
#13859 = FILL_AREA_STYLE('',(#13860));
#13860 = FILL_AREA_STYLE_COLOUR('',#13020);
#13861 = OVER_RIDING_STYLED_ITEM('overriding color',(#13862),#8499,
  #12134);
#13862 = PRESENTATION_STYLE_ASSIGNMENT((#13863));
#13863 = SURFACE_STYLE_USAGE(.BOTH.,#13864);
#13864 = SURFACE_SIDE_STYLE('',(#13865));
#13865 = SURFACE_STYLE_FILL_AREA(#13866);
#13866 = FILL_AREA_STYLE('',(#13867));
#13867 = FILL_AREA_STYLE_COLOUR('',#13020);
#13868 = OVER_RIDING_STYLED_ITEM('overriding color',(#13869),#8521,
  #12134);
#13869 = PRESENTATION_STYLE_ASSIGNMENT((#13870));
#13870 = SURFACE_STYLE_USAGE(.BOTH.,#13871);
#13871 = SURFACE_SIDE_STYLE('',(#13872));
#13872 = SURFACE_STYLE_FILL_AREA(#13873);
#13873 = FILL_AREA_STYLE('',(#13874));
#13874 = FILL_AREA_STYLE_COLOUR('',#13020);
#13875 = OVER_RIDING_STYLED_ITEM('overriding color',(#13876),#8537,
  #12134);
#13876 = PRESENTATION_STYLE_ASSIGNMENT((#13877));
#13877 = SURFACE_STYLE_USAGE(.BOTH.,#13878);
#13878 = SURFACE_SIDE_STYLE('',(#13879));
#13879 = SURFACE_STYLE_FILL_AREA(#13880);
#13880 = FILL_AREA_STYLE('',(#13881));
#13881 = FILL_AREA_STYLE_COLOUR('',#12149);
#13882 = OVER_RIDING_STYLED_ITEM('overriding color',(#13883),#8553,
  #12134);
#13883 = PRESENTATION_STYLE_ASSIGNMENT((#13884));
#13884 = SURFACE_STYLE_USAGE(.BOTH.,#13885);
#13885 = SURFACE_SIDE_STYLE('',(#13886));
#13886 = SURFACE_STYLE_FILL_AREA(#13887);
#13887 = FILL_AREA_STYLE('',(#13888));
#13888 = FILL_AREA_STYLE_COLOUR('',#13020);
#13889 = OVER_RIDING_STYLED_ITEM('overriding color',(#13890),#8587,
  #12134);
#13890 = PRESENTATION_STYLE_ASSIGNMENT((#13891));
#13891 = SURFACE_STYLE_USAGE(.BOTH.,#13892);
#13892 = SURFACE_SIDE_STYLE('',(#13893));
#13893 = SURFACE_STYLE_FILL_AREA(#13894);
#13894 = FILL_AREA_STYLE('',(#13895));
#13895 = FILL_AREA_STYLE_COLOUR('',#13020);
#13896 = OVER_RIDING_STYLED_ITEM('overriding color',(#13897),#8609,
  #12134);
#13897 = PRESENTATION_STYLE_ASSIGNMENT((#13898));
#13898 = SURFACE_STYLE_USAGE(.BOTH.,#13899);
#13899 = SURFACE_SIDE_STYLE('',(#13900));
#13900 = SURFACE_STYLE_FILL_AREA(#13901);
#13901 = FILL_AREA_STYLE('',(#13902));
#13902 = FILL_AREA_STYLE_COLOUR('',#13020);
#13903 = OVER_RIDING_STYLED_ITEM('overriding color',(#13904),#8637,
  #12134);
#13904 = PRESENTATION_STYLE_ASSIGNMENT((#13905));
#13905 = SURFACE_STYLE_USAGE(.BOTH.,#13906);
#13906 = SURFACE_SIDE_STYLE('',(#13907));
#13907 = SURFACE_STYLE_FILL_AREA(#13908);
#13908 = FILL_AREA_STYLE('',(#13909));
#13909 = FILL_AREA_STYLE_COLOUR('',#13020);
#13910 = OVER_RIDING_STYLED_ITEM('overriding color',(#13911),#8665,
  #12134);
#13911 = PRESENTATION_STYLE_ASSIGNMENT((#13912));
#13912 = SURFACE_STYLE_USAGE(.BOTH.,#13913);
#13913 = SURFACE_SIDE_STYLE('',(#13914));
#13914 = SURFACE_STYLE_FILL_AREA(#13915);
#13915 = FILL_AREA_STYLE('',(#13916));
#13916 = FILL_AREA_STYLE_COLOUR('',#13020);
#13917 = OVER_RIDING_STYLED_ITEM('overriding color',(#13918),#8693,
  #12134);
#13918 = PRESENTATION_STYLE_ASSIGNMENT((#13919));
#13919 = SURFACE_STYLE_USAGE(.BOTH.,#13920);
#13920 = SURFACE_SIDE_STYLE('',(#13921));
#13921 = SURFACE_STYLE_FILL_AREA(#13922);
#13922 = FILL_AREA_STYLE('',(#13923));
#13923 = FILL_AREA_STYLE_COLOUR('',#13020);
#13924 = OVER_RIDING_STYLED_ITEM('overriding color',(#13925),#8721,
  #12134);
#13925 = PRESENTATION_STYLE_ASSIGNMENT((#13926));
#13926 = SURFACE_STYLE_USAGE(.BOTH.,#13927);
#13927 = SURFACE_SIDE_STYLE('',(#13928));
#13928 = SURFACE_STYLE_FILL_AREA(#13929);
#13929 = FILL_AREA_STYLE('',(#13930));
#13930 = FILL_AREA_STYLE_COLOUR('',#13020);
#13931 = OVER_RIDING_STYLED_ITEM('overriding color',(#13932),#8749,
  #12134);
#13932 = PRESENTATION_STYLE_ASSIGNMENT((#13933));
#13933 = SURFACE_STYLE_USAGE(.BOTH.,#13934);
#13934 = SURFACE_SIDE_STYLE('',(#13935));
#13935 = SURFACE_STYLE_FILL_AREA(#13936);
#13936 = FILL_AREA_STYLE('',(#13937));
#13937 = FILL_AREA_STYLE_COLOUR('',#13020);
#13938 = OVER_RIDING_STYLED_ITEM('overriding color',(#13939),#8777,
  #12134);
#13939 = PRESENTATION_STYLE_ASSIGNMENT((#13940));
#13940 = SURFACE_STYLE_USAGE(.BOTH.,#13941);
#13941 = SURFACE_SIDE_STYLE('',(#13942));
#13942 = SURFACE_STYLE_FILL_AREA(#13943);
#13943 = FILL_AREA_STYLE('',(#13944));
#13944 = FILL_AREA_STYLE_COLOUR('',#13020);
#13945 = OVER_RIDING_STYLED_ITEM('overriding color',(#13946),#8805,
  #12134);
#13946 = PRESENTATION_STYLE_ASSIGNMENT((#13947));
#13947 = SURFACE_STYLE_USAGE(.BOTH.,#13948);
#13948 = SURFACE_SIDE_STYLE('',(#13949));
#13949 = SURFACE_STYLE_FILL_AREA(#13950);
#13950 = FILL_AREA_STYLE('',(#13951));
#13951 = FILL_AREA_STYLE_COLOUR('',#13020);
#13952 = OVER_RIDING_STYLED_ITEM('overriding color',(#13953),#8833,
  #12134);
#13953 = PRESENTATION_STYLE_ASSIGNMENT((#13954));
#13954 = SURFACE_STYLE_USAGE(.BOTH.,#13955);
#13955 = SURFACE_SIDE_STYLE('',(#13956));
#13956 = SURFACE_STYLE_FILL_AREA(#13957);
#13957 = FILL_AREA_STYLE('',(#13958));
#13958 = FILL_AREA_STYLE_COLOUR('',#13020);
#13959 = OVER_RIDING_STYLED_ITEM('overriding color',(#13960),#8861,
  #12134);
#13960 = PRESENTATION_STYLE_ASSIGNMENT((#13961));
#13961 = SURFACE_STYLE_USAGE(.BOTH.,#13962);
#13962 = SURFACE_SIDE_STYLE('',(#13963));
#13963 = SURFACE_STYLE_FILL_AREA(#13964);
#13964 = FILL_AREA_STYLE('',(#13965));
#13965 = FILL_AREA_STYLE_COLOUR('',#13020);
#13966 = OVER_RIDING_STYLED_ITEM('overriding color',(#13967),#8889,
  #12134);
#13967 = PRESENTATION_STYLE_ASSIGNMENT((#13968));
#13968 = SURFACE_STYLE_USAGE(.BOTH.,#13969);
#13969 = SURFACE_SIDE_STYLE('',(#13970));
#13970 = SURFACE_STYLE_FILL_AREA(#13971);
#13971 = FILL_AREA_STYLE('',(#13972));
#13972 = FILL_AREA_STYLE_COLOUR('',#13020);
#13973 = OVER_RIDING_STYLED_ITEM('overriding color',(#13974),#8911,
  #12134);
#13974 = PRESENTATION_STYLE_ASSIGNMENT((#13975));
#13975 = SURFACE_STYLE_USAGE(.BOTH.,#13976);
#13976 = SURFACE_SIDE_STYLE('',(#13977));
#13977 = SURFACE_STYLE_FILL_AREA(#13978);
#13978 = FILL_AREA_STYLE('',(#13979));
#13979 = FILL_AREA_STYLE_COLOUR('',#13020);
#13980 = OVER_RIDING_STYLED_ITEM('overriding color',(#13981),#8939,
  #12134);
#13981 = PRESENTATION_STYLE_ASSIGNMENT((#13982));
#13982 = SURFACE_STYLE_USAGE(.BOTH.,#13983);
#13983 = SURFACE_SIDE_STYLE('',(#13984));
#13984 = SURFACE_STYLE_FILL_AREA(#13985);
#13985 = FILL_AREA_STYLE('',(#13986));
#13986 = FILL_AREA_STYLE_COLOUR('',#13020);
#13987 = OVER_RIDING_STYLED_ITEM('overriding color',(#13988),#8967,
  #12134);
#13988 = PRESENTATION_STYLE_ASSIGNMENT((#13989));
#13989 = SURFACE_STYLE_USAGE(.BOTH.,#13990);
#13990 = SURFACE_SIDE_STYLE('',(#13991));
#13991 = SURFACE_STYLE_FILL_AREA(#13992);
#13992 = FILL_AREA_STYLE('',(#13993));
#13993 = FILL_AREA_STYLE_COLOUR('',#13020);
#13994 = OVER_RIDING_STYLED_ITEM('overriding color',(#13995),#8995,
  #12134);
#13995 = PRESENTATION_STYLE_ASSIGNMENT((#13996));
#13996 = SURFACE_STYLE_USAGE(.BOTH.,#13997);
#13997 = SURFACE_SIDE_STYLE('',(#13998));
#13998 = SURFACE_STYLE_FILL_AREA(#13999);
#13999 = FILL_AREA_STYLE('',(#14000));
#14000 = FILL_AREA_STYLE_COLOUR('',#13020);
#14001 = OVER_RIDING_STYLED_ITEM('overriding color',(#14002),#9023,
  #12134);
#14002 = PRESENTATION_STYLE_ASSIGNMENT((#14003));
#14003 = SURFACE_STYLE_USAGE(.BOTH.,#14004);
#14004 = SURFACE_SIDE_STYLE('',(#14005));
#14005 = SURFACE_STYLE_FILL_AREA(#14006);
#14006 = FILL_AREA_STYLE('',(#14007));
#14007 = FILL_AREA_STYLE_COLOUR('',#13020);
#14008 = OVER_RIDING_STYLED_ITEM('overriding color',(#14009),#9051,
  #12134);
#14009 = PRESENTATION_STYLE_ASSIGNMENT((#14010));
#14010 = SURFACE_STYLE_USAGE(.BOTH.,#14011);
#14011 = SURFACE_SIDE_STYLE('',(#14012));
#14012 = SURFACE_STYLE_FILL_AREA(#14013);
#14013 = FILL_AREA_STYLE('',(#14014));
#14014 = FILL_AREA_STYLE_COLOUR('',#13020);
#14015 = OVER_RIDING_STYLED_ITEM('overriding color',(#14016),#9079,
  #12134);
#14016 = PRESENTATION_STYLE_ASSIGNMENT((#14017));
#14017 = SURFACE_STYLE_USAGE(.BOTH.,#14018);
#14018 = SURFACE_SIDE_STYLE('',(#14019));
#14019 = SURFACE_STYLE_FILL_AREA(#14020);
#14020 = FILL_AREA_STYLE('',(#14021));
#14021 = FILL_AREA_STYLE_COLOUR('',#13020);
#14022 = OVER_RIDING_STYLED_ITEM('overriding color',(#14023),#9107,
  #12134);
#14023 = PRESENTATION_STYLE_ASSIGNMENT((#14024));
#14024 = SURFACE_STYLE_USAGE(.BOTH.,#14025);
#14025 = SURFACE_SIDE_STYLE('',(#14026));
#14026 = SURFACE_STYLE_FILL_AREA(#14027);
#14027 = FILL_AREA_STYLE('',(#14028));
#14028 = FILL_AREA_STYLE_COLOUR('',#13020);
#14029 = OVER_RIDING_STYLED_ITEM('overriding color',(#14030),#9129,
  #12134);
#14030 = PRESENTATION_STYLE_ASSIGNMENT((#14031));
#14031 = SURFACE_STYLE_USAGE(.BOTH.,#14032);
#14032 = SURFACE_SIDE_STYLE('',(#14033));
#14033 = SURFACE_STYLE_FILL_AREA(#14034);
#14034 = FILL_AREA_STYLE('',(#14035));
#14035 = FILL_AREA_STYLE_COLOUR('',#13020);
#14036 = OVER_RIDING_STYLED_ITEM('overriding color',(#14037),#9158,
  #12134);
#14037 = PRESENTATION_STYLE_ASSIGNMENT((#14038));
#14038 = SURFACE_STYLE_USAGE(.BOTH.,#14039);
#14039 = SURFACE_SIDE_STYLE('',(#14040));
#14040 = SURFACE_STYLE_FILL_AREA(#14041);
#14041 = FILL_AREA_STYLE('',(#14042));
#14042 = FILL_AREA_STYLE_COLOUR('',#13020);
#14043 = OVER_RIDING_STYLED_ITEM('overriding color',(#14044),#9186,
  #12134);
#14044 = PRESENTATION_STYLE_ASSIGNMENT((#14045));
#14045 = SURFACE_STYLE_USAGE(.BOTH.,#14046);
#14046 = SURFACE_SIDE_STYLE('',(#14047));
#14047 = SURFACE_STYLE_FILL_AREA(#14048);
#14048 = FILL_AREA_STYLE('',(#14049));
#14049 = FILL_AREA_STYLE_COLOUR('',#13020);
#14050 = OVER_RIDING_STYLED_ITEM('overriding color',(#14051),#9208,
  #12134);
#14051 = PRESENTATION_STYLE_ASSIGNMENT((#14052));
#14052 = SURFACE_STYLE_USAGE(.BOTH.,#14053);
#14053 = SURFACE_SIDE_STYLE('',(#14054));
#14054 = SURFACE_STYLE_FILL_AREA(#14055);
#14055 = FILL_AREA_STYLE('',(#14056));
#14056 = FILL_AREA_STYLE_COLOUR('',#13020);
#14057 = OVER_RIDING_STYLED_ITEM('overriding color',(#14058),#9236,
  #12134);
#14058 = PRESENTATION_STYLE_ASSIGNMENT((#14059));
#14059 = SURFACE_STYLE_USAGE(.BOTH.,#14060);
#14060 = SURFACE_SIDE_STYLE('',(#14061));
#14061 = SURFACE_STYLE_FILL_AREA(#14062);
#14062 = FILL_AREA_STYLE('',(#14063));
#14063 = FILL_AREA_STYLE_COLOUR('',#13020);
#14064 = OVER_RIDING_STYLED_ITEM('overriding color',(#14065),#9258,
  #12134);
#14065 = PRESENTATION_STYLE_ASSIGNMENT((#14066));
#14066 = SURFACE_STYLE_USAGE(.BOTH.,#14067);
#14067 = SURFACE_SIDE_STYLE('',(#14068));
#14068 = SURFACE_STYLE_FILL_AREA(#14069);
#14069 = FILL_AREA_STYLE('',(#14070));
#14070 = FILL_AREA_STYLE_COLOUR('',#13020);
#14071 = OVER_RIDING_STYLED_ITEM('overriding color',(#14072),#9280,
  #12134);
#14072 = PRESENTATION_STYLE_ASSIGNMENT((#14073));
#14073 = SURFACE_STYLE_USAGE(.BOTH.,#14074);
#14074 = SURFACE_SIDE_STYLE('',(#14075));
#14075 = SURFACE_STYLE_FILL_AREA(#14076);
#14076 = FILL_AREA_STYLE('',(#14077));
#14077 = FILL_AREA_STYLE_COLOUR('',#13020);
#14078 = OVER_RIDING_STYLED_ITEM('overriding color',(#14079),#9302,
  #12134);
#14079 = PRESENTATION_STYLE_ASSIGNMENT((#14080));
#14080 = SURFACE_STYLE_USAGE(.BOTH.,#14081);
#14081 = SURFACE_SIDE_STYLE('',(#14082));
#14082 = SURFACE_STYLE_FILL_AREA(#14083);
#14083 = FILL_AREA_STYLE('',(#14084));
#14084 = FILL_AREA_STYLE_COLOUR('',#13020);
#14085 = OVER_RIDING_STYLED_ITEM('overriding color',(#14086),#9324,
  #12134);
#14086 = PRESENTATION_STYLE_ASSIGNMENT((#14087));
#14087 = SURFACE_STYLE_USAGE(.BOTH.,#14088);
#14088 = SURFACE_SIDE_STYLE('',(#14089));
#14089 = SURFACE_STYLE_FILL_AREA(#14090);
#14090 = FILL_AREA_STYLE('',(#14091));
#14091 = FILL_AREA_STYLE_COLOUR('',#13020);
#14092 = OVER_RIDING_STYLED_ITEM('overriding color',(#14093),#9346,
  #12134);
#14093 = PRESENTATION_STYLE_ASSIGNMENT((#14094));
#14094 = SURFACE_STYLE_USAGE(.BOTH.,#14095);
#14095 = SURFACE_SIDE_STYLE('',(#14096));
#14096 = SURFACE_STYLE_FILL_AREA(#14097);
#14097 = FILL_AREA_STYLE('',(#14098));
#14098 = FILL_AREA_STYLE_COLOUR('',#13020);
#14099 = OVER_RIDING_STYLED_ITEM('overriding color',(#14100),#9368,
  #12134);
#14100 = PRESENTATION_STYLE_ASSIGNMENT((#14101));
#14101 = SURFACE_STYLE_USAGE(.BOTH.,#14102);
#14102 = SURFACE_SIDE_STYLE('',(#14103));
#14103 = SURFACE_STYLE_FILL_AREA(#14104);
#14104 = FILL_AREA_STYLE('',(#14105));
#14105 = FILL_AREA_STYLE_COLOUR('',#13020);
#14106 = OVER_RIDING_STYLED_ITEM('overriding color',(#14107),#9396,
  #12134);
#14107 = PRESENTATION_STYLE_ASSIGNMENT((#14108));
#14108 = SURFACE_STYLE_USAGE(.BOTH.,#14109);
#14109 = SURFACE_SIDE_STYLE('',(#14110));
#14110 = SURFACE_STYLE_FILL_AREA(#14111);
#14111 = FILL_AREA_STYLE('',(#14112));
#14112 = FILL_AREA_STYLE_COLOUR('',#13020);
#14113 = OVER_RIDING_STYLED_ITEM('overriding color',(#14114),#9424,
  #12134);
#14114 = PRESENTATION_STYLE_ASSIGNMENT((#14115));
#14115 = SURFACE_STYLE_USAGE(.BOTH.,#14116);
#14116 = SURFACE_SIDE_STYLE('',(#14117));
#14117 = SURFACE_STYLE_FILL_AREA(#14118);
#14118 = FILL_AREA_STYLE('',(#14119));
#14119 = FILL_AREA_STYLE_COLOUR('',#13020);
#14120 = OVER_RIDING_STYLED_ITEM('overriding color',(#14121),#9446,
  #12134);
#14121 = PRESENTATION_STYLE_ASSIGNMENT((#14122));
#14122 = SURFACE_STYLE_USAGE(.BOTH.,#14123);
#14123 = SURFACE_SIDE_STYLE('',(#14124));
#14124 = SURFACE_STYLE_FILL_AREA(#14125);
#14125 = FILL_AREA_STYLE('',(#14126));
#14126 = FILL_AREA_STYLE_COLOUR('',#13020);
#14127 = OVER_RIDING_STYLED_ITEM('overriding color',(#14128),#9474,
  #12134);
#14128 = PRESENTATION_STYLE_ASSIGNMENT((#14129));
#14129 = SURFACE_STYLE_USAGE(.BOTH.,#14130);
#14130 = SURFACE_SIDE_STYLE('',(#14131));
#14131 = SURFACE_STYLE_FILL_AREA(#14132);
#14132 = FILL_AREA_STYLE('',(#14133));
#14133 = FILL_AREA_STYLE_COLOUR('',#13020);
#14134 = OVER_RIDING_STYLED_ITEM('overriding color',(#14135),#9502,
  #12134);
#14135 = PRESENTATION_STYLE_ASSIGNMENT((#14136));
#14136 = SURFACE_STYLE_USAGE(.BOTH.,#14137);
#14137 = SURFACE_SIDE_STYLE('',(#14138));
#14138 = SURFACE_STYLE_FILL_AREA(#14139);
#14139 = FILL_AREA_STYLE('',(#14140));
#14140 = FILL_AREA_STYLE_COLOUR('',#13020);
#14141 = OVER_RIDING_STYLED_ITEM('overriding color',(#14142),#9518,
  #12134);
#14142 = PRESENTATION_STYLE_ASSIGNMENT((#14143));
#14143 = SURFACE_STYLE_USAGE(.BOTH.,#14144);
#14144 = SURFACE_SIDE_STYLE('',(#14145));
#14145 = SURFACE_STYLE_FILL_AREA(#14146);
#14146 = FILL_AREA_STYLE('',(#14147));
#14147 = FILL_AREA_STYLE_COLOUR('',#13020);
#14148 = OVER_RIDING_STYLED_ITEM('overriding color',(#14149),#9541,
  #12134);
#14149 = PRESENTATION_STYLE_ASSIGNMENT((#14150));
#14150 = SURFACE_STYLE_USAGE(.BOTH.,#14151);
#14151 = SURFACE_SIDE_STYLE('',(#14152));
#14152 = SURFACE_STYLE_FILL_AREA(#14153);
#14153 = FILL_AREA_STYLE('',(#14154));
#14154 = FILL_AREA_STYLE_COLOUR('',#13020);
#14155 = OVER_RIDING_STYLED_ITEM('overriding color',(#14156),#9569,
  #12134);
#14156 = PRESENTATION_STYLE_ASSIGNMENT((#14157));
#14157 = SURFACE_STYLE_USAGE(.BOTH.,#14158);
#14158 = SURFACE_SIDE_STYLE('',(#14159));
#14159 = SURFACE_STYLE_FILL_AREA(#14160);
#14160 = FILL_AREA_STYLE('',(#14161));
#14161 = FILL_AREA_STYLE_COLOUR('',#13020);
#14162 = OVER_RIDING_STYLED_ITEM('overriding color',(#14163),#9591,
  #12134);
#14163 = PRESENTATION_STYLE_ASSIGNMENT((#14164));
#14164 = SURFACE_STYLE_USAGE(.BOTH.,#14165);
#14165 = SURFACE_SIDE_STYLE('',(#14166));
#14166 = SURFACE_STYLE_FILL_AREA(#14167);
#14167 = FILL_AREA_STYLE('',(#14168));
#14168 = FILL_AREA_STYLE_COLOUR('',#13020);
#14169 = OVER_RIDING_STYLED_ITEM('overriding color',(#14170),#9613,
  #12134);
#14170 = PRESENTATION_STYLE_ASSIGNMENT((#14171));
#14171 = SURFACE_STYLE_USAGE(.BOTH.,#14172);
#14172 = SURFACE_SIDE_STYLE('',(#14173));
#14173 = SURFACE_STYLE_FILL_AREA(#14174);
#14174 = FILL_AREA_STYLE('',(#14175));
#14175 = FILL_AREA_STYLE_COLOUR('',#13020);
#14176 = OVER_RIDING_STYLED_ITEM('overriding color',(#14177),#9635,
  #12134);
#14177 = PRESENTATION_STYLE_ASSIGNMENT((#14178));
#14178 = SURFACE_STYLE_USAGE(.BOTH.,#14179);
#14179 = SURFACE_SIDE_STYLE('',(#14180));
#14180 = SURFACE_STYLE_FILL_AREA(#14181);
#14181 = FILL_AREA_STYLE('',(#14182));
#14182 = FILL_AREA_STYLE_COLOUR('',#13020);
#14183 = OVER_RIDING_STYLED_ITEM('overriding color',(#14184),#9657,
  #12134);
#14184 = PRESENTATION_STYLE_ASSIGNMENT((#14185));
#14185 = SURFACE_STYLE_USAGE(.BOTH.,#14186);
#14186 = SURFACE_SIDE_STYLE('',(#14187));
#14187 = SURFACE_STYLE_FILL_AREA(#14188);
#14188 = FILL_AREA_STYLE('',(#14189));
#14189 = FILL_AREA_STYLE_COLOUR('',#13020);
#14190 = OVER_RIDING_STYLED_ITEM('overriding color',(#14191),#9679,
  #12134);
#14191 = PRESENTATION_STYLE_ASSIGNMENT((#14192));
#14192 = SURFACE_STYLE_USAGE(.BOTH.,#14193);
#14193 = SURFACE_SIDE_STYLE('',(#14194));
#14194 = SURFACE_STYLE_FILL_AREA(#14195);
#14195 = FILL_AREA_STYLE('',(#14196));
#14196 = FILL_AREA_STYLE_COLOUR('',#13020);
#14197 = OVER_RIDING_STYLED_ITEM('overriding color',(#14198),#9701,
  #12134);
#14198 = PRESENTATION_STYLE_ASSIGNMENT((#14199));
#14199 = SURFACE_STYLE_USAGE(.BOTH.,#14200);
#14200 = SURFACE_SIDE_STYLE('',(#14201));
#14201 = SURFACE_STYLE_FILL_AREA(#14202);
#14202 = FILL_AREA_STYLE('',(#14203));
#14203 = FILL_AREA_STYLE_COLOUR('',#13020);
#14204 = OVER_RIDING_STYLED_ITEM('overriding color',(#14205),#9723,
  #12134);
#14205 = PRESENTATION_STYLE_ASSIGNMENT((#14206));
#14206 = SURFACE_STYLE_USAGE(.BOTH.,#14207);
#14207 = SURFACE_SIDE_STYLE('',(#14208));
#14208 = SURFACE_STYLE_FILL_AREA(#14209);
#14209 = FILL_AREA_STYLE('',(#14210));
#14210 = FILL_AREA_STYLE_COLOUR('',#13020);
#14211 = OVER_RIDING_STYLED_ITEM('overriding color',(#14212),#9745,
  #12134);
#14212 = PRESENTATION_STYLE_ASSIGNMENT((#14213));
#14213 = SURFACE_STYLE_USAGE(.BOTH.,#14214);
#14214 = SURFACE_SIDE_STYLE('',(#14215));
#14215 = SURFACE_STYLE_FILL_AREA(#14216);
#14216 = FILL_AREA_STYLE('',(#14217));
#14217 = FILL_AREA_STYLE_COLOUR('',#13020);
#14218 = OVER_RIDING_STYLED_ITEM('overriding color',(#14219),#9767,
  #12134);
#14219 = PRESENTATION_STYLE_ASSIGNMENT((#14220));
#14220 = SURFACE_STYLE_USAGE(.BOTH.,#14221);
#14221 = SURFACE_SIDE_STYLE('',(#14222));
#14222 = SURFACE_STYLE_FILL_AREA(#14223);
#14223 = FILL_AREA_STYLE('',(#14224));
#14224 = FILL_AREA_STYLE_COLOUR('',#13020);
#14225 = OVER_RIDING_STYLED_ITEM('overriding color',(#14226),#9789,
  #12134);
#14226 = PRESENTATION_STYLE_ASSIGNMENT((#14227));
#14227 = SURFACE_STYLE_USAGE(.BOTH.,#14228);
#14228 = SURFACE_SIDE_STYLE('',(#14229));
#14229 = SURFACE_STYLE_FILL_AREA(#14230);
#14230 = FILL_AREA_STYLE('',(#14231));
#14231 = FILL_AREA_STYLE_COLOUR('',#13020);
#14232 = OVER_RIDING_STYLED_ITEM('overriding color',(#14233),#9805,
  #12134);
#14233 = PRESENTATION_STYLE_ASSIGNMENT((#14234));
#14234 = SURFACE_STYLE_USAGE(.BOTH.,#14235);
#14235 = SURFACE_SIDE_STYLE('',(#14236));
#14236 = SURFACE_STYLE_FILL_AREA(#14237);
#14237 = FILL_AREA_STYLE('',(#14238));
#14238 = FILL_AREA_STYLE_COLOUR('',#13020);
#14239 = OVER_RIDING_STYLED_ITEM('overriding color',(#14240),#9825,
  #12134);
#14240 = PRESENTATION_STYLE_ASSIGNMENT((#14241));
#14241 = SURFACE_STYLE_USAGE(.BOTH.,#14242);
#14242 = SURFACE_SIDE_STYLE('',(#14243));
#14243 = SURFACE_STYLE_FILL_AREA(#14244);
#14244 = FILL_AREA_STYLE('',(#14245));
#14245 = FILL_AREA_STYLE_COLOUR('',#13020);
#14246 = OVER_RIDING_STYLED_ITEM('overriding color',(#14247),#9949,
  #12134);
#14247 = PRESENTATION_STYLE_ASSIGNMENT((#14248));
#14248 = SURFACE_STYLE_USAGE(.BOTH.,#14249);
#14249 = SURFACE_SIDE_STYLE('',(#14250));
#14250 = SURFACE_STYLE_FILL_AREA(#14251);
#14251 = FILL_AREA_STYLE('',(#14252));
#14252 = FILL_AREA_STYLE_COLOUR('',#13020);
#14253 = OVER_RIDING_STYLED_ITEM('overriding color',(#14254),#9969,
  #12134);
#14254 = PRESENTATION_STYLE_ASSIGNMENT((#14255));
#14255 = SURFACE_STYLE_USAGE(.BOTH.,#14256);
#14256 = SURFACE_SIDE_STYLE('',(#14257));
#14257 = SURFACE_STYLE_FILL_AREA(#14258);
#14258 = FILL_AREA_STYLE('',(#14259));
#14259 = FILL_AREA_STYLE_COLOUR('',#13020);
#14260 = OVER_RIDING_STYLED_ITEM('overriding color',(#14261),#9989,
  #12134);
#14261 = PRESENTATION_STYLE_ASSIGNMENT((#14262));
#14262 = SURFACE_STYLE_USAGE(.BOTH.,#14263);
#14263 = SURFACE_SIDE_STYLE('',(#14264));
#14264 = SURFACE_STYLE_FILL_AREA(#14265);
#14265 = FILL_AREA_STYLE('',(#14266));
#14266 = FILL_AREA_STYLE_COLOUR('',#13020);
#14267 = OVER_RIDING_STYLED_ITEM('overriding color',(#14268),#10009,
  #12134);
#14268 = PRESENTATION_STYLE_ASSIGNMENT((#14269));
#14269 = SURFACE_STYLE_USAGE(.BOTH.,#14270);
#14270 = SURFACE_SIDE_STYLE('',(#14271));
#14271 = SURFACE_STYLE_FILL_AREA(#14272);
#14272 = FILL_AREA_STYLE('',(#14273));
#14273 = FILL_AREA_STYLE_COLOUR('',#13020);
#14274 = OVER_RIDING_STYLED_ITEM('overriding color',(#14275),#10029,
  #12134);
#14275 = PRESENTATION_STYLE_ASSIGNMENT((#14276));
#14276 = SURFACE_STYLE_USAGE(.BOTH.,#14277);
#14277 = SURFACE_SIDE_STYLE('',(#14278));
#14278 = SURFACE_STYLE_FILL_AREA(#14279);
#14279 = FILL_AREA_STYLE('',(#14280));
#14280 = FILL_AREA_STYLE_COLOUR('',#13020);
#14281 = OVER_RIDING_STYLED_ITEM('overriding color',(#14282),#10049,
  #12134);
#14282 = PRESENTATION_STYLE_ASSIGNMENT((#14283));
#14283 = SURFACE_STYLE_USAGE(.BOTH.,#14284);
#14284 = SURFACE_SIDE_STYLE('',(#14285));
#14285 = SURFACE_STYLE_FILL_AREA(#14286);
#14286 = FILL_AREA_STYLE('',(#14287));
#14287 = FILL_AREA_STYLE_COLOUR('',#13020);
#14288 = OVER_RIDING_STYLED_ITEM('overriding color',(#14289),#10065,
  #12134);
#14289 = PRESENTATION_STYLE_ASSIGNMENT((#14290));
#14290 = SURFACE_STYLE_USAGE(.BOTH.,#14291);
#14291 = SURFACE_SIDE_STYLE('',(#14292));
#14292 = SURFACE_STYLE_FILL_AREA(#14293);
#14293 = FILL_AREA_STYLE('',(#14294));
#14294 = FILL_AREA_STYLE_COLOUR('',#13020);
#14295 = OVER_RIDING_STYLED_ITEM('overriding color',(#14296),#10077,
  #12134);
#14296 = PRESENTATION_STYLE_ASSIGNMENT((#14297));
#14297 = SURFACE_STYLE_USAGE(.BOTH.,#14298);
#14298 = SURFACE_SIDE_STYLE('',(#14299));
#14299 = SURFACE_STYLE_FILL_AREA(#14300);
#14300 = FILL_AREA_STYLE('',(#14301));
#14301 = FILL_AREA_STYLE_COLOUR('',#13020);
#14302 = OVER_RIDING_STYLED_ITEM('overriding color',(#14303),#10105,
  #12134);
#14303 = PRESENTATION_STYLE_ASSIGNMENT((#14304));
#14304 = SURFACE_STYLE_USAGE(.BOTH.,#14305);
#14305 = SURFACE_SIDE_STYLE('',(#14306));
#14306 = SURFACE_STYLE_FILL_AREA(#14307);
#14307 = FILL_AREA_STYLE('',(#14308));
#14308 = FILL_AREA_STYLE_COLOUR('',#13020);
#14309 = OVER_RIDING_STYLED_ITEM('overriding color',(#14310),#10127,
  #12134);
#14310 = PRESENTATION_STYLE_ASSIGNMENT((#14311));
#14311 = SURFACE_STYLE_USAGE(.BOTH.,#14312);
#14312 = SURFACE_SIDE_STYLE('',(#14313));
#14313 = SURFACE_STYLE_FILL_AREA(#14314);
#14314 = FILL_AREA_STYLE('',(#14315));
#14315 = FILL_AREA_STYLE_COLOUR('',#13020);
#14316 = OVER_RIDING_STYLED_ITEM('overriding color',(#14317),#10149,
  #12134);
#14317 = PRESENTATION_STYLE_ASSIGNMENT((#14318));
#14318 = SURFACE_STYLE_USAGE(.BOTH.,#14319);
#14319 = SURFACE_SIDE_STYLE('',(#14320));
#14320 = SURFACE_STYLE_FILL_AREA(#14321);
#14321 = FILL_AREA_STYLE('',(#14322));
#14322 = FILL_AREA_STYLE_COLOUR('',#13020);
#14323 = OVER_RIDING_STYLED_ITEM('overriding color',(#14324),#10177,
  #12134);
#14324 = PRESENTATION_STYLE_ASSIGNMENT((#14325));
#14325 = SURFACE_STYLE_USAGE(.BOTH.,#14326);
#14326 = SURFACE_SIDE_STYLE('',(#14327));
#14327 = SURFACE_STYLE_FILL_AREA(#14328);
#14328 = FILL_AREA_STYLE('',(#14329));
#14329 = FILL_AREA_STYLE_COLOUR('',#13020);
#14330 = OVER_RIDING_STYLED_ITEM('overriding color',(#14331),#10205,
  #12134);
#14331 = PRESENTATION_STYLE_ASSIGNMENT((#14332));
#14332 = SURFACE_STYLE_USAGE(.BOTH.,#14333);
#14333 = SURFACE_SIDE_STYLE('',(#14334));
#14334 = SURFACE_STYLE_FILL_AREA(#14335);
#14335 = FILL_AREA_STYLE('',(#14336));
#14336 = FILL_AREA_STYLE_COLOUR('',#13020);
#14337 = OVER_RIDING_STYLED_ITEM('overriding color',(#14338),#10233,
  #12134);
#14338 = PRESENTATION_STYLE_ASSIGNMENT((#14339));
#14339 = SURFACE_STYLE_USAGE(.BOTH.,#14340);
#14340 = SURFACE_SIDE_STYLE('',(#14341));
#14341 = SURFACE_STYLE_FILL_AREA(#14342);
#14342 = FILL_AREA_STYLE('',(#14343));
#14343 = FILL_AREA_STYLE_COLOUR('',#13020);
#14344 = OVER_RIDING_STYLED_ITEM('overriding color',(#14345),#10255,
  #12134);
#14345 = PRESENTATION_STYLE_ASSIGNMENT((#14346));
#14346 = SURFACE_STYLE_USAGE(.BOTH.,#14347);
#14347 = SURFACE_SIDE_STYLE('',(#14348));
#14348 = SURFACE_STYLE_FILL_AREA(#14349);
#14349 = FILL_AREA_STYLE('',(#14350));
#14350 = FILL_AREA_STYLE_COLOUR('',#12149);
#14351 = OVER_RIDING_STYLED_ITEM('overriding color',(#14352),#10270,
  #12134);
#14352 = PRESENTATION_STYLE_ASSIGNMENT((#14353));
#14353 = SURFACE_STYLE_USAGE(.BOTH.,#14354);
#14354 = SURFACE_SIDE_STYLE('',(#14355));
#14355 = SURFACE_STYLE_FILL_AREA(#14356);
#14356 = FILL_AREA_STYLE('',(#14357));
#14357 = FILL_AREA_STYLE_COLOUR('',#13020);
#14358 = OVER_RIDING_STYLED_ITEM('overriding color',(#14359),#10382,
  #12134);
#14359 = PRESENTATION_STYLE_ASSIGNMENT((#14360));
#14360 = SURFACE_STYLE_USAGE(.BOTH.,#14361);
#14361 = SURFACE_SIDE_STYLE('',(#14362));
#14362 = SURFACE_STYLE_FILL_AREA(#14363);
#14363 = FILL_AREA_STYLE('',(#14364));
#14364 = FILL_AREA_STYLE_COLOUR('',#13020);
#14365 = OVER_RIDING_STYLED_ITEM('overriding color',(#14366),#10402,
  #12134);
#14366 = PRESENTATION_STYLE_ASSIGNMENT((#14367));
#14367 = SURFACE_STYLE_USAGE(.BOTH.,#14368);
#14368 = SURFACE_SIDE_STYLE('',(#14369));
#14369 = SURFACE_STYLE_FILL_AREA(#14370);
#14370 = FILL_AREA_STYLE('',(#14371));
#14371 = FILL_AREA_STYLE_COLOUR('',#13020);
#14372 = OVER_RIDING_STYLED_ITEM('overriding color',(#14373),#10418,
  #12134);
#14373 = PRESENTATION_STYLE_ASSIGNMENT((#14374));
#14374 = SURFACE_STYLE_USAGE(.BOTH.,#14375);
#14375 = SURFACE_SIDE_STYLE('',(#14376));
#14376 = SURFACE_STYLE_FILL_AREA(#14377);
#14377 = FILL_AREA_STYLE('',(#14378));
#14378 = FILL_AREA_STYLE_COLOUR('',#13020);
#14379 = OVER_RIDING_STYLED_ITEM('overriding color',(#14380),#10434,
  #12134);
#14380 = PRESENTATION_STYLE_ASSIGNMENT((#14381));
#14381 = SURFACE_STYLE_USAGE(.BOTH.,#14382);
#14382 = SURFACE_SIDE_STYLE('',(#14383));
#14383 = SURFACE_STYLE_FILL_AREA(#14384);
#14384 = FILL_AREA_STYLE('',(#14385));
#14385 = FILL_AREA_STYLE_COLOUR('',#13020);
#14386 = OVER_RIDING_STYLED_ITEM('overriding color',(#14387),#10450,
  #12134);
#14387 = PRESENTATION_STYLE_ASSIGNMENT((#14388));
#14388 = SURFACE_STYLE_USAGE(.BOTH.,#14389);
#14389 = SURFACE_SIDE_STYLE('',(#14390));
#14390 = SURFACE_STYLE_FILL_AREA(#14391);
#14391 = FILL_AREA_STYLE('',(#14392));
#14392 = FILL_AREA_STYLE_COLOUR('',#13020);
#14393 = OVER_RIDING_STYLED_ITEM('overriding color',(#14394),#10466,
  #12134);
#14394 = PRESENTATION_STYLE_ASSIGNMENT((#14395));
#14395 = SURFACE_STYLE_USAGE(.BOTH.,#14396);
#14396 = SURFACE_SIDE_STYLE('',(#14397));
#14397 = SURFACE_STYLE_FILL_AREA(#14398);
#14398 = FILL_AREA_STYLE('',(#14399));
#14399 = FILL_AREA_STYLE_COLOUR('',#13020);
#14400 = OVER_RIDING_STYLED_ITEM('overriding color',(#14401),#10482,
  #12134);
#14401 = PRESENTATION_STYLE_ASSIGNMENT((#14402));
#14402 = SURFACE_STYLE_USAGE(.BOTH.,#14403);
#14403 = SURFACE_SIDE_STYLE('',(#14404));
#14404 = SURFACE_STYLE_FILL_AREA(#14405);
#14405 = FILL_AREA_STYLE('',(#14406));
#14406 = FILL_AREA_STYLE_COLOUR('',#13020);
#14407 = OVER_RIDING_STYLED_ITEM('overriding color',(#14408),#10498,
  #12134);
#14408 = PRESENTATION_STYLE_ASSIGNMENT((#14409));
#14409 = SURFACE_STYLE_USAGE(.BOTH.,#14410);
#14410 = SURFACE_SIDE_STYLE('',(#14411));
#14411 = SURFACE_STYLE_FILL_AREA(#14412);
#14412 = FILL_AREA_STYLE('',(#14413));
#14413 = FILL_AREA_STYLE_COLOUR('',#13020);
#14414 = OVER_RIDING_STYLED_ITEM('overriding color',(#14415),#10510,
  #12134);
#14415 = PRESENTATION_STYLE_ASSIGNMENT((#14416));
#14416 = SURFACE_STYLE_USAGE(.BOTH.,#14417);
#14417 = SURFACE_SIDE_STYLE('',(#14418));
#14418 = SURFACE_STYLE_FILL_AREA(#14419);
#14419 = FILL_AREA_STYLE('',(#14420));
#14420 = FILL_AREA_STYLE_COLOUR('',#13020);
#14421 = OVER_RIDING_STYLED_ITEM('overriding color',(#14422),#10538,
  #12134);
#14422 = PRESENTATION_STYLE_ASSIGNMENT((#14423));
#14423 = SURFACE_STYLE_USAGE(.BOTH.,#14424);
#14424 = SURFACE_SIDE_STYLE('',(#14425));
#14425 = SURFACE_STYLE_FILL_AREA(#14426);
#14426 = FILL_AREA_STYLE('',(#14427));
#14427 = FILL_AREA_STYLE_COLOUR('',#13020);
#14428 = OVER_RIDING_STYLED_ITEM('overriding color',(#14429),#10560,
  #12134);
#14429 = PRESENTATION_STYLE_ASSIGNMENT((#14430));
#14430 = SURFACE_STYLE_USAGE(.BOTH.,#14431);
#14431 = SURFACE_SIDE_STYLE('',(#14432));
#14432 = SURFACE_STYLE_FILL_AREA(#14433);
#14433 = FILL_AREA_STYLE('',(#14434));
#14434 = FILL_AREA_STYLE_COLOUR('',#13020);
#14435 = OVER_RIDING_STYLED_ITEM('overriding color',(#14436),#10588,
  #12134);
#14436 = PRESENTATION_STYLE_ASSIGNMENT((#14437));
#14437 = SURFACE_STYLE_USAGE(.BOTH.,#14438);
#14438 = SURFACE_SIDE_STYLE('',(#14439));
#14439 = SURFACE_STYLE_FILL_AREA(#14440);
#14440 = FILL_AREA_STYLE('',(#14441));
#14441 = FILL_AREA_STYLE_COLOUR('',#13020);
#14442 = OVER_RIDING_STYLED_ITEM('overriding color',(#14443),#10610,
  #12134);
#14443 = PRESENTATION_STYLE_ASSIGNMENT((#14444));
#14444 = SURFACE_STYLE_USAGE(.BOTH.,#14445);
#14445 = SURFACE_SIDE_STYLE('',(#14446));
#14446 = SURFACE_STYLE_FILL_AREA(#14447);
#14447 = FILL_AREA_STYLE('',(#14448));
#14448 = FILL_AREA_STYLE_COLOUR('',#13020);
#14449 = OVER_RIDING_STYLED_ITEM('overriding color',(#14450),#10638,
  #12134);
#14450 = PRESENTATION_STYLE_ASSIGNMENT((#14451));
#14451 = SURFACE_STYLE_USAGE(.BOTH.,#14452);
#14452 = SURFACE_SIDE_STYLE('',(#14453));
#14453 = SURFACE_STYLE_FILL_AREA(#14454);
#14454 = FILL_AREA_STYLE('',(#14455));
#14455 = FILL_AREA_STYLE_COLOUR('',#13020);
#14456 = OVER_RIDING_STYLED_ITEM('overriding color',(#14457),#10654,
  #12134);
#14457 = PRESENTATION_STYLE_ASSIGNMENT((#14458));
#14458 = SURFACE_STYLE_USAGE(.BOTH.,#14459);
#14459 = SURFACE_SIDE_STYLE('',(#14460));
#14460 = SURFACE_STYLE_FILL_AREA(#14461);
#14461 = FILL_AREA_STYLE('',(#14462));
#14462 = FILL_AREA_STYLE_COLOUR('',#12149);
#14463 = OVER_RIDING_STYLED_ITEM('overriding color',(#14464),#10668,
  #12134);
#14464 = PRESENTATION_STYLE_ASSIGNMENT((#14465));
#14465 = SURFACE_STYLE_USAGE(.BOTH.,#14466);
#14466 = SURFACE_SIDE_STYLE('',(#14467));
#14467 = SURFACE_STYLE_FILL_AREA(#14468);
#14468 = FILL_AREA_STYLE('',(#14469));
#14469 = FILL_AREA_STYLE_COLOUR('',#13020);
#14470 = OVER_RIDING_STYLED_ITEM('overriding color',(#14471),#10988,
  #12134);
#14471 = PRESENTATION_STYLE_ASSIGNMENT((#14472));
#14472 = SURFACE_STYLE_USAGE(.BOTH.,#14473);
#14473 = SURFACE_SIDE_STYLE('',(#14474));
#14474 = SURFACE_STYLE_FILL_AREA(#14475);
#14475 = FILL_AREA_STYLE('',(#14476));
#14476 = FILL_AREA_STYLE_COLOUR('',#13020);
#14477 = OVER_RIDING_STYLED_ITEM('overriding color',(#14478),#11012,
  #12134);
#14478 = PRESENTATION_STYLE_ASSIGNMENT((#14479));
#14479 = SURFACE_STYLE_USAGE(.BOTH.,#14480);
#14480 = SURFACE_SIDE_STYLE('',(#14481));
#14481 = SURFACE_STYLE_FILL_AREA(#14482);
#14482 = FILL_AREA_STYLE('',(#14483));
#14483 = FILL_AREA_STYLE_COLOUR('',#13020);
#14484 = OVER_RIDING_STYLED_ITEM('overriding color',(#14485),#11032,
  #12134);
#14485 = PRESENTATION_STYLE_ASSIGNMENT((#14486));
#14486 = SURFACE_STYLE_USAGE(.BOTH.,#14487);
#14487 = SURFACE_SIDE_STYLE('',(#14488));
#14488 = SURFACE_STYLE_FILL_AREA(#14489);
#14489 = FILL_AREA_STYLE('',(#14490));
#14490 = FILL_AREA_STYLE_COLOUR('',#13020);
#14491 = OVER_RIDING_STYLED_ITEM('overriding color',(#14492),#11052,
  #12134);
#14492 = PRESENTATION_STYLE_ASSIGNMENT((#14493));
#14493 = SURFACE_STYLE_USAGE(.BOTH.,#14494);
#14494 = SURFACE_SIDE_STYLE('',(#14495));
#14495 = SURFACE_STYLE_FILL_AREA(#14496);
#14496 = FILL_AREA_STYLE('',(#14497));
#14497 = FILL_AREA_STYLE_COLOUR('',#13020);
#14498 = OVER_RIDING_STYLED_ITEM('overriding color',(#14499),#11072,
  #12134);
#14499 = PRESENTATION_STYLE_ASSIGNMENT((#14500));
#14500 = SURFACE_STYLE_USAGE(.BOTH.,#14501);
#14501 = SURFACE_SIDE_STYLE('',(#14502));
#14502 = SURFACE_STYLE_FILL_AREA(#14503);
#14503 = FILL_AREA_STYLE('',(#14504));
#14504 = FILL_AREA_STYLE_COLOUR('',#13020);
#14505 = OVER_RIDING_STYLED_ITEM('overriding color',(#14506),#11092,
  #12134);
#14506 = PRESENTATION_STYLE_ASSIGNMENT((#14507));
#14507 = SURFACE_STYLE_USAGE(.BOTH.,#14508);
#14508 = SURFACE_SIDE_STYLE('',(#14509));
#14509 = SURFACE_STYLE_FILL_AREA(#14510);
#14510 = FILL_AREA_STYLE('',(#14511));
#14511 = FILL_AREA_STYLE_COLOUR('',#13020);
#14512 = OVER_RIDING_STYLED_ITEM('overriding color',(#14513),#11112,
  #12134);
#14513 = PRESENTATION_STYLE_ASSIGNMENT((#14514));
#14514 = SURFACE_STYLE_USAGE(.BOTH.,#14515);
#14515 = SURFACE_SIDE_STYLE('',(#14516));
#14516 = SURFACE_STYLE_FILL_AREA(#14517);
#14517 = FILL_AREA_STYLE('',(#14518));
#14518 = FILL_AREA_STYLE_COLOUR('',#13020);
#14519 = OVER_RIDING_STYLED_ITEM('overriding color',(#14520),#11132,
  #12134);
#14520 = PRESENTATION_STYLE_ASSIGNMENT((#14521));
#14521 = SURFACE_STYLE_USAGE(.BOTH.,#14522);
#14522 = SURFACE_SIDE_STYLE('',(#14523));
#14523 = SURFACE_STYLE_FILL_AREA(#14524);
#14524 = FILL_AREA_STYLE('',(#14525));
#14525 = FILL_AREA_STYLE_COLOUR('',#13020);
#14526 = OVER_RIDING_STYLED_ITEM('overriding color',(#14527),#11152,
  #12134);
#14527 = PRESENTATION_STYLE_ASSIGNMENT((#14528));
#14528 = SURFACE_STYLE_USAGE(.BOTH.,#14529);
#14529 = SURFACE_SIDE_STYLE('',(#14530));
#14530 = SURFACE_STYLE_FILL_AREA(#14531);
#14531 = FILL_AREA_STYLE('',(#14532));
#14532 = FILL_AREA_STYLE_COLOUR('',#13020);
#14533 = OVER_RIDING_STYLED_ITEM('overriding color',(#14534),#11172,
  #12134);
#14534 = PRESENTATION_STYLE_ASSIGNMENT((#14535));
#14535 = SURFACE_STYLE_USAGE(.BOTH.,#14536);
#14536 = SURFACE_SIDE_STYLE('',(#14537));
#14537 = SURFACE_STYLE_FILL_AREA(#14538);
#14538 = FILL_AREA_STYLE('',(#14539));
#14539 = FILL_AREA_STYLE_COLOUR('',#13020);
#14540 = OVER_RIDING_STYLED_ITEM('overriding color',(#14541),#11192,
  #12134);
#14541 = PRESENTATION_STYLE_ASSIGNMENT((#14542));
#14542 = SURFACE_STYLE_USAGE(.BOTH.,#14543);
#14543 = SURFACE_SIDE_STYLE('',(#14544));
#14544 = SURFACE_STYLE_FILL_AREA(#14545);
#14545 = FILL_AREA_STYLE('',(#14546));
#14546 = FILL_AREA_STYLE_COLOUR('',#13020);
#14547 = OVER_RIDING_STYLED_ITEM('overriding color',(#14548),#11212,
  #12134);
#14548 = PRESENTATION_STYLE_ASSIGNMENT((#14549));
#14549 = SURFACE_STYLE_USAGE(.BOTH.,#14550);
#14550 = SURFACE_SIDE_STYLE('',(#14551));
#14551 = SURFACE_STYLE_FILL_AREA(#14552);
#14552 = FILL_AREA_STYLE('',(#14553));
#14553 = FILL_AREA_STYLE_COLOUR('',#13020);
#14554 = OVER_RIDING_STYLED_ITEM('overriding color',(#14555),#11232,
  #12134);
#14555 = PRESENTATION_STYLE_ASSIGNMENT((#14556));
#14556 = SURFACE_STYLE_USAGE(.BOTH.,#14557);
#14557 = SURFACE_SIDE_STYLE('',(#14558));
#14558 = SURFACE_STYLE_FILL_AREA(#14559);
#14559 = FILL_AREA_STYLE('',(#14560));
#14560 = FILL_AREA_STYLE_COLOUR('',#13020);
#14561 = OVER_RIDING_STYLED_ITEM('overriding color',(#14562),#11248,
  #12134);
#14562 = PRESENTATION_STYLE_ASSIGNMENT((#14563));
#14563 = SURFACE_STYLE_USAGE(.BOTH.,#14564);
#14564 = SURFACE_SIDE_STYLE('',(#14565));
#14565 = SURFACE_STYLE_FILL_AREA(#14566);
#14566 = FILL_AREA_STYLE('',(#14567));
#14567 = FILL_AREA_STYLE_COLOUR('',#13020);
#14568 = OVER_RIDING_STYLED_ITEM('overriding color',(#14569),#11264,
  #12134);
#14569 = PRESENTATION_STYLE_ASSIGNMENT((#14570));
#14570 = SURFACE_STYLE_USAGE(.BOTH.,#14571);
#14571 = SURFACE_SIDE_STYLE('',(#14572));
#14572 = SURFACE_STYLE_FILL_AREA(#14573);
#14573 = FILL_AREA_STYLE('',(#14574));
#14574 = FILL_AREA_STYLE_COLOUR('',#13020);
#14575 = OVER_RIDING_STYLED_ITEM('overriding color',(#14576),#11280,
  #12134);
#14576 = PRESENTATION_STYLE_ASSIGNMENT((#14577));
#14577 = SURFACE_STYLE_USAGE(.BOTH.,#14578);
#14578 = SURFACE_SIDE_STYLE('',(#14579));
#14579 = SURFACE_STYLE_FILL_AREA(#14580);
#14580 = FILL_AREA_STYLE('',(#14581));
#14581 = FILL_AREA_STYLE_COLOUR('',#13020);
#14582 = OVER_RIDING_STYLED_ITEM('overriding color',(#14583),#11296,
  #12134);
#14583 = PRESENTATION_STYLE_ASSIGNMENT((#14584));
#14584 = SURFACE_STYLE_USAGE(.BOTH.,#14585);
#14585 = SURFACE_SIDE_STYLE('',(#14586));
#14586 = SURFACE_STYLE_FILL_AREA(#14587);
#14587 = FILL_AREA_STYLE('',(#14588));
#14588 = FILL_AREA_STYLE_COLOUR('',#13020);
#14589 = OVER_RIDING_STYLED_ITEM('overriding color',(#14590),#11316,
  #12134);
#14590 = PRESENTATION_STYLE_ASSIGNMENT((#14591));
#14591 = SURFACE_STYLE_USAGE(.BOTH.,#14592);
#14592 = SURFACE_SIDE_STYLE('',(#14593));
#14593 = SURFACE_STYLE_FILL_AREA(#14594);
#14594 = FILL_AREA_STYLE('',(#14595));
#14595 = FILL_AREA_STYLE_COLOUR('',#13020);
#14596 = OVER_RIDING_STYLED_ITEM('overriding color',(#14597),#11336,
  #12134);
#14597 = PRESENTATION_STYLE_ASSIGNMENT((#14598));
#14598 = SURFACE_STYLE_USAGE(.BOTH.,#14599);
#14599 = SURFACE_SIDE_STYLE('',(#14600));
#14600 = SURFACE_STYLE_FILL_AREA(#14601);
#14601 = FILL_AREA_STYLE('',(#14602));
#14602 = FILL_AREA_STYLE_COLOUR('',#13020);
#14603 = OVER_RIDING_STYLED_ITEM('overriding color',(#14604),#11356,
  #12134);
#14604 = PRESENTATION_STYLE_ASSIGNMENT((#14605));
#14605 = SURFACE_STYLE_USAGE(.BOTH.,#14606);
#14606 = SURFACE_SIDE_STYLE('',(#14607));
#14607 = SURFACE_STYLE_FILL_AREA(#14608);
#14608 = FILL_AREA_STYLE('',(#14609));
#14609 = FILL_AREA_STYLE_COLOUR('',#13020);
#14610 = OVER_RIDING_STYLED_ITEM('overriding color',(#14611),#11376,
  #12134);
#14611 = PRESENTATION_STYLE_ASSIGNMENT((#14612));
#14612 = SURFACE_STYLE_USAGE(.BOTH.,#14613);
#14613 = SURFACE_SIDE_STYLE('',(#14614));
#14614 = SURFACE_STYLE_FILL_AREA(#14615);
#14615 = FILL_AREA_STYLE('',(#14616));
#14616 = FILL_AREA_STYLE_COLOUR('',#13020);
#14617 = OVER_RIDING_STYLED_ITEM('overriding color',(#14618),#11396,
  #12134);
#14618 = PRESENTATION_STYLE_ASSIGNMENT((#14619));
#14619 = SURFACE_STYLE_USAGE(.BOTH.,#14620);
#14620 = SURFACE_SIDE_STYLE('',(#14621));
#14621 = SURFACE_STYLE_FILL_AREA(#14622);
#14622 = FILL_AREA_STYLE('',(#14623));
#14623 = FILL_AREA_STYLE_COLOUR('',#13020);
#14624 = OVER_RIDING_STYLED_ITEM('overriding color',(#14625),#11416,
  #12134);
#14625 = PRESENTATION_STYLE_ASSIGNMENT((#14626));
#14626 = SURFACE_STYLE_USAGE(.BOTH.,#14627);
#14627 = SURFACE_SIDE_STYLE('',(#14628));
#14628 = SURFACE_STYLE_FILL_AREA(#14629);
#14629 = FILL_AREA_STYLE('',(#14630));
#14630 = FILL_AREA_STYLE_COLOUR('',#13020);
#14631 = OVER_RIDING_STYLED_ITEM('overriding color',(#14632),#11436,
  #12134);
#14632 = PRESENTATION_STYLE_ASSIGNMENT((#14633));
#14633 = SURFACE_STYLE_USAGE(.BOTH.,#14634);
#14634 = SURFACE_SIDE_STYLE('',(#14635));
#14635 = SURFACE_STYLE_FILL_AREA(#14636);
#14636 = FILL_AREA_STYLE('',(#14637));
#14637 = FILL_AREA_STYLE_COLOUR('',#13020);
#14638 = OVER_RIDING_STYLED_ITEM('overriding color',(#14639),#11452,
  #12134);
#14639 = PRESENTATION_STYLE_ASSIGNMENT((#14640));
#14640 = SURFACE_STYLE_USAGE(.BOTH.,#14641);
#14641 = SURFACE_SIDE_STYLE('',(#14642));
#14642 = SURFACE_STYLE_FILL_AREA(#14643);
#14643 = FILL_AREA_STYLE('',(#14644));
#14644 = FILL_AREA_STYLE_COLOUR('',#13020);
#14645 = OVER_RIDING_STYLED_ITEM('overriding color',(#14646),#11472,
  #12134);
#14646 = PRESENTATION_STYLE_ASSIGNMENT((#14647));
#14647 = SURFACE_STYLE_USAGE(.BOTH.,#14648);
#14648 = SURFACE_SIDE_STYLE('',(#14649));
#14649 = SURFACE_STYLE_FILL_AREA(#14650);
#14650 = FILL_AREA_STYLE('',(#14651));
#14651 = FILL_AREA_STYLE_COLOUR('',#13020);
#14652 = OVER_RIDING_STYLED_ITEM('overriding color',(#14653),#11492,
  #12134);
#14653 = PRESENTATION_STYLE_ASSIGNMENT((#14654));
#14654 = SURFACE_STYLE_USAGE(.BOTH.,#14655);
#14655 = SURFACE_SIDE_STYLE('',(#14656));
#14656 = SURFACE_STYLE_FILL_AREA(#14657);
#14657 = FILL_AREA_STYLE('',(#14658));
#14658 = FILL_AREA_STYLE_COLOUR('',#13020);
#14659 = OVER_RIDING_STYLED_ITEM('overriding color',(#14660),#11508,
  #12134);
#14660 = PRESENTATION_STYLE_ASSIGNMENT((#14661));
#14661 = SURFACE_STYLE_USAGE(.BOTH.,#14662);
#14662 = SURFACE_SIDE_STYLE('',(#14663));
#14663 = SURFACE_STYLE_FILL_AREA(#14664);
#14664 = FILL_AREA_STYLE('',(#14665));
#14665 = FILL_AREA_STYLE_COLOUR('',#13020);
#14666 = OVER_RIDING_STYLED_ITEM('overriding color',(#14667),#11528,
  #12134);
#14667 = PRESENTATION_STYLE_ASSIGNMENT((#14668));
#14668 = SURFACE_STYLE_USAGE(.BOTH.,#14669);
#14669 = SURFACE_SIDE_STYLE('',(#14670));
#14670 = SURFACE_STYLE_FILL_AREA(#14671);
#14671 = FILL_AREA_STYLE('',(#14672));
#14672 = FILL_AREA_STYLE_COLOUR('',#13020);
#14673 = OVER_RIDING_STYLED_ITEM('overriding color',(#14674),#11548,
  #12134);
#14674 = PRESENTATION_STYLE_ASSIGNMENT((#14675));
#14675 = SURFACE_STYLE_USAGE(.BOTH.,#14676);
#14676 = SURFACE_SIDE_STYLE('',(#14677));
#14677 = SURFACE_STYLE_FILL_AREA(#14678);
#14678 = FILL_AREA_STYLE('',(#14679));
#14679 = FILL_AREA_STYLE_COLOUR('',#13020);
#14680 = OVER_RIDING_STYLED_ITEM('overriding color',(#14681),#11568,
  #12134);
#14681 = PRESENTATION_STYLE_ASSIGNMENT((#14682));
#14682 = SURFACE_STYLE_USAGE(.BOTH.,#14683);
#14683 = SURFACE_SIDE_STYLE('',(#14684));
#14684 = SURFACE_STYLE_FILL_AREA(#14685);
#14685 = FILL_AREA_STYLE('',(#14686));
#14686 = FILL_AREA_STYLE_COLOUR('',#13020);
#14687 = OVER_RIDING_STYLED_ITEM('overriding color',(#14688),#11584,
  #12134);
#14688 = PRESENTATION_STYLE_ASSIGNMENT((#14689));
#14689 = SURFACE_STYLE_USAGE(.BOTH.,#14690);
#14690 = SURFACE_SIDE_STYLE('',(#14691));
#14691 = SURFACE_STYLE_FILL_AREA(#14692);
#14692 = FILL_AREA_STYLE('',(#14693));
#14693 = FILL_AREA_STYLE_COLOUR('',#13020);
#14694 = OVER_RIDING_STYLED_ITEM('overriding color',(#14695),#11604,
  #12134);
#14695 = PRESENTATION_STYLE_ASSIGNMENT((#14696));
#14696 = SURFACE_STYLE_USAGE(.BOTH.,#14697);
#14697 = SURFACE_SIDE_STYLE('',(#14698));
#14698 = SURFACE_STYLE_FILL_AREA(#14699);
#14699 = FILL_AREA_STYLE('',(#14700));
#14700 = FILL_AREA_STYLE_COLOUR('',#13020);
#14701 = OVER_RIDING_STYLED_ITEM('overriding color',(#14702),#11620,
  #12134);
#14702 = PRESENTATION_STYLE_ASSIGNMENT((#14703));
#14703 = SURFACE_STYLE_USAGE(.BOTH.,#14704);
#14704 = SURFACE_SIDE_STYLE('',(#14705));
#14705 = SURFACE_STYLE_FILL_AREA(#14706);
#14706 = FILL_AREA_STYLE('',(#14707));
#14707 = FILL_AREA_STYLE_COLOUR('',#13020);
#14708 = OVER_RIDING_STYLED_ITEM('overriding color',(#14709),#11663,
  #12134);
#14709 = PRESENTATION_STYLE_ASSIGNMENT((#14710));
#14710 = SURFACE_STYLE_USAGE(.BOTH.,#14711);
#14711 = SURFACE_SIDE_STYLE('',(#14712));
#14712 = SURFACE_STYLE_FILL_AREA(#14713);
#14713 = FILL_AREA_STYLE('',(#14714));
#14714 = FILL_AREA_STYLE_COLOUR('',#13020);
#14715 = OVER_RIDING_STYLED_ITEM('overriding color',(#14716),#11691,
  #12134);
#14716 = PRESENTATION_STYLE_ASSIGNMENT((#14717));
#14717 = SURFACE_STYLE_USAGE(.BOTH.,#14718);
#14718 = SURFACE_SIDE_STYLE('',(#14719));
#14719 = SURFACE_STYLE_FILL_AREA(#14720);
#14720 = FILL_AREA_STYLE('',(#14721));
#14721 = FILL_AREA_STYLE_COLOUR('',#12149);
#14722 = OVER_RIDING_STYLED_ITEM('overriding color',(#14723),#11701,
  #12134);
#14723 = PRESENTATION_STYLE_ASSIGNMENT((#14724));
#14724 = SURFACE_STYLE_USAGE(.BOTH.,#14725);
#14725 = SURFACE_SIDE_STYLE('',(#14726));
#14726 = SURFACE_STYLE_FILL_AREA(#14727);
#14727 = FILL_AREA_STYLE('',(#14728));
#14728 = FILL_AREA_STYLE_COLOUR('',#12149);
#14729 = OVER_RIDING_STYLED_ITEM('overriding color',(#14730),#11726,
  #12134);
#14730 = PRESENTATION_STYLE_ASSIGNMENT((#14731));
#14731 = SURFACE_STYLE_USAGE(.BOTH.,#14732);
#14732 = SURFACE_SIDE_STYLE('',(#14733));
#14733 = SURFACE_STYLE_FILL_AREA(#14734);
#14734 = FILL_AREA_STYLE('',(#14735));
#14735 = FILL_AREA_STYLE_COLOUR('',#12149);
#14736 = OVER_RIDING_STYLED_ITEM('overriding color',(#14737),#11736,
  #12134);
#14737 = PRESENTATION_STYLE_ASSIGNMENT((#14738));
#14738 = SURFACE_STYLE_USAGE(.BOTH.,#14739);
#14739 = SURFACE_SIDE_STYLE('',(#14740));
#14740 = SURFACE_STYLE_FILL_AREA(#14741);
#14741 = FILL_AREA_STYLE('',(#14742));
#14742 = FILL_AREA_STYLE_COLOUR('',#12149);
#14743 = OVER_RIDING_STYLED_ITEM('overriding color',(#14744),#11764,
  #12134);
#14744 = PRESENTATION_STYLE_ASSIGNMENT((#14745));
#14745 = SURFACE_STYLE_USAGE(.BOTH.,#14746);
#14746 = SURFACE_SIDE_STYLE('',(#14747));
#14747 = SURFACE_STYLE_FILL_AREA(#14748);
#14748 = FILL_AREA_STYLE('',(#14749));
#14749 = FILL_AREA_STYLE_COLOUR('',#12149);
#14750 = OVER_RIDING_STYLED_ITEM('overriding color',(#14751),#11786,
  #12134);
#14751 = PRESENTATION_STYLE_ASSIGNMENT((#14752));
#14752 = SURFACE_STYLE_USAGE(.BOTH.,#14753);
#14753 = SURFACE_SIDE_STYLE('',(#14754));
#14754 = SURFACE_STYLE_FILL_AREA(#14755);
#14755 = FILL_AREA_STYLE('',(#14756));
#14756 = FILL_AREA_STYLE_COLOUR('',#12149);
#14757 = OVER_RIDING_STYLED_ITEM('overriding color',(#14758),#11808,
  #12134);
#14758 = PRESENTATION_STYLE_ASSIGNMENT((#14759));
#14759 = SURFACE_STYLE_USAGE(.BOTH.,#14760);
#14760 = SURFACE_SIDE_STYLE('',(#14761));
#14761 = SURFACE_STYLE_FILL_AREA(#14762);
#14762 = FILL_AREA_STYLE('',(#14763));
#14763 = FILL_AREA_STYLE_COLOUR('',#12149);
#14764 = OVER_RIDING_STYLED_ITEM('overriding color',(#14765),#11824,
  #12134);
#14765 = PRESENTATION_STYLE_ASSIGNMENT((#14766));
#14766 = SURFACE_STYLE_USAGE(.BOTH.,#14767);
#14767 = SURFACE_SIDE_STYLE('',(#14768));
#14768 = SURFACE_STYLE_FILL_AREA(#14769);
#14769 = FILL_AREA_STYLE('',(#14770));
#14770 = FILL_AREA_STYLE_COLOUR('',#12149);
#14771 = OVER_RIDING_STYLED_ITEM('overriding color',(#14772),#11836,
  #12134);
#14772 = PRESENTATION_STYLE_ASSIGNMENT((#14773));
#14773 = SURFACE_STYLE_USAGE(.BOTH.,#14774);
#14774 = SURFACE_SIDE_STYLE('',(#14775));
#14775 = SURFACE_STYLE_FILL_AREA(#14776);
#14776 = FILL_AREA_STYLE('',(#14777));
#14777 = FILL_AREA_STYLE_COLOUR('',#12149);
#14778 = OVER_RIDING_STYLED_ITEM('overriding color',(#14779),#11864,
  #12134);
#14779 = PRESENTATION_STYLE_ASSIGNMENT((#14780));
#14780 = SURFACE_STYLE_USAGE(.BOTH.,#14781);
#14781 = SURFACE_SIDE_STYLE('',(#14782));
#14782 = SURFACE_STYLE_FILL_AREA(#14783);
#14783 = FILL_AREA_STYLE('',(#14784));
#14784 = FILL_AREA_STYLE_COLOUR('',#12149);
#14785 = OVER_RIDING_STYLED_ITEM('overriding color',(#14786),#11886,
  #12134);
#14786 = PRESENTATION_STYLE_ASSIGNMENT((#14787));
#14787 = SURFACE_STYLE_USAGE(.BOTH.,#14788);
#14788 = SURFACE_SIDE_STYLE('',(#14789));
#14789 = SURFACE_STYLE_FILL_AREA(#14790);
#14790 = FILL_AREA_STYLE('',(#14791));
#14791 = FILL_AREA_STYLE_COLOUR('',#12149);
#14792 = OVER_RIDING_STYLED_ITEM('overriding color',(#14793),#11908,
  #12134);
#14793 = PRESENTATION_STYLE_ASSIGNMENT((#14794));
#14794 = SURFACE_STYLE_USAGE(.BOTH.,#14795);
#14795 = SURFACE_SIDE_STYLE('',(#14796));
#14796 = SURFACE_STYLE_FILL_AREA(#14797);
#14797 = FILL_AREA_STYLE('',(#14798));
#14798 = FILL_AREA_STYLE_COLOUR('',#12149);
#14799 = OVER_RIDING_STYLED_ITEM('overriding color',(#14800),#11924,
  #12134);
#14800 = PRESENTATION_STYLE_ASSIGNMENT((#14801));
#14801 = SURFACE_STYLE_USAGE(.BOTH.,#14802);
#14802 = SURFACE_SIDE_STYLE('',(#14803));
#14803 = SURFACE_STYLE_FILL_AREA(#14804);
#14804 = FILL_AREA_STYLE('',(#14805));
#14805 = FILL_AREA_STYLE_COLOUR('',#12149);
#14806 = OVER_RIDING_STYLED_ITEM('overriding color',(#14807),#11936,
  #12134);
#14807 = PRESENTATION_STYLE_ASSIGNMENT((#14808));
#14808 = SURFACE_STYLE_USAGE(.BOTH.,#14809);
#14809 = SURFACE_SIDE_STYLE('',(#14810));
#14810 = SURFACE_STYLE_FILL_AREA(#14811);
#14811 = FILL_AREA_STYLE('',(#14812));
#14812 = FILL_AREA_STYLE_COLOUR('',#12149);
#14813 = OVER_RIDING_STYLED_ITEM('overriding color',(#14814),#11952,
  #12134);
#14814 = PRESENTATION_STYLE_ASSIGNMENT((#14815));
#14815 = SURFACE_STYLE_USAGE(.BOTH.,#14816);
#14816 = SURFACE_SIDE_STYLE('',(#14817));
#14817 = SURFACE_STYLE_FILL_AREA(#14818);
#14818 = FILL_AREA_STYLE('',(#14819));
#14819 = FILL_AREA_STYLE_COLOUR('',#12149);
#14820 = OVER_RIDING_STYLED_ITEM('overriding color',(#14821),#11969,
  #12134);
#14821 = PRESENTATION_STYLE_ASSIGNMENT((#14822));
#14822 = SURFACE_STYLE_USAGE(.BOTH.,#14823);
#14823 = SURFACE_SIDE_STYLE('',(#14824));
#14824 = SURFACE_STYLE_FILL_AREA(#14825);
#14825 = FILL_AREA_STYLE('',(#14826));
#14826 = FILL_AREA_STYLE_COLOUR('',#12149);
#14827 = OVER_RIDING_STYLED_ITEM('overriding color',(#14828),#11983,
  #12134);
#14828 = PRESENTATION_STYLE_ASSIGNMENT((#14829));
#14829 = SURFACE_STYLE_USAGE(.BOTH.,#14830);
#14830 = SURFACE_SIDE_STYLE('',(#14831));
#14831 = SURFACE_STYLE_FILL_AREA(#14832);
#14832 = FILL_AREA_STYLE('',(#14833));
#14833 = FILL_AREA_STYLE_COLOUR('',#12149);
#14834 = OVER_RIDING_STYLED_ITEM('overriding color',(#14835),#11997,
  #12134);
#14835 = PRESENTATION_STYLE_ASSIGNMENT((#14836));
#14836 = SURFACE_STYLE_USAGE(.BOTH.,#14837);
#14837 = SURFACE_SIDE_STYLE('',(#14838));
#14838 = SURFACE_STYLE_FILL_AREA(#14839);
#14839 = FILL_AREA_STYLE('',(#14840));
#14840 = FILL_AREA_STYLE_COLOUR('',#12149);
#14841 = OVER_RIDING_STYLED_ITEM('overriding color',(#14842),#12011,
  #12134);
#14842 = PRESENTATION_STYLE_ASSIGNMENT((#14843));
#14843 = SURFACE_STYLE_USAGE(.BOTH.,#14844);
#14844 = SURFACE_SIDE_STYLE('',(#14845));
#14845 = SURFACE_STYLE_FILL_AREA(#14846);
#14846 = FILL_AREA_STYLE('',(#14847));
#14847 = FILL_AREA_STYLE_COLOUR('',#12149);
#14848 = STYLED_ITEM('color',(#14849),#12025);
#14849 = PRESENTATION_STYLE_ASSIGNMENT((#14850));
#14850 = SURFACE_STYLE_USAGE(.BOTH.,#14851);
#14851 = SURFACE_SIDE_STYLE('',(#14852));
#14852 = SURFACE_STYLE_FILL_AREA(#14853);
#14853 = FILL_AREA_STYLE('',(#14854));
#14854 = FILL_AREA_STYLE_COLOUR('',#12141);
#14855 = OVER_RIDING_STYLED_ITEM('overriding color',(#14856),#12027,
  #14848);
#14856 = PRESENTATION_STYLE_ASSIGNMENT((#14857));
#14857 = SURFACE_STYLE_USAGE(.BOTH.,#14858);
#14858 = SURFACE_SIDE_STYLE('',(#14859));
#14859 = SURFACE_STYLE_FILL_AREA(#14860);
#14860 = FILL_AREA_STYLE('',(#14861));
#14861 = FILL_AREA_STYLE_COLOUR('',#14862);
#14862 = COLOUR_RGB('',0.796078417252,0.823529417451,0.937254901616);
#14863 = OVER_RIDING_STYLED_ITEM('overriding color',(#14864),#12075,
  #14848);
#14864 = PRESENTATION_STYLE_ASSIGNMENT((#14865));
#14865 = SURFACE_STYLE_USAGE(.BOTH.,#14866);
#14866 = SURFACE_SIDE_STYLE('',(#14867));
#14867 = SURFACE_STYLE_FILL_AREA(#14868);
#14868 = FILL_AREA_STYLE('',(#14869));
#14869 = FILL_AREA_STYLE_COLOUR('',#14862);
#14870 = OVER_RIDING_STYLED_ITEM('overriding color',(#14871),#12107,
  #14848);
#14871 = PRESENTATION_STYLE_ASSIGNMENT((#14872));
#14872 = SURFACE_STYLE_USAGE(.BOTH.,#14873);
#14873 = SURFACE_SIDE_STYLE('',(#14874));
#14874 = SURFACE_STYLE_FILL_AREA(#14875);
#14875 = FILL_AREA_STYLE('',(#14876));
#14876 = FILL_AREA_STYLE_COLOUR('',#14862);
#14877 = OVER_RIDING_STYLED_ITEM('overriding color',(#14878),#12117,
  #14848);
#14878 = PRESENTATION_STYLE_ASSIGNMENT((#14879));
#14879 = SURFACE_STYLE_USAGE(.BOTH.,#14880);
#14880 = SURFACE_SIDE_STYLE('',(#14881));
#14881 = SURFACE_STYLE_FILL_AREA(#14882);
#14882 = FILL_AREA_STYLE('',(#14883));
#14883 = FILL_AREA_STYLE_COLOUR('',#14862);
ENDSEC;
END-ISO-10303-21;
